191,0,631,684,3.236,4.100,13.268
231,0,628,681,3.236,4.100,13.268
271,0,622,691,3.212,4.800,15.418
311,0,617,679,3.212,4.800,15.418
351,0,624,682,3.212,4.800,15.418
391,0,624,672,3.128,5.000,15.640
431,0,623,680,3.128,5.000,15.640
471,0,626,681,3.196,7.500,23.970
511,0,620,680,3.196,7.500,23.970
551,0,623,672,3.196,7.500,23.970
592,0,623,674,3.244,4.600,14.922
632,0,620,673,3.244,4.600,14.922
671,0,621,678,3.176,5.900,18.738
711,0,622,666,3.176,5.900,18.738
751,0,613,663,3.176,5.900,18.738
791,0,622,667,3.012,7.400,22.289
831,0,610,668,3.012,7.400,22.289
872,0,625,673,3.112,11.800,36.722
912,0,619,677,3.112,11.800,36.722
952,0,623,671,3.112,11.800,36.722
991,0,620,676,2.740,7.000,19.180
1031,0,624,666,2.740,7.000,19.180
1072,0,619,672,3.092,14.100,43.597
1112,0,618,667,3.092,14.100,43.597
1152,0,618,660,3.092,14.100,43.597
1191,0,627,670,2.872,6.100,17.519
1231,0,616,663,2.872,6.100,17.519
1271,0,619,667,3.088,9.600,29.645
1311,0,620,666,3.088,9.600,29.645
1352,0,623,662,3.088,9.600,29.645
1392,0,615,661,2.964,5.000,14.820
1431,0,623,668,2.964,5.000,14.820
1471,0,617,663,2.820,6.100,17.202
1511,0,624,668,2.820,6.100,17.202
1551,0,621,663,2.820,6.100,17.202
1592,0,618,658,3.048,13.500,41.148
1632,0,621,662,3.048,13.500,41.148
1671,0,620,661,2.944,5.300,15.603
1711,0,620,663,2.944,5.300,15.603
1751,0,619,662,2.944,5.300,15.603
1791,0,619,653,3.128,11.800,36.910
1832,0,622,663,3.128,11.800,36.910
1872,0,628,655,2.932,5.600,16.419
1911,0,617,655,2.932,5.600,16.419
1951,0,619,654,2.932,5.600,16.419
1991,0,623,656,3.096,14.000,43.344
2031,0,616,660,3.096,14.000,43.344
2072,0,618,659,2.868,6.600,18.929
2112,0,617,654,2.868,6.600,18.929
2152,0,618,652,2.868,6.600,18.929
2191,0,628,651,3.124,14.000,43.736
2231,0,613,657,3.124,14.000,43.736
2272,0,620,654,3.128,10.700,33.470
2312,0,619,653,3.128,10.700,33.470
2352,0,617,659,3.128,10.700,33.470
2391,0,617,653,2.936,5.300,15.561
2431,0,615,656,2.936,5.300,15.561
2472,0,623,654,3.124,14.300,44.673
2512,0,618,651,3.124,14.300,44.673
2552,0,617,659,3.124,14.300,44.673
2592,0,617,656,3.144,9.600,30.182
2632,0,618,653,3.144,9.600,30.182
2671,0,617,653,2.952,5.300,15.646
2711,0,610,660,2.952,5.300,15.646
2751,0,624,650,2.952,5.300,15.646
2792,0,618,650,3.084,5.000,15.420
2832,0,621,657,3.084,5.000,15.420
2871,0,618,656,3.016,11.600,34.986
2911,0,617,653,3.016,11.600,34.986
2951,0,618,653,3.016,11.600,34.986
2992,0,612,650,3.176,11.200,35.571
3032,0,621,658,3.176,11.200,35.571
3071,0,618,649,3.172,14.600,46.311
3111,0,618,653,3.172,14.600,46.311
3151,0,621,654,3.172,14.600,46.311
3192,0,624,653,3.028,5.000,15.140
3232,0,611,653,3.028,5.000,15.140
3272,0,618,653,3.000,6.500,19.500
3312,0,616,652,3.000,6.500,19.500
3351,0,616,656,3.000,6.500,19.500
3391,0,614,658,3.120,12.300,38.376
3432,0,618,652,3.120,12.300,38.376
3472,0,615,661,3.152,14.400,45.389
3512,0,620,662,3.152,14.400,45.389
3552,0,620,651,3.152,14.400,45.389
3591,0,621,656,3.044,4.900,14.916
3631,0,620,652,3.044,4.900,14.916
3672,0,616,653,2.948,5.500,16.214
3712,0,620,651,2.948,5.500,16.214
3752,0,616,654,2.948,5.500,16.214
3791,0,619,657,2.984,7.200,21.485
3831,0,617,652,2.984,7.200,21.485
3872,0,627,653,3.168,11.900,37.699
3912,0,620,646,3.168,11.900,37.699
3952,0,617,657,3.168,11.900,37.699
3992,0,616,659,3.152,14.500,45.704
4032,0,615,652,3.152,14.500,45.704
4072,0,623,659,3.076,5.000,15.380
4112,0,615,647,3.076,5.000,15.380
4152,0,621,653,3.076,5.000,15.380
4192,0,618,652,2.988,5.000,14.940
4232,0,619,654,2.988,5.000,14.940
4271,0,619,649,2.940,6.000,17.640
4311,0,619,653,2.940,6.000,17.640
4351,0,613,655,2.940,6.000,17.640
4392,0,615,654,3.008,8.000,24.064
4432,0,621,656,3.008,8.000,24.064
4472,0,624,654,3.116,12.500,38.950
4512,0,621,653,3.116,12.500,38.950
4551,0,616,656,3.116,12.500,38.950
4592,0,619,660,3.152,14.400,45.389
4632,0,618,649,3.152,14.400,45.389
4672,0,623,657,3.060,5.100,15.606
4712,0,609,657,3.060,5.100,15.606
4752,0,611,650,3.060,5.100,15.606
4791,0,616,658,2.972,5.500,16.346
4831,0,619,655,2.972,5.500,16.346
4872,0,619,654,3.004,7.400,22.230
4912,0,615,660,3.004,7.400,22.230
4952,0,621,651,3.004,7.400,22.230
4991,0,622,650,3.108,12.000,37.296
5031,0,617,663,3.108,12.000,37.296
5072,0,626,653,3.152,4.900,15.445
5112,0,613,652,3.152,4.900,15.445
5152,0,620,654,3.152,4.900,15.445
5191,0,620,651,3.060,10.000,30.600
5231,0,621,658,3.060,10.000,30.600
5272,0,620,650,2.972,5.300,15.752
5312,0,617,650,2.972,5.300,15.752
5352,0,623,653,2.972,5.300,15.752
5392,0,609,657,3.012,7.400,22.289
5432,0,618,658,3.012,7.400,22.289
5471,0,614,656,3.176,12.900,40.970
5511,0,619,649,3.176,12.900,40.970
5552,0,616,652,3.176,12.900,40.970
5592,0,620,644,3.152,5.100,16.075
5632,0,620,658,3.152,5.100,16.075
5671,0,624,650,3.036,5.000,15.180
5711,0,623,655,3.036,5.000,15.180
5751,0,622,658,3.036,5.000,15.180
5792,0,618,655,2.972,6.100,18.129
5832,0,618,656,2.972,6.100,18.129
5872,0,622,648,3.076,10.200,31.375
5912,0,616,652,3.076,10.200,31.375
5951,0,622,659,3.076,10.200,31.375
5992,0,622,657,3.164,14.500,45.878
6032,0,624,656,3.164,14.500,45.878
6072,0,615,654,3.108,12.200,37.918
6112,0,617,652,3.108,12.200,37.918
6151,0,620,662,3.108,12.200,37.918
6192,0,620,664,2.996,5.100,15.280
6232,0,624,656,2.996,5.100,15.280
6272,0,622,648,2.988,6.300,18.824
6312,0,622,656,2.988,6.300,18.824
6352,0,625,654,2.988,6.300,18.824
6391,0,625,656,2.948,5.900,17.393
6431,0,620,653,2.948,5.900,17.393
6472,0,614,658,2.956,5.400,15.962
6512,0,615,650,2.956,5.400,15.962
6552,0,618,656,2.956,5.400,15.962
6591,0,618,660,2.992,5.100,15.259
6631,0,617,656,2.992,5.100,15.259
6672,0,614,654,3.052,5.100,15.565
6712,0,617,657,3.052,5.100,15.565
6752,0,621,652,3.052,5.100,15.565
6792,0,616,651,3.124,12.700,39.675
6832,0,615,650,3.124,12.700,39.675
6872,0,613,659,3.072,5.000,15.360
6912,0,623,652,3.072,5.000,15.360
6952,0,623,658,3.072,5.000,15.360
6992,0,626,650,2.776,6.800,18.877
7032,0,621,661,2.776,6.800,18.877
7071,0,623,646,3.048,14.800,45.110
7111,0,615,649,3.048,14.800,45.110
7151,0,623,655,3.048,14.800,45.110
7192,0,623,655,2.876,6.800,19.557
7232,0,618,656,2.876,6.800,19.557
7272,0,621,654,2.936,5.500,16.148
7312,0,627,659,2.936,5.500,16.148
7352,0,619,654,2.936,5.500,16.148
7392,0,622,662,2.936,5.300,15.561
7432,0,612,656,2.936,5.300,15.561
7472,0,617,658,3.060,12.400,37.944
7512,0,621,657,3.060,12.400,37.944
7552,0,621,657,3.060,12.400,37.944
7591,0,626,652,3.124,14.300,44.673
7632,0,625,655,3.124,14.300,44.673
7672,0,624,660,3.080,12.700,39.116
7712,0,618,661,3.080,12.700,39.116
7752,0,621,654,3.080,12.700,39.116
7791,0,629,655,3.000,9.700,29.100
7831,0,621,658,3.000,9.700,29.100
7872,0,621,652,2.900,7.000,20.300
7912,0,616,653,2.900,7.000,20.300
7952,0,614,662,2.900,7.000,20.300
7992,0,617,663,2.884,5.700,16.439
8032,0,625,649,2.884,5.700,16.439
8072,0,623,665,2.956,5.200,15.371
8112,0,622,659,2.956,5.200,15.371
8152,0,622,659,2.956,5.200,15.371
8192,0,622,654,3.064,12.900,39.526
8232,0,625,659,3.064,12.900,39.526
8271,0,620,659,3.108,13.100,40.715
8312,0,618,658,3.108,13.100,40.715
8352,0,620,660,3.108,13.100,40.715
8392,0,621,657,2.820,6.100,17.202
8432,0,623,664,2.820,6.100,17.202
8471,0,616,654,2.964,13.700,40.607
8511,0,621,660,2.964,13.700,40.607
8551,0,620,657,2.964,13.700,40.607
8592,0,615,655,2.848,7.300,20.790
8632,0,622,658,2.848,7.300,20.790
8672,0,630,662,2.992,11.000,32.912
8712,0,618,660,2.992,11.000,32.912
8752,0,623,653,2.992,11.000,32.912
8792,0,615,658,2.964,11.400,33.790
8832,0,614,652,2.964,11.400,33.790
8872,0,615,657,2.872,5.300,15.222
8912,0,615,656,2.872,5.300,15.222
8952,0,621,662,2.872,5.300,15.222
8991,0,621,659,3.088,13.800,42.614
9032,0,621,658,3.088,13.800,42.614
9072,0,619,663,2.980,9.800,29.204
9112,0,621,661,2.980,9.800,29.204
9152,0,612,658,2.980,9.800,29.204
9192,0,616,657,2.884,6.400,18.458
9231,0,621,658,2.884,6.400,18.458
9272,0,622,661,2.928,5.000,14.640
9312,0,619,665,2.928,5.000,14.640
9352,0,622,652,2.928,5.000,14.640
9392,0,618,658,3.012,10.500,31.626
9432,0,618,659,3.012,10.500,31.626
9472,0,617,654,3.092,13.400,41.433
9512,0,618,662,3.092,13.400,41.433
9552,0,622,658,3.092,13.400,41.433
9592,0,619,661,3.120,14.500,45.240
9632,0,619,664,3.120,14.500,45.240
9672,0,618,660,3.140,13.100,41.134
9712,0,621,660,3.140,13.100,41.134
9752,0,620,659,3.140,13.100,41.134
9792,0,629,660,3.028,10.600,32.097
9832,0,622,653,3.028,10.600,32.097
9871,0,624,651,2.948,7.600,22.405
9912,0,625,661,2.948,7.600,22.405
9952,0,619,660,2.948,7.600,22.405
9992,0,621,657,2.904,6.300,18.295
10032,0,620,662,2.904,6.300,18.295
10072,0,618,661,2.912,5.800,16.890
10112,0,621,661,2.912,5.800,16.890
10152,0,625,650,2.912,5.800,16.890
10192,0,623,653,2.960,5.200,15.392
10232,0,626,668,2.960,5.200,15.392
10272,0,616,654,3.020,10.300,31.106
10312,0,627,663,3.020,10.300,31.106
10352,0,621,657,3.020,10.300,31.106
10392,0,626,658,3.084,12.700,39.167
10432,0,625,662,3.084,12.700,39.167
10472,0,630,655,3.116,14.400,44.870
10512,0,623,663,3.116,14.400,44.870
10552,0,618,667,3.116,14.400,44.870
10592,0,620,665,3.116,13.500,42.066
10632,0,627,674,3.116,13.500,42.066
10672,0,623,672,3.072,12.200,37.478
10712,0,634,685,3.072,12.200,37.478
10752,0,648,716,3.072,12.200,37.478
10792,0,750,779,3.012,9.900,29.819
10832,0,950,944,3.012,9.900,29.819
10872,0,1328,1324,2.952,7.700,22.730
10912,0,2057,2083,2.952,7.700,22.730
10952,0,3150,3237,2.952,7.700,22.730
10992,0,4200,4452,2.908,6.100,17.739
11032,0,5747,6421,2.908,6.100,17.739
11072,0,8101,9529,2.912,5.800,16.890
11112,0,11321,14390,2.912,5.800,16.890
11152,0,18015,22693,2.912,5.800,16.890
11192,0,30161,38360,2.948,5.500,16.214
11232,0,80007,84184,2.948,5.500,16.214
11272,0,114233,111664,2.996,9.400,28.162
11312,0,110038,112062,2.996,9.400,28.162
11352,0,109269,112230,2.996,9.400,28.162
11392,0,100194,101313,2.768,11.100,30.725
11432,0,102702,111644,2.768,11.100,30.725
11472,0,110607,128101,2.852,13.800,39.358
11512,0,113291,133702,2.852,13.800,39.358
11552,0,114206,136073,2.852,13.800,39.358
11592,0,114836,137870,3.096,13.700,42.415
11632,0,115075,138610,3.096,13.700,42.415
11672,0,115041,138719,2.956,12.100,35.768
11712,0,115055,138685,2.956,12.100,35.768
11752,0,114833,138004,2.956,12.100,35.768
11792,0,114599,137537,2.888,13.400,38.699
11832,0,114389,137103,2.888,13.400,38.699
11872,0,114268,136886,2.836,6.600,18.718
11912,0,114122,136729,2.836,6.600,18.718
11952,0,113895,136337,2.836,6.600,18.718
11992,0,113822,136134,3.080,13.900,42.812
12032,0,113769,135946,3.080,13.900,42.812
12072,0,113768,135781,3.108,14.000,43.512
12112,0,113749,135714,3.108,14.000,43.512
12152,0,113746,135700,3.108,14.000,43.512
12192,0,113731,135744,3.068,13.400,41.111
12232,0,113688,135683,3.068,13.400,41.111
12272,0,113614,135502,3.060,13.200,40.392
12312,0,113329,134664,3.060,13.200,40.392
12352,0,113087,133906,3.060,13.200,40.392
12392,0,112985,133598,3.040,12.800,38.912
12432,0,113039,133708,3.040,12.800,38.912
12472,0,113222,134162,2.888,8.200,23.682
12512,0,113473,134777,2.888,8.200,23.682
12552,0,113668,135262,2.888,8.200,23.682
12592,0,113875,135717,2.848,7.000,19.936
12632,0,114006,136012,2.848,7.000,19.936
12672,0,114117,136266,2.956,11.000,32.516
12712,0,114363,136858,2.956,11.000,32.516
12752,0,114624,137513,2.956,11.000,32.516
12792,0,114701,137833,3.024,13.500,40.824
12832,0,114561,137519,3.024,13.500,40.824
12872,0,114225,136633,3.040,14.100,42.864
12912,0,113925,135817,3.040,14.100,42.864
12952,0,113841,135524,3.040,14.100,42.864
12992,0,113860,135546,2.988,11.600,34.661
13032,0,113959,135854,2.988,11.600,34.661
13072,0,113962,135917,2.892,8.200,23.714
13112,0,113924,135802,2.892,8.200,23.714
13152,0,113885,135637,2.892,8.200,23.714
13192,0,113801,135413,2.832,6.000,16.992
13232,0,113750,135249,2.832,6.000,16.992
13272,0,113760,135257,2.884,8.300,23.937
13312,0,113722,135160,2.884,8.300,23.937
13352,0,113601,134858,2.884,8.300,23.937
13392,0,113351,134142,2.976,12.100,36.010
13432,0,112868,132801,2.976,12.100,36.010
13472,0,112495,131786,3.040,14.300,43.472
13512,0,112446,131728,3.040,14.300,43.472
13552,0,112609,132210,3.040,14.300,43.472
13592,0,112861,132831,3.016,12.500,37.700
13632,0,113047,133320,3.016,12.500,37.700
13672,0,113114,133542,2.944,9.900,29.146
13712,0,113123,133568,2.944,9.900,29.146
13752,0,113163,133666,2.944,9.900,29.146
13792,0,113209,133803,2.864,7.000,20.048
13832,0,113265,133947,2.864,7.000,20.048
13872,0,113381,134258,2.840,6.200,17.608
13912,0,113404,134338,2.840,6.200,17.608
13952,0,113167,133723,2.840,6.200,17.608
13992,0,112819,132777,2.888,8.200,23.682
14032,0,112581,132166,2.888,8.200,23.682
14072,0,112565,132191,2.964,11.000,32.604
14112,0,112734,132708,2.964,11.000,32.604
14152,0,112948,133273,2.964,11.000,32.604
14192,0,113001,133426,3.028,13.100,39.667
14232,0,112917,133187,3.028,13.100,39.667
14272,0,112716,132722,3.044,14.000,42.616
14312,0,112580,132405,3.044,14.000,42.616
14352,0,112521,132350,3.044,14.000,42.616
14392,0,112497,132467,3.040,13.700,41.648
14432,0,112554,132734,3.040,13.700,41.648
14472,0,112525,132690,2.984,11.800,35.211
14512,0,112332,132175,2.984,11.800,35.211
14552,0,112228,131901,2.984,11.800,35.211
14592,0,112316,132146,2.900,8.200,23.780
14632,0,112447,132541,2.900,8.200,23.780
14672,0,112614,133013,2.840,6.300,17.892
14712,0,112759,133395,2.840,6.300,17.892
14752,0,112824,133550,2.840,6.300,17.892
14792,0,112890,133696,2.852,6.700,19.108
14832,0,112957,133897,2.852,6.700,19.108
14872,0,113042,134176,2.896,9.000,26.064
14912,0,113186,134532,2.896,9.000,26.064
14952,0,113421,135116,2.896,9.000,26.064
14992,0,113581,135545,2.984,13.400,39.986
15032,0,113498,135354,2.984,13.400,39.986
15072,0,113398,135090,2.828,6.800,19.230
15112,0,113479,135236,2.828,6.800,19.230
15152,0,113653,135690,2.828,6.800,19.230
15192,0,113841,136217,2.888,8.500,24.548
15232,0,114012,136657,2.888,8.500,24.548
15272,0,114055,136772,2.984,13.300,39.687
15312,0,114037,136756,2.984,13.300,39.687
15352,0,113984,136653,2.984,13.300,39.687
15392,0,113941,136568,2.952,10.200,30.110
15432,0,113906,136494,2.952,10.200,30.110
15472,0,113932,136541,2.964,8.900,26.380
15512,0,113946,136602,2.964,8.900,26.380
15552,0,113865,136405,2.964,8.900,26.380
15592,0,113643,135803,3.004,10.700,32.143
15632,0,113477,135312,3.004,10.700,32.143
15672,0,113479,135320,3.004,10.400,31.242
15712,0,113616,135671,3.004,10.400,31.242
15752,0,113685,135917,3.004,10.400,31.242
15792,0,113600,135779,2.944,9.300,27.379
15832,0,113577,135681,2.944,9.300,27.379
15872,0,113546,135621,2.908,7.900,22.973
15912,0,113492,135549,2.908,7.900,22.973
15952,0,113463,135521,2.908,7.900,22.973
15992,0,113473,135498,2.908,7.700,22.392
16032,0,113408,135353,2.908,7.700,22.392
16072,0,113297,135085,2.916,8.000,23.328
16112,0,112936,134185,2.916,8.000,23.328
16152,0,112428,132805,2.916,8.000,23.328
16192,0,112001,131681,2.924,8.100,23.684
16232,0,111766,131184,2.924,8.100,23.684
16272,0,111764,131211,2.932,8.300,24.336
16312,0,111788,131314,2.932,8.300,24.336
16352,0,111813,131424,2.932,8.300,24.336
16392,0,111755,131259,2.956,8.700,25.717
16432,0,111663,130995,2.956,8.700,25.717
16472,0,111641,130939,2.996,10.200,30.559
16512,0,111756,131250,2.996,10.200,30.559
16552,0,112083,132082,2.996,10.200,30.559
16592,0,112424,132926,3.040,12.000,36.480
16632,0,112673,133554,3.040,12.000,36.480
16672,0,112653,133410,3.064,13.200,40.445
16712,0,112509,132979,3.064,13.200,40.445
16752,0,112486,132923,3.064,13.200,40.445
16792,0,112573,133119,3.084,13.300,41.017
16832,0,112684,133466,3.084,13.300,41.017
16872,0,112842,133919,3.084,14.100,43.484
16912,0,112940,134235,3.084,14.100,43.484
16952,0,112948,134332,3.084,14.100,43.484
16992,0,112919,134330,3.072,13.800,42.394
17032,0,112980,134523,3.072,13.800,42.394
17072,0,113065,134747,3.060,13.300,40.698
17112,0,113156,135022,3.060,13.300,40.698
17152,0,113248,135267,3.060,13.300,40.698
17192,0,113180,135110,3.048,13.000,39.624
17232,0,112942,134457,3.048,13.000,39.624
17272,0,112797,134056,3.020,11.700,35.334
17312,0,112833,134165,3.020,11.700,35.334
17352,0,112990,134589,3.020,11.700,35.334
17392,0,113180,135109,3.032,12.300,37.294
17432,0,113305,135499,3.032,12.300,37.294
17472,0,113356,135622,3.048,12.900,39.319
17512,0,113383,135699,3.048,12.900,39.319
17552,0,113424,135820,3.048,12.900,39.319
17592,0,113537,136150,3.028,11.700,35.428
17632,0,113707,136579,3.028,11.700,35.428
17672,0,113857,136990,2.972,9.800,29.126
17712,0,113845,136990,2.972,9.800,29.126
17752,0,113651,136412,2.972,9.800,29.126
17792,0,113436,135873,2.980,10.300,30.694
17832,0,113331,135586,2.980,10.300,30.694
17872,0,113267,135406,3.024,11.500,34.776
17912,0,113246,135366,3.024,11.500,34.776
17952,0,113179,135276,3.024,11.500,34.776
17992,0,113097,135117,3.032,11.800,35.778
18032,0,113049,135031,3.032,11.800,35.778
18072,0,113065,135100,3.040,12.200,37.088
18112,0,113146,135293,3.040,12.200,37.088
18152,0,113264,135539,3.040,12.200,37.088
18192,0,113369,135776,3.048,13.000,39.624
18232,0,113430,135851,3.048,13.000,39.624
18272,0,113269,135338,2.992,13.300,39.794
18312,0,112967,134528,2.992,13.300,39.794
18352,0,112725,133897,2.992,13.300,39.794
18392,0,112570,133476,2.792,6.600,18.427
18432,0,112512,133347,2.792,6.600,18.427
18472,0,112526,133445,2.908,10.800,31.406
18512,0,112535,133472,2.908,10.800,31.406
18552,0,112464,133301,2.908,10.800,31.406
18592,0,112385,133130,3.004,13.200,39.653
18632,0,112426,133267,3.004,13.200,39.653
18672,0,112525,133564,2.816,7.000,19.712
18712,0,112670,133964,2.816,7.000,19.712
18752,0,112848,134469,2.816,7.000,19.712
18792,0,112884,134541,2.868,9.200,26.386
18832,0,112663,133892,2.868,9.200,26.386
18872,0,112359,133060,3.016,14.100,42.526
18912,0,112151,132525,3.016,14.100,42.526
18952,0,112068,132366,3.016,14.100,42.526
18992,0,112212,132765,2.884,8.500,24.514
19032,0,112426,133292,2.884,8.500,24.514
19072,0,112611,133729,2.820,7.400,20.868
19112,0,112750,134052,2.820,7.400,20.868
19152,0,112857,134286,2.820,7.400,20.868
19192,0,112914,134465,2.992,12.800,38.298
19232,0,112994,134682,2.992,12.800,38.298
19272,0,113043,134809,3.024,13.400,40.522
19312,0,113033,134822,3.024,13.400,40.522
19352,0,112883,134456,3.024,13.400,40.522
19392,0,112554,133528,2.964,11.600,34.382
19432,0,112281,132754,2.964,11.600,34.382
19472,0,112208,132544,2.852,7.400,21.105
19512,0,112305,132741,2.852,7.400,21.105
19552,0,112363,132906,2.852,7.400,21.105
19592,0,112432,133038,2.836,7.700,21.837
19632,0,112452,133054,2.836,7.700,21.837
19672,0,112469,133035,2.960,11.700,34.632
19712,0,112633,133400,2.960,11.700,34.632
19752,0,112895,134063,2.960,11.700,34.632
19792,0,113034,134519,3.092,12.900,39.887
19833,0,113147,134805,3.092,12.900,39.887
19872,0,113322,135248,3.036,12.900,39.164
19912,0,113397,135414,3.036,12.900,39.164
19952,0,113181,134812,3.036,12.900,39.164
19993,0,112972,134210,3.048,14.500,44.196
20032,0,112882,133947,3.048,14.500,44.196
20072,0,112914,134057,3.052,14.300,43.644
20112,0,112946,134211,3.052,14.300,43.644
20153,0,112955,134285,3.052,14.300,43.644
20192,0,112868,134125,3.096,14.000,43.344
20232,0,112740,133870,3.096,14.000,43.344
20272,0,112728,133841,3.092,14.100,43.597
20313,0,112824,134026,3.092,14.100,43.597
20353,0,112923,134302,3.092,14.100,43.597
20392,0,113027,134606,3.056,12.500,38.200
20432,0,113117,134845,3.056,12.500,38.200
20473,0,113106,134867,2.976,9.400,27.974
20513,0,112900,134351,2.976,9.400,27.974
20553,0,112523,133323,2.976,9.400,27.974
20592,0,112157,132402,2.904,7.300,21.199
20632,0,111908,131860,2.904,7.300,21.199
20673,0,111848,131809,2.864,6.500,18.616
20713,0,111953,132107,2.864,6.500,18.616
20752,0,112079,132387,2.864,6.500,18.616
20793,0,111985,132132,2.924,7.700,22.515
20833,0,111887,131800,2.924,7.700,22.515
20873,0,111860,131760,3.044,11.600,35.310
20913,0,111844,131754,3.044,11.600,35.310
20952,0,111744,131613,3.044,11.600,35.310
20993,0,111466,130993,3.104,14.100,43.766
21033,0,111265,130567,3.104,14.100,43.766
21072,0,111316,130747,3.100,14.400,44.640
21112,0,111163,130330,3.100,14.400,44.640
21152,0,110786,129350,3.100,14.400,44.640
21193,0,110645,128991,2.600,6.400,16.640
21233,0,110720,129217,2.600,6.400,16.640
21272,0,110872,129660,2.976,14.500,43.152
21313,0,111057,130163,2.976,14.500,43.152
21353,0,111023,130121,2.976,14.500,43.152
21393,0,110860,129731,2.756,6.300,17.363
21433,0,110722,129392,2.756,6.300,17.363
21473,0,110698,129386,2.988,14.900,44.521
21513,0,110708,129429,2.988,14.900,44.521
21553,0,110726,129493,2.988,14.900,44.521
21593,0,110870,129854,2.816,7.500,21.120
21633,0,110953,130030,2.816,7.500,21.120
21673,0,110818,129652,2.904,11.400,33.106
21713,0,110511,128783,2.904,11.400,33.106
21753,0,110360,128381,2.904,11.400,33.106
21793,0,110528,128768,2.948,11.200,33.018
21833,0,110774,129346,2.948,11.200,33.018
21873,0,110968,129832,2.796,7.500,20.970
21913,0,111049,130021,2.796,7.500,20.970
21953,0,111001,129864,2.796,7.500,20.970
21993,0,110952,129708,2.996,14.600,43.742
22033,0,110874,129593,2.996,14.600,43.742
22073,0,110824,129581,2.780,6.600,18.348
22113,0,110911,129809,2.780,6.600,18.348
22153,0,111050,130213,2.780,6.600,18.348
22193,0,111213,130610,2.960,13.200,39.072
22233,0,111065,130207,2.960,13.200,39.072
22273,0,110789,129417,2.880,9.500,27.360
22313,0,110586,128857,2.880,9.500,27.360
22353,0,110573,128864,2.880,9.500,27.360
22393,0,110727,129305,2.852,9.000,25.668
22433,0,110890,129721,2.852,9.000,25.668
22473,0,110960,129967,2.976,12.900,38.390
22513,0,111028,130151,2.976,12.900,38.390
22553,0,111190,130568,2.976,12.900,38.390
22593,0,111325,130947,2.768,6.300,17.438
22633,0,111469,131329,2.768,6.300,17.438
22673,0,111653,131797,2.888,11.700,33.790
22713,0,111752,132075,2.888,11.700,33.790
22753,0,111746,132040,2.888,11.700,33.790
22793,0,111512,131279,2.916,9.600,27.994
22833,0,111181,130367,2.916,9.600,27.994
22873,0,111086,130040,2.836,6.400,18.150
22913,0,111136,130135,2.836,6.400,18.150
22953,0,111287,130469,2.836,6.400,18.150
22993,0,111475,130887,2.844,6.600,18.770
23033,0,111554,131053,2.844,6.600,18.770
23073,0,111582,131117,2.860,6.700,19.162
23113,0,111642,131268,2.860,6.700,19.162
23153,0,111660,131353,2.860,6.700,19.162
23193,0,111702,131512,2.896,8.400,24.326
23233,0,111773,131738,2.896,8.400,24.326
23273,0,111794,131874,2.928,10.100,29.573
23313,0,111666,131522,2.928,10.100,29.573
23353,0,111314,130555,2.928,10.100,29.573
23393,0,110964,129684,3.096,14.500,44.892
23433,0,110845,129393,3.096,14.500,44.892
23473,0,110854,129489,3.084,14.400,44.410
23513,0,110899,129698,3.084,14.400,44.410
23553,0,110968,130007,3.084,14.400,44.410
23593,0,111016,130182,3.088,14.600,45.085
23633,0,110985,130139,3.088,14.600,45.085
23673,0,110983,130180,3.116,14.700,45.805
23713,0,111196,130681,3.116,14.700,45.805
23753,0,111469,131359,3.116,14.700,45.805
23793,0,111698,131905,3.132,15.100,47.293
23833,0,111876,132318,3.132,15.100,47.293
23873,0,111812,132081,2.872,8.300,23.838
23913,0,111526,131205,2.872,8.300,23.838
23953,0,111262,130464,2.872,8.300,23.838
23993,0,111111,130078,2.860,8.400,24.024
24033,0,111071,130042,2.860,8.400,24.024
24073,0,111132,130293,2.984,11.600,34.614
24113,0,111268,130681,2.984,11.600,34.614
24153,0,111320,130851,2.984,11.600,34.614
24193,0,111274,130800,3.012,12.300,37.048
24233,0,111289,130870,3.012,12.300,37.048
24273,0,111439,131289,3.028,13.100,39.667
24313,0,111656,131853,3.028,13.100,39.667
24353,0,111863,132407,3.028,13.100,39.667
24393,0,112058,132871,3.116,12.700,39.573
24433,0,112000,132714,3.116,12.700,39.573
24473,0,111740,131961,2.976,13.300,39.581
24513,0,111544,131359,2.976,13.300,39.581
24553,0,111472,131194,2.976,13.300,39.581
24593,0,111474,131254,2.920,9.500,27.740
24633,0,111552,131530,2.920,9.500,27.740
24673,0,111641,131838,2.960,14.800,43.808
24713,0,111665,131919,2.960,14.800,43.808
24753,0,111548,131619,2.960,14.800,43.808
24793,0,111462,131421,2.968,15.000,44.520
24833,0,111422,131371,2.968,15.000,44.520
24873,0,111287,131117,3.108,14.200,44.134
24913,0,111230,131088,3.108,14.200,44.134
24953,0,111301,131314,3.108,14.200,44.134
24993,0,111270,131176,3.072,12.300,37.786
25033,0,110988,130383,3.072,12.300,37.786
25073,0,110844,129897,2.952,8.100,23.911
25113,0,110914,130053,2.952,8.100,23.911
25153,0,111109,130492,2.952,8.100,23.911
25193,0,111337,131021,2.928,4.700,13.762
25233,0,111536,131431,2.928,4.700,13.762
25273,0,111613,131568,2.940,7.200,21.168
25313,0,111634,131613,2.940,7.200,21.168
25353,0,111679,131685,2.940,7.200,21.168
25393,0,111763,131901,2.956,4.500,13.302
25433,0,111868,132145,2.956,4.500,13.302
25473,0,111946,132352,2.872,4.700,13.498
25513,0,111987,132488,2.872,4.700,13.498
25553,0,111746,131914,2.872,4.700,13.498
25593,0,111471,131183,2.880,4.500,12.960
25633,0,111382,130924,2.880,4.500,12.960
25673,0,111476,131156,3.040,6.600,20.064
25713,0,111641,131568,3.040,6.600,20.064
25753,0,111811,132046,3.040,6.600,20.064
25794,0,111886,132279,3.148,7.300,22.980
25833,0,111863,132264,3.148,7.300,22.980
25873,0,111839,132222,3.148,4.900,15.425
25913,0,111908,132404,3.148,4.900,15.425
25953,0,111981,132564,3.148,4.900,15.425
25993,0,112033,132701,2.916,4.500,13.122
26033,0,112048,132798,2.916,4.500,13.122
26073,0,111997,132668,2.960,4.400,13.024
26113,0,111696,131850,2.960,4.400,13.024
26153,0,111349,130899,2.960,4.400,13.024
26193,0,111226,130555,3.008,4.500,13.536
26233,0,111274,130753,3.008,4.500,13.536
26273,0,111341,130958,3.072,4.900,15.053
26313,0,111442,131264,3.072,4.900,15.053
26354,0,111610,131663,3.072,4.900,15.053
26393,0,111676,131815,3.112,14.700,45.746
26433,0,111749,131968,3.112,14.700,45.746
26474,0,111879,132286,3.152,14.700,46.334
26514,0,112030,132703,3.152,14.700,46.334
26554,0,112178,133084,3.152,14.700,46.334
26593,0,112240,133266,3.132,11.900,37.271
26633,0,112094,132895,3.132,11.900,37.271
26674,0,111745,131998,3.148,9.000,28.332
26714,0,111411,131144,3.148,9.000,28.332
26754,0,111275,130872,3.148,9.000,28.332
26793,0,111346,131131,3.168,4.900,15.523
26834,0,111485,131538,3.168,4.900,15.523
26874,0,111645,131956,3.172,4.400,13.957
26914,0,111746,132222,3.172,4.400,13.957
26954,0,111864,132542,3.172,4.400,13.957
26994,0,112031,132973,3.176,4.500,14.292
27034,0,112146,133271,3.176,4.500,14.292
27074,0,112278,133593,3.172,9.500,30.134
27114,0,112394,133919,3.172,9.500,30.134
27153,0,112452,134069,3.172,9.500,30.134
27194,0,112242,133551,3.180,4.500,14.310
27234,0,111915,132733,3.180,4.500,14.310
27274,0,111759,132326,3.108,4.700,14.608
27314,0,111791,132403,3.108,4.700,14.608
27354,0,111911,132711,3.108,4.700,14.608
27394,0,112080,133155,3.180,13.300,42.294
27434,0,112197,133437,3.180,13.300,42.294
27474,0,112203,133450,3.180,5.400,17.172
27514,0,112176,133422,3.180,5.400,17.172
27554,0,112173,133452,3.180,5.400,17.172
27594,0,112235,133614,3.184,4.600,14.646
27634,0,112314,133862,3.184,4.600,14.646
27674,0,112442,134205,3.180,4.600,14.628
27714,0,112533,134403,3.180,4.600,14.628
27754,0,112299,133780,3.180,4.600,14.628
27794,0,112022,133048,3.176,8.100,25.726
27834,0,111888,132691,3.176,8.100,25.726
27874,0,111870,132660,3.168,4.700,14.890
27914,0,111959,132918,3.168,4.700,14.890
27954,0,112060,133221,3.168,4.700,14.890
27994,0,112105,133373,3.172,4.600,14.591
28034,0,112156,133483,3.172,4.600,14.591
28074,0,112238,133659,3.180,4.600,14.628
28114,0,112323,133883,3.180,4.600,14.628
28154,0,112445,134204,3.180,4.600,14.628
28194,0,112603,134589,3.180,6.700,21.306
28234,0,112804,135064,3.180,6.700,21.306
28274,0,112918,135330,3.180,4.400,13.992
28314,0,112629,134591,3.180,4.400,13.992
28354,0,112348,133883,3.180,4.400,13.992
28394,0,112313,133748,3.180,4.700,14.946
28434,0,112349,133885,3.180,4.700,14.946
28474,0,112430,134127,3.176,4.600,14.610
28514,0,112547,134460,3.176,4.600,14.610
28554,0,112586,134557,3.176,4.600,14.610
28594,0,112540,134403,3.180,4.600,14.628
28634,0,112518,134377,3.180,4.600,14.628
28674,0,112568,134493,3.180,4.600,14.628
28714,0,112635,134680,3.180,4.600,14.628
28754,0,112716,134913,3.180,4.600,14.628
28794,0,112834,135203,3.180,4.700,14.946
28834,0,112858,135301,3.180,4.700,14.946
28874,0,112550,134509,3.180,7.900,25.122
28914,0,112321,133905,3.180,7.900,25.122
28954,0,112297,133839,3.180,7.900,25.122
28994,0,112354,133987,3.180,4.700,14.946
29034,0,112479,134363,3.180,4.700,14.946
29074,0,112678,134834,3.180,4.500,14.310
29114,0,112722,134973,3.180,4.500,14.310
29154,0,112666,134839,3.180,4.500,14.310
29194,0,112667,134832,3.184,4.200,13.373
29234,0,112693,134935,3.184,4.200,13.373
29274,0,112762,135150,3.184,4.300,13.691
29314,0,112812,135309,3.184,4.300,13.691
29354,0,112885,135496,3.184,4.300,13.691
29394,0,112819,135320,3.180,4.700,14.946
29434,0,112485,134485,3.180,4.700,14.946
29474,0,112294,133982,3.184,4.500,14.328
29514,0,112306,134017,3.184,4.500,14.328
29554,0,112353,134198,3.184,4.500,14.328
29594,0,112471,134498,3.184,4.400,14.010
29634,0,112545,134733,3.184,4.400,14.010
29674,0,112519,134660,3.180,4.700,14.946
29714,0,112447,134524,3.180,4.700,14.946
29754,0,112444,134502,3.180,4.700,14.946
29794,0,112484,134627,3.180,4.700,14.946
29834,0,112548,134828,3.180,4.700,14.946
29874,0,112609,135006,3.184,4.800,15.283
29914,0,112610,135002,3.184,4.800,15.283
29954,0,112274,134145,3.184,4.800,15.283
29994,0,111969,133327,3.184,4.800,15.283
30034,0,111831,132964,3.184,4.800,15.283
30074,0,111835,132971,3.180,4.500,14.310
30114,0,111892,133180,3.180,4.500,14.310
30154,0,112000,133456,3.180,4.500,14.310
I (30490) SYS_DEMO: Switched profile -> id=1 name=25sps_low
30321,1,34493,37002,3.160,4.900,15.484
30401,1,34534,37096,3.108,4.900,15.229
30481,1,34517,37053,3.172,7.500,23.790
30562,1,34351,36677,3.172,7.500,23.790
30641,1,34298,36570,3.176,5.100,16.198
30721,1,34342,36678,3.124,6.600,20.618
30801,1,34343,36694,3.152,7.700,24.270
30881,1,34364,36762,3.096,5.000,15.480
30962,1,34428,36907,3.096,5.000,15.480
31042,1,34397,36829,3.164,4.600,14.554
31122,1,34256,36468,3.148,7.700,24.240
31202,1,34268,36518,3.096,4.900,15.170
31282,1,34333,36705,3.160,7.100,22.436
31362,1,34369,36760,3.160,7.100,22.436
31442,1,34424,36892,3.140,4.600,14.444
31522,1,34486,37040,3.100,5.100,15.810
31602,1,34415,36899,3.164,7.700,24.363
31682,1,34315,36647,3.120,6.300,19.656
31762,1,34342,36700,3.120,6.300,19.656
31842,1,34429,36885,3.176,4.600,14.610
31922,1,34485,36988,3.160,7.900,24.964
32002,1,34541,37116,3.116,5.400,16.826
32082,1,34590,37255,3.124,6.100,19.056
32162,1,34531,37090,3.124,6.100,19.056
32242,1,34404,36793,3.156,4.600,14.518
32322,1,34395,36799,3.168,5.000,15.840
32402,1,34429,36898,3.172,4.700,14.908
32482,1,34460,36977,3.176,4.600,14.610
32562,1,34543,37146,3.176,4.600,14.610
32642,1,34607,37285,3.184,5.000,15.920
32722,1,34544,37156,3.156,4.900,15.464
32802,1,34397,36813,3.156,4.600,14.518
32882,1,34418,36859,3.168,5.100,16.157
32962,1,34448,36946,3.168,5.100,16.157
33042,1,34428,36917,3.180,4.500,14.310
33122,1,34435,36945,3.168,4.800,15.206
33202,1,34504,37087,3.132,4.800,15.034
33282,1,34475,37013,3.176,5.800,18.421
33362,1,34380,36767,3.176,5.800,18.421
33442,1,34424,36875,3.176,4.700,14.927
33522,1,34488,37027,3.132,4.800,15.034
33602,1,34482,37004,3.184,5.800,18.467
33682,1,34498,37048,3.180,4.900,15.582
33762,1,34555,37174,3.180,4.900,15.582
33842,1,34506,37070,3.128,4.400,13.763
33922,1,34402,36846,3.188,6.100,19.447
34002,1,34473,37008,3.176,4.800,15.245
34082,1,34549,37169,3.124,5.000,15.620
34162,1,34519,37136,3.124,5.000,15.620
34242,1,34552,37217,3.192,6.800,21.706
34322,1,34574,37296,3.172,4.700,14.908
34402,1,34422,36925,3.188,4.700,14.984
34482,1,34357,36731,3.184,7.400,23.562
34563,1,34378,36833,3.184,7.400,23.562
34643,1,34430,36970,3.156,5.000,15.780
34722,1,34419,36953,3.128,5.600,17.517
34802,1,34469,37095,3.180,7.900,25.122
34882,1,34478,37125,3.136,4.700,14.739
34963,1,34347,36806,3.136,4.700,14.739
35043,1,34312,36742,3.188,4.300,13.708
35123,1,34354,36877,3.172,7.500,23.790
35203,1,34372,36911,3.124,5.000,15.620
35283,1,34393,36940,3.184,7.800,24.835
35363,1,34445,37072,3.184,7.800,24.835
35443,1,34404,36964,3.196,4.900,15.660
35523,1,34273,36670,3.144,6.000,18.864
35603,1,34290,36706,3.180,8.000,25.440
35683,1,34351,36851,3.124,4.900,15.308
35763,1,34357,36889,3.124,4.900,15.308
35843,1,34396,36963,3.192,6.900,22.025
35923,1,34460,37117,3.164,5.000,15.820
36003,1,34374,36895,3.128,5.100,15.953
36083,1,34291,36667,3.184,8.100,25.790
36163,1,34327,36763,3.184,8.100,25.790
36243,1,34364,36860,3.200,4.900,15.680
36323,1,34368,36874,3.188,4.700,14.984
36403,1,34405,36972,3.172,4.800,15.226
36483,1,34482,37109,3.192,4.500,14.364
36563,1,34369,36847,3.192,4.500,14.364
36643,1,34327,36716,3.180,4.500,14.310
36723,1,34383,36859,3.192,4.900,15.641
36803,1,34384,36881,3.184,4.800,15.283
36883,1,34373,36853,3.188,5.000,15.940
36963,1,34429,36988,3.188,5.000,15.940
37043,1,34472,37068,3.188,4.400,14.027
37123,1,34354,36768,3.192,5.000,15.960
37203,1,34330,36683,3.188,6.800,21.678
37283,1,34397,36838,3.160,4.800,15.168
37363,1,34407,36854,3.160,4.800,15.168
37443,1,34418,36896,3.196,4.800,15.341
37523,1,34465,37021,3.168,4.600,14.573
37603,1,34462,37007,3.192,5.400,17.237
37683,1,34287,36585,3.184,4.800,15.283
37763,1,34259,36542,3.184,4.800,15.283
37843,1,34317,36683,3.204,4.800,15.379
37923,1,34287,36640,3.188,4.600,14.665
38003,1,34297,36624,3.196,5.300,16.939
38083,1,34346,36748,3.188,5.000,15.940
38163,1,34320,36646,3.188,5.000,15.940
38243,1,34146,36252,3.204,5.000,16.020
38323,1,34153,36289,3.192,4.800,15.322
38403,1,34204,36424,3.132,4.900,15.347
38483,1,34200,36427,3.192,8.100,25.855
38564,1,34238,36486,3.192,8.100,25.855
38644,1,34300,36627,3.204,5.000,16.020
38723,1,34181,36333,3.192,8.000,25.536
38803,1,34036,36020,3.136,4.700,14.739
38883,1,34081,36133,3.196,8.000,25.568
38964,1,34123,36243,3.196,8.000,25.568
39044,1,34149,36285,3.208,5.100,16.361
39124,1,34221,36439,3.188,7.700,24.548
39204,1,34285,36592,3.136,5.100,15.994
39284,1,34136,36246,3.192,8.000,25.536
39364,1,34027,35996,3.192,8.000,25.536
39444,1,34108,36176,3.208,5.100,16.361
39524,1,34163,36305,3.196,7.800,24.929
39604,1,34164,36325,3.136,5.000,15.680
39684,1,34214,36444,3.192,7.700,24.578
39764,1,34258,36529,3.192,7.700,24.578
39844,1,34090,36131,3.212,5.100,16.381
39924,1,34009,35918,3.188,7.800,24.866
40004,1,34067,36095,3.140,5.400,16.956
40084,1,34135,36227,3.184,7.700,24.517
40164,1,34146,36245,3.184,7.700,24.517
40244,1,34202,36346,3.208,5.000,16.040
40324,1,34235,36434,3.196,4.500,14.382
40404,1,34120,36124,3.196,4.800,15.341
40484,1,34008,35885,3.196,4.700,15.021
40564,1,34111,36104,3.196,4.700,15.021
40644,1,34174,36235,3.208,5.000,16.040
40724,1,34172,36219,3.196,4.900,15.660
40804,1,34231,36349,3.196,4.800,15.341
40884,1,34311,36511,3.188,4.700,14.984
40964,1,34202,36240,3.188,4.700,14.984
41044,1,34037,35889,3.156,4.900,15.464
41124,1,34120,36119,3.192,4.900,15.641
41204,1,34211,36294,3.156,4.700,14.833
41284,1,34244,36363,3.064,4.800,14.707
41364,1,34338,36548,3.064,4.800,14.707
41444,1,34385,36676,3.112,5.400,16.805
41524,1,34218,36319,3.052,5.200,15.870
41604,1,34164,36173,3.132,6.900,21.611
41684,1,34259,36436,3.152,4.800,15.130
41764,1,34313,36592,3.152,4.800,15.130
41844,1,34341,36639,3.180,4.900,15.582
41924,1,34425,36833,3.180,7.000,22.260
42004,1,34503,37014,3.148,4.800,15.110
42084,1,34365,36690,3.116,5.100,15.892
42164,1,34326,36579,3.116,5.100,15.892
42244,1,34363,36698,3.172,4.200,13.322
42324,1,34379,36777,3.128,4.700,14.702
42404,1,34401,36813,3.056,4.900,14.974
42485,1,34418,36839,3.056,5.000,15.280
42565,1,34342,36709,3.056,5.000,15.280
42645,1,34193,36349,3.132,6.300,19.732
42724,1,34249,36456,3.112,7.600,23.651
42804,1,34383,36716,3.136,7.500,23.520
42885,1,34390,36735,3.096,4.800,14.861
42965,1,34367,36711,3.096,4.800,14.861
43045,1,34402,36791,3.160,6.100,19.276
43125,1,34378,36738,3.152,8.100,25.531
43205,1,34242,36400,3.116,5.200,16.203
43285,1,34259,36410,3.128,6.100,19.081
43365,1,34312,36547,3.128,6.100,19.081
43445,1,34326,36574,3.164,4.400,13.922
43525,1,34380,36673,3.116,4.900,15.268
43605,1,34444,36789,3.140,6.300,19.782
43685,1,34361,36592,3.164,7.800,24.679
43765,1,34255,36342,3.164,7.800,24.679
43845,1,34323,36495,3.180,5.100,16.218
43925,1,34393,36644,3.160,7.600,24.016
44005,1,34367,36580,3.132,6.300,19.732
44085,1,34367,36601,3.136,6.300,19.757
44165,1,34418,36753,3.136,6.300,19.757
44245,1,34375,36626,3.160,4.400,13.904
44325,1,34361,36583,3.176,5.200,16.515
44405,1,34444,36763,3.156,4.800,15.149
44485,1,34439,36764,3.128,4.800,15.014
44565,1,34284,36459,3.128,4.800,15.014
44645,1,34310,36518,3.076,4.600,14.150
44725,1,34432,36767,3.120,4.800,14.976
44805,1,34361,36574,3.136,4.800,15.053
44885,1,34371,36555,3.148,5.000,15.740
44965,1,34518,36867,3.148,5.000,15.740
45045,1,34654,37229,3.156,6.600,20.830
45125,1,34826,37634,3.132,4.700,14.720
45205,1,34998,38017,3.088,4.800,14.822
45285,1,34990,38000,3.104,5.400,16.762
45366,1,34730,37379,3.104,5.400,16.762
45445,1,34768,37435,3.124,4.400,13.746
45525,1,34881,37708,3.124,4.700,14.683
45605,1,34858,37635,3.100,5.100,15.810
45685,1,34846,37627,3.156,7.400,23.354
45766,1,34892,37740,3.156,7.400,23.354
45846,1,34830,37594,3.144,4.800,15.091
45926,1,34716,37339,3.140,5.000,15.700
46006,1,34773,37501,3.200,8.100,25.920
46086,1,34805,37570,3.148,5.200,16.370
46166,1,34728,37400,3.148,5.200,16.370
46246,1,34739,37420,3.192,4.500,14.364
46326,1,34760,37453,3.156,5.700,17.989
46406,1,34596,37077,3.184,7.500,23.880
46486,1,34529,36908,3.164,6.000,18.984
46566,1,34552,36971,3.164,6.000,18.984
46646,1,34545,36936,3.172,4.500,14.274
46726,1,34541,36928,3.176,6.500,20.644
46806,1,34587,37054,3.164,4.700,14.871
46886,1,34593,37043,3.192,7.100,22.663
46966,1,34421,36664,3.192,7.100,22.663
47046,1,34435,36680,3.216,4.900,15.758
47126,1,34508,36897,3.196,7.700,24.609
47206,1,34538,36944,3.144,4.900,15.406
47286,1,34587,37042,3.200,8.200,26.240
47366,1,34665,37230,3.200,8.200,26.240
47446,1,34632,37172,3.216,5.100,16.402
47526,1,34520,36890,3.196,4.600,14.702
47606,1,34602,37082,3.208,5.500,17.644
47686,1,34709,37362,3.188,4.800,15.302
47766,1,34738,37433,3.188,4.800,15.302
47846,1,34784,37536,3.216,6.300,20.261
47926,1,34847,37693,3.172,4.700,14.908
48006,1,34838,37668,3.204,4.700,15.059
48086,1,34613,37136,3.160,4.800,15.168
48166,1,34608,37122,3.160,4.800,15.168
48246,1,34608,37162,3.208,4.500,14.436
48326,1,34562,37095,3.148,5.000,15.740
48406,1,34547,37068,3.196,7.900,25.248
48486,1,34569,37164,3.148,4.900,15.425
48566,1,34592,37222,3.148,4.900,15.425
48646,1,34459,36904,3.200,4.900,15.680
48727,1,34350,36657,3.148,4.700,14.796
48807,1,34468,36929,3.200,7.800,24.960
48887,1,34525,37065,3.144,5.200,16.349
48966,1,34534,37097,3.144,5.200,16.349
49047,1,34595,37249,3.200,4.800,15.360
49127,1,34643,37371,3.144,4.900,15.406
49207,1,34655,37388,3.196,8.200,26.207
49287,1,34474,36932,3.144,4.900,15.406
49367,1,34420,36810,3.144,4.900,15.406
49447,1,34464,36933,3.192,4.700,15.002
49527,1,34512,37051,3.152,5.500,17.336
49607,1,34581,37204,3.180,6.800,21.624
49687,1,34666,37426,3.164,6.400,20.250
49767,1,34730,37563,3.164,6.400,20.250
49847,1,34622,37310,3.168,4.700,14.890
49927,1,34426,36817,3.204,4.700,15.059
50007,1,34391,36773,3.200,4.700,15.040
50087,1,34422,36863,3.200,4.600,14.720
50167,1,34387,36760,3.200,4.600,14.720
50247,1,34384,36735,3.164,4.700,14.871
50327,1,34433,36809,3.196,4.800,15.341
50407,1,34484,36939,3.160,4.800,15.168
50487,1,34355,36610,3.196,4.600,14.702
50567,1,34291,36468,3.196,4.600,14.702
50647,1,34375,36729,3.152,4.500,14.184
50727,1,34412,36828,3.196,5.000,15.980
50807,1,34429,36884,3.148,5.000,15.740
50887,1,34497,37040,3.192,7.600,24.259
50967,1,34561,37185,3.192,7.600,24.259
51047,1,34533,37101,3.140,4.500,14.130
51127,1,34393,36747,3.188,7.400,23.591
51207,1,34416,36805,3.144,4.600,14.462
51287,1,34500,36995,3.188,7.000,22.316
51367,1,34494,37016,3.188,7.000,22.316
51448,1,34523,37072,3.148,4.800,15.110
51528,1,34603,37265,3.160,6.700,21.172
51608,1,34653,37375,3.152,5.000,15.760
51688,1,34461,36912,3.156,6.500,20.514
51768,1,34374,36731,3.156,6.500,20.514
51848,1,34486,37018,3.156,4.600,14.518
51928,1,34557,37164,3.136,5.800,18.189
52008,1,34559,37187,3.164,7.600,24.046
52088,1,34621,37333,3.116,5.100,15.892
52168,1,34705,37510,3.116,5.100,15.892
52248,1,34605,37269,3.164,4.400,13.922
52328,1,34489,36998,3.120,4.900,15.288
52408,1,34561,37178,3.164,7.600,24.046
52488,1,34649,37359,3.132,5.900,18.479
52568,1,34604,37260,3.132,5.900,18.479
52648,1,34593,37253,3.184,4.700,14.965
52728,1,34630,37386,3.176,6.700,21.279
52808,1,34578,37275,3.152,6.200,19.542
52888,1,34444,36991,3.164,7.100,22.464
52968,1,34506,37129,3.164,7.100,22.464
53048,1,34576,37266,3.192,5.900,18.833
53128,1,34547,37188,3.168,4.700,14.890
53208,1,34574,37257,3.184,5.300,16.875
53288,1,34638,37366,3.176,4.500,14.292
53368,1,34563,37174,3.176,4.500,14.292
53448,1,34436,36862,3.192,5.200,16.598
53528,1,34438,36870,3.180,4.900,15.582
53608,1,34422,36886,3.180,4.900,15.582
53688,1,34412,36857,3.184,7.900,25.154
53769,1,34469,37011,3.184,7.900,25.154
53848,1,34535,37153,3.200,5.000,16.000
53928,1,34371,36794,3.188,4.900,15.621
54008,1,34319,36616,3.140,4.900,15.386
54088,1,34428,36888,3.188,7.400,23.591
54169,1,34469,37010,3.188,7.400,23.591
54249,1,34433,36927,3.200,4.800,15.360
54329,1,34435,36927,3.160,6.600,20.856
54409,1,34451,36999,3.152,4.900,15.445
54489,1,34321,36655,3.160,6.700,21.172
54569,1,34286,36590,3.160,6.700,21.172
54649,1,34371,36765,3.156,4.900,15.464
54729,1,34401,36831,3.160,6.500,20.540
54809,1,34427,36912,3.160,4.800,15.168
54889,1,34520,37109,3.160,6.400,20.224
54969,1,34523,37097,3.160,6.400,20.224
55049,1,34365,36726,3.160,4.700,14.852
55129,1,34382,36759,3.156,6.400,20.198
55209,1,34466,36962,3.164,6.700,21.199
55289,1,34487,37012,3.156,6.200,19.567
55369,1,34530,37114,3.156,6.200,19.567
55449,1,34598,37269,3.164,4.200,13.289
55529,1,34571,37164,3.152,6.300,19.858
55609,1,34432,36849,3.164,7.100,22.464
55689,1,34458,36878,3.140,5.800,18.212
55769,1,34484,36910,3.140,5.800,18.212
55849,1,34411,36758,3.168,4.000,12.672
55929,1,34389,36711,3.192,5.400,17.237
56009,1,34433,36831,3.176,4.800,15.245
56089,1,34403,36737,3.196,5.400,17.258
56169,1,34291,36463,3.196,5.400,17.258
56249,1,34353,36609,3.180,4.500,14.310
56329,1,34415,36774,3.196,5.700,18.217
56409,1,34416,36787,3.180,4.800,15.264
56489,1,34447,36858,3.152,5.900,18.597
56570,1,34525,37028,3.152,5.900,18.597
56650,1,34452,36834,3.176,4.500,14.292
56730,1,34374,36615,3.148,5.800,18.258
56810,1,34455,36831,3.172,7.100,22.521
56889,1,34518,36975,3.152,5.900,18.597
56970,1,34504,36919,3.152,5.900,18.597
57050,1,34532,37024,3.176,4.400,13.974
57130,1,34581,37130,3.156,5.900,18.620
57210,1,34394,36687,3.172,6.800,21.570
57290,1,34292,36427,3.160,5.900,18.644
57370,1,34358,36609,3.160,5.900,18.644
57450,1,34400,36726,3.172,4.500,14.274
57530,1,34417,36763,3.160,6.300,19.908
57610,1,34485,36927,3.172,6.700,21.252
57690,1,34523,37018,3.164,6.300,19.933
57770,1,34347,36583,3.164,6.300,19.933
57850,1,34287,36439,3.172,4.500,14.274
57930,1,34360,36627,3.164,6.300,19.933
58010,1,34401,36719,3.164,6.400,20.250
58090,1,34419,36772,3.172,6.600,20.935
58170,1,34495,36944,3.172,6.600,20.935
58250,1,34523,37001,3.160,4.500,14.220
58330,1,34351,36587,3.196,7.300,23.331
58410,1,34308,36484,3.160,4.500,14.220
58490,1,34350,36596,3.196,4.600,14.702
58570,1,34354,36617,3.196,4.600,14.702
58650,1,34371,36666,3.208,5.000,16.040
58730,1,34447,36859,3.196,7.500,23.970
58810,1,34481,36922,3.148,4.800,15.110
58890,1,34319,36535,3.200,7.400,23.680
58971,1,34308,36497,3.200,7.400,23.680
59050,1,34393,36685,3.208,5.000,16.040
59130,1,34403,36685,3.196,7.600,24.290
59210,1,34417,36733,3.144,4.700,14.777
59291,1,34495,36888,3.196,7.800,24.929
59371,1,34529,36998,3.196,7.800,24.929
59451,1,34363,36613,3.208,5.000,16.040
59531,1,34321,36512,3.192,7.900,25.217
59611,1,34406,36704,3.140,4.800,15.072
59691,1,34431,36751,3.196,8.100,25.888
59771,1,34452,36789,3.196,8.100,25.888
59851,1,34514,36943,3.208,5.200,16.682
59931,1,34553,37034,3.192,8.100,25.855
60011,1,34356,36629,3.144,5.100,16.034
60091,1,34307,36497,3.192,8.200,26.174
I (60490) SYS_DEMO: Switched profile -> id=2 name=50sps_med
60290,2,69505,75482,3.216,3.700,11.899
60330,2,73020,83873,3.216,3.700,11.899
60370,2,73078,84022,3.200,4.700,15.040
60410,2,73116,84131,3.200,4.700,15.040
60450,2,73184,84299,3.200,4.700,15.040
60490,2,73170,84271,3.204,4.600,14.738
60530,2,72898,83559,3.204,4.600,14.738
60570,2,72681,83046,3.204,4.800,15.379
60610,2,72632,82928,3.204,4.800,15.379
60650,2,72719,83157,3.204,4.800,15.379
60691,2,72863,83500,3.200,5.000,16.000
60731,2,72989,83823,3.200,5.000,16.000
60770,2,73015,83968,3.200,4.600,14.720
60810,2,73040,83997,3.200,4.600,14.720
60850,2,73087,84051,3.200,4.600,14.720
60891,2,73187,84348,3.200,4.500,14.400
60931,2,73284,84573,3.200,4.500,14.400
60970,2,73383,84827,3.204,4.600,14.738
61010,2,73456,85019,3.204,4.600,14.738
61050,2,73413,84982,3.204,4.600,14.738
61091,2,73145,84257,3.200,4.500,14.400
61131,2,72995,83784,3.200,4.500,14.400
61171,2,72920,83600,3.200,4.400,14.080
61211,2,72904,83612,3.200,4.400,14.080
61251,2,72957,83787,3.200,4.400,14.080
61291,2,73058,84007,3.200,4.800,15.360
61331,2,73061,84040,3.200,4.800,15.360
61371,2,73001,83962,3.200,4.400,14.080
61411,2,72954,83838,3.200,4.400,14.080
61451,2,72960,83832,3.200,4.400,14.080
61491,2,73009,83935,3.200,4.700,15.040
61531,2,73051,84047,3.200,4.700,15.040
61571,2,73138,84217,3.200,4.600,14.720
61611,2,73022,83993,3.200,4.600,14.720
61651,2,72793,83390,3.200,4.600,14.720
61691,2,72620,82993,3.208,4.600,14.757
61731,2,72603,82914,3.208,4.600,14.757
61771,2,72669,83174,3.208,4.600,14.757
61811,2,72858,83574,3.208,4.600,14.757
61851,2,72971,83872,3.208,4.600,14.757
61891,2,73019,83949,3.208,4.600,14.757
61931,2,73003,83948,3.208,4.600,14.757
61971,2,73034,83952,3.208,4.600,14.757
62011,2,72988,83913,3.208,4.600,14.757
62051,2,73020,84023,3.208,4.600,14.757
62091,2,73062,84131,3.212,4.600,14.775
62131,2,73103,84268,3.212,4.600,14.775
62171,2,73048,84078,3.212,4.600,14.775
62211,2,72836,83493,3.212,4.600,14.775
62251,2,72641,82996,3.212,4.600,14.775
62291,2,72573,82771,3.212,4.600,14.775
62331,2,72573,82857,3.212,4.600,14.775
62371,2,72693,83072,3.204,4.500,14.418
62411,2,72731,83241,3.204,4.500,14.418
62451,2,72743,83271,3.204,4.500,14.418
62491,2,72709,83218,3.208,4.500,14.436
62531,2,72706,83213,3.208,4.500,14.436
62571,2,72733,83252,3.212,4.700,15.096
62611,2,72777,83409,3.212,4.700,15.096
62651,2,72877,83600,3.212,4.700,15.096
62691,2,72944,83820,3.212,4.600,14.775
62731,2,72982,83889,3.212,4.600,14.775
62771,2,72829,83426,3.212,4.400,14.133
62811,2,72578,82824,3.212,4.400,14.133
62851,2,72458,82545,3.212,4.400,14.133
62891,2,72486,82659,3.212,4.700,15.096
62931,2,72595,82948,3.212,4.700,15.096
62971,2,72678,83187,3.212,4.800,15.418
63011,2,72777,83384,3.212,4.800,15.418
63051,2,72795,83396,3.212,4.800,15.418
63091,2,72787,83372,3.212,4.700,15.096
63131,2,72825,83442,3.212,4.700,15.096
63171,2,72913,83642,3.212,4.600,14.775
63211,2,72955,83789,3.212,4.600,14.775
63251,2,73027,83952,3.212,4.600,14.775
63292,2,73106,84151,3.208,4.700,15.078
63332,2,73040,84061,3.208,4.700,15.078
63371,2,72783,83417,3.212,4.700,15.096
63411,2,72653,82988,3.212,4.700,15.096
63451,2,72649,82912,3.212,4.700,15.096
63492,2,72724,83085,3.212,4.700,15.096
63532,2,72843,83388,3.212,4.700,15.096
63571,2,72972,83714,3.208,4.500,14.436
63611,2,72992,83757,3.208,4.500,14.436
63652,2,72976,83739,3.208,4.500,14.436
63692,2,72945,83708,3.212,4.600,14.775
63732,2,73010,83789,3.212,4.600,14.775
63772,2,73074,83974,3.212,4.700,15.096
63812,2,73177,84211,3.212,4.700,15.096
63852,2,73253,84402,3.212,4.700,15.096
63892,2,73250,84474,3.212,4.600,14.775
63932,2,73062,83963,3.212,4.600,14.775
63972,2,72931,83552,3.212,4.500,14.454
64012,2,72854,83370,3.212,4.500,14.454
64052,2,72918,83522,3.212,4.500,14.454
64092,2,73021,83809,3.212,4.300,13.812
64132,2,73112,84077,3.212,4.300,13.812
64172,2,73164,84189,3.208,4.800,15.398
64212,2,73131,84120,3.208,4.800,15.398
64252,2,73164,84164,3.208,4.800,15.398
64292,2,73202,84295,3.212,4.600,14.775
64332,2,73290,84570,3.212,4.600,14.775
64372,2,73361,84766,3.212,4.400,14.133
64412,2,73496,85027,3.212,4.400,14.133
64452,2,73463,85001,3.212,4.400,14.133
64492,2,73190,84248,3.204,4.700,15.059
64532,2,72942,83561,3.204,4.700,15.059
64572,2,72761,83055,3.180,4.700,14.946
64612,2,72569,82672,3.180,4.700,14.946
64652,2,72386,82240,3.180,4.700,14.946
64692,2,72172,81733,3.160,4.600,14.536
64732,2,71835,80886,3.160,4.600,14.536
64772,2,71223,79413,3.156,4.700,14.833
64812,2,69751,76115,3.156,4.700,14.833
64852,2,62970,65974,3.156,4.700,14.833
64892,2,54900,49220,3.112,4.600,14.315
64932,2,20668,18620,3.112,4.600,14.315
64972,2,4197,5301,3.204,4.500,14.418
65012,2,916,1871,3.204,4.500,14.418
65052,2,537,543,3.204,4.500,14.418
65092,2,545,560,3.136,4.400,13.798
65132,2,554,544,3.136,4.400,13.798
65172,2,538,533,3.128,4.500,14.076
65212,2,541,547,3.128,4.500,14.076
65252,2,544,550,3.128,4.500,14.076
65292,2,552,540,3.136,4.400,13.798
65332,2,561,553,3.136,4.400,13.798
65373,2,545,547,3.144,4.700,14.777
65413,2,555,558,3.144,4.700,14.777
65453,2,560,550,3.144,4.700,14.777
65492,2,572,554,3.144,4.400,13.834
65532,2,562,545,3.144,4.400,13.834
65572,2,583,573,3.140,4.800,15.072
65613,2,561,554,3.140,4.800,15.072
65653,2,567,552,3.140,4.800,15.072
65693,2,545,562,3.160,4.400,13.904
65733,2,571,558,3.160,4.400,13.904
65772,2,591,578,3.164,4.400,13.922
65812,2,563,577,3.164,4.400,13.922
65852,2,563,551,3.164,4.400,13.922
65893,2,559,564,3.168,4.600,14.573
65933,2,572,573,3.168,4.600,14.573
65973,2,573,596,3.164,4.700,14.871
66013,2,582,578,3.164,4.700,14.871
66053,2,574,581,3.164,4.700,14.871
66093,2,564,581,3.180,4.800,15.264
66133,2,573,591,3.180,4.800,15.264
66173,2,577,595,3.184,4.700,14.965
66213,2,574,607,3.184,4.700,14.965
66253,2,584,609,3.184,4.700,14.965
66293,2,584,605,3.200,4.800,15.360
66333,2,582,619,3.200,4.800,15.360
66373,2,570,611,3.196,4.700,15.021
66413,2,586,633,3.196,4.700,15.021
66453,2,583,620,3.196,4.700,15.021
66493,2,591,632,3.200,4.500,14.400
66533,2,593,651,3.200,4.500,14.400
66573,2,579,643,3.200,4.400,14.080
66613,2,592,642,3.200,4.400,14.080
66653,2,579,635,3.200,4.400,14.080
66693,2,586,646,3.196,4.500,14.382
66733,2,574,623,3.196,4.500,14.382
66773,2,612,650,3.196,4.500,14.382
66813,2,584,620,3.196,4.500,14.382
66853,2,589,626,3.196,4.500,14.382
66893,2,591,644,3.200,4.700,15.040
66933,2,584,669,3.200,4.700,15.040
66973,2,606,645,3.192,4.700,15.002
67013,2,594,653,3.192,4.700,15.002
67053,2,602,661,3.192,4.700,15.002
67093,2,593,648,3.200,4.600,14.720
67133,2,592,651,3.200,4.600,14.720
67173,2,582,627,3.200,4.600,14.720
67213,2,601,668,3.200,4.600,14.720
67253,2,589,674,3.200,4.600,14.720
67293,2,596,652,3.204,4.600,14.738
67333,2,604,663,3.204,4.600,14.738
67373,2,593,661,3.204,4.400,14.098
67413,2,602,652,3.204,4.400,14.098
67453,2,599,663,3.204,4.400,14.098
67493,2,583,637,3.200,4.800,15.360
67533,2,597,643,3.200,4.800,15.360
67573,2,596,654,3.200,4.600,14.720
67613,2,582,647,3.200,4.600,14.720
67653,2,600,659,3.200,4.600,14.720
67693,2,611,666,3.092,4.600,14.223
67733,2,598,650,3.092,4.600,14.223
67773,2,617,670,3.148,4.300,13.536
67813,2,588,649,3.148,4.300,13.536
67853,2,594,637,3.148,4.300,13.536
67893,2,593,658,3.172,4.700,14.908
67933,2,600,656,3.172,4.700,14.908
67974,2,607,648,3.168,4.800,15.206
68014,2,600,652,3.168,4.800,15.206
68054,2,605,653,3.168,4.800,15.206
68093,2,608,670,3.168,4.500,14.256
68134,2,582,641,3.168,4.500,14.256
68174,2,571,624,3.172,4.500,14.274
68214,2,612,654,3.172,4.500,14.274
68254,2,587,655,3.172,4.500,14.274
68294,2,594,628,3.184,4.800,15.283
68334,2,583,636,3.184,4.800,15.283
68374,2,588,631,3.176,4.500,14.292
68414,2,587,649,3.176,4.500,14.292
68454,2,600,648,3.176,4.500,14.292
68494,2,613,646,3.192,4.500,14.364
68534,2,595,656,3.192,4.500,14.364
68574,2,594,643,3.192,4.600,14.683
68614,2,588,647,3.192,4.600,14.683
68654,2,581,636,3.192,4.600,14.683
68694,2,594,639,3.196,4.600,14.702
68734,2,606,666,3.196,4.600,14.702
68774,2,611,679,3.196,4.500,14.382
68814,2,586,647,3.196,4.500,14.382
68854,2,604,654,3.196,4.500,14.382
68894,2,592,653,3.196,4.400,14.062
68934,2,610,658,3.196,4.400,14.062
68974,2,618,676,3.196,4.400,14.062
69014,2,590,645,3.196,4.400,14.062
69054,2,600,651,3.196,4.400,14.062
69094,2,600,648,3.200,4.500,14.400
69134,2,594,652,3.200,4.500,14.400
69174,2,604,667,3.200,4.500,14.400
69214,2,590,655,3.200,4.500,14.400
69254,2,603,649,3.200,4.500,14.400
69294,2,599,673,3.208,4.700,15.078
69334,2,610,636,3.208,4.700,15.078
69374,2,583,628,3.204,4.400,14.098
69414,2,606,658,3.204,4.400,14.098
69454,2,592,641,3.204,4.400,14.098
69494,2,610,661,3.212,4.800,15.418
69534,2,603,681,3.212,4.800,15.418
69574,2,583,629,3.208,4.600,14.757
69614,2,606,665,3.208,4.600,14.757
69654,2,614,662,3.208,4.600,14.757
69694,2,603,660,3.208,4.500,14.436
69734,2,599,660,3.208,4.500,14.436
69774,2,611,686,3.200,4.600,14.720
69814,2,611,665,3.200,4.600,14.720
69854,2,591,664,3.200,4.600,14.720
69894,2,598,667,3.208,4.700,15.078
69934,2,609,659,3.208,4.700,15.078
69974,2,610,679,3.208,4.600,14.757
70014,2,613,665,3.208,4.600,14.757
70054,2,587,664,3.208,4.600,14.757
70095,2,608,660,3.208,4.400,14.115
70135,2,596,663,3.208,4.400,14.115
70174,2,614,657,3.208,4.600,14.757
70214,2,598,681,3.208,4.600,14.757
70254,2,584,663,3.208,4.600,14.757
70294,2,606,658,3.208,4.600,14.757
70335,2,601,656,3.208,4.600,14.757
70375,2,607,670,3.208,4.500,14.436
70415,2,605,675,3.208,4.500,14.436
70455,2,606,681,3.208,4.500,14.436
70495,2,608,661,3.208,4.500,14.436
70535,2,606,661,3.208,4.500,14.436
70575,2,592,638,3.208,4.600,14.757
70615,2,605,656,3.208,4.600,14.757
70655,2,583,663,3.208,4.600,14.757
70695,2,593,666,3.208,4.400,14.115
70735,2,606,656,3.208,4.400,14.115
70775,2,580,640,3.208,4.600,14.757
70815,2,605,670,3.208,4.600,14.757
70855,2,587,658,3.208,4.600,14.757
70895,2,610,679,3.208,4.800,15.398
70935,2,606,684,3.208,4.800,15.398
70975,2,618,670,3.204,4.600,14.738
71015,2,592,658,3.204,4.600,14.738
71055,2,610,653,3.204,4.600,14.738
71095,2,615,659,3.200,4.700,15.040
71135,2,604,679,3.200,4.700,15.040
71175,2,617,698,3.196,4.800,15.341
71215,2,606,666,3.196,4.800,15.341
71255,2,601,668,3.196,4.800,15.341
71295,2,592,670,3.196,4.700,15.021
71335,2,600,668,3.196,4.700,15.021
71375,2,628,696,3.200,4.500,14.400
71415,2,580,660,3.200,4.500,14.400
71455,2,589,675,3.200,4.500,14.400
71495,2,605,657,3.200,4.700,15.040
71535,2,612,664,3.200,4.700,15.040
71575,2,620,668,3.200,4.800,15.360
71615,2,590,682,3.200,4.800,15.360
71655,2,592,659,3.200,4.800,15.360
71695,2,598,675,3.192,4.400,14.045
71735,2,607,662,3.192,4.400,14.045
71775,2,606,673,3.172,4.600,14.591
71815,2,601,645,3.172,4.600,14.591
71855,2,607,670,3.172,4.600,14.591
71895,2,603,677,3.188,4.600,14.665
71935,2,599,675,3.188,4.600,14.665
71975,2,586,653,3.144,4.600,14.462
72015,2,575,658,3.144,4.600,14.462
72055,2,597,662,3.144,4.600,14.462
72095,2,604,674,3.156,4.300,13.571
72135,2,599,646,3.156,4.300,13.571
72175,2,580,650,3.180,4.500,14.310
72215,2,589,656,3.180,4.500,14.310
72256,2,584,678,3.180,4.500,14.310
72295,2,592,660,3.184,4.500,14.328
72335,2,581,667,3.184,4.500,14.328
72375,2,606,659,3.188,4.500,14.346
72415,2,605,659,3.188,4.500,14.346
72455,2,591,644,3.188,4.500,14.346
72496,2,597,658,3.188,4.400,14.027
72536,2,603,657,3.188,4.400,14.027
72575,2,606,668,3.188,4.800,15.302
72615,2,586,646,3.188,4.800,15.302
72655,2,603,655,3.188,4.800,15.302
72695,2,587,663,3.188,4.200,13.390
72736,2,593,652,3.188,4.200,13.390
72776,2,608,670,3.188,4.500,14.346
72816,2,592,656,3.188,4.500,14.346
72856,2,599,667,3.188,4.500,14.346
72896,2,593,633,3.188,4.800,15.302
72936,2,589,657,3.188,4.800,15.302
72976,2,577,656,3.188,4.800,15.302
73016,2,606,647,3.188,4.800,15.302
73056,2,609,668,3.188,4.800,15.302
73096,2,616,662,3.188,4.700,14.984
73136,2,596,654,3.188,4.700,14.984
73176,2,595,649,3.192,4.600,14.683
73216,2,607,680,3.192,4.600,14.683
73256,2,618,655,3.192,4.600,14.683
73296,2,594,664,3.196,4.700,15.021
73336,2,591,663,3.196,4.700,15.021
73376,2,626,680,3.200,4.500,14.400
73416,2,595,661,3.200,4.500,14.400
73456,2,600,659,3.200,4.500,14.400
73496,2,594,660,3.204,4.500,14.418
73536,2,601,651,3.204,4.500,14.418
73576,2,628,688,3.204,4.600,14.738
73616,2,604,656,3.204,4.600,14.738
73656,2,602,677,3.204,4.600,14.738
73696,2,590,651,3.204,4.500,14.418
73736,2,585,670,3.204,4.500,14.418
73776,2,580,658,3.204,4.700,15.059
73816,2,601,658,3.204,4.700,15.059
73856,2,604,654,3.204,4.700,15.059
73896,2,598,654,3.200,4.700,15.040
73936,2,595,655,3.200,4.700,15.040
73976,2,583,644,3.208,4.700,15.078
74016,2,569,661,3.208,4.700,15.078
74056,2,591,643,3.208,4.700,15.078
74096,2,594,649,3.220,4.800,15.456
74136,2,606,639,3.220,4.800,15.456
74176,2,598,646,3.216,4.600,14.794
74216,2,595,638,3.216,4.600,14.794
74256,2,593,642,3.216,4.600,14.794
74296,2,591,625,3.220,4.600,14.812
74336,2,582,635,3.220,4.600,14.812
74376,2,575,620,3.212,4.700,15.096
74416,2,593,627,3.212,4.700,15.096
74456,2,580,625,3.212,4.700,15.096
74496,2,572,615,3.216,4.500,14.472
74536,2,585,604,3.216,4.500,14.472
74576,2,584,622,3.212,4.800,15.418
74616,2,587,602,3.212,4.800,15.418
74656,2,568,607,3.212,4.800,15.418
74696,2,567,607,3.220,4.500,14.490
74737,2,565,596,3.220,4.500,14.490
74776,2,577,612,3.212,4.800,15.418
74816,2,567,620,3.212,4.800,15.418
74856,2,567,613,3.212,4.800,15.418
74896,2,578,603,3.224,4.400,14.186
74936,2,576,596,3.224,4.400,14.186
74977,2,557,598,3.216,4.500,14.472
75017,2,569,608,3.216,4.500,14.472
75057,2,571,617,3.216,4.500,14.472
75096,2,568,619,3.220,4.400,14.168
75136,2,580,601,3.220,4.400,14.168
75177,2,558,585,3.212,4.900,15.739
75217,2,583,629,3.212,4.900,15.739
75257,2,583,610,3.212,4.900,15.739
75297,2,581,626,3.220,4.600,14.812
75337,2,586,616,3.220,4.600,14.812
75376,2,585,630,3.212,4.800,15.418
75416,2,576,617,3.212,4.800,15.418
75457,2,573,614,3.212,4.800,15.418
75497,2,575,617,3.216,4.400,14.150
75537,2,587,607,3.216,4.400,14.150
75577,2,580,613,3.208,4.800,15.398
75617,2,588,622,3.208,4.800,15.398
75657,2,588,604,3.208,4.800,15.398
75697,2,558,611,3.216,4.800,15.437
75737,2,574,607,3.216,4.800,15.437
75777,2,556,569,3.208,4.900,15.719
75817,2,573,583,3.208,4.900,15.719
75857,2,550,587,3.208,4.900,15.719
75897,2,562,576,3.172,4.100,13.005
75937,2,554,570,3.172,4.100,13.005
75977,2,535,547,3.124,4.700,14.683
76017,2,560,614,3.124,4.700,14.683
76057,2,584,959,3.124,4.700,14.683
76097,2,740,1596,3.196,4.200,13.423
76137,2,1206,2375,3.196,4.200,13.423
76177,2,1917,3461,3.144,4.700,14.777
76217,2,7149,10597,3.144,4.700,14.777
76257,2,26288,29849,3.144,4.700,14.777
76297,2,51270,51404,3.116,5.000,15.580
76337,2,53396,53582,3.116,5.000,15.580
76377,2,55798,56339,3.196,4.800,15.341
76417,2,60354,62246,3.196,4.800,15.341
76457,2,64616,68090,3.196,4.800,15.341
76497,2,65479,70101,3.156,4.600,14.518
76537,2,65759,71141,3.156,4.600,14.518
76577,2,66694,72805,3.208,4.800,15.398
76617,2,67405,74373,3.208,4.800,15.398
76657,2,67898,75521,3.208,4.800,15.398
76697,2,68585,77134,3.164,4.800,15.187
76737,2,69211,78742,3.164,4.800,15.187
76777,2,69418,79473,3.204,4.800,15.379
76817,2,69392,79649,3.204,4.800,15.379
76857,2,69460,80058,3.204,4.800,15.379
76897,2,69757,80916,3.212,5.400,17.345
76937,2,69924,81446,3.212,5.400,17.345
76977,2,69906,81657,3.188,4.800,15.302
77017,2,69900,81764,3.188,4.800,15.302
77057,2,69962,81616,3.188,4.800,15.302
77097,2,70011,81717,3.216,5.900,18.974
77138,2,70032,81762,3.216,5.900,18.974
77177,2,70039,81802,3.180,4.700,14.946
77217,2,70181,82128,3.180,4.700,14.946
77257,2,70206,82264,3.180,4.700,14.946
77297,2,70299,82391,3.216,6.600,21.226
77338,2,70254,82249,3.216,6.600,21.226
77377,2,70032,81661,3.168,5.100,16.157
77417,2,69989,81445,3.168,5.100,16.157
77457,2,69897,81177,3.168,5.100,16.157
77498,2,69819,80876,3.216,7.100,22.834
77538,2,69849,80942,3.216,7.100,22.834
77578,2,69986,81391,3.172,4.800,15.226
77618,2,70029,81475,3.172,4.800,15.226
77658,2,70040,81523,3.172,4.800,15.226
77698,2,69999,81449,3.208,4.200,13.474
77738,2,69908,81210,3.208,4.200,13.474
77778,2,69922,81326,2.816,4.900,13.798
77818,2,70057,81670,2.816,4.900,13.798
77858,2,69965,81437,2.816,4.900,13.798
77898,2,69552,80452,3.188,4.400,14.027
77938,2,69328,79781,3.188,4.400,14.027
77978,2,69226,79537,3.156,7.000,22.092
78018,2,69188,79489,3.156,7.000,22.092
78058,2,69172,79497,3.156,7.000,22.092
78098,2,69203,79613,3.196,6.000,19.176
78138,2,69236,79696,3.196,6.000,19.176
78178,2,69202,79667,3.176,7.000,22.232
78218,2,69213,79645,3.176,7.000,22.232
78258,2,69172,79623,3.176,7.000,22.232
78298,2,69207,79667,3.196,5.500,17.578
78338,2,69218,79774,3.196,5.500,17.578
78378,2,69210,79972,3.148,6.700,21.092
78418,2,69086,79980,3.148,6.700,21.092
78458,2,68864,79503,3.148,6.700,21.092
78498,2,68668,79085,3.120,4.400,13.728
78538,2,68597,78899,3.120,4.400,13.728
78578,2,68602,78802,3.128,6.500,20.332
78618,2,68708,78986,3.128,6.500,20.332
78658,2,68809,79247,3.128,6.500,20.332
78698,2,68845,79359,3.168,4.500,14.256
78738,2,68724,78986,3.168,4.500,14.256
78778,2,68535,78553,3.208,4.600,14.757
78818,2,68259,77820,3.208,4.600,14.757
78858,2,67830,76751,3.208,4.600,14.757
78898,2,67262,75361,3.216,4.900,15.758
78938,2,66638,73854,3.216,4.900,15.758
78978,2,65991,72335,3.208,5.000,16.040
79018,2,65426,71082,3.208,5.000,16.040
79058,2,65136,70459,3.208,5.000,16.040
79098,2,64747,69552,3.220,5.000,16.100
79138,2,64450,68950,3.220,5.000,16.100
79178,2,64171,68431,3.208,4.500,14.436
79218,2,64252,68629,3.208,4.500,14.436
79258,2,64668,69550,3.208,4.500,14.436
79298,2,64791,69815,3.224,4.400,14.186
79338,2,65279,70895,3.224,4.400,14.186
79378,2,66006,72520,3.180,5.200,16.536
79418,2,66886,74590,3.180,5.200,16.536
79458,2,67659,76500,3.180,5.200,16.536
79498,2,67958,77332,3.200,4.500,14.400
79538,2,67960,77340,3.200,4.500,14.400
79578,2,67692,76730,3.220,6.900,22.218
79618,2,67301,75731,3.220,6.900,22.218
79658,2,66913,74763,3.220,6.900,22.218
79699,2,66621,74061,3.224,5.200,16.765
79738,2,66371,73374,3.224,5.200,16.765
79778,2,65996,72443,3.200,4.600,14.720
79818,2,66043,72581,3.200,4.600,14.720
79858,2,65800,72085,3.200,4.600,14.720
79899,2,65388,71095,3.228,6.800,21.950
79939,2,65600,71617,3.228,6.800,21.950
79978,2,65661,71674,3.192,4.800,15.322
80018,2,65769,71879,3.192,4.800,15.322
80058,2,66612,73823,3.192,4.800,15.322
80099,2,67135,75129,3.224,4.300,13.863
80139,2,67072,74965,3.224,4.300,13.863
80179,2,66729,74209,3.192,4.800,15.322
80219,2,66295,73220,3.192,4.800,15.322
80259,2,65988,72470,3.192,4.800,15.322
80299,2,65977,72456,3.232,4.700,15.190
80339,2,66297,73219,3.232,4.700,15.190
80379,2,66728,74250,3.192,6.800,21.706
80419,2,66952,74839,3.192,6.800,21.706
80459,2,66801,74546,3.192,6.800,21.706
80499,2,66751,74539,3.228,4.500,14.526
80539,2,66885,74838,3.228,4.500,14.526
80579,2,66950,75038,3.188,4.600,14.665
80619,2,66957,75027,3.188,4.600,14.665
80659,2,66537,74027,3.188,4.600,14.665
80699,2,66274,73339,3.228,4.700,15.172
80739,2,66232,73200,3.228,4.700,15.172
80779,2,65902,72401,3.192,6.800,21.706
80819,2,65789,72133,3.192,6.800,21.706
80859,2,66048,72741,3.192,6.800,21.706
80899,2,65618,71775,3.220,4.200,13.524
80939,2,65631,71885,3.220,4.200,13.524
80979,2,65518,71693,3.196,5.200,16.619
81019,2,65963,72773,3.196,5.200,16.619
81060,2,66236,73371,3.228,7.000,22.596
81099,2,66101,72982,3.228,7.000,22.596
81139,2,66195,73162,3.228,7.000,22.596
81179,2,66991,75021,3.192,6.700,21.386
81219,2,67430,76021,3.192,6.700,21.386
81260,2,67686,76630,3.196,6.700,21.413
81299,2,68302,78262,3.196,6.700,21.413
81339,2,68815,79547,3.196,6.700,21.413
81379,2,68996,80062,3.212,6.800,21.842
81419,2,69069,80237,3.212,6.800,21.842
81460,2,68965,80043,3.196,4.600,14.702
81499,2,68457,78824,3.196,4.600,14.702
81539,2,68174,78130,3.196,4.600,14.702
81579,2,67807,77144,3.232,7.200,23.270
81619,2,66877,74837,3.232,7.200,23.270
81660,2,64638,69792,3.204,6.600,21.146
81699,2,63989,66053,3.204,6.600,21.146
81739,2,64092,67921,3.204,6.600,21.146
81779,2,63576,67182,3.196,4.400,14.062
81819,2,63132,66448,3.196,4.400,14.062
81860,2,62760,65827,3.236,6.900,22.328
81899,2,63500,67738,3.236,6.900,22.328
81939,2,64434,69757,3.236,6.900,22.328
81979,2,65066,71120,3.200,6.900,22.080
82019,2,67475,76099,3.200,6.900,22.080
82060,2,67798,76657,3.228,5.200,16.786
82099,2,67267,75518,3.228,5.200,16.786
82139,2,66356,73710,3.228,5.200,16.786
82179,2,64483,69877,3.232,7.000,22.624
82219,2,61211,62915,3.232,7.000,22.624
82260,2,61704,60108,3.200,4.300,13.760
82300,2,61369,58361,3.200,4.300,13.760
82339,2,61708,56886,3.200,4.300,13.760
82379,2,61714,57119,3.232,6.100,19.715
82420,2,61740,54910,3.232,6.100,19.715
82460,2,60993,51548,3.236,7.100,22.976
82500,2,62233,53872,3.236,7.100,22.976
82540,2,63087,55749,3.236,7.100,22.976
82580,2,63786,57400,3.200,4.300,13.760
82620,2,63005,63359,3.200,4.300,13.760
82660,2,65356,70481,3.232,6.600,21.331
82700,2,66273,72592,3.232,6.600,21.331
82740,2,67201,74388,3.232,6.600,21.331
82780,2,67570,74957,3.232,7.200,23.270
82820,2,67557,74923,3.232,7.200,23.270
82860,2,67156,73759,3.236,4.600,14.886
82900,2,67821,74025,3.236,4.600,14.886
82940,2,68715,75340,3.236,4.600,14.886
82980,2,68551,74855,3.232,6.700,21.654
83020,2,68597,74307,3.232,6.700,21.654
83060,2,68494,74009,3.224,4.500,14.508
83100,2,68577,73753,3.224,4.500,14.508
83140,2,68384,73084,3.224,4.500,14.508
83180,2,66777,70326,3.236,4.700,15.209
83220,2,49593,51361,3.236,4.700,15.209
83260,2,33985,35482,3.232,7.100,22.947
83300,2,41616,42143,3.232,7.100,22.947
83340,2,49797,50194,3.232,7.100,22.947
83380,2,54113,54318,3.224,4.500,14.508
83420,2,59625,60843,3.224,4.500,14.508
83460,2,60558,62662,3.236,4.500,14.562
83500,2,62082,63979,3.236,4.500,14.562
83540,2,63691,65775,3.236,4.500,14.562
83580,2,64104,65847,3.232,4.300,13.898
83620,2,66141,67463,3.232,4.300,13.898
83660,2,66835,69052,3.232,4.700,15.190
83700,2,67134,69924,3.232,4.700,15.190
83740,2,67698,71190,3.232,4.700,15.190
83780,2,67661,71334,3.236,4.400,14.238
83820,2,68130,72245,3.236,4.400,14.238
83860,2,68167,71997,3.232,4.700,15.190
83900,2,67728,71341,3.232,4.700,15.190
83940,2,67112,70415,3.232,4.700,15.190
83980,2,66560,69197,3.228,4.600,14.849
84020,2,66360,68800,3.228,4.600,14.849
84060,2,66265,68084,3.232,4.800,15.514
84100,2,65872,67525,3.232,4.800,15.514
84140,2,65253,66527,3.232,4.800,15.514
84180,2,64568,65339,3.232,4.400,14.221
84220,2,65636,66366,3.232,4.400,14.221
84260,2,68267,69749,3.232,4.700,15.190
84300,2,71104,74922,3.232,4.700,15.190
84341,2,71207,75820,3.232,4.700,15.190
84380,2,68726,72461,3.236,4.600,14.886
84420,2,55506,54397,3.236,4.600,14.886
84460,2,46697,43388,3.232,4.700,15.190
84500,2,37448,32000,3.232,4.700,15.190
84541,2,18047,11299,3.232,4.700,15.190
84581,2,13121,7034,3.232,4.700,15.190
84621,2,11836,6035,3.232,4.700,15.190
84660,2,11976,6173,3.232,4.900,15.837
84701,2,13896,7546,3.232,4.900,15.837
84741,2,13530,7130,3.232,4.900,15.837
84781,2,12004,5944,3.232,4.700,15.190
84821,2,10872,5137,3.232,4.700,15.190
84861,2,11022,5322,3.232,4.500,14.544
84901,2,11572,5806,3.232,4.500,14.544
84941,2,14831,8371,3.232,4.500,14.544
84981,2,15871,9175,3.232,4.700,15.190
85021,2,16716,9875,3.232,4.700,15.190
85061,2,19274,12063,3.232,5.000,16.160
85101,2,21446,14039,3.232,5.000,16.160
85141,2,22476,15005,3.232,5.000,16.160
85181,2,21751,14237,3.232,4.500,14.544
85221,2,22077,14574,3.232,4.500,14.544
85261,2,21413,13864,3.228,4.400,14.203
85301,2,19894,12475,3.228,4.400,14.203
85341,2,19495,12039,3.228,4.400,14.203
85381,2,18097,10747,3.232,4.300,13.898
85421,2,18626,11271,3.232,4.300,13.898
85461,2,19813,12333,3.232,4.500,14.544
85501,2,18998,11574,3.232,4.500,14.544
85541,2,19341,11908,3.232,4.500,14.544
85581,2,21773,14304,3.232,4.600,14.867
85621,2,21068,13639,3.232,4.600,14.867
85661,2,20625,13226,3.228,4.700,15.172
85701,2,21094,13660,3.228,4.700,15.172
85741,2,21257,13773,3.228,4.700,15.172
85781,2,19900,12327,3.232,4.400,14.221
85821,2,17952,10324,3.232,4.400,14.221
85861,2,15996,8594,3.228,4.400,14.203
85901,2,18358,10102,3.228,4.400,14.203
85941,2,23862,14169,3.228,4.400,14.203
85981,2,25407,16109,3.228,4.600,14.849
86021,2,25090,15621,3.228,4.600,14.849
86061,2,23607,14660,3.232,4.700,15.190
86101,2,28677,20237,3.232,4.700,15.190
86141,2,30173,22106,3.232,4.700,15.190
86181,2,35981,29626,3.232,4.400,14.221
86221,2,40878,36640,3.232,4.400,14.221
86261,2,46168,43404,3.272,4.800,15.706
86301,2,55963,55566,3.272,4.800,15.706
86341,2,54385,52073,3.272,4.800,15.706
86381,2,50922,46357,3.268,4.600,15.033
86421,2,51213,46431,3.268,4.600,15.033
86462,2,57568,53211,3.256,4.400,14.326
86502,2,63113,61271,3.256,4.400,14.326
86542,2,62306,62944,3.256,4.400,14.326
86581,2,64517,68051,3.192,4.500,14.364
86621,2,66257,71847,3.192,4.500,14.364
86662,2,65798,70853,3.200,4.600,14.720
86702,2,66196,71884,3.200,4.600,14.720
86742,2,67248,74200,3.200,4.600,14.720
86781,2,66801,73279,3.200,4.700,15.040
86821,2,66021,71707,3.200,4.700,15.040
86862,2,65931,71562,3.204,4.700,15.059
86902,2,65972,71621,3.204,4.700,15.059
86942,2,65913,71348,3.204,4.700,15.059
86982,2,65868,71319,3.208,4.500,14.436
87022,2,66465,72686,3.208,4.500,14.436
87062,2,66699,73224,3.272,4.500,14.724
87102,2,66729,73317,3.272,4.500,14.724
87142,2,67291,74515,3.272,4.500,14.724
87182,2,67010,73785,3.272,4.700,15.378
87222,2,66430,72470,3.272,4.700,15.378
87262,2,65838,71215,3.276,4.500,14.742
87302,2,64977,69429,3.276,4.500,14.742
87342,2,64066,67486,3.276,4.500,14.742
87382,2,63828,67005,3.272,4.700,15.378
87422,2,63354,66117,3.272,4.700,15.378
87462,2,62439,64472,3.272,4.500,14.724
87502,2,62061,63834,3.272,4.500,14.724
87542,2,62020,63719,3.272,4.500,14.724
87582,2,61640,62946,3.268,4.500,14.706
87622,2,61727,62930,3.268,4.500,14.706
87662,2,61901,63123,3.268,4.700,15.360
87702,2,61714,62758,3.268,4.700,15.360
87742,2,61522,62395,3.268,4.700,15.360
87782,2,61675,62537,3.256,4.700,15.303
87822,2,62097,63096,3.256,4.700,15.303
87862,2,62771,64076,3.252,4.900,15.935
87902,2,63618,65676,3.252,4.900,15.935
87942,2,64925,68404,3.252,4.900,15.935
87982,2,65419,69434,3.244,4.600,14.922
88022,2,66425,71654,3.244,4.600,14.922
88062,2,68001,75057,3.272,4.600,15.051
88102,2,67685,74196,3.272,4.600,15.051
88142,2,66886,72541,3.272,4.600,15.051
88182,2,66463,71679,3.272,4.500,14.724
88222,2,65720,70099,3.272,4.500,14.724
88262,2,64777,68256,3.272,4.300,14.070
88302,2,64266,67360,3.272,4.300,14.070
88342,2,63817,66593,3.272,4.300,14.070
88382,2,63392,65849,3.264,4.500,14.688
88422,2,63224,65600,3.264,4.500,14.688
88462,2,62918,65011,3.260,4.600,14.996
88502,2,62711,64505,3.260,4.600,14.996
88542,2,62894,64798,3.260,4.600,14.996
88582,2,62830,64595,3.260,4.500,14.670
88622,2,62437,63951,3.260,4.500,14.670
88662,2,62371,63975,3.220,4.700,15.134
88702,2,62513,64421,3.220,4.700,15.134
88742,2,62201,63831,3.220,4.700,15.134
88783,2,62128,63703,3.256,4.500,14.652
88823,2,62550,64477,3.256,4.500,14.652
88862,2,62328,63949,3.264,4.500,14.688
88902,2,62102,63398,3.264,4.500,14.688
88942,2,62718,64377,3.264,4.500,14.688
88983,2,63090,64954,3.268,4.600,15.033
89023,2,63271,65321,3.268,4.600,15.033
89062,2,63587,65880,3.264,4.300,14.035
89102,2,63613,66013,3.264,4.300,14.035
89142,2,63877,66473,3.264,4.300,14.035
89183,2,64101,66851,3.264,4.800,15.667
89223,2,64542,67716,3.264,4.800,15.667
89263,2,65159,68976,3.248,4.500,14.616
89303,2,65318,68839,3.248,4.500,14.616
89343,2,66821,70728,3.248,4.500,14.616
89383,2,68459,74083,3.252,4.300,13.984
89423,2,70383,78366,3.252,4.300,13.984
89463,2,71023,79756,3.268,4.800,15.686
89503,2,71462,80557,3.268,4.800,15.686
89543,2,71303,80365,3.268,4.800,15.686
89583,2,70572,78997,3.268,4.700,15.360
89623,2,69660,77128,3.268,4.700,15.360
89663,2,68280,74385,3.268,4.200,13.726
89703,2,66999,71626,3.268,4.200,13.726
89743,2,66278,69929,3.268,4.200,13.726
89783,2,65635,68484,3.268,4.500,14.706
89823,2,64494,66372,3.268,4.500,14.706
89863,2,63403,64439,3.272,4.800,15.706
89903,2,62559,63087,3.272,4.800,15.706
89943,2,62048,62253,3.272,4.800,15.706
89983,2,61658,61648,3.272,4.400,14.397
90023,2,61921,61911,3.272,4.400,14.397
90063,2,61773,61704,3.268,4.600,15.033
90103,2,61759,61629,3.268,4.600,15.033
90143,2,61836,61736,3.268,4.600,15.033
I (90490) SYS_DEMO: Switched profile -> id=3 name=100sps_high
90291,3,83150,83071,3.268,3.900,12.745
90331,3,125143,129581,3.268,3.900,12.745
90371,3,126286,132220,3.272,4.700,15.378
90411,3,126756,132938,3.272,4.700,15.378
90451,3,127869,134565,3.272,4.700,15.378
90492,3,128469,135808,3.272,4.300,14.070
90532,3,129145,137131,3.272,4.300,14.070
90572,3,129406,137643,3.272,4.300,14.070
90612,3,128947,136855,3.272,4.300,14.070
90651,3,127907,135012,3.272,4.300,14.070
90692,3,127695,134646,3.272,4.300,14.070
90732,3,127736,134932,3.272,4.300,14.070
90772,3,127913,135390,3.268,4.500,14.706
90812,3,127820,135053,3.268,4.500,14.706
90852,3,128064,135285,3.268,4.500,14.706
90892,3,128325,135526,3.272,4.500,14.724
90932,3,128338,135416,3.272,4.500,14.724
90972,3,128420,135502,3.268,4.600,15.033
91012,3,128727,135972,3.268,4.600,15.033
91052,3,128558,135715,3.268,4.600,15.033
91092,3,128532,135752,3.276,4.500,14.742
91132,3,129078,136695,3.276,4.500,14.742
91172,3,130924,139488,3.268,4.400,14.379
91212,3,133830,145776,3.268,4.400,14.379
91252,3,138359,155305,3.268,4.400,14.379
91292,3,137760,153503,3.268,4.700,15.360
91332,3,138988,157027,3.268,4.700,15.360
91372,3,141927,163855,3.272,4.500,14.724
91412,3,141931,163802,3.272,4.500,14.724
91452,3,141981,164156,3.272,4.500,14.724
91492,3,141472,163161,3.272,4.700,15.378
91532,3,140322,160730,3.272,4.700,15.378
91572,3,140461,161339,3.272,4.600,15.051
91612,3,141052,162786,3.272,4.600,15.051
91652,3,139403,159207,3.272,4.600,15.051
91692,3,137087,154210,3.272,4.700,15.378
91732,3,136622,153361,3.272,4.700,15.378
91772,3,136434,153364,3.272,4.500,14.724
91812,3,136077,153792,3.272,4.500,14.724
91852,3,137425,157139,3.272,4.500,14.724
91892,3,139357,160975,3.276,4.800,15.725
91932,3,141565,165700,3.276,4.800,15.725
91972,3,142743,167704,3.272,4.600,15.051
92012,3,143695,169328,3.272,4.600,15.051
92052,3,144363,171121,3.272,4.600,15.051
92092,3,144512,171503,3.276,4.500,14.742
92132,3,144838,172271,3.276,4.500,14.742
92172,3,144666,171970,3.276,4.600,15.070
92212,3,143132,169002,3.276,4.600,15.070
92252,3,142086,167345,3.276,4.600,15.070
92292,3,142717,168578,3.268,4.500,14.706
92332,3,144870,170867,3.268,4.500,14.706
92372,3,147924,173509,3.272,4.400,14.397
92412,3,150695,178056,3.272,4.400,14.397
92452,3,152088,180816,3.272,4.400,14.397
92492,3,152554,182298,3.272,4.600,15.051
92532,3,152234,182066,3.272,4.600,15.051
92572,3,151192,180492,3.268,4.400,14.379
92613,3,150414,179599,3.268,4.400,14.379
92653,3,149778,178708,3.268,4.400,14.379
92693,3,148354,176229,3.268,4.300,14.052
92732,3,146411,172747,3.268,4.300,14.052
92773,3,142852,166986,3.260,4.500,14.670
92813,3,136992,159069,3.260,4.500,14.670
92853,3,134315,154769,3.260,4.500,14.670
92893,3,133633,152052,3.256,4.500,14.652
92933,3,136805,150723,3.256,4.500,14.652
92973,3,144322,150387,3.256,4.600,14.978
93013,3,147744,149185,3.256,4.600,14.978
93053,3,144403,149667,3.256,4.600,14.978
93093,3,137686,150424,3.260,4.600,14.996
93133,3,143604,163025,3.260,4.600,14.996
93173,3,151692,178903,3.264,4.300,14.035
93213,3,155286,185298,3.264,4.300,14.035
93253,3,156667,188042,3.264,4.300,14.035
93293,3,157215,189553,3.180,4.500,14.310
93333,3,157777,190864,3.180,4.500,14.310
93373,3,157191,190477,3.268,4.500,14.706
93413,3,153967,186667,3.268,4.500,14.706
93453,3,149917,182036,3.268,4.500,14.706
93493,3,148189,180362,3.272,4.500,14.724
93533,3,147316,178370,3.272,4.500,14.724
93573,3,145028,174217,3.268,4.400,14.379
93613,3,143004,172254,3.268,4.400,14.379
93653,3,142905,172850,3.268,4.400,14.379
93693,3,143036,173603,3.272,4.500,14.724
93733,3,142994,173649,3.272,4.500,14.724
93773,3,142329,172926,3.272,4.600,15.051
93813,3,141855,172546,3.272,4.600,15.051
93853,3,141902,172576,3.272,4.600,15.051
93893,3,142265,172983,3.272,4.400,14.397
93933,3,141808,171663,3.272,4.400,14.397
93973,3,140837,169168,3.276,4.700,15.397
94013,3,140080,167421,3.276,4.700,15.397
94053,3,140963,168358,3.276,4.700,15.397
94093,3,140503,167273,3.268,4.400,14.379
94133,3,139339,164685,3.268,4.400,14.379
94173,3,138007,160529,3.272,4.200,13.742
94213,3,136479,155969,3.272,4.200,13.742
94253,3,135358,153086,3.272,4.200,13.742
94293,3,135242,151926,3.272,4.700,15.378
94333,3,130154,141649,3.272,4.700,15.378
94373,3,127349,130130,3.272,4.500,14.724
94413,3,125202,120603,3.272,4.500,14.724
94453,3,120582,110798,3.272,4.500,14.724
94493,3,115685,101542,3.268,4.600,15.033
94533,3,116058,103538,3.268,4.600,15.033
94573,3,119064,112186,3.264,4.200,13.709
94613,3,121482,119566,3.264,4.200,13.709
94653,3,129011,134177,3.264,4.200,13.709
94694,3,130948,138542,3.264,4.500,14.688
94734,3,129767,136629,3.264,4.500,14.688
94774,3,129562,136463,3.264,4.500,14.688
94813,3,130112,137740,3.264,4.500,14.688
94853,3,129409,136325,3.264,4.500,14.688
94894,3,124123,126259,3.264,4.700,15.341
94934,3,123840,115075,3.264,4.700,15.341
94974,3,124007,123859,3.264,4.500,14.688
95014,3,129388,136407,3.264,4.500,14.688
95054,3,132006,141395,3.264,4.500,14.688
95094,3,134822,148070,3.272,4.400,14.397
95134,3,134987,148339,3.272,4.400,14.397
95174,3,130487,139703,3.268,4.500,14.706
95214,3,125741,127600,3.268,4.500,14.706
95254,3,124211,125614,3.268,4.500,14.706
95294,3,123220,125208,3.268,4.300,14.052
95334,3,125255,129811,3.268,4.300,14.052
95374,3,126687,132225,3.272,4.700,15.378
95414,3,124374,126042,3.272,4.700,15.378
95454,3,125381,122328,3.272,4.700,15.378
95494,3,125601,114356,3.268,4.400,14.379
95534,3,124838,112766,3.268,4.400,14.379
95574,3,125243,124935,3.272,4.700,15.378
95614,3,131662,140683,3.272,4.700,15.378
95654,3,135718,148810,3.272,4.700,15.378
95694,3,135057,147098,3.268,4.800,15.686
95734,3,133085,142879,3.268,4.800,15.686
95774,3,131074,138938,3.272,4.600,15.051
95814,3,127993,134162,3.272,4.600,15.051
95854,3,126939,132347,3.272,4.600,15.051
95894,3,126344,131282,3.272,4.700,15.378
95934,3,125225,129846,3.272,4.700,15.378
95974,3,125644,130312,3.272,4.300,14.070
96014,3,126219,131142,3.272,4.300,14.070
96054,3,127183,132406,3.272,4.300,14.070
96094,3,127126,132339,3.272,4.800,15.706
96134,3,126652,131811,3.272,4.800,15.706
96174,3,126624,131891,3.272,4.700,15.378
96214,3,126961,132401,3.272,4.700,15.378
96254,3,127078,132618,3.272,4.700,15.378
96294,3,126974,132606,3.268,4.400,14.379
96334,3,127364,133162,3.268,4.400,14.379
96374,3,127959,133980,3.272,4.500,14.724
96414,3,128196,134194,3.272,4.500,14.724
96454,3,128558,134483,3.272,4.500,14.724
96494,3,128214,133825,3.268,4.400,14.379
96534,3,129024,135232,3.268,4.400,14.379
96574,3,132254,142009,3.272,4.900,16.033
96614,3,135521,148970,3.272,4.900,16.033
96655,3,138184,154602,3.272,4.900,16.033
96695,3,139766,158199,3.268,4.800,15.686
96734,3,141359,161981,3.268,4.800,15.686
96774,3,143547,166728,3.264,4.500,14.688
96815,3,145291,170382,3.264,4.500,14.688
96855,3,146319,172704,3.264,4.500,14.688
96895,3,147487,175648,3.268,4.500,14.706
96934,3,148100,177396,3.268,4.500,14.706
96975,3,148515,178342,3.256,4.800,15.629
97015,3,148644,178656,3.256,4.800,15.629
97055,3,148833,178967,3.256,4.800,15.629
97095,3,148275,177744,3.268,4.600,15.033
97135,3,148038,177233,3.268,4.600,15.033
97175,3,148101,177532,3.268,4.700,15.360
97215,3,148187,178043,3.268,4.700,15.360
97255,3,148388,178809,3.268,4.700,15.360
97295,3,147995,178466,3.264,4.700,15.341
97335,3,147591,177782,3.264,4.700,15.341
97375,3,147489,177564,3.260,4.600,14.996
97415,3,147464,177392,3.260,4.600,14.996
97455,3,147594,177618,3.260,4.600,14.996
97495,3,147819,178045,3.240,4.500,14.580
97535,3,148336,178887,3.240,4.500,14.580
97575,3,148857,179955,3.244,4.600,14.922
97615,3,149174,180435,3.244,4.600,14.922
97655,3,148972,179849,3.244,4.600,14.922
97695,3,148398,178536,3.264,4.400,14.362
97735,3,147905,177648,3.264,4.400,14.362
97775,3,147051,176392,3.272,4.800,15.706
97815,3,146513,176730,3.272,4.800,15.706
97855,3,146273,176941,3.272,4.800,15.706
97895,3,146847,177737,3.272,4.400,14.397
97935,3,146720,177101,3.272,4.400,14.397
97975,3,146978,176711,3.272,4.600,15.051
98015,3,147460,177211,3.272,4.600,15.051
98055,3,147302,176826,3.272,4.600,15.051
98095,3,146864,176036,3.272,4.800,15.706
98135,3,146688,175711,3.272,4.800,15.706
98175,3,145627,173566,3.272,4.700,15.378
98215,3,144213,170346,3.272,4.700,15.378
98255,3,142063,165405,3.272,4.700,15.378
98295,3,139662,160183,3.264,4.600,15.014
98335,3,137148,154756,3.264,4.600,15.014
98375,3,136653,153568,3.268,4.400,14.379
98415,3,136836,154027,3.268,4.400,14.379
98455,3,137790,156055,3.268,4.400,14.379
98495,3,138092,156580,3.268,4.900,16.013
98535,3,136753,153569,3.268,4.900,16.013
98575,3,135939,151673,3.272,4.800,15.706
98615,3,135265,149974,3.272,4.800,15.706
98655,3,134185,147794,3.272,4.800,15.706
98695,3,134989,149897,3.272,4.500,14.724
98735,3,135488,151440,3.272,4.500,14.724
98775,3,138541,158751,3.276,4.700,15.397
98815,3,140214,162342,3.276,4.700,15.397
98855,3,141096,164116,3.276,4.700,15.397
98895,3,141349,164901,3.276,4.400,14.414
98936,3,140413,162817,3.276,4.400,14.414
98976,3,137120,155732,3.272,4.700,15.378
99016,3,133127,147330,3.272,4.700,15.378
99055,3,132106,144129,3.272,4.700,15.378
99096,3,130238,140239,3.272,4.600,15.051
99136,3,128443,136862,3.272,4.600,15.051
99176,3,128410,136419,3.268,4.300,14.052
99216,3,125979,133031,3.268,4.300,14.052
99256,3,125580,132189,3.268,4.300,14.052
99296,3,125283,131658,3.272,4.600,15.051
99336,3,124642,130532,3.272,4.600,15.051
99376,3,123871,126135,3.276,4.300,14.087
99416,3,124591,126441,3.276,4.300,14.087
99456,3,123654,124659,3.276,4.300,14.087
99496,3,122983,119183,3.272,4.700,15.378
99536,3,125280,119747,3.272,4.700,15.378
99576,3,125113,124165,3.272,4.800,15.706
99616,3,125352,131165,3.272,4.800,15.706
99656,3,126901,134158,3.272,4.800,15.706
99696,3,128435,136690,3.272,4.600,15.051
99736,3,130391,140317,3.272,4.600,15.051
99776,3,130978,141076,3.272,4.800,15.706
99816,3,132176,143953,3.272,4.800,15.706
99856,3,133211,146082,3.272,4.800,15.706
99896,3,133112,145766,3.272,4.400,14.397
99936,3,132891,145204,3.272,4.400,14.397
99976,3,132470,144337,3.272,4.600,15.051
100016,3,132103,143543,3.272,4.600,15.051
100056,3,131504,142328,3.272,4.600,15.051
100096,3,130681,140628,3.268,4.300,14.052
100136,3,129618,138490,3.268,4.300,14.052
100176,3,128848,137231,3.268,4.400,14.379
100216,3,127671,135300,3.268,4.400,14.379
100256,3,126758,134004,3.268,4.400,14.379
100296,3,126154,133059,3.272,4.600,15.051
100336,3,125551,131956,3.272,4.600,15.051
100376,3,125254,131320,3.272,4.300,14.070
100416,3,125779,132031,3.272,4.300,14.070
100456,3,126259,132580,3.272,4.300,14.070
100496,3,126868,133717,3.272,4.700,15.378
100536,3,129044,138132,3.272,4.700,15.378
100576,3,131879,144175,3.272,4.600,15.051
100616,3,134844,150453,3.272,4.600,15.051
100656,3,137730,156860,3.272,4.600,15.051
100696,3,140385,162592,3.264,4.600,15.014
100736,3,142197,165876,3.264,4.600,15.014
100777,3,143646,168783,3.268,4.800,15.686
100817,3,144058,169517,3.268,4.800,15.686
100856,3,144221,170185,3.268,4.800,15.686
100896,3,145062,171915,3.252,4.900,15.935
100936,3,145860,173139,3.252,4.900,15.935
100977,3,145986,172688,3.256,4.500,14.652
101017,3,146172,172768,3.256,4.500,14.652
101057,3,146684,173945,3.256,4.500,14.652
101096,3,146970,174217,3.256,4.800,15.629
101136,3,147579,175553,3.256,4.800,15.629
101177,3,147867,175812,3.260,4.500,14.670
101217,3,147958,175887,3.260,4.500,14.670
101257,3,147852,175411,3.260,4.500,14.670
101296,3,147649,174172,3.236,4.600,14.886
101337,3,148840,175695,3.236,4.600,14.886
101377,3,151437,179153,3.232,4.400,14.221
101417,3,151994,182473,3.232,4.400,14.221
101457,3,144475,174684,3.232,4.400,14.221
101497,3,153206,185203,3.228,4.500,14.526
101537,3,156430,186444,3.228,4.500,14.526
101577,3,155383,183135,3.144,4.600,14.462
101617,3,153750,182406,3.144,4.600,14.462
101657,3,153641,183933,3.144,4.600,14.462
101697,3,153923,186401,3.224,4.700,15.153
101737,3,153372,187027,3.224,4.700,15.153
101777,3,152394,186453,3.252,4.600,14.959
101817,3,154119,185825,3.252,4.600,14.959
101857,3,154067,185451,3.252,4.600,14.959
101897,3,153321,185088,3.252,4.600,14.959
101937,3,153972,182726,3.252,4.600,14.959
101977,3,153250,180659,3.260,4.600,14.996
102017,3,150821,176724,3.260,4.600,14.996
102057,3,147946,171791,3.260,4.600,14.996
102097,3,146941,171024,3.264,4.600,15.014
102137,3,146930,171710,3.264,4.600,15.014
102177,3,146697,172057,3.272,4.600,15.051
102217,3,145095,169033,3.272,4.600,15.051
102257,3,143818,166730,3.272,4.600,15.051
102297,3,142788,164788,3.272,4.800,15.706
102337,3,142282,163842,3.272,4.800,15.706
102377,3,142506,164404,3.272,4.500,14.724
102417,3,142590,164668,3.272,4.500,14.724
102457,3,142667,164865,3.272,4.500,14.724
102497,3,141832,163054,3.272,4.600,15.051
102537,3,139974,158955,3.272,4.600,15.051
102577,3,138579,155819,3.272,4.700,15.378
102617,3,137761,153925,3.272,4.700,15.378
102657,3,137061,152440,3.272,4.700,15.378
102697,3,136734,151807,3.276,4.600,15.070
102737,3,136459,151238,3.276,4.600,15.070
102777,3,136101,150527,3.272,4.900,16.033
102817,3,135738,149614,3.272,4.900,16.033
102857,3,135200,148397,3.272,4.900,16.033
102897,3,134447,146955,3.276,4.600,15.070
102937,3,133088,144324,3.276,4.600,15.070
102977,3,131098,140342,3.272,4.700,15.378
103017,3,130666,139289,3.272,4.700,15.378
103058,3,130948,139715,3.272,4.700,15.378
103097,3,130578,138793,3.272,4.000,13.088
103137,3,130230,138110,3.272,4.000,13.088
103178,3,129914,137623,3.272,4.700,15.378
103218,3,130027,137959,3.272,4.700,15.378
103258,3,130076,138039,3.272,4.700,15.378
103298,3,129796,137461,3.276,4.600,15.070
103338,3,129304,136572,3.276,4.600,15.070
103378,3,128951,135972,3.272,4.700,15.378
103418,3,128667,135411,3.272,4.700,15.378
103458,3,128341,134776,3.272,4.700,15.378
103498,3,128124,134410,3.272,4.200,13.742
103538,3,127846,133979,3.272,4.200,13.742
103578,3,128021,134340,3.272,4.600,15.051
103618,3,127849,134060,3.272,4.600,15.051
103658,3,128498,135349,3.272,4.600,15.051
103698,3,129525,137410,3.272,4.700,15.378
103738,3,130754,139629,3.272,4.700,15.378
103778,3,130594,139184,3.268,5.000,16.340
103818,3,130561,139268,3.268,5.000,16.340
103858,3,132359,143095,3.268,5.000,16.340
103898,3,135905,150520,3.272,4.700,15.378
103938,3,139643,158445,3.272,4.700,15.378
103978,3,142064,163768,3.268,4.600,15.033
104018,3,144271,168373,3.268,4.600,15.033
104058,3,145506,171004,3.268,4.600,15.033
104098,3,145861,171567,3.272,4.800,15.706
104138,3,145672,171016,3.272,4.800,15.706
104178,3,144957,169451,3.268,4.800,15.686
104218,3,144615,168742,3.268,4.800,15.686
104258,3,144762,169055,3.268,4.800,15.686
104298,3,144335,168038,3.272,5.400,17.669
104338,3,143038,165107,3.272,5.400,17.669
104378,3,141751,162176,3.248,4.900,15.915
104418,3,140522,159335,3.248,4.900,15.915
104458,3,139151,156238,3.248,4.900,15.915
104498,3,137368,152441,3.256,4.400,14.326
104538,3,136154,149885,3.256,4.400,14.326
104578,3,134661,146899,3.184,5.100,16.238
104618,3,133117,144007,3.184,5.100,16.238
104658,3,132596,143097,3.184,5.100,16.238
104698,3,133221,144359,3.264,5.100,16.646
104738,3,133413,144577,3.264,5.100,16.646
104778,3,133194,144064,3.064,6.700,20.529
104818,3,132583,142837,3.064,6.700,20.529
104858,3,132403,142574,3.064,6.700,20.529
104899,3,132302,142418,3.088,4.700,14.514
104938,3,132461,142763,3.088,4.700,14.514
104978,3,132873,143567,2.620,5.000,13.100
105018,3,133655,145262,2.620,5.000,13.100
105059,3,136334,150809,2.620,5.000,13.100
105099,3,137616,153346,3.244,7.300,23.681
105139,3,140182,159079,3.244,7.300,23.681
105179,3,143451,166391,3.192,5.100,16.279
105219,3,146287,173479,3.192,5.100,16.279
105259,3,148236,179275,3.192,5.100,16.279
105299,3,149628,181665,3.244,4.300,13.949
105339,3,150536,183179,3.244,4.300,13.949
105379,3,150813,184279,3.156,7.900,24.932
105419,3,151187,184399,3.156,7.900,24.932
105459,3,151674,185201,3.156,7.900,24.932
105499,3,151931,185333,2.976,7.900,23.510
105539,3,152336,185294,2.976,7.900,23.510
105579,3,153075,184306,3.024,6.000,18.144
105619,3,153203,181851,3.024,6.000,18.144
105659,3,151607,177734,3.024,6.000,18.144
105699,3,150460,175485,3.084,9.300,28.681
105739,3,148954,172974,3.084,9.300,28.681
105779,3,146843,169873,2.972,7.300,21.696
105819,3,146406,170417,2.972,7.300,21.696
105859,3,146434,170947,2.972,7.300,21.696
105899,3,147323,173240,3.060,5.100,15.606
105939,3,149339,176909,3.060,5.100,15.606
105979,3,150203,177677,3.204,16.600,53.186
106019,3,151271,178914,3.204,16.600,53.186
106059,3,152267,180567,3.204,16.600,53.186
106099,3,152010,179498,3.116,4.600,14.334
106139,3,151987,178904,3.116,4.600,14.334
106179,3,153033,181106,3.192,16.900,53.945
106219,3,153819,182950,3.192,16.900,53.945
106259,3,154058,184081,3.192,16.900,53.945
106299,3,153491,183449,3.128,4.600,14.389
106339,3,152771,181999,3.128,4.600,14.389
106379,3,152031,180655,3.064,4.700,14.401
106419,3,150507,178366,3.064,4.700,14.401
106459,3,149323,176831,3.064,4.700,14.401
106499,3,148646,175998,3.100,5.500,17.050
106539,3,148227,175816,3.100,5.500,17.050
106579,3,147957,175980,2.956,4.900,14.484
106619,3,148051,176400,2.956,4.900,14.484
106659,3,147989,176065,2.956,4.900,14.484
106699,3,148217,176247,2.916,4.600,13.414
106739,3,148585,176318,2.916,4.600,13.414
106779,3,150119,179011,2.968,4.600,13.653
106819,3,151128,181089,2.968,4.600,13.653
106859,3,151596,181741,2.968,4.600,13.653
106900,3,151491,181616,3.068,5.700,17.488
106940,3,151533,181919,3.068,5.700,17.488
106979,3,151420,181872,3.040,8.200,24.928
107019,3,150961,181325,3.040,8.200,24.928
107060,3,150178,180168,3.040,8.200,24.928
107100,3,149142,178048,3.100,4.800,14.880
107140,3,147403,174148,3.100,4.800,14.880
107180,3,146457,172095,3.076,15.700,48.293
107220,3,145555,170278,3.076,15.700,48.293
107260,3,145621,171245,3.076,15.700,48.293
107300,3,145961,172612,2.996,4.900,14.680
107340,3,145556,171750,2.996,4.900,14.680
107380,3,145570,171032,2.856,9.800,27.989
107420,3,145045,169347,2.856,9.800,27.989
107460,3,145760,170663,2.856,9.800,27.989
107500,3,146547,172710,2.928,4.600,13.469
107540,3,147814,175912,2.928,4.600,13.469
107580,3,149461,179284,2.892,8.600,24.871
107620,3,154143,184341,2.892,8.600,24.871
107660,3,159754,188949,2.892,8.600,24.871
107700,3,156851,186127,2.964,4.800,14.227
107740,3,151344,182401,2.964,4.800,14.227
107780,3,153097,185765,2.908,10.300,29.952
107820,3,153280,186916,2.908,10.300,29.952
107860,3,152332,185621,2.908,10.300,29.952
107900,3,151290,183647,3.048,4.500,13.716
107940,3,150462,182291,3.048,4.500,13.716
107980,3,149891,181344,3.156,19.200,60.595
108020,3,150149,181461,3.156,19.200,60.595
108060,3,150659,182013,3.156,19.200,60.595
108100,3,151278,182360,2.984,4.400,13.130
108140,3,151360,181589,2.984,4.400,13.130
108180,3,151196,180930,3.024,5.000,15.120
108220,3,151495,180988,3.024,5.000,15.120
108260,3,150372,178794,3.024,5.000,15.120
108300,3,149034,176631,3.156,4.500,14.202
108340,3,145451,170297,3.156,4.500,14.202
108380,3,145630,170433,3.068,4.900,15.033
108420,3,145578,170477,3.068,4.900,15.033
108460,3,145271,170674,3.068,4.900,15.033
108500,3,144889,170193,3.008,4.600,13.837
108540,3,145115,171163,3.008,4.600,13.837
108580,3,152588,180032,2.868,5.200,14.914
108620,3,150993,176248,2.868,5.200,14.914
108660,3,149203,173678,2.868,5.200,14.914
108701,3,147963,171293,3.012,5.300,15.964
108741,3,147343,169185,3.012,5.300,15.964
108780,3,147083,169043,2.988,4.800,14.342
108820,3,146129,167909,2.988,4.800,14.342
108860,3,144628,164928,2.988,4.800,14.342
108901,3,143122,161532,3.024,4.800,14.515
108941,3,143429,163206,3.024,4.800,14.515
108980,3,144031,165193,3.056,5.100,15.586
109020,3,145021,167553,3.056,5.100,15.586
109060,3,144367,166548,3.056,5.100,15.586
109101,3,143967,161094,3.108,5.000,15.540
109141,3,143149,155031,3.108,5.000,15.540
109180,3,142370,155603,3.032,7.000,21.224
109221,3,141716,155695,3.032,7.000,21.224
109261,3,141992,156878,3.032,7.000,21.224
109301,3,143066,157966,3.180,4.300,13.674
109341,3,143068,156207,3.180,4.300,13.674
109381,3,141621,152678,3.100,4.800,14.880
109421,3,139638,149612,3.100,4.800,14.880
109461,3,139238,150289,3.100,4.800,14.880
109501,3,140790,155180,3.180,4.800,15.264
109541,3,144176,163455,3.180,4.800,15.264
109581,3,144755,164613,3.120,5.000,15.600
109621,3,144730,164562,3.120,5.000,15.600
109661,3,146976,169811,3.120,5.000,15.600
109701,3,146862,169180,3.184,4.200,13.373
109741,3,144041,165869,3.184,4.200,13.373
109781,3,144584,169485,3.184,5.200,16.557
109821,3,144802,169245,3.184,5.200,16.557
109861,3,149474,172489,3.184,5.200,16.557
109901,3,148797,172837,3.004,4.800,14.419
109941,3,148790,173673,3.004,4.800,14.419
109981,3,150026,175380,3.104,4.900,15.210
110021,3,154025,179888,3.104,4.900,15.210
110061,3,152715,178056,3.104,4.900,15.210
110101,3,151830,176115,3.112,5.000,15.560
110141,3,151870,175546,3.112,5.000,15.560
110181,3,151972,175356,3.100,5.100,15.810
110221,3,151783,175548,3.100,5.100,15.810
110261,3,151435,175665,3.100,5.100,15.810
110301,3,150455,175490,3.204,4.700,15.059
110341,3,149493,176457,3.204,4.700,15.059
110381,3,148348,176037,3.164,4.800,15.187
110421,3,147826,175155,3.164,4.800,15.187
110461,3,148772,175691,3.164,4.800,15.187
110501,3,149140,176168,3.104,7.100,22.038
110541,3,147675,173743,3.104,7.100,22.038
110581,3,148868,172864,3.128,4.700,14.702
110621,3,150233,175765,3.128,4.700,14.702
110661,3,149351,175178,3.128,4.700,14.702
110701,3,148976,175345,3.084,4.600,14.186
110741,3,148035,174060,3.084,4.600,14.186
110781,3,147391,171919,3.144,5.100,16.034
110821,3,146933,169801,3.144,5.100,16.034
110861,3,146410,167401,3.144,5.100,16.034
110901,3,144611,162796,3.228,5.000,16.140
110941,3,143866,160837,3.228,5.000,16.140
110982,3,142979,159246,3.184,15.700,49.989
111022,3,141884,158233,3.184,15.700,49.989
111061,3,141536,158790,3.184,15.700,49.989
111102,3,139978,157015,3.124,4.900,15.308
111142,3,139499,154552,3.124,4.900,15.308
111182,3,139202,153869,2.972,5.200,15.454
111222,3,142661,157318,2.972,5.200,15.454
111262,3,145347,159729,2.972,5.200,15.454
111302,3,142874,155973,3.116,4.700,14.645
111342,3,141614,154272,3.116,4.700,14.645
111382,3,140688,152676,3.136,19.300,60.525
111422,3,139825,150883,3.136,19.300,60.525
111462,3,138431,148076,3.136,19.300,60.525
111502,3,137659,146794,3.216,4.900,15.758
111542,3,137140,145233,3.216,4.900,15.758
111582,3,137154,144544,3.260,16.900,55.094
111622,3,137335,144638,3.260,16.900,55.094
111662,3,137026,145523,3.260,16.900,55.094
111702,3,136327,146797,3.264,3.800,12.403
111742,3,135758,146037,3.264,3.800,12.403
111782,3,136718,146141,3.264,4.900,15.994
111822,3,138324,148749,3.264,4.900,15.994
111862,3,140801,152407,3.264,4.900,15.994
111902,3,141123,154643,3.272,5.200,17.014
111942,3,140918,156092,3.272,5.200,17.014
111982,3,141500,158159,3.248,5.200,16.890
112022,3,142423,159517,3.248,5.200,16.890
112062,3,140147,157947,3.248,5.200,16.890
112102,3,138706,156889,3.264,4.400,14.362
112142,3,135320,152379,3.264,4.400,14.362
112182,3,123078,134479,3.260,9.100,29.666
112222,3,111304,116712,3.260,9.100,29.666
112262,3,125106,137132,3.260,9.100,29.666
112302,3,131590,146254,3.268,5.400,17.647
112342,3,131160,146168,3.268,5.400,17.647
112382,3,132315,148976,3.236,4.900,15.856
112422,3,135090,155049,3.236,4.900,15.856
112462,3,136670,158523,3.236,4.900,15.856
112502,3,139316,162926,3.260,4.700,15.322
112542,3,139840,163764,3.260,4.700,15.322
112582,3,139106,161974,3.264,12.000,39.168
112622,3,139253,161947,3.264,12.000,39.168
112662,3,140827,164990,3.264,12.000,39.168
112702,3,143085,169119,3.264,5.200,16.973
112742,3,144805,171898,3.264,5.200,16.973
112782,3,145406,173001,3.228,5.000,16.140
112822,3,145380,172838,3.228,5.000,16.140
112862,3,143942,169694,3.228,5.000,16.140
112902,3,142665,166242,3.268,4.600,15.033
112943,3,139772,157077,3.268,4.600,15.033
112983,3,140223,156344,3.228,13.400,43.255
113023,3,144672,164634,3.228,13.400,43.255
113062,3,147970,171825,3.228,13.400,43.255
113103,3,149270,175534,3.260,5.000,16.300
113143,3,150311,178117,3.260,5.000,16.300
113183,3,151248,180097,3.220,4.800,15.456
113223,3,151852,181450,3.220,4.800,15.456
113263,3,152117,182293,3.220,4.800,15.456
113303,3,151859,181775,3.260,4.700,15.322
113343,3,151042,179683,3.260,4.700,15.322
113383,3,147655,172982,3.236,13.100,42.392
113423,3,145382,167339,3.236,13.100,42.392
113463,3,141961,150086,3.236,13.100,42.392
113503,3,147087,138770,3.260,4.800,15.648
113543,3,139838,128935,3.260,4.800,15.648
113583,3,135389,124816,3.260,5.100,16.626
113623,3,134659,131590,3.260,5.100,16.626
113663,3,132314,131183,3.260,5.100,16.626
113703,3,130419,127491,3.264,4.600,15.014
113743,3,130082,130946,3.264,4.600,15.014
113783,3,130021,133938,3.264,4.800,15.667
113823,3,128980,132772,3.264,4.800,15.667
113863,3,128374,131939,3.264,4.800,15.667
113903,3,127828,131036,3.264,4.800,15.667
113943,3,127796,130899,3.264,4.800,15.667
113983,3,128144,131510,3.220,5.300,17.066
114023,3,127440,130409,3.220,5.300,17.066
114063,3,128278,131766,3.220,5.300,17.066
114103,3,129013,132884,3.260,4.700,15.322
114143,3,128905,132778,3.260,4.700,15.322
114183,3,128694,132574,3.264,4.900,15.994
114223,3,128026,131725,3.264,4.900,15.994
114263,3,127648,131263,3.264,4.900,15.994
114303,3,127201,130629,3.264,5.100,16.646
114343,3,126623,129435,3.264,5.100,16.646
114383,3,125716,126505,3.208,5.000,16.040
114423,3,122891,118283,3.208,5.000,16.040
114463,3,123883,118144,3.208,5.000,16.040
114503,3,125911,121463,3.256,4.600,14.978
114543,3,126432,121926,3.256,4.600,14.978
114583,3,129190,131869,3.260,5.000,16.300
114623,3,130433,135522,3.260,5.000,16.300
114663,3,133872,142619,3.260,5.000,16.300
114703,3,137598,150887,3.264,6.300,20.563
114743,3,140667,157720,3.264,6.300,20.563
114784,3,144072,164884,3.204,5.000,16.020
114824,3,145133,166606,3.204,5.000,16.020
114863,3,145000,166234,3.204,5.000,16.020
114903,3,145993,168464,3.252,4.300,13.984
114944,3,146935,170523,3.252,4.300,13.984
114984,3,146281,169031,3.244,15.900,51.580
115024,3,144938,166127,3.244,15.900,51.580
115064,3,143492,162860,3.244,15.900,51.580
115104,3,141682,158662,3.264,4.900,15.994
115144,3,139914,154512,3.264,4.900,15.994
115184,3,138980,152305,3.116,5.400,16.826
115224,3,137932,149719,3.116,5.400,16.826
115264,3,137286,147629,3.116,5.400,16.826
115304,3,137871,148109,3.272,4.800,15.706
115344,3,137506,147893,3.272,4.800,15.706
115384,3,136343,146063,3.224,10.900,35.142
115424,3,135781,145140,3.224,10.900,35.142
115464,3,134908,143906,3.224,10.900,35.142
115504,3,134336,143577,3.268,5.700,18.628
115544,3,133454,142489,3.268,5.700,18.628
115584,3,132216,140506,3.240,13.500,43.740
115624,3,133124,142119,3.240,13.500,43.740
115664,3,132469,140670,3.240,13.500,43.740
115704,3,130355,137602,3.264,4.200,13.709
115744,3,124543,129313,3.264,4.200,13.709
115784,3,114996,108899,3.268,4.400,14.379
115824,3,111018,97585,3.268,4.400,14.379
115864,3,102785,79869,3.268,4.400,14.379
115904,3,94741,70627,3.272,4.900,16.033
115944,3,86145,63002,3.272,4.900,16.033
115984,3,81210,59117,3.268,5.100,16.667
116024,3,88117,65832,3.268,5.100,16.667
116064,3,117817,103053,3.268,5.100,16.667
116104,3,123770,116195,3.260,4.600,14.996
116144,3,123572,119124,3.260,4.600,14.996
116184,3,126357,127061,3.268,4.700,15.360
116224,3,129885,134447,3.268,4.700,15.360
116264,3,130054,134968,3.268,4.700,15.360
116304,3,132762,139256,3.272,8.600,28.139
116344,3,134078,142032,3.272,8.600,28.139
116384,3,135991,146274,3.192,5.300,16.918
116424,3,138181,150446,3.192,5.300,16.918
116464,3,137046,147832,3.192,5.300,16.918
116504,3,135237,144096,3.240,4.400,14.256
116544,3,134402,142277,3.240,4.400,14.256
116584,3,133598,140860,3.264,4.900,15.994
116625,3,133487,140786,3.264,4.900,15.994
116665,3,133257,140592,3.264,4.900,15.994
116704,3,134340,143590,3.268,4.200,13.726
116744,3,133964,142777,3.268,4.200,13.726
116785,3,133901,142833,3.184,5.000,15.920
116825,3,136321,148227,3.184,5.000,15.920
116865,3,137752,150986,3.184,5.000,15.920
116904,3,136614,148371,3.260,5.000,16.300
116944,3,135748,146493,3.260,5.000,16.300
116985,3,135080,144997,3.264,5.000,16.320
117025,3,133869,141994,3.264,5.000,16.320
117065,3,132729,139334,3.264,5.000,16.320
117104,3,131189,136868,3.264,4.300,14.035
117145,3,129565,134611,3.264,4.300,14.035
117185,3,126299,130070,3.180,4.900,15.582
117225,3,122683,123502,3.180,4.900,15.582
117265,3,119904,116856,3.180,4.900,15.582
117305,3,116805,109529,3.268,4.800,15.686
117345,3,117347,109202,3.268,4.800,15.686
117385,3,117381,108270,3.264,19.200,62.669
117425,3,120066,114353,3.264,19.200,62.669
117465,3,118830,112536,3.264,19.200,62.669
117505,3,117587,108585,3.264,4.300,14.035
117545,3,116970,106312,3.264,4.300,14.035
117585,3,129453,118411,3.188,4.800,15.302
117625,3,136258,127747,3.188,4.800,15.302
117665,3,133181,127899,3.188,4.800,15.302
117705,3,135011,127316,3.268,5.100,16.667
117745,3,144789,129521,3.268,5.100,16.667
117785,3,143162,123453,3.264,18.300,59.731
117825,3,144704,127413,3.264,18.300,59.731
117865,3,141856,130966,3.264,18.300,59.731
117905,3,141177,130192,3.264,4.300,14.035
117945,3,142188,128255,3.264,4.300,14.035
117985,3,141879,126247,3.264,4.800,15.667
118025,3,141216,125201,3.264,4.800,15.667
118065,3,140732,124615,3.264,4.800,15.667
118105,3,140482,124342,3.268,5.000,16.340
118145,3,141585,125978,3.268,5.000,16.340
118185,3,134935,130502,3.252,5.000,16.260
118225,3,122944,125026,3.252,5.000,16.260
118265,3,122773,125221,3.252,5.000,16.260
118305,3,123313,125811,3.264,4.500,14.688
118345,3,123672,126413,3.264,4.500,14.688
118385,3,125824,128793,3.268,8.100,26.471
118425,3,125437,128462,3.268,8.100,26.471
118465,3,125355,128498,3.268,8.100,26.471
118505,3,125861,129126,3.268,4.900,16.013
118545,3,125460,128699,3.268,4.900,16.013
118585,3,124855,128120,3.240,5.000,16.200
118625,3,124588,127884,3.240,5.000,16.200
118665,3,124512,127808,3.240,5.000,16.200
118705,3,123453,126712,3.264,4.300,14.035
118745,3,123327,126623,3.264,4.300,14.035
118785,3,123165,126466,3.264,11.000,35.904
118826,3,123011,126328,3.264,11.000,35.904
118866,3,123340,126744,3.264,11.000,35.904
118905,3,123098,126544,3.268,4.700,15.360
118945,3,122914,126433,3.268,4.700,15.360
118986,3,123347,126875,3.224,4.900,15.798
119026,3,123241,126766,3.224,4.900,15.798
119066,3,123015,126537,3.224,4.900,15.798
119105,3,123375,126949,3.268,4.300,14.052
119146,3,123331,126928,3.268,4.300,14.052
119186,3,123567,127225,3.240,13.300,43.092
119226,3,124553,128343,3.240,13.300,43.092
119266,3,126036,130105,3.240,13.300,43.092
119306,3,127147,131420,3.268,4.800,15.686
119346,3,127292,131468,3.268,4.800,15.686
119386,3,129007,133527,3.212,5.100,16.381
119426,3,129899,134784,3.212,5.100,16.381
119466,3,130310,135298,3.212,5.100,16.381
119506,3,131478,137018,3.260,4.400,14.344
119546,3,131976,137680,3.260,4.400,14.344
119586,3,132020,137439,3.252,16.200,52.682
119626,3,133032,138634,3.252,16.200,52.682
119666,3,133018,138581,3.252,16.200,52.682
119706,3,132412,137670,3.268,4.700,15.360
119746,3,132026,137061,3.268,4.700,15.360
119786,3,131963,136945,3.196,4.800,15.341
119826,3,131959,136944,3.196,4.800,15.341
119866,3,132357,137471,3.196,4.800,15.341
119906,3,133098,138465,3.248,4.400,14.291
119946,3,133928,139623,3.248,4.400,14.291
119986,3,134890,140846,3.264,4.700,15.341
120026,3,135853,142164,3.264,4.700,15.341
120066,3,136809,143534,3.264,4.700,15.341
120106,3,136935,143674,3.268,4.900,16.013
120146,3,137552,144650,3.268,4.900,16.013
I (120490) SYS_DEMO: Switched profile -> id=0 name=100sps_med
120291,0,82934,83081,3.276,3.500,11.466
120331,0,106790,111783,3.276,3.500,11.466
120371,0,107923,113775,3.268,4.700,15.360
120411,0,109579,116888,3.268,4.700,15.360
120451,0,110079,118077,3.268,4.700,15.360
120492,0,111242,121112,3.268,4.600,15.033
120532,0,113967,127373,3.268,4.600,15.033
120571,0,115337,131027,3.268,4.500,14.706
120611,0,115846,132180,3.268,4.500,14.706
120651,0,116250,132792,3.268,4.500,14.706
120692,0,116352,132884,3.268,4.600,15.033
120732,0,116288,132359,3.268,4.600,15.033
120771,0,115550,130153,3.264,4.500,14.688
120812,0,114917,128594,3.264,4.500,14.688
120852,0,114359,127328,3.264,4.500,14.688
120892,0,113773,125938,3.268,4.500,14.706
120932,0,112799,123983,3.268,4.500,14.706
120972,0,111639,121609,3.268,4.500,14.706
121012,0,110855,119893,3.268,4.500,14.706
121052,0,109927,117884,3.268,4.500,14.706
121092,0,109276,116536,3.268,4.700,15.360
121132,0,109132,116188,3.268,4.700,15.360
121172,0,109063,116022,3.268,4.700,15.360
121212,0,108987,115841,3.268,4.700,15.360
121252,0,108777,115425,3.268,4.700,15.360
121292,0,108635,115238,3.264,4.600,15.014
121332,0,108720,115379,3.264,4.600,15.014
121372,0,108650,115213,3.264,4.600,15.014
121412,0,108451,114843,3.264,4.600,15.014
121452,0,108268,114737,3.264,4.600,15.014
121492,0,108272,114825,3.268,4.600,15.033
121532,0,108379,115012,3.268,4.600,15.033
121572,0,108147,114542,3.268,4.700,15.360
121612,0,107908,114077,3.268,4.700,15.360
121652,0,107774,113844,3.268,4.700,15.360
121692,0,107753,113820,3.264,4.500,14.688
121732,0,107827,113951,3.264,4.500,14.688
121772,0,107871,114043,3.268,4.700,15.360
121812,0,107911,114119,3.268,4.700,15.360
121852,0,107853,114006,3.268,4.700,15.360
121892,0,107875,114011,3.268,4.700,15.360
121932,0,108117,114444,3.268,4.700,15.360
121972,0,108215,114615,3.268,4.500,14.706
122012,0,108195,114537,3.268,4.500,14.706
122052,0,108145,114387,3.268,4.500,14.706
122092,0,107961,114058,3.268,4.400,14.379
122132,0,108222,114577,3.268,4.400,14.379
122172,0,109024,116116,3.264,4.400,14.362
122212,0,109468,116977,3.264,4.400,14.362
122252,0,109632,117312,3.264,4.400,14.362
122292,0,110269,118570,3.268,4.500,14.706
122332,0,110778,119554,3.268,4.500,14.706
122372,0,111069,120169,3.264,4.500,14.688
122412,0,111442,120911,3.264,4.500,14.688
122452,0,111517,121062,3.264,4.500,14.688
122493,0,111227,120444,3.264,4.400,14.362
122533,0,111188,120376,3.264,4.400,14.362
122572,0,111056,120121,3.268,4.500,14.706
122612,0,110585,119176,3.268,4.500,14.706
122652,0,110040,118141,3.268,4.500,14.706
122693,0,109315,116744,3.264,4.600,15.014
122733,0,108688,115586,3.264,4.600,15.014
122773,0,108084,114487,3.268,4.500,14.706
122812,0,108084,114650,3.268,4.500,14.706
122852,0,108319,115193,3.268,4.500,14.706
122893,0,107923,114440,3.268,4.400,14.379
122933,0,107444,113562,3.268,4.400,14.379
122973,0,107095,112897,3.272,4.400,14.397
123013,0,106481,111773,3.272,4.400,14.397
123053,0,105556,110136,3.272,4.400,14.397
123093,0,105210,109507,3.268,4.600,15.033
123133,0,105382,109787,3.268,4.600,15.033
123173,0,105648,110229,3.268,4.400,14.379
123213,0,104798,108737,3.268,4.400,14.379
123253,0,104039,107559,3.268,4.400,14.379
123293,0,105021,109180,3.268,4.600,15.033
123333,0,105905,110829,3.268,4.600,15.033
123373,0,106149,111384,3.268,4.300,14.052
123413,0,106084,111316,3.268,4.300,14.052
123453,0,105466,110237,3.268,4.300,14.052
123493,0,105293,110077,3.268,4.600,15.033
123533,0,105367,110303,3.268,4.600,15.033
123573,0,105290,110152,3.272,4.400,14.397
123613,0,105077,109794,3.272,4.400,14.397
123653,0,104806,109313,3.272,4.400,14.397
123693,0,104029,108023,3.268,4.600,15.033
123733,0,103765,107628,3.268,4.600,15.033
123773,0,103788,107688,3.272,4.400,14.397
123813,0,104044,108161,3.272,4.400,14.397
123853,0,104556,109023,3.272,4.400,14.397
123893,0,104133,108350,3.272,4.500,14.724
123933,0,103742,107794,3.272,4.500,14.724
123973,0,103706,107773,3.272,4.400,14.397
124013,0,103723,107818,3.272,4.400,14.397
124053,0,103527,107565,3.272,4.400,14.397
124093,0,103171,107111,3.272,4.700,15.378
124133,0,103074,107029,3.272,4.700,15.378
124173,0,102971,106929,3.268,4.500,14.706
124213,0,102711,106335,3.268,4.500,14.706
124253,0,101865,105090,3.268,4.500,14.706
124293,0,100799,103774,3.240,4.500,14.580
124333,0,100240,103085,3.240,4.500,14.580
124374,0,100464,103370,3.244,4.500,14.598
124413,0,100644,103640,3.244,4.500,14.598
124453,0,100460,103507,3.244,4.500,14.598
124493,0,100309,103422,3.248,4.500,14.616
124533,0,100157,103278,3.248,4.500,14.616
124574,0,100130,103271,3.248,4.500,14.616
124614,0,100072,103208,3.248,4.500,14.616
124654,0,100294,103511,3.248,4.500,14.616
124693,0,100492,103802,3.248,4.300,13.966
124734,0,100505,103893,3.248,4.300,13.966
124774,0,100625,104059,3.248,4.700,15.266
124814,0,100514,103948,3.248,4.700,15.266
124854,0,100539,104085,3.248,4.700,15.266
124894,0,100834,104557,3.268,4.400,14.379
124934,0,101226,105138,3.268,4.400,14.379
124974,0,101872,106090,3.268,4.500,14.706
125014,0,102339,106731,3.268,4.500,14.706
125054,0,102520,106815,3.268,4.500,14.706
125094,0,102590,106819,3.272,4.600,15.051
125134,0,102257,106190,3.272,4.600,15.051
125174,0,101644,105187,3.268,4.400,14.379
125214,0,101661,105163,3.268,4.400,14.379
125254,0,102410,106110,3.268,4.400,14.379
125294,0,102641,106295,3.268,4.400,14.379
125334,0,102968,106697,3.268,4.400,14.379
125374,0,104403,109020,3.256,4.400,14.326
125414,0,105622,110911,3.256,4.400,14.326
125454,0,106595,112497,3.256,4.400,14.326
125494,0,106508,112127,3.264,4.700,15.341
125534,0,106161,111478,3.264,4.700,15.341
125574,0,105902,111156,3.264,4.500,14.688
125614,0,105533,110733,3.264,4.500,14.688
125654,0,105254,110600,3.264,4.500,14.688
125694,0,105674,111585,3.264,4.600,15.014
125734,0,106307,112783,3.264,4.600,15.014
125774,0,106262,112632,3.252,4.400,14.309
125814,0,106435,113022,3.252,4.400,14.309
125854,0,106820,113702,3.252,4.400,14.309
125894,0,106410,112912,3.256,4.500,14.652
125934,0,106285,112791,3.256,4.500,14.652
125974,0,106979,114173,3.252,4.400,14.309
126014,0,107741,115703,3.252,4.400,14.309
126054,0,108135,116507,3.252,4.400,14.309
126094,0,108600,117570,3.256,4.600,14.978
126134,0,108876,118200,3.256,4.600,14.978
126174,0,108480,117438,3.256,4.400,14.326
126214,0,108150,116919,3.256,4.400,14.326
126254,0,108173,117100,3.256,4.400,14.326
126294,0,107738,116258,3.260,4.600,14.996
126334,0,107601,116130,3.260,4.600,14.996
126374,0,107484,115956,3.256,4.600,14.978
126414,0,107014,115067,3.256,4.600,14.978
126454,0,106758,114641,3.256,4.600,14.978
126494,0,107030,115240,3.260,4.500,14.670
126534,0,107202,115567,3.260,4.500,14.670
126574,0,107315,115828,3.264,4.700,15.341
126615,0,107511,116258,3.264,4.700,15.341
126655,0,107610,116475,3.264,4.700,15.341
126695,0,107915,117110,3.264,4.700,15.341
126734,0,108145,117538,3.264,4.700,15.341
126775,0,108032,117228,3.264,4.700,15.341
126815,0,108086,117327,3.264,4.700,15.341
126855,0,107987,117115,3.264,4.700,15.341
126895,0,107712,116571,3.264,4.600,15.014
126935,0,107754,116648,3.264,4.600,15.014
126975,0,107590,116207,3.264,4.600,15.014
127015,0,106967,115041,3.264,4.600,15.014
127055,0,106951,115030,3.264,4.600,15.014
127095,0,107735,116607,3.264,4.500,14.688
127135,0,108735,118629,3.264,4.500,14.688
127175,0,109426,120005,3.264,4.400,14.362
127215,0,109876,120925,3.264,4.400,14.362
127255,0,110198,121567,3.264,4.400,14.362
127295,0,110144,121378,3.264,4.700,15.341
127335,0,109968,120945,3.264,4.700,15.341
127375,0,110009,121026,3.268,4.500,14.706
127415,0,110124,121249,3.268,4.500,14.706
127455,0,109951,120810,3.268,4.500,14.706
127495,0,109703,120282,3.264,4.500,14.688
127535,0,109693,120245,3.264,4.500,14.688
127575,0,109708,120270,3.268,4.600,15.033
127615,0,109807,120464,3.268,4.600,15.033
127655,0,109933,120661,3.268,4.600,15.033
127695,0,109917,120569,3.264,4.600,15.014
127735,0,109821,120370,3.264,4.600,15.014
127775,0,109780,120306,3.264,4.400,14.362
127815,0,109873,120526,3.264,4.400,14.362
127855,0,110079,120985,3.264,4.400,14.362
127895,0,110303,121468,3.264,4.800,15.667
127935,0,110385,121645,3.264,4.800,15.667
127975,0,110399,121676,3.264,4.500,14.688
128015,0,110090,121030,3.264,4.500,14.688
128055,0,109684,120219,3.264,4.500,14.688
128095,0,109678,120280,3.264,4.300,14.035
128135,0,109894,120801,3.264,4.300,14.035
128175,0,110198,121512,3.264,4.700,15.341
128215,0,110595,122372,3.264,4.700,15.341
128255,0,110637,122355,3.264,4.700,15.341
128295,0,110644,122309,3.264,4.600,15.014
128336,0,110746,122500,3.264,4.600,15.014
128375,0,110784,122574,3.264,4.700,15.341
128415,0,110901,122824,3.264,4.700,15.341
128455,0,110806,122547,3.264,4.700,15.341
128496,0,110717,122364,3.264,4.500,14.688
128536,0,110743,122411,3.264,4.500,14.688
128575,0,110435,121728,3.264,4.600,15.014
128615,0,110391,121644,3.264,4.600,15.014
128655,0,110486,121843,3.264,4.600,15.014
128696,0,110521,121915,3.264,4.600,15.014
128736,0,110535,121960,3.264,4.600,15.014
128776,0,110726,122395,3.264,4.500,14.688
128815,0,110981,122993,3.264,4.500,14.688
128856,0,111152,123364,3.264,4.500,14.688
128896,0,111460,124068,3.264,4.900,15.994
128936,0,111552,124239,3.264,4.900,15.994
128976,0,111526,124254,3.264,4.400,14.362
129016,0,111849,125001,3.264,4.400,14.362
129056,0,112116,125610,3.264,4.400,14.362
129096,0,111851,125024,3.264,4.700,15.341
129136,0,111787,124912,3.264,4.700,15.341
129176,0,112005,125369,3.268,4.700,15.360
129216,0,112209,125784,3.268,4.700,15.360
129256,0,112561,126506,3.268,4.700,15.360
129296,0,112920,127265,3.268,4.600,15.033
129336,0,113125,127664,3.268,4.600,15.033
129376,0,113139,127630,3.268,4.600,15.033
129416,0,113201,127755,3.268,4.600,15.033
129456,0,113310,127950,3.268,4.600,15.033
129496,0,113217,127720,3.268,4.700,15.360
129536,0,112936,127068,3.268,4.700,15.360
129576,0,112722,126586,3.272,4.600,15.051
129616,0,112509,126124,3.272,4.600,15.051
129656,0,112228,125499,3.272,4.600,15.051
129696,0,111884,124755,3.268,4.600,15.033
129736,0,111724,124400,3.268,4.600,15.033
129776,0,111975,124989,3.268,4.700,15.360
129816,0,112188,125459,3.268,4.700,15.360
129856,0,112139,125315,3.268,4.700,15.360
129896,0,112178,125412,3.268,4.800,15.686
129936,0,112447,126042,3.268,4.800,15.686
129976,0,112685,126579,3.268,4.800,15.686
130016,0,112737,126679,3.268,4.800,15.686
130056,0,112673,126501,3.268,4.800,15.686
130096,0,112587,126330,3.272,4.700,15.378
130136,0,112544,126253,3.272,4.700,15.378
130176,0,112448,126091,3.272,4.600,15.051