190,0,2,1,0.500,73571,76410,3.268,4.100,13.399
230,0,2,1,0.500,80480,85962,3.268,4.100,13.399
270,0,2,1,0.500,80513,86119,3.256,4.600,14.978
310,0,2,1,0.500,80579,86221,3.256,4.600,14.978
350,0,2,1,0.500,80399,85770,3.256,4.600,14.978
390,0,2,1,0.500,79974,84888,3.256,4.800,15.629
430,0,2,1,0.500,79752,84437,3.256,4.800,15.629
470,0,2,1,0.500,79829,84542,3.252,4.800,15.610
510,0,2,1,0.500,79806,84558,3.252,4.800,15.610
550,0,2,1,0.500,79804,84558,3.252,4.800,15.610
590,0,2,1,0.500,79860,84697,3.256,4.600,14.978
630,0,2,1,0.500,79987,84920,3.256,4.600,14.978
670,0,2,1,0.500,80091,85165,3.256,4.600,14.978
710,0,2,1,0.500,80217,85409,3.256,4.600,14.978
750,0,2,1,0.500,80232,85421,3.256,4.600,14.978
790,0,2,1,0.500,80226,85397,3.256,5.000,16.280
830,0,2,1,0.500,80128,85195,3.256,5.000,16.280
870,0,2,1,0.500,80136,85171,3.256,4.800,15.629
910,0,2,1,0.500,80039,84976,3.256,4.800,15.629
950,0,2,1,0.500,79907,84731,3.256,4.800,15.629
990,0,2,1,0.500,79817,84631,3.260,4.800,15.648
1030,0,2,1,0.500,79830,84634,3.260,4.800,15.648
1070,0,2,1,0.500,79881,84695,3.256,4.800,15.629
1110,0,2,1,0.500,80013,85005,3.256,4.800,15.629
1150,0,2,1,0.500,80014,84993,3.256,4.800,15.629
1190,0,2,1,0.500,79588,84116,3.260,4.800,15.648
1230,0,2,1,0.500,79299,83471,3.260,4.800,15.648
1271,0,2,1,0.500,79223,83349,3.256,4.800,15.629
1311,0,2,1,0.500,79188,83213,3.256,4.800,15.629
1350,0,2,1,0.500,79129,83106,3.256,4.800,15.629
1391,0,2,1,0.500,79135,83141,3.256,4.600,14.978
1430,0,2,1,0.500,78993,82840,3.256,4.600,14.978
1470,0,2,1,0.500,78800,82486,3.260,4.900,15.974
1511,0,2,1,0.500,78741,82379,3.260,4.900,15.974
1551,0,2,1,0.500,78803,82484,3.260,4.900,15.974
1591,0,2,1,0.500,78880,82629,3.256,4.800,15.629
1631,0,2,1,0.500,78964,82793,3.256,4.800,15.629
1670,0,2,1,0.500,78965,82871,3.256,4.800,15.629
1711,0,2,1,0.500,78964,82834,3.256,4.800,15.629
1751,0,2,1,0.500,78988,82864,3.256,4.800,15.629
1790,0,2,1,0.500,78957,82847,3.256,5.000,16.280
1831,0,2,1,0.500,79002,82906,3.256,5.000,16.280
1870,0,2,1,0.500,79052,83020,3.260,4.900,15.974
1910,0,2,1,0.500,79005,82930,3.260,4.900,15.974
1951,0,2,1,0.500,78816,82543,3.260,4.900,15.974
1990,0,2,1,0.500,78687,82195,3.256,4.700,15.303
2030,0,2,1,0.500,78720,82260,3.256,4.700,15.303
2071,0,2,1,0.500,78711,82290,3.256,4.900,15.954
2110,0,2,1,0.500,78770,82406,3.256,4.900,15.954
2151,0,2,1,0.500,78805,82497,3.256,4.900,15.954
2191,0,2,1,0.500,78786,82485,3.256,4.700,15.303
2230,0,2,1,0.500,78810,82497,3.256,4.700,15.303
2271,0,2,1,0.500,78810,82466,3.256,4.700,15.303
2311,0,2,1,0.500,78793,82450,3.256,4.700,15.303
2351,0,2,1,0.500,78875,82582,3.256,4.700,15.303
2391,0,2,1,0.500,78968,82771,3.256,4.700,15.303
2431,0,2,1,0.500,78941,82818,3.256,4.700,15.303
2471,0,2,1,0.500,78986,82835,3.256,4.500,14.652
2511,0,2,1,0.500,79025,82943,3.256,4.500,14.652
2551,0,2,1,0.500,79011,82962,3.256,4.500,14.652
2591,0,2,1,0.500,79005,82919,3.256,4.700,15.303
2631,0,2,1,0.500,79159,83242,3.256,4.700,15.303
2671,0,2,1,0.500,79391,83754,3.260,4.600,14.996
2711,0,2,1,0.500,79235,83338,3.260,4.600,14.996
2751,0,2,1,0.500,79017,82862,3.260,4.600,14.996
2791,0,2,1,0.500,79109,83032,3.256,5.100,16.606
2831,0,2,1,0.500,79149,83129,3.256,5.100,16.606
2871,0,2,1,0.500,79112,82963,3.256,4.700,15.303
2911,0,2,1,0.500,79035,82874,3.256,4.700,15.303
2951,0,2,1,0.500,79070,82936,3.256,4.700,15.303
2991,0,2,1,0.500,79002,82831,3.256,4.800,15.629
3031,0,2,1,0.500,78993,82789,3.256,4.800,15.629
3071,0,2,1,0.500,79000,82852,3.256,4.700,15.303
3111,0,2,1,0.500,79069,82970,3.256,4.700,15.303
3151,0,2,1,0.500,79107,83082,3.256,4.700,15.303
3191,0,2,1,0.500,79143,83122,3.256,5.000,16.280
3231,0,2,1,0.500,79142,83130,3.256,5.000,16.280
3271,0,2,1,0.500,79242,83289,3.256,4.800,15.629
3311,0,2,1,0.500,79305,83427,3.256,4.800,15.629
3351,0,2,1,0.500,79398,83639,3.256,4.800,15.629
3391,0,2,1,0.500,79451,83684,3.256,4.600,14.978
3431,0,2,1,0.500,79421,83720,3.256,4.600,14.978
3471,0,2,1,0.500,79280,83420,3.256,4.700,15.303
3511,0,2,1,0.500,78992,82740,3.256,4.700,15.303
3551,0,2,1,0.500,78752,82237,3.256,4.700,15.303
3591,0,2,1,0.500,78676,82083,3.256,4.600,14.978
3631,0,2,1,0.500,78694,82075,3.256,4.600,14.978
3671,0,2,1,0.500,78736,82157,3.256,4.800,15.629
3711,0,2,1,0.500,78762,82229,3.256,4.800,15.629
3751,0,2,1,0.500,78790,82273,3.256,4.800,15.629
3791,0,2,1,0.500,78818,82355,3.256,4.600,14.978
3831,0,2,1,0.500,78867,82422,3.256,4.600,14.978
3871,0,2,1,0.500,78870,82463,3.256,4.600,14.978
3911,0,2,1,0.500,78892,82502,3.256,4.600,14.978
3951,0,2,1,0.500,78785,82285,3.256,4.600,14.978
3991,0,2,1,0.500,78710,82202,3.256,4.800,15.629
4031,0,2,1,0.500,78884,82516,3.256,4.800,15.629
4071,0,2,1,0.500,79019,82779,3.256,4.800,15.629
4111,0,2,1,0.500,79065,82872,3.256,4.800,15.629
4151,0,2,1,0.500,79134,83024,3.256,4.800,15.629
4191,0,2,1,0.500,79203,83145,3.256,4.800,15.629
4231,0,2,1,0.500,79183,83129,3.256,4.800,15.629
4271,0,2,1,0.500,79096,82951,3.256,4.700,15.303
4311,0,2,1,0.500,79059,82826,3.256,4.700,15.303
4351,0,2,1,0.500,78862,82421,3.256,4.700,15.303
4391,0,2,1,0.500,78844,82361,3.256,4.800,15.629
4431,0,2,1,0.500,78982,82643,3.256,4.800,15.629
4471,0,2,1,0.500,79013,82663,3.260,5.000,16.300
4511,0,2,1,0.500,78823,82326,3.260,5.000,16.300
4551,0,2,1,0.500,78765,82258,3.260,5.000,16.300
4591,0,2,1,0.500,78937,82555,3.256,4.700,15.303
4631,0,2,1,0.500,78994,82735,3.256,4.700,15.303
4671,0,2,1,0.500,78862,82454,3.256,4.900,15.954
4711,0,2,1,0.500,78838,82365,3.256,4.900,15.954
4751,0,2,1,0.500,78941,82607,3.256,4.900,15.954
4791,0,2,1,0.500,79014,82789,3.256,4.800,15.629
4831,0,2,1,0.500,79131,82986,3.256,4.800,15.629
4871,0,2,1,0.500,79316,83399,3.260,4.600,14.996
4911,0,2,1,0.500,79413,83575,3.260,4.600,14.996
4951,0,2,1,0.500,79468,83732,3.260,4.600,14.996
4991,0,2,1,0.500,79517,83735,3.256,4.900,15.954
5031,0,2,1,0.500,79441,83589,3.256,4.900,15.954
5071,0,2,1,0.500,79383,83476,3.256,4.800,15.629
5111,0,2,1,0.500,79177,83027,3.256,4.800,15.629
5151,0,2,1,0.500,78929,82518,3.256,4.800,15.629
5191,0,2,1,0.500,78845,82320,3.260,4.600,14.996
5231,0,2,1,0.500,78983,82589,3.260,4.600,14.996
5271,0,2,1,0.500,79126,82957,3.256,4.800,15.629
5311,0,2,1,0.500,79380,83437,3.256,4.800,15.629
5351,0,2,1,0.500,79590,83906,3.256,4.800,15.629
5391,0,2,1,0.500,79474,83665,3.256,4.800,15.629
5431,0,2,1,0.500,79038,82791,3.256,4.800,15.629
5471,0,2,1,0.500,78915,82525,3.256,4.800,15.629
5511,0,2,1,0.500,79045,82760,3.256,4.800,15.629
5551,0,2,1,0.500,79204,83141,3.256,4.800,15.629
5591,0,2,1,0.500,79504,83798,3.256,4.800,15.629
5631,0,2,1,0.500,79862,84458,3.256,4.800,15.629
5671,0,2,1,0.500,80124,85023,3.256,5.000,16.280
5711,0,2,1,0.500,80211,85221,3.256,5.000,16.280
5751,0,2,1,0.500,80003,84743,3.256,5.000,16.280
5791,0,2,1,0.500,79967,84658,3.256,4.800,15.629
5831,0,2,1,0.500,80020,84813,3.256,4.800,15.629
5871,0,2,1,0.500,80000,84756,3.256,4.600,14.978
5911,0,2,1,0.500,79786,84264,3.256,4.600,14.978
5951,0,2,1,0.500,79602,83872,3.256,4.600,14.978
5991,0,2,1,0.500,79667,84095,3.256,4.800,15.629
6031,0,2,1,0.500,79887,84461,3.256,4.800,15.629
6071,0,2,1,0.500,79934,84621,3.256,5.000,16.280
6111,0,2,1,0.500,80128,85056,3.256,5.000,16.280
6151,0,2,1,0.500,80430,85711,3.256,5.000,16.280
6191,0,2,1,0.500,80558,85960,3.252,4.700,15.284
6231,0,2,1,0.500,80595,85958,3.252,4.700,15.284
6271,0,2,1,0.500,80440,85680,3.256,4.800,15.629
6311,0,2,1,0.500,80503,85803,3.256,4.800,15.629
6351,0,2,1,0.500,80663,86191,3.256,4.800,15.629
6392,0,2,1,0.500,80936,86732,3.256,4.700,15.303
6431,0,2,1,0.500,81162,87267,3.256,4.700,15.303
6471,0,2,1,0.500,81314,87574,3.256,5.100,16.606
6512,0,2,1,0.500,81193,87304,3.256,5.100,16.606
6551,0,2,1,0.500,80914,86734,3.256,5.100,16.606
6591,0,2,1,0.500,80871,86594,3.256,4.700,15.303
6632,0,2,1,0.500,81073,87078,3.256,4.700,15.303
6671,0,2,1,0.500,81180,87284,3.256,4.700,15.303
6711,0,2,1,0.500,80998,86850,3.256,4.700,15.303
6752,0,2,1,0.500,80808,86410,3.256,4.700,15.303
6791,0,2,1,0.500,80708,86204,3.256,4.800,15.629
6831,0,2,1,0.500,80707,86202,3.256,4.800,15.629
6872,0,2,1,0.500,80870,86547,3.256,4.600,14.978
6911,0,2,1,0.500,81026,86936,3.256,4.600,14.978
6952,0,2,1,0.500,80822,86468,3.256,4.600,14.978
6992,0,2,1,0.500,80394,85607,3.256,4.700,15.303
7031,0,2,1,0.500,80557,85952,3.256,4.700,15.303
7072,0,2,1,0.500,80728,86434,3.252,4.800,15.610
7111,0,2,1,0.500,81001,86950,3.252,4.800,15.610
7151,0,2,1,0.500,81140,87280,3.252,4.800,15.610
7192,0,2,1,0.500,81323,87628,3.260,4.800,15.648
7232,0,2,1,0.500,81364,87786,3.260,4.800,15.648
7272,0,2,1,0.500,81453,87947,3.256,4.700,15.303
7312,0,2,1,0.500,81577,88200,3.256,4.700,15.303
7352,0,2,1,0.500,81626,88318,3.256,4.700,15.303
7392,0,2,1,0.500,81533,88083,3.256,4.800,15.629
7432,0,2,1,0.500,81325,87602,3.256,4.800,15.629
7472,0,2,1,0.500,81005,86962,3.256,4.800,15.629
7512,0,2,1,0.500,80725,86326,3.256,4.800,15.629
7552,0,2,1,0.500,80311,85386,3.256,4.800,15.629
7592,0,2,1,0.500,79923,84591,3.256,4.700,15.303
7632,0,2,1,0.500,79865,84522,3.256,4.700,15.303
7672,0,2,1,0.500,79905,84568,3.256,4.700,15.303
7712,0,2,1,0.500,79869,84573,3.256,4.700,15.303
7752,0,2,1,0.500,79940,84703,3.256,4.700,15.303
7792,0,2,1,0.500,80029,84894,3.256,4.600,14.978
7832,0,2,1,0.500,80110,85088,3.256,4.600,14.978
7872,0,2,1,0.500,80134,85137,3.256,5.000,16.280
7912,0,2,1,0.500,80215,85345,3.256,5.000,16.280
7952,0,2,1,0.500,80508,85915,3.256,5.000,16.280
7992,0,2,1,0.500,80692,86292,3.256,4.800,15.629
8032,0,2,1,0.500,80734,86395,3.256,4.800,15.629
8072,0,2,1,0.500,80722,86344,3.256,5.100,16.606
8112,0,2,1,0.500,80577,86066,3.256,5.100,16.606
8152,0,2,1,0.500,80522,85959,3.256,5.100,16.606
8192,0,2,1,0.500,80439,85840,3.256,5.100,16.606
8232,0,2,1,0.500,80499,85890,3.256,5.100,16.606
8272,0,2,1,0.500,80570,86080,3.256,4.700,15.303
8312,0,2,1,0.500,80605,86123,3.256,4.700,15.303
8352,0,2,1,0.500,80400,85641,3.256,4.700,15.303
8392,0,2,1,0.500,80321,85452,3.260,5.000,16.300
8432,0,2,1,0.500,80489,85752,3.260,5.000,16.300
8472,0,2,1,0.500,80614,86065,3.256,4.900,15.954
8512,0,2,1,0.500,80689,86271,3.256,4.900,15.954
8552,0,2,1,0.500,80799,86541,3.256,4.900,15.954
8592,0,2,1,0.500,80927,86755,3.256,4.500,14.652
8632,0,2,1,0.500,81017,86920,3.256,4.500,14.652
8672,0,2,1,0.500,81024,87000,3.252,4.900,15.935
8712,0,2,1,0.500,81008,86933,3.252,4.900,15.935
8752,0,2,1,0.500,80953,86848,3.252,4.900,15.935
8792,0,2,1,0.500,81010,86918,3.260,4.800,15.648
8832,0,2,1,0.500,80976,86911,3.260,4.800,15.648
8872,0,2,1,0.500,81010,87037,3.256,4.700,15.303
8912,0,2,1,0.500,81103,87170,3.256,4.700,15.303
8952,0,2,1,0.500,81150,87316,3.256,4.700,15.303
8992,0,2,1,0.500,81212,87413,3.256,5.000,16.280
9032,0,2,1,0.500,81275,87559,3.256,5.000,16.280
9072,0,2,1,0.500,81356,87683,3.256,4.800,15.629
9112,0,2,1,0.500,81128,87177,3.256,4.800,15.629
9152,0,2,1,0.500,80938,86773,3.256,4.800,15.629
9192,0,2,1,0.500,80953,86788,3.252,4.700,15.284
9232,0,2,1,0.500,80872,86645,3.252,4.700,15.284
9272,0,2,1,0.500,80808,86539,3.256,5.000,16.280
9312,0,2,1,0.500,80861,86701,3.256,5.000,16.280
9352,0,2,1,0.500,80983,86921,3.256,5.000,16.280
9392,0,2,1,0.500,81107,87248,3.256,4.900,15.954
9432,0,2,1,0.500,81211,87433,3.256,4.900,15.954
9472,0,2,1,0.500,81316,87575,3.256,5.100,16.606
9512,0,2,1,0.500,81334,87655,3.256,5.100,16.606
9552,0,2,1,0.500,81408,87838,3.256,5.100,16.606
9592,0,2,1,0.500,81473,87978,3.256,4.900,15.954
9632,0,2,1,0.500,81498,88026,3.256,4.900,15.954
9672,0,2,1,0.500,81471,88048,3.256,4.900,15.954
9712,0,2,1,0.500,81509,88056,3.256,4.900,15.954
9752,0,2,1,0.500,81517,88108,3.256,4.900,15.954
9792,0,2,1,0.500,81519,88138,3.256,5.000,16.280
9832,0,2,1,0.500,81486,88069,3.256,5.000,16.280
9872,0,2,1,0.500,81251,87476,3.252,4.800,15.610
9912,0,2,1,0.500,80991,86929,3.252,4.800,15.610
9952,0,2,1,0.500,80944,86790,3.252,4.800,15.610
9992,0,2,1,0.500,80866,86739,3.256,4.600,14.978
10032,0,2,1,0.500,80871,86682,3.256,4.600,14.978
10072,0,2,1,0.500,80915,86806,3.260,4.900,15.974
10112,0,2,1,0.500,80970,86951,3.260,4.900,15.974
10152,0,2,1,0.500,81046,87135,3.260,4.900,15.974
10192,0,2,1,0.500,81152,87309,3.252,4.700,15.284
10232,0,2,1,0.500,81263,87574,3.252,4.700,15.284
10272,0,2,1,0.500,81380,87783,3.256,5.000,16.280
10312,0,2,1,0.500,81384,87856,3.256,5.000,16.280
10353,0,2,1,0.500,81482,88060,3.256,5.000,16.280
10392,0,2,1,0.500,81562,88221,3.252,4.900,15.935
10432,0,2,1,0.500,81594,88313,3.252,4.900,15.935
10472,0,2,1,0.500,81572,88317,3.252,4.900,15.935
10512,0,2,1,0.500,81616,88397,3.252,4.900,15.935
10553,0,2,1,0.500,81581,88332,3.252,4.900,15.935
10592,0,2,1,0.500,81528,88255,3.256,4.700,15.303
10632,0,2,1,0.500,81367,87885,3.256,4.700,15.303
10672,0,2,1,0.500,81015,87033,3.256,4.800,15.629
10712,0,2,1,0.500,80818,86596,3.256,4.800,15.629
10753,0,2,1,0.500,80787,86584,3.256,4.800,15.629
10792,0,2,1,0.500,80800,86618,3.256,4.800,15.629
10832,0,2,1,0.500,80802,86654,3.256,4.800,15.629
10872,0,2,1,0.500,80868,86802,3.256,5.000,16.280
10912,0,2,1,0.500,80969,87003,3.256,5.000,16.280
10953,0,2,1,0.500,81020,87135,3.256,5.000,16.280
10992,0,2,1,0.500,81110,87311,3.256,4.900,15.954
11032,0,2,1,0.500,81159,87472,3.256,4.900,15.954
11073,0,2,1,0.500,81121,87392,3.256,4.600,14.978
11112,0,2,1,0.500,81093,87361,3.256,4.600,14.978
11153,0,2,1,0.500,81067,87332,3.256,4.600,14.978
11193,0,2,1,0.500,81092,87384,3.256,5.000,16.280
11232,0,2,1,0.500,81086,87376,3.256,5.000,16.280
11273,0,2,1,0.500,81072,87416,3.256,4.800,15.629
11313,0,2,1,0.500,81170,87594,3.256,4.800,15.629
11353,0,2,1,0.500,81280,87840,3.256,4.800,15.629
11393,0,2,1,0.500,81336,87961,3.256,4.800,15.629
11433,0,2,1,0.500,81212,87656,3.256,4.800,15.629
11473,0,2,1,0.500,80927,87017,3.256,4.900,15.954
11513,0,2,1,0.500,80832,86783,3.256,4.900,15.954
11553,0,2,1,0.500,80833,86719,3.256,4.900,15.954
11593,0,2,1,0.500,80809,86681,3.260,4.900,15.974
11633,0,2,1,0.500,80730,86521,3.260,4.900,15.974
11673,0,2,1,0.500,80759,86581,3.256,4.500,14.652
11713,0,2,1,0.500,80846,86799,3.256,4.500,14.652
11753,0,2,1,0.500,80867,86809,3.256,4.500,14.652
11793,0,2,1,0.500,80859,86853,3.256,4.800,15.629
11833,0,2,1,0.500,80926,87046,3.256,4.800,15.629
11873,0,2,1,0.500,81035,87338,3.256,5.000,16.280
11913,0,2,1,0.500,81133,87516,3.256,5.000,16.280
11953,0,2,1,0.500,81092,87434,3.256,5.000,16.280
11993,0,2,1,0.500,81044,87345,3.260,5.000,16.300
12033,0,2,1,0.500,81006,87317,3.260,5.000,16.300
12073,0,2,1,0.500,81029,87252,3.256,4.600,14.978
12113,0,2,1,0.500,80970,87216,3.256,4.600,14.978
12153,0,2,1,0.500,81024,87307,3.256,4.600,14.978
12193,0,2,1,0.500,80804,86790,3.252,4.800,15.610
12233,0,2,1,0.500,80495,86118,3.252,4.800,15.610
12273,0,2,1,0.500,80365,85902,3.256,4.800,15.629
12313,0,2,1,0.500,80523,86160,3.256,4.800,15.629
12353,0,2,1,0.500,80508,86192,3.256,4.800,15.629
12393,0,2,1,0.500,80583,86323,3.256,4.700,15.303
12433,0,2,1,0.500,80644,86503,3.256,4.700,15.303
12473,0,2,1,0.500,80700,86607,3.256,4.500,14.652
12513,0,2,1,0.500,80682,86537,3.256,4.500,14.652
12553,0,2,1,0.500,80627,86400,3.256,4.500,14.652
12593,0,2,1,0.500,80680,86591,3.256,4.600,14.978
12633,0,2,1,0.500,80869,86984,3.256,4.600,14.978
12673,0,2,1,0.500,81059,87385,3.256,4.800,15.629
12713,0,2,1,0.500,81151,87639,3.256,4.800,15.629
12753,0,2,1,0.500,81183,87673,3.256,4.800,15.629
12793,0,2,1,0.500,81210,87726,3.256,4.700,15.303
12833,0,2,1,0.500,81169,87671,3.256,4.700,15.303
12873,0,2,1,0.500,81131,87566,3.260,4.900,15.974
12913,0,2,1,0.500,81093,87498,3.260,4.900,15.974
12953,0,2,1,0.500,80860,86935,3.260,4.900,15.974
12993,0,2,1,0.500,80632,86429,3.252,5.000,16.260
13033,0,2,1,0.500,80643,86428,3.252,5.000,16.260
13073,0,2,1,0.500,80732,86602,3.256,4.800,15.629
13113,0,2,1,0.500,80767,86687,3.256,4.800,15.629
13153,0,2,1,0.500,80759,86725,3.256,4.800,15.629
13193,0,2,1,0.500,80800,86741,3.256,4.600,14.978
13233,0,2,1,0.500,80880,86926,3.256,4.600,14.978
13273,0,2,1,0.500,80952,87094,3.256,4.800,15.629
13313,0,2,1,0.500,81023,87204,3.256,4.800,15.629
13353,0,2,1,0.500,81043,87242,3.256,4.800,15.629
13393,0,2,1,0.500,81072,87346,3.256,5.000,16.280
13433,0,2,1,0.500,81207,87615,3.256,5.000,16.280
13473,0,2,1,0.500,81226,87691,3.256,4.600,14.978
13513,0,2,1,0.500,81209,87652,3.256,4.600,14.978
13553,0,2,1,0.500,81249,87701,3.256,4.600,14.978
13593,0,2,1,0.500,81281,87798,3.252,4.700,15.284
13633,0,2,1,0.500,81310,87862,3.252,4.700,15.284
13673,0,2,1,0.500,81319,87859,3.256,5.100,16.606
13713,0,2,1,0.500,81107,87432,3.256,5.100,16.606
13753,0,2,1,0.500,80841,86817,3.256,5.100,16.606
13793,0,2,1,0.500,80690,86524,3.256,4.900,15.954
13833,0,2,1,0.500,80773,86631,3.256,4.900,15.954
13873,0,2,1,0.500,80816,86760,3.256,4.900,15.954
13913,0,2,1,0.500,80824,86774,3.256,4.900,15.954
13953,0,2,1,0.500,80848,86884,3.256,4.900,15.954
13993,0,2,1,0.500,80904,86898,3.252,5.100,16.585
14033,0,2,1,0.500,80853,86844,3.252,5.100,16.585
14073,0,2,1,0.500,80895,86890,3.256,4.700,15.303
14113,0,2,1,0.500,80996,87148,3.256,4.700,15.303
14154,0,2,1,0.500,81116,87438,3.256,4.700,15.303
14193,0,2,1,0.500,81215,87692,3.256,5.100,16.606
14233,0,2,1,0.500,81310,87865,3.256,5.100,16.606
14273,0,2,1,0.500,81327,87899,3.252,4.900,15.935
14313,0,2,1,0.500,81393,88026,3.252,4.900,15.935
14353,0,2,1,0.500,81410,88078,3.252,4.900,15.935
14393,0,2,1,0.500,81428,88105,3.256,4.600,14.978
14433,0,2,1,0.500,81428,88177,3.256,4.600,14.978
14473,0,2,1,0.500,81526,88259,3.256,5.100,16.606
14513,0,2,1,0.500,81273,87723,3.256,5.100,16.606
14553,0,2,1,0.500,80960,86997,3.256,5.100,16.606
14593,0,2,1,0.500,80835,86745,3.256,4.900,15.954
14633,0,2,1,0.500,80913,86949,3.256,4.900,15.954
14674,0,2,1,0.500,80969,87083,3.256,4.900,15.954
14713,0,2,1,0.500,81067,87318,3.256,4.900,15.954
14753,0,2,1,0.500,81189,87537,3.256,4.900,15.954
14794,0,2,1,0.500,81288,87777,3.256,5.000,16.280
14833,0,2,1,0.500,81287,87825,3.256,5.000,16.280
14874,0,2,1,0.500,81344,87911,3.256,4.800,15.629
14914,0,2,1,0.500,81370,87948,3.256,4.800,15.629
14954,0,2,1,0.500,81411,88098,3.256,4.800,15.629
14994,0,2,1,0.500,81484,88225,3.260,4.700,15.322
15034,0,2,1,0.500,81499,88357,3.260,4.700,15.322
15074,0,2,1,0.500,81463,88319,3.256,5.000,16.280
15114,0,2,1,0.500,81449,88255,3.256,5.000,16.280
15154,0,2,1,0.500,81415,88150,3.256,5.000,16.280
15194,0,2,1,0.500,81423,88190,3.256,4.500,14.652
15234,0,2,1,0.500,81433,88258,3.256,4.500,14.652
15274,0,2,1,0.500,81499,88335,3.256,4.800,15.629
15314,0,2,1,0.500,81282,87909,3.256,4.800,15.629
15354,0,2,1,0.500,81018,87285,3.256,4.800,15.629
15394,0,2,1,0.500,80994,87179,3.252,4.800,15.610
15434,0,2,1,0.500,81054,87334,3.252,4.800,15.610
15474,0,2,1,0.500,81077,87420,3.256,4.700,15.303
15514,0,2,1,0.500,81186,87664,3.256,4.700,15.303
15554,0,2,1,0.500,81263,87834,3.256,4.700,15.303
15594,0,2,1,0.500,81289,87891,3.252,4.900,15.935
15634,0,2,1,0.500,81262,87851,3.252,4.900,15.935
15674,0,2,1,0.500,81401,88087,3.256,5.100,16.606
15714,0,2,1,0.500,81523,88343,3.256,5.100,16.606
15754,0,2,1,0.500,81610,88585,3.256,5.100,16.606
15794,0,2,1,0.500,81688,88693,3.256,4.900,15.954
15834,0,2,1,0.500,81697,88827,3.256,4.900,15.954
15874,0,2,1,0.500,81731,88918,3.252,4.700,15.284
15914,0,2,1,0.500,81821,89067,3.252,4.700,15.284
15954,0,2,1,0.500,81704,89257,3.252,4.700,15.284
15994,0,2,1,0.500,81584,89457,3.252,4.700,15.284
16034,0,2,1,0.500,81505,89267,3.252,4.700,15.284
16074,0,2,1,0.500,81241,88615,3.256,4.800,15.629
16114,0,2,1,0.500,80959,88020,3.256,4.800,15.629
16154,0,2,1,0.500,80913,87852,3.256,4.800,15.629
16194,0,2,1,0.500,80943,87969,3.236,4.900,15.856
16234,0,2,1,0.500,81010,88225,3.236,4.900,15.856
16274,0,2,1,0.500,81086,88367,3.252,4.900,15.935
16314,0,2,1,0.500,81128,88482,3.252,4.900,15.935
16354,0,2,1,0.500,81134,88429,3.252,4.900,15.935
16394,0,2,1,0.500,81152,88474,3.256,5.700,18.559
16434,0,2,1,0.500,81182,88549,3.256,5.700,18.559
16474,0,2,1,0.500,81248,88648,3.236,4.800,15.533
16514,0,2,1,0.500,81228,88622,3.236,4.800,15.533
16554,0,2,1,0.500,81233,88675,3.236,4.800,15.533
16594,0,2,1,0.500,81253,88717,3.256,4.900,15.954
16634,0,2,1,0.500,81272,88779,3.256,4.900,15.954
16674,0,2,1,0.500,81254,88796,3.252,4.900,15.935
16684,0,2,1,0.500,81054,87334,3.252,4.900,15.935
16714,0,2,1,0.500,81344,88980,3.252,4.900,15.935
16754,0,2,1,0.500,81429,89157,3.252,4.900,15.935
16794,0,2,1,0.500,81251,88694,3.240,4.800,15.552
16834,0,2,1,0.500,80974,88081,3.240,4.800,15.552
16874,0,2,1,0.500,80932,87965,3.256,4.700,15.303
16914,0,2,1,0.500,80993,88138,3.256,4.700,15.303
16954,0,2,1,0.500,81035,88213,3.256,4.700,15.303
16994,0,2,1,0.500,81049,88294,3.256,5.300,17.257
17034,0,2,1,0.500,81119,88463,3.256,5.300,17.257
17074,0,2,1,0.500,81160,88511,3.240,4.900,15.876
17114,0,2,1,0.500,81123,88435,3.240,4.900,15.876
17154,0,2,1,0.500,81082,88407,3.240,4.900,15.876
17194,0,2,1,0.500,81117,88418,3.252,4.700,15.284
17234,0,2,1,0.500,81169,88598,3.252,4.700,15.284
17274,0,2,1,0.500,81172,88593,3.256,5.200,16.931
17314,0,2,1,0.500,81243,88687,3.256,5.200,16.931
17354,0,2,1,0.500,81195,88635,3.256,5.200,16.931
17394,0,2,1,0.500,81162,88567,3.240,4.800,15.552
17434,0,2,1,0.500,81171,88582,3.240,4.800,15.552
17474,0,2,1,0.500,81050,88335,3.252,5.000,16.260
17514,0,2,1,0.500,80520,87168,3.252,5.000,16.260
17554,0,2,1,0.500,79741,85414,3.252,5.000,16.260
17594,0,2,1,0.500,79520,85008,3.236,5.000,16.180
17634,0,2,1,0.500,79696,85414,3.236,5.000,16.180
17674,0,2,1,0.500,80087,86209,3.240,5.000,16.200
17714,0,2,1,0.500,80140,86325,3.240,5.000,16.200
17754,0,2,1,0.500,80181,86381,3.240,5.000,16.200
17794,0,2,1,0.500,80245,86492,3.252,7.000,22.764
17834,0,2,1,0.500,80311,86667,3.252,7.000,22.764
17875,0,2,1,0.500,80355,86703,3.236,4.900,15.856
17914,0,2,1,0.500,80385,86810,3.236,4.900,15.856
17954,0,2,1,0.500,80489,87024,3.236,4.900,15.856
17995,0,2,1,0.500,80487,87119,3.248,4.900,15.915
18034,0,2,1,0.500,80531,87140,3.248,4.900,15.915
18074,0,2,1,0.500,80603,87319,3.256,6.900,22.466
18115,0,2,1,0.500,80700,87512,3.256,6.900,22.466
18154,0,2,1,0.500,80770,87745,3.256,6.900,22.466
18195,0,2,1,0.500,80880,87892,3.236,4.700,15.209
18235,0,2,1,0.500,80892,87949,3.236,4.700,15.209
18274,0,2,1,0.500,80687,87464,3.248,5.200,16.890
18315,0,2,1,0.500,80367,86701,3.248,5.200,16.890
18355,0,2,1,0.500,80265,86522,3.248,5.200,16.890
18395,0,2,1,0.500,80354,86711,3.252,6.600,21.463
18435,0,2,1,0.500,80506,87025,3.252,6.600,21.463
18474,0,2,1,0.500,80597,87306,3.236,4.900,15.856
18515,0,2,1,0.500,80707,87456,3.236,4.900,15.856
18555,0,2,1,0.500,80731,87514,3.236,4.900,15.856
18594,0,2,1,0.500,80715,87505,3.252,7.000,22.764
18635,0,2,1,0.500,80755,87560,3.252,7.000,22.764
18675,0,2,1,0.500,80813,87707,3.232,6.900,22.301
18714,0,2,1,0.500,80851,87804,3.232,6.900,22.301
18755,0,2,1,0.500,80883,87843,3.232,6.900,22.301
18795,0,2,1,0.500,80874,87901,3.236,4.900,15.856
18835,0,2,1,0.500,80900,87910,3.236,4.900,15.856
18875,0,2,1,0.500,80825,87801,3.252,7.000,22.764
18915,0,2,1,0.500,80803,87733,3.252,7.000,22.764
18955,0,2,1,0.500,80866,87883,3.252,7.000,22.764
18995,0,2,1,0.500,80938,87995,3.236,7.100,22.976
19035,0,2,1,0.500,80846,87795,3.236,7.100,22.976
19075,0,2,1,0.500,80582,87179,3.240,4.900,15.876
19115,0,2,1,0.500,80387,86713,3.240,4.900,15.876
19155,0,2,1,0.500,80409,86785,3.240,4.900,15.876
19195,0,2,1,0.500,80492,87011,3.248,7.300,23.710
19235,0,2,1,0.500,80620,87235,3.248,7.300,23.710
19275,0,2,1,0.500,80659,87351,3.240,6.900,22.356
19315,0,2,1,0.500,80650,87322,3.240,6.900,22.356
19355,0,2,1,0.500,80646,87272,3.240,6.900,22.356
19395,0,2,1,0.500,80620,87282,3.240,6.900,22.356
19435,0,2,1,0.500,80663,87375,3.240,6.900,22.356
19475,0,2,1,0.500,80776,87613,3.240,7.000,22.680
19515,0,2,1,0.500,80849,87761,3.240,7.000,22.680
19555,0,2,1,0.500,80918,87950,3.240,7.000,22.680
19595,0,2,1,0.500,80965,88087,3.236,6.700,21.681
19635,0,2,1,0.500,81074,88303,3.236,6.700,21.681
19675,0,2,1,0.500,81105,88385,3.240,7.200,23.328
19715,0,2,1,0.500,81204,88620,3.240,7.200,23.328
19755,0,2,1,0.500,81263,88703,3.240,7.200,23.328
19795,0,2,1,0.500,81101,88348,3.252,7.100,23.089
19835,0,2,1,0.500,80801,87608,3.252,7.100,23.089
19875,0,2,1,0.500,80669,87301,3.236,6.700,21.681
19915,0,2,1,0.500,80685,87362,3.236,6.700,21.681
19955,0,2,1,0.500,80772,87592,3.236,6.700,21.681
19995,0,2,1,0.500,80883,87784,3.236,6.800,22.005
20035,0,2,1,0.500,80901,87836,3.236,6.800,22.005
20075,0,2,1,0.500,80848,87769,3.236,7.200,23.299
20115,0,2,1,0.500,80858,87732,3.236,7.200,23.299
20155,0,2,1,0.500,80831,87728,3.236,7.200,23.299
20195,0,2,1,0.500,80881,87841,3.236,6.200,20.063
20235,0,2,1,0.500,80949,87998,3.236,6.200,20.063
20275,0,2,1,0.500,81014,88102,3.240,7.200,23.328
20315,0,2,1,0.500,81037,88196,3.240,7.200,23.328
20355,0,2,1,0.500,81085,88312,3.240,7.200,23.328
20395,0,2,1,0.500,81121,88408,3.236,6.800,22.005
20435,0,2,1,0.500,81154,88516,3.236,6.800,22.005
20475,0,2,1,0.500,81209,88692,3.236,5.800,18.769
20515,0,2,1,0.500,81351,88974,3.236,5.800,18.769
20555,0,2,1,0.500,81309,88862,3.236,5.800,18.769
20595,0,2,1,0.500,80953,88044,3.240,7.100,23.004
20635,0,2,1,0.500,80691,87407,3.240,7.100,23.004
20675,0,2,1,0.500,80655,87351,3.236,7.100,22.976
20715,0,2,1,0.500,80688,87459,3.236,7.100,22.976
20755,0,2,1,0.500,80747,87522,3.236,7.100,22.976
20795,0,2,1,0.500,80786,87590,3.236,5.900,19.092
20835,0,2,1,0.500,80790,87654,3.236,5.900,19.092
20875,0,2,1,0.500,80779,87655,3.256,7.200,23.443
20915,0,2,1,0.500,80814,87714,3.256,7.200,23.443
20955,0,2,1,0.500,80897,87934,3.256,7.200,23.443
20995,0,2,1,0.500,80962,88135,3.236,7.100,22.976
21035,0,2,1,0.500,81096,88325,3.236,7.100,22.976
21075,0,2,1,0.500,81138,88448,3.236,5.900,19.092
21115,0,2,1,0.500,81151,88464,3.236,5.900,19.092
21155,0,2,1,0.500,81152,88423,3.236,5.900,19.092
21195,0,2,1,0.500,81214,88546,3.256,7.100,23.118
21235,0,2,1,0.500,81262,88738,3.256,7.100,23.118
21275,0,2,1,0.500,81371,88974,3.240,6.900,22.356
21315,0,2,1,0.500,81396,89109,3.240,6.900,22.356
21355,0,2,1,0.500,81242,88730,3.240,6.900,22.356
21395,0,2,1,0.500,80887,87900,3.236,6.500,21.034
21435,0,2,1,0.500,80705,87389,3.236,6.500,21.034
21475,0,2,1,0.500,80683,87376,3.256,7.300,23.769
21515,0,2,1,0.500,80758,87538,3.256,7.300,23.769
21555,0,2,1,0.500,80796,87606,3.256,7.300,23.769
21595,0,2,1,0.500,80828,87691,3.236,4.800,15.533
21635,0,2,1,0.500,80828,87714,3.236,4.800,15.533
21675,0,2,1,0.500,80896,87824,3.256,6.100,19.862
21715,0,2,1,0.500,80893,87829,3.256,6.100,19.862
21756,0,2,1,0.500,80841,87764,3.256,6.100,19.862
21795,0,2,1,0.500,80899,87882,3.256,7.100,23.118
21835,0,2,1,0.500,80987,88098,3.256,7.100,23.118
21875,0,2,1,0.500,81039,88249,3.240,7.000,22.680
21915,0,2,1,0.500,81166,88464,3.240,7.000,22.680
21956,0,2,1,0.500,81214,88570,3.240,7.000,22.680
21995,0,2,1,0.500,81223,88608,3.256,4.900,15.954
22035,0,2,1,0.500,81227,88618,3.256,4.900,15.954
22075,0,2,1,0.500,81236,88642,3.256,7.000,22.792
22115,0,2,1,0.500,81246,88718,3.256,7.000,22.792
22155,0,2,1,0.500,81267,88781,3.256,7.000,22.792
22196,0,2,1,0.500,81079,88304,3.248,7.200,23.386
22235,0,2,1,0.500,80727,87491,3.248,7.200,23.386
22276,0,2,1,0.500,80581,87217,3.252,4.700,15.284
22316,0,2,1,0.500,80672,87361,3.252,4.700,15.284
22355,0,2,1,0.500,80741,87559,3.252,4.700,15.284
22396,0,2,1,0.500,80827,87704,3.256,6.700,21.815
22436,0,2,1,0.500,80837,87792,3.256,6.700,21.815
22476,0,2,1,0.500,80837,87770,3.252,7.200,23.414
22516,0,2,1,0.500,80813,87720,3.252,7.200,23.414
22556,0,2,1,0.500,80879,87886,3.252,7.200,23.414
22596,0,2,1,0.500,80940,88090,3.240,5.100,16.524
22636,0,2,1,0.500,81019,88191,3.240,5.100,16.524
22676,0,2,1,0.500,80969,88226,3.256,5.600,18.234
22716,0,2,1,0.500,81013,88272,3.256,5.600,18.234
22756,0,2,1,0.500,81114,88464,3.256,5.600,18.234
22796,0,2,1,0.500,81156,88596,3.256,7.000,22.792
22836,0,2,1,0.500,81151,88592,3.256,7.000,22.792
22876,0,2,1,0.500,81191,88644,3.240,4.700,15.228
22916,0,2,1,0.500,81232,88756,3.240,4.700,15.228
22956,0,2,1,0.500,81219,88748,3.240,4.700,15.228
22996,0,2,1,0.500,80960,88076,3.256,4.900,15.954
23036,0,2,1,0.500,80641,87412,3.256,4.900,15.954
23076,0,2,1,0.500,80643,87418,3.256,7.000,22.792
23116,0,2,1,0.500,80700,87562,3.256,7.000,22.792
23156,0,2,1,0.500,80758,87683,3.256,7.000,22.792
23196,0,2,1,0.500,80808,87879,3.252,4.600,14.959
23236,0,2,1,0.500,80922,88036,3.252,4.600,14.959
23276,0,2,1,0.500,80849,87970,3.256,4.600,14.978
23316,0,2,1,0.500,80866,87936,3.256,4.600,14.978
23356,0,2,1,0.500,80942,88093,3.256,4.600,14.978
23396,0,2,1,0.500,81025,88291,3.256,6.800,22.141
23436,0,2,1,0.500,81129,88507,3.256,6.800,22.141
23476,0,2,1,0.500,81190,88671,3.256,7.000,22.792
23516,0,2,1,0.500,81210,88710,3.256,7.000,22.792
23556,0,2,1,0.500,81188,88677,3.256,7.000,22.792
23596,0,2,1,0.500,81169,88634,3.260,4.800,15.648
23636,0,2,1,0.500,81169,88647,3.260,4.800,15.648
23676,0,2,1,0.500,81257,88860,3.256,5.200,16.931
23716,0,2,1,0.500,81323,88956,3.256,5.200,16.931
23756,0,2,1,0.500,81093,88461,3.256,5.200,16.931
23796,0,2,1,0.500,80737,87626,3.256,7.100,23.118
23836,0,2,1,0.500,80588,87311,3.256,7.100,23.118
23876,0,2,1,0.500,80603,87384,3.240,4.600,14.904
23916,0,2,1,0.500,80656,87506,3.240,4.600,14.904
23956,0,2,1,0.500,80729,87628,3.240,4.600,14.904
23996,0,2,1,0.500,80761,87669,3.256,4.800,15.629
24036,0,2,1,0.500,80747,87669,3.256,4.800,15.629
24076,0,2,1,0.500,80745,87591,3.256,7.100,23.118
24116,0,2,1,0.500,80703,87582,3.256,7.100,23.118
24156,0,2,1,0.500,80716,87692,3.256,7.100,23.118
24196,0,2,1,0.500,80816,87836,3.256,4.700,15.303
24236,0,2,1,0.500,80847,87986,3.256,4.700,15.303
24276,0,2,1,0.500,80910,88090,3.256,4.500,14.652
24316,0,2,1,0.500,80985,88272,3.256,4.500,14.652
24356,0,2,1,0.500,81008,88349,3.256,4.500,14.652
24396,0,2,1,0.500,81029,88449,3.252,6.000,19.512
24436,0,2,1,0.500,81149,88684,3.252,6.000,19.512
24476,0,2,1,0.500,81215,88863,3.256,4.700,15.303
24516,0,2,1,0.500,81095,88545,3.256,4.700,15.303
24556,0,2,1,0.500,80745,87703,3.256,4.700,15.303
24596,0,2,1,0.500,80561,87247,3.256,4.500,14.652
24636,0,2,1,0.500,80590,87320,3.256,4.500,14.652
24676,0,2,1,0.500,80657,87477,3.252,4.700,15.284
24716,0,2,1,0.500,80701,87579,3.252,4.700,15.284
24756,0,2,1,0.500,80776,87756,3.252,4.700,15.284
24796,0,2,1,0.500,80816,87817,3.256,4.500,14.652
24836,0,2,1,0.500,80841,87919,3.256,4.500,14.652
24876,0,2,1,0.500,80841,87906,3.256,4.500,14.652
24916,0,2,1,0.500,80871,87968,3.256,4.500,14.652
24956,0,2,1,0.500,80947,88162,3.256,4.500,14.652
24996,0,2,1,0.500,80989,88336,3.256,4.800,15.629
25036,0,2,1,0.500,81088,88516,3.256,4.800,15.629
25076,0,2,1,0.500,81166,88696,3.256,4.400,14.326
25116,0,2,1,0.500,81233,88814,3.256,4.400,14.326
25156,0,2,1,0.500,81212,88810,3.256,4.400,14.326
25196,0,2,1,0.500,81252,88846,3.256,4.800,15.629
25236,0,2,1,0.500,81236,88871,3.256,4.800,15.629
25276,0,2,1,0.500,81245,88878,3.256,4.500,14.652
25316,0,2,1,0.500,81162,88704,3.256,4.500,14.652
25356,0,2,1,0.500,80830,87867,3.256,4.500,14.652
25397,0,2,1,0.500,80578,87297,3.256,4.600,14.978
25437,0,2,1,0.500,80578,87322,3.256,4.600,14.978
25476,0,2,1,0.500,80717,87610,3.256,4.900,15.954
25517,0,2,1,0.500,80766,87723,3.256,4.900,15.954
25557,0,2,1,0.500,80819,87910,3.256,4.900,15.954
25596,0,2,1,0.500,80858,87937,3.260,4.800,15.648
25637,0,2,1,0.500,80825,87905,3.260,4.800,15.648
25676,0,2,1,0.500,80810,87849,3.256,4.900,15.954
25716,0,2,1,0.500,80848,87924,3.256,4.900,15.954
25757,0,2,1,0.500,80910,88070,3.256,4.900,15.954
25796,0,2,1,0.500,80970,88199,3.256,4.800,15.629
25836,0,2,1,0.500,81029,88366,3.256,4.800,15.629
25877,0,2,1,0.500,81134,88560,3.260,5.000,16.300
25916,0,2,1,0.500,81229,88802,3.260,5.000,16.300
25957,0,2,1,0.500,81309,88934,3.260,5.000,16.300
25997,0,2,1,0.500,81346,89085,3.256,4.900,15.954
26036,0,2,1,0.500,81412,89234,3.256,4.900,15.954
26077,0,2,1,0.500,81356,89081,3.256,4.900,15.954
26117,0,2,1,0.500,81001,88264,3.256,4.900,15.954
26156,0,2,1,0.500,80749,87678,3.256,4.900,15.954
26197,0,2,1,0.500,80720,87564,3.256,4.600,14.978
26237,0,2,1,0.500,80782,87795,3.256,4.600,14.978
26277,0,2,1,0.500,80816,87896,3.256,4.700,15.303
26317,0,2,1,0.500,80902,88078,3.256,4.700,15.303
26357,0,2,1,0.500,80920,88127,3.256,4.700,15.303
26397,0,2,1,0.500,80892,88054,3.256,4.800,15.629
26437,0,2,1,0.500,80892,88060,3.256,4.800,15.629
26477,0,2,1,0.500,80950,88114,3.256,4.700,15.303
26517,0,2,1,0.500,80982,88232,3.256,4.700,15.303
26557,0,2,1,0.500,81022,88354,3.256,4.700,15.303
26597,0,2,1,0.500,81032,88406,3.256,4.600,14.978
26637,0,2,1,0.500,81082,88556,3.256,4.600,14.978
26677,0,2,1,0.500,81113,88658,3.256,4.600,14.978
26717,0,2,1,0.500,81178,88769,3.256,4.600,14.978
26757,0,2,1,0.500,81234,88892,3.256,4.600,14.978
26797,0,2,1,0.500,81256,88913,3.256,4.900,15.954
26837,0,2,1,0.500,81025,88388,3.256,4.900,15.954
26877,0,2,1,0.500,80797,87816,3.256,4.800,15.629
26917,0,2,1,0.500,80786,87797,3.256,4.800,15.629
26957,0,2,1,0.500,80863,88013,3.256,4.800,15.629
26997,0,2,1,0.500,80917,88225,3.256,4.700,15.303
27037,0,2,1,0.500,80958,88265,3.256,4.700,15.303
27077,0,2,1,0.500,80880,88130,3.256,4.700,15.303
27117,0,2,1,0.500,80844,88020,3.256,4.700,15.303
27157,0,2,1,0.500,80870,88079,3.256,4.700,15.303
27197,0,2,1,0.500,80910,88186,3.256,4.600,14.978
27237,0,2,1,0.500,81013,88456,3.256,4.600,14.978
27277,0,2,1,0.500,81139,88694,3.256,4.600,14.978
27317,0,2,1,0.500,81178,88833,3.256,4.600,14.978
27357,0,2,1,0.500,81195,88862,3.256,4.600,14.978
27397,0,2,1,0.500,81173,88837,3.260,4.800,15.648
27437,0,2,1,0.500,81229,88963,3.260,4.800,15.648
27477,0,2,1,0.500,81214,88992,3.256,4.800,15.629
27517,0,2,1,0.500,81107,88635,3.256,4.800,15.629
27557,0,2,1,0.500,80761,87835,3.256,4.800,15.629
27597,0,2,1,0.500,80582,87387,3.256,4.900,15.954
27637,0,2,1,0.500,80592,87467,3.256,4.900,15.954
27677,0,2,1,0.500,80690,87689,3.256,4.900,15.954
27717,0,2,1,0.500,80727,87810,3.256,4.900,15.954
27757,0,2,1,0.500,80749,87861,3.256,4.900,15.954
27797,0,2,1,0.500,80706,87819,3.256,4.800,15.629
27837,0,2,1,0.500,80748,87845,3.256,4.800,15.629
27877,0,2,1,0.500,80756,87925,3.256,4.600,14.978
27917,0,2,1,0.500,80867,88131,3.256,4.600,14.978
27957,0,2,1,0.500,81039,88504,3.256,4.600,14.978
27997,0,2,1,0.500,81151,88753,3.260,5.000,16.300
28037,0,2,1,0.500,81185,88845,3.260,5.000,16.300
28077,0,2,1,0.500,81206,88860,3.260,4.800,15.648
28117,0,2,1,0.500,81173,88799,3.260,4.800,15.648
28157,0,2,1,0.500,81203,88838,3.260,4.800,15.648
28197,0,2,1,0.500,81149,88785,3.256,4.800,15.629
28237,0,2,1,0.500,80913,88224,3.256,4.800,15.629
28277,0,2,1,0.500,80482,87262,3.256,4.700,15.303
28317,0,2,1,0.500,80289,86840,3.256,4.700,15.303
28357,0,2,1,0.500,80347,86988,3.256,4.700,15.303
28397,0,2,1,0.500,80390,87113,3.256,4.700,15.303
28437,0,2,1,0.500,80433,87165,3.256,4.700,15.303
28477,0,2,1,0.500,80497,87338,3.256,4.500,14.652
28517,0,2,1,0.500,80588,87469,3.256,4.500,14.652
28557,0,2,1,0.500,80611,87556,3.256,4.500,14.652
28597,0,2,1,0.500,80593,87548,3.256,4.800,15.629
28637,0,2,1,0.500,80674,87721,3.256,4.800,15.629
28677,0,2,1,0.500,80717,87842,3.256,4.900,15.954
28717,0,2,1,0.500,80794,87997,3.256,4.900,15.954
28757,0,2,1,0.500,80866,88159,3.256,4.900,15.954
28797,0,2,1,0.500,80921,88323,3.256,4.800,15.629
28837,0,2,1,0.500,80946,88354,3.256,4.800,15.629
28878,0,2,1,0.500,80968,88471,3.256,4.500,14.652
28917,0,2,1,0.500,81054,88621,3.256,4.500,14.652
28957,0,2,1,0.500,80976,88402,3.256,4.500,14.652
28998,0,2,1,0.500,80623,87621,3.256,4.800,15.629
29037,0,2,1,0.500,80364,87006,3.256,4.800,15.629
29078,0,2,1,0.500,80321,86911,3.256,4.800,15.629
29118,0,2,1,0.500,80288,86961,3.256,4.800,15.629
29157,0,2,1,0.500,80358,87033,3.256,4.800,15.629
29198,0,2,1,0.500,80424,87207,3.256,4.600,14.978
29238,0,2,1,0.500,80424,87207,3.256,4.600,14.978
29277,0,2,1,0.500,80397,87170,3.252,5.000,16.260
29318,0,2,1,0.500,80497,87355,3.252,5.000,16.260
29358,0,2,1,0.500,80574,87543,3.252,5.000,16.260
29398,0,2,1,0.500,80616,87643,3.256,4.600,14.978
29438,0,2,1,0.500,80597,87600,3.256,4.600,14.978
29477,0,2,1,0.500,80534,87503,3.256,4.600,14.978
29518,0,2,1,0.500,80511,87484,3.256,4.600,14.978
29558,0,2,1,0.500,80458,87337,3.256,4.600,14.978
29598,0,2,1,0.500,80230,86882,3.256,4.700,15.303
29638,0,2,1,0.500,79655,85705,3.256,4.700,15.303
29678,0,2,1,0.500,79193,84644,3.256,5.000,16.280
29718,0,2,1,0.500,78927,84118,3.256,5.000,16.280
29758,0,2,1,0.500,79855,85990,3.256,5.000,16.280
29798,0,2,1,0.500,80919,88110,3.256,5.000,16.280
29838,0,2,1,0.500,81043,88423,3.256,5.000,16.280
29878,0,2,1,0.500,80738,87826,3.252,5.000,16.260
29918,0,2,1,0.500,80625,87574,3.252,5.000,16.260
29958,0,2,1,0.500,80482,87311,3.252,5.000,16.260
29998,0,2,1,0.500,80394,87059,3.256,4.900,15.954
30038,0,2,1,0.500,80298,86806,3.256,4.900,15.954
30078,0,2,1,0.500,80142,86558,3.256,4.900,15.954
30118,0,2,1,0.500,80170,86583,3.256,4.900,15.954
30158,0,2,1,0.500,80064,86418,3.256,4.900,15.954
30198,0,2,1,0.500,79965,86175,3.256,4.800,15.629
30238,0,2,1,0.500,79875,85992,3.256,4.800,15.629
30278,0,2,1,0.500,80022,86280,3.256,4.900,15.954
30318,0,2,1,0.500,80179,86632,3.256,4.900,15.954
30358,0,2,1,0.500,80237,86783,3.256,4.900,15.954
30398,0,2,1,0.500,80179,86640,3.256,4.700,15.303
30438,0,2,1,0.500,79947,86116,3.256,4.700,15.303
30478,0,2,1,0.500,79859,85951,3.252,4.600,14.959
30518,0,2,1,0.500,80040,86239,3.252,4.600,14.959
30558,0,2,1,0.500,80218,86682,3.252,4.600,14.959
30598,0,2,1,0.500,80310,86915,3.256,4.800,15.629
30638,0,2,1,0.500,80427,87091,3.256,4.800,15.629
30678,0,2,1,0.500,80434,87155,3.252,4.900,15.935
30718,0,2,1,0.500,80479,87234,3.252,4.900,15.935
30758,0,2,1,0.500,80483,87201,3.252,4.900,15.935
30798,0,2,1,0.500,80501,87243,3.256,4.600,14.978
30838,0,2,1,0.500,80532,87339,3.256,4.600,14.978
30878,0,2,1,0.500,80592,87463,3.256,4.700,15.303
30918,0,2,1,0.500,80644,87617,3.256,4.700,15.303
30958,0,2,1,0.500,80698,87731,3.256,4.700,15.303
30998,0,2,1,0.500,80672,87732,3.256,4.700,15.303
31038,0,2,1,0.500,80756,87847,3.256,4.700,15.303
31078,0,2,1,0.500,80769,87934,3.256,4.500,14.652
31118,0,2,1,0.500,80778,87901,3.256,4.500,14.652
31158,0,2,1,0.500,80479,87186,3.256,4.500,14.652
31198,0,2,1,0.500,80078,86348,3.256,4.500,14.652
31238,0,2,1,0.500,80014,86227,3.256,4.500,14.652
31278,0,2,1,0.500,80070,86317,3.256,4.300,14.001
31318,0,2,1,0.500,80018,86194,3.256,4.300,14.001
31358,0,2,1,0.500,79984,86180,3.256,4.300,14.001
31398,0,2,1,0.500,79897,86015,3.256,4.600,14.978
31438,0,2,1,0.500,79734,85661,3.256,4.600,14.978
31478,0,2,1,0.500,79658,85571,3.256,4.800,15.629
31518,0,2,1,0.500,79655,85544,3.256,4.800,15.629
31558,0,2,1,0.500,79642,85489,3.256,4.800,15.629
31598,0,2,1,0.500,79612,85477,3.256,4.800,15.629
31638,0,2,1,0.500,79689,85715,3.256,4.800,15.629
31678,0,2,1,0.500,79851,85968,3.256,4.500,14.652
31718,0,2,1,0.500,79937,86210,3.256,4.500,14.652
31758,0,2,1,0.500,79958,86279,3.256,4.500,14.652
31798,0,2,1,0.500,80011,86354,3.256,4.900,15.954
31838,0,2,1,0.500,80065,86422,3.256,4.900,15.954
31878,0,2,1,0.500,80011,86354,3.256,4.800,15.629
31918,0,2,1,0.500,79999,86294,3.256,4.800,15.629
31958,0,2,1,0.500,79718,85663,3.256,4.800,15.629
31998,0,2,1,0.500,79424,84983,3.256,4.800,15.629
32038,0,2,1,0.500,79400,84911,3.256,4.800,15.629
32078,0,2,1,0.500,79483,85068,3.256,4.700,15.303
32118,0,2,1,0.500,79489,85100,3.256,4.700,15.303
32158,0,2,1,0.500,79564,85259,3.256,4.700,15.303
32198,0,2,1,0.500,79564,85290,3.252,5.000,16.260
32238,0,2,1,0.500,79506,85185,3.252,5.000,16.260
32278,0,2,1,0.500,79555,85267,3.256,4.800,15.629
32318,0,2,1,0.500,79567,85335,3.256,4.800,15.629
32358,0,2,1,0.500,79607,85443,3.256,4.800,15.629
32398,0,2,1,0.500,79626,85480,3.256,4.600,14.978
32438,0,2,1,0.500,79657,85558,3.256,4.600,14.978
32478,0,2,1,0.500,79711,85666,3.252,4.900,15.935
32519,0,2,1,0.500,79725,85676,3.252,4.900,15.935
32558,0,2,1,0.500,79736,85683,3.252,4.900,15.935
32598,0,2,1,0.500,79758,85761,3.260,4.800,15.648
32639,0,2,1,0.500,79837,85892,3.260,4.800,15.648
32678,0,2,1,0.500,79915,86051,3.256,4.800,15.629
32718,0,2,1,0.500,79932,86101,3.256,4.800,15.629
32759,0,2,1,0.500,79900,86076,3.256,4.800,15.629
32798,0,2,1,0.500,79665,85493,3.256,4.800,15.629
32839,0,2,1,0.500,79359,84860,3.256,4.800,15.629
32878,0,2,1,0.500,79364,84861,3.256,5.000,16.280
32918,0,2,1,0.500,79424,84970,3.256,5.000,16.280
32959,0,2,1,0.500,79365,84852,3.256,5.000,16.280
32998,0,2,1,0.500,79410,84955,3.256,4.600,14.978
33038,0,2,1,0.500,79487,85129,3.256,4.600,14.978
33078,0,2,1,0.500,79560,85246,3.256,4.800,15.629
33118,0,2,1,0.500,79620,85388,3.256,4.800,15.629
33159,0,2,1,0.500,79730,85592,3.256,4.800,15.629
33198,0,2,1,0.500,79806,85788,3.256,4.700,15.303
33238,0,2,1,0.500,79909,85993,3.256,4.700,15.303
33279,0,2,1,0.500,79919,86087,3.256,4.600,14.978
33318,0,2,1,0.500,79980,86156,3.256,4.600,14.978
33359,0,2,1,0.500,80073,86310,3.256,4.600,14.978
33399,0,2,1,0.500,80079,86320,3.260,4.600,14.996
33439,0,2,1,0.500,80103,86425,3.260,4.600,14.996
33479,0,2,1,0.500,80224,86654,3.256,4.500,14.652
33519,0,2,1,0.500,80290,86781,3.256,4.500,14.652
33559,0,2,1,0.500,80343,86904,3.256,4.500,14.652
33599,0,2,1,0.500,80432,87079,3.256,4.700,15.303
33639,0,2,1,0.500,80457,87118,3.256,4.700,15.303
33679,0,2,1,0.500,80140,86454,3.256,4.700,15.303
33719,0,2,1,0.500,79836,85724,3.256,4.700,15.303
33759,0,2,1,0.500,79802,85609,3.256,4.700,15.303
33799,0,2,1,0.500,79828,85698,3.252,4.600,14.959
33839,0,2,1,0.500,79871,85780,3.252,4.600,14.959
33879,0,2,1,0.500,79933,85894,3.256,4.600,14.978
33919,0,2,1,0.500,79974,86040,3.256,4.600,14.978
33959,0,2,1,0.500,79972,86050,3.256,4.600,14.978
33999,0,2,1,0.500,79955,86004,3.256,4.800,15.629
34039,0,2,1,0.500,79988,86074,3.256,4.800,15.629
34079,0,2,1,0.500,80079,86279,3.256,4.600,14.978
34119,0,2,1,0.500,80160,86385,3.256,4.600,14.978
34159,0,2,1,0.500,80167,86473,3.256,4.600,14.978
34199,0,2,1,0.500,80206,86507,3.252,4.700,15.284
34239,0,2,1,0.500,80124,86379,3.252,4.700,15.284
34279,0,2,1,0.500,80159,86407,3.256,4.900,15.954
34319,0,2,1,0.500,80152,86445,3.256,4.900,15.954
34359,0,2,1,0.500,80218,86534,3.256,4.900,15.954
34399,0,2,1,0.500,80317,86783,3.256,4.600,14.978
34439,0,2,1,0.500,80433,86977,3.256,4.600,14.978
34479,0,2,1,0.500,80386,86958,3.256,4.800,15.629
34519,0,2,1,0.500,80115,86343,3.256,4.800,15.629
34559,0,2,1,0.500,79833,85641,3.256,4.800,15.629
34599,0,2,1,0.500,79775,85514,3.256,4.700,15.303
34639,0,2,1,0.500,79873,85698,3.256,4.700,15.303
34679,0,2,1,0.500,79980,85934,3.256,4.400,14.326
34719,0,2,1,0.500,80042,86154,3.256,4.400,14.326
34759,0,2,1,0.500,80080,86220,3.256,4.400,14.326
34799,0,2,1,0.500,80023,86146,3.256,4.800,15.629
34839,0,2,1,0.500,80053,86157,3.256,4.800,15.629
34879,0,2,1,0.500,80075,86283,3.256,4.900,15.954
34919,0,2,1,0.500,80151,86430,3.256,4.900,15.954
34959,0,2,1,0.500,80220,86570,3.256,4.900,15.954
34999,0,2,1,0.500,80281,86674,3.256,4.500,14.652
35039,0,2,1,0.500,80314,86799,3.256,4.500,14.652
35079,0,2,1,0.500,80364,86819,3.256,4.900,15.954
35119,0,2,1,0.500,80295,86784,3.256,4.900,15.954
35159,0,2,1,0.500,80377,86946,3.256,4.900,15.954
35199,0,2,1,0.500,80473,87167,3.260,5.000,16.300
35239,0,2,1,0.500,80581,87381,3.260,5.000,16.300
35279,0,2,1,0.500,80532,87332,3.256,4.600,14.978
35319,0,2,1,0.500,80312,86684,3.256,4.600,14.978
35359,0,2,1,0.500,79998,85966,3.256,4.600,14.978
35399,0,2,1,0.500,79930,85855,3.256,4.800,15.629
35439,0,2,1,0.500,80000,86057,3.256,4.800,15.629
35479,0,2,1,0.500,80148,86301,3.256,4.600,14.978
35519,0,2,1,0.500,80160,86364,3.256,4.600,14.978
35559,0,2,1,0.500,80153,86351,3.256,4.600,14.978
35599,0,2,1,0.500,80085,86248,3.260,4.800,15.648
35639,0,2,1,0.500,80040,86169,3.260,4.800,15.648
35679,0,2,1,0.500,80043,86197,3.256,4.700,15.303
35719,0,2,1,0.500,80154,86388,3.256,4.700,15.303
35759,0,2,1,0.500,80239,86621,3.256,4.700,15.303
35799,0,2,1,0.500,80268,86676,3.256,4.800,15.629
35839,0,2,1,0.500,80296,86736,3.256,4.800,15.629
35879,0,2,1,0.500,80333,86823,3.260,4.700,15.322
35919,0,2,1,0.500,80389,86994,3.260,4.700,15.322
35959,0,2,1,0.500,80397,86982,3.260,4.700,15.322
35999,0,2,1,0.500,80409,87014,3.256,4.600,14.978
36039,0,2,1,0.500,80453,87115,3.256,4.600,14.978
36079,0,2,1,0.500,80386,86894,3.256,4.600,14.978
36119,0,2,1,0.500,80034,86152,3.256,4.600,14.978
36159,0,2,1,0.500,79928,85857,3.256,4.600,14.978
36199,0,2,1,0.500,80022,86095,3.256,4.800,15.629
36239,0,2,1,0.500,80012,86085,3.256,4.800,15.629
36280,0,2,1,0.500,79979,86050,3.260,4.500,14.670
36319,0,2,1,0.500,80068,86230,3.260,4.500,14.670
36359,0,2,1,0.500,80148,86402,3.260,4.500,14.670
36400,0,2,1,0.500,80109,86312,3.256,4.800,15.629
36439,0,2,1,0.500,80046,86176,3.256,4.800,15.629
36479,0,2,1,0.500,80130,86312,3.256,4.800,15.629
36520,0,2,1,0.500,80166,86497,3.256,4.800,15.629
36560,0,2,1,0.500,80213,86583,3.256,4.800,15.629
36599,0,2,1,0.500,80194,86555,3.256,4.900,15.954
36640,0,2,1,0.500,80151,86414,3.256,4.900,15.954
36679,0,2,1,0.500,80087,86313,3.256,4.700,15.303
36720,0,2,1,0.500,80102,86342,3.256,4.700,15.303
36760,0,2,1,0.500,80206,86562,3.256,4.700,15.303
36799,0,2,1,0.500,80278,86729,3.256,4.700,15.303
36840,0,2,1,0.500,80314,86814,3.256,4.700,15.303
36879,0,2,1,0.500,80316,86740,3.252,4.900,15.935
36920,0,2,1,0.500,79954,86001,3.252,4.900,15.935
36960,0,2,1,0.500,79745,85491,3.252,4.900,15.935
36999,0,2,1,0.500,79739,85500,3.252,4.800,15.610
37040,0,2,1,0.500,79837,85737,3.252,4.800,15.610
37080,0,2,1,0.500,79827,85732,3.256,4.700,15.303
37120,0,2,1,0.500,79784,85622,3.256,4.700,15.303
37160,0,2,1,0.500,79746,85539,3.256,4.700,15.303
37200,0,2,1,0.500,79810,85700,3.256,4.900,15.954
37240,0,2,1,0.500,79945,85956,3.256,4.900,15.954
37280,0,2,1,0.500,80060,86184,3.256,4.700,15.303
37320,0,2,1,0.500,80102,86342,3.256,4.700,15.303
37360,0,2,1,0.500,80175,86482,3.256,4.700,15.303
37400,0,2,1,0.500,80232,86655,3.256,5.000,16.280
37440,0,2,1,0.500,80275,86740,3.256,5.000,16.280
37480,0,2,1,0.500,80288,86820,3.256,4.500,14.652
37520,0,2,1,0.500,80360,86894,3.256,4.500,14.652
37560,0,2,1,0.500,80400,86987,3.256,4.500,14.652
37600,0,2,1,0.500,80423,87075,3.256,4.800,15.629
37640,0,2,1,0.500,80497,87190,3.256,4.800,15.629
37680,0,2,1,0.500,80528,87237,3.256,4.700,15.303
37720,0,2,1,0.500,80245,86598,3.256,4.700,15.303
37760,0,2,1,0.500,79944,85987,3.256,4.700,15.303
37800,0,2,1,0.500,79988,86022,3.252,4.600,14.959
37840,0,2,1,0.500,80077,86216,3.252,4.600,14.959
37880,0,2,1,0.500,80101,86344,3.256,4.600,14.978
37920,0,2,1,0.500,80215,86529,3.256,4.600,14.978
37960,0,2,1,0.500,80228,86568,3.256,4.600,14.978
38000,0,2,1,0.500,80187,86476,3.256,4.700,15.303
38040,0,2,1,0.500,80158,86402,3.256,4.700,15.303
38080,0,2,1,0.500,80223,86522,3.256,4.900,15.954
38120,0,2,1,0.500,80274,86688,3.256,4.900,15.954
38160,0,2,1,0.500,80335,86864,3.256,4.900,15.954
38200,0,2,1,0.500,80449,87114,3.256,4.600,14.978
38240,0,2,1,0.500,80494,87210,3.256,4.600,14.978
38280,0,2,1,0.500,80544,87356,3.256,5.000,16.280
38320,0,2,1,0.500,80663,87602,3.256,5.000,16.280
38360,0,2,1,0.500,80839,87920,3.256,5.000,16.280
38400,0,2,1,0.500,80971,88262,3.256,4.800,15.629
38440,0,2,1,0.500,81021,88296,3.256,4.800,15.629
38480,0,2,1,0.500,80850,87846,3.256,4.900,15.954
38520,0,2,1,0.500,80683,87442,3.256,4.900,15.954
38560,0,2,1,0.500,80650,87384,3.256,4.900,15.954
38600,0,2,1,0.500,80645,87385,3.252,4.600,14.959
38640,0,2,1,0.500,80655,87427,3.252,4.600,14.959
38680,0,2,1,0.500,80678,87516,3.256,5.100,16.606
38720,0,2,1,0.500,80637,87442,3.256,5.100,16.606
38760,0,2,1,0.500,80439,87042,3.256,5.100,16.606
38800,0,2,1,0.500,80404,86952,3.260,4.900,15.974
38840,0,2,1,0.500,80409,86999,3.260,4.900,15.974
38880,0,2,1,0.500,80368,86904,3.256,4.700,15.303
38920,0,2,1,0.500,80386,86908,3.256,4.700,15.303
38960,0,2,1,0.500,80427,87030,3.256,4.700,15.303
39000,0,2,1,0.500,80491,87203,3.260,4.700,15.322
39040,0,2,1,0.500,80574,87320,3.260,4.700,15.322
39080,0,2,1,0.500,80553,87392,3.252,4.600,14.959
39120,0,2,1,0.500,80656,87550,3.252,4.600,14.959
39160,0,2,1,0.500,80728,87710,3.252,4.600,14.959
39200,0,2,1,0.500,80612,87419,3.256,4.600,14.978
39240,0,2,1,0.500,80291,86682,3.256,4.600,14.978
39280,0,2,1,0.500,80176,86403,3.256,4.700,15.303
39320,0,2,1,0.500,80215,86535,3.256,4.700,15.303
39360,0,2,1,0.500,80327,86755,3.256,4.700,15.303
39400,0,2,1,0.500,80435,87024,3.252,4.700,15.284
39440,0,2,1,0.500,80543,87237,3.252,4.700,15.284
39481,0,2,1,0.500,80568,87310,3.256,4.700,15.303
39520,0,2,1,0.500,80595,87385,3.256,4.700,15.303
39560,0,2,1,0.500,80688,87530,3.256,4.700,15.303
39601,0,2,1,0.500,80761,87693,3.256,4.800,15.629
39640,0,2,1,0.500,80833,87883,3.256,4.800,15.629
39681,0,2,1,0.500,80870,88004,3.256,4.800,15.629
39721,0,2,1,0.500,80876,88040,3.256,4.800,15.629
39760,0,2,1,0.500,80940,88184,3.256,4.800,15.629
39801,0,2,1,0.500,81045,88374,3.256,4.500,14.652
39841,0,2,1,0.500,81104,88539,3.256,4.500,14.652
39880,0,2,1,0.500,81136,88574,3.256,4.900,15.954
39921,0,2,1,0.500,81170,88665,3.256,4.900,15.954
39961,0,2,1,0.500,81071,88464,3.256,4.900,15.954
40000,0,2,1,0.500,80791,87767,3.256,4.800,15.629
40041,0,2,1,0.500,80480,87112,3.256,4.800,15.629
40080,0,2,1,0.500,80479,87074,3.256,4.400,14.326
40121,0,2,1,0.500,80554,87283,3.256,4.400,14.326
40161,0,2,1,0.500,80621,87451,3.256,4.400,14.326
40200,0,2,1,0.500,80692,87588,3.252,4.600,14.959
40241,0,2,1,0.500,80717,87700,3.252,4.600,14.959
40281,0,2,1,0.500,80742,87763,3.252,4.800,15.610
40320,0,2,1,0.500,80837,87932,3.252,4.800,15.610
40361,0,2,1,0.500,80932,88158,3.252,4.800,15.610
40401,0,2,1,0.500,80968,88282,3.256,4.700,15.303
40441,0,2,1,0.500,80950,88235,3.256,4.700,15.303
40481,0,2,1,0.500,80904,88028,3.256,4.800,15.629
40521,0,2,1,0.500,80744,87776,3.256,4.800,15.629
40561,0,2,1,0.500,80660,87597,3.256,4.800,15.629
40601,0,2,1,0.500,80633,87520,3.256,4.800,15.629
40641,0,2,1,0.500,80676,87618,3.256,4.800,15.629
40681,0,2,1,0.500,80764,87835,3.256,4.900,15.954
40721,0,2,1,0.500,80870,88084,3.256,4.900,15.954
40761,0,2,1,0.500,80751,87727,3.256,4.900,15.954
40801,0,2,1,0.500,80473,87111,3.256,4.900,15.954
40841,0,2,1,0.500,80470,87082,3.256,4.900,15.954
40881,0,2,1,0.500,80650,87437,3.260,4.400,14.344
40921,0,2,1,0.500,80623,87508,3.260,4.400,14.344
40961,0,2,1,0.500,80675,87588,3.260,4.400,14.344
41001,0,2,1,0.500,80721,87692,3.256,4.800,15.629
41041,0,2,1,0.500,80718,87676,3.256,4.800,15.629
41081,0,2,1,0.500,80630,87523,3.256,4.800,15.629
41121,0,2,1,0.500,80652,87500,3.256,4.800,15.629
41161,0,2,1,0.500,80704,87614,3.256,4.800,15.629
41201,0,2,1,0.500,80662,87546,3.256,4.900,15.954
41241,0,2,1,0.500,80648,87508,3.256,4.900,15.954
41281,0,2,1,0.500,80656,87574,3.260,5.000,16.300
41321,0,2,1,0.500,80632,87562,3.260,5.000,16.300
41361,0,2,1,0.500,80658,87630,3.260,5.000,16.300
41401,0,2,1,0.500,80627,87598,3.256,4.800,15.629
41441,0,2,1,0.500,80675,87653,3.256,4.800,15.629
41481,0,2,1,0.500,80560,87429,3.252,4.400,14.309
41521,0,2,1,0.500,80236,86669,3.252,4.400,14.309
41561,0,2,1,0.500,80009,86148,3.252,4.400,14.309
41601,0,2,1,0.500,80021,86166,3.256,4.700,15.303
41641,0,2,1,0.500,80116,86432,3.256,4.700,15.303
41681,0,2,1,0.500,80181,86638,3.252,4.800,15.610
41721,0,2,1,0.500,80287,86777,3.252,4.800,15.610
41761,0,2,1,0.500,80264,86781,3.252,4.800,15.610
41801,0,2,1,0.500,80329,86897,3.256,4.700,15.303
41841,0,2,1,0.500,80341,86943,3.256,4.700,15.303
41881,0,2,1,0.500,80482,87193,3.256,4.800,15.629
41921,0,2,1,0.500,80545,87382,3.256,4.800,15.629
41961,0,2,1,0.500,80571,87411,3.256,4.800,15.629
42001,0,2,1,0.500,80586,87473,3.256,4.600,14.978
42041,0,2,1,0.500,80566,87482,3.256,4.600,14.978
42081,0,2,1,0.500,80612,87522,3.256,4.800,15.629
42121,0,2,1,0.500,80566,87494,3.256,4.800,15.629
42161,0,2,1,0.500,80638,87651,3.256,4.800,15.629
42201,0,2,1,0.500,80668,87692,3.256,4.600,14.978
42241,0,2,1,0.500,80561,87405,3.256,4.600,14.978
42281,0,2,1,0.500,80189,86667,3.256,4.800,15.629
42321,0,2,1,0.500,80066,86302,3.256,4.800,15.629
42361,0,2,1,0.500,80113,86470,3.256,4.800,15.629
42401,0,2,1,0.500,80137,86505,3.260,4.600,14.996
42441,0,2,1,0.500,80154,86522,3.260,4.600,14.996
42481,0,2,1,0.500,80214,86625,3.256,4.900,15.954
42521,0,2,1,0.500,80228,86648,3.256,4.900,15.954
42561,0,2,1,0.500,80218,86634,3.256,4.900,15.954
42601,0,2,1,0.500,80253,86726,3.256,4.800,15.629
42641,0,2,1,0.500,80309,86886,3.256,4.800,15.629
42681,0,2,1,0.500,80374,87013,3.256,4.500,14.652
42721,0,2,1,0.500,80447,87147,3.256,4.500,14.652
42761,0,2,1,0.500,80469,87202,3.256,4.500,14.652
42802,0,2,1,0.500,80543,87320,3.256,4.800,15.629
42841,0,2,1,0.500,80573,87405,3.256,4.800,15.629
42881,0,2,1,0.500,80700,87646,3.252,4.900,15.935
42922,0,2,1,0.500,80768,87889,3.252,4.900,15.935
42962,0,2,1,0.500,80872,88112,3.252,4.900,15.935
43001,0,2,1,0.500,80866,88072,3.256,4.700,15.303
43042,0,2,1,0.500,80602,87417,3.256,4.700,15.303
43081,0,2,1,0.500,80360,86936,3.256,4.700,15.303
43121,0,2,1,0.500,80396,86966,3.256,4.700,15.303
43162,0,2,1,0.500,80364,86928,3.256,4.700,15.303
43201,0,2,1,0.500,80311,86810,3.256,4.800,15.629
43242,0,2,1,0.500,80382,86974,3.256,4.800,15.629
43282,0,2,1,0.500,80486,87232,3.256,4.900,15.954
43321,0,2,1,0.500,80443,87137,3.256,4.900,15.954
43362,0,2,1,0.500,80413,87088,3.256,4.900,15.954
43402,0,2,1,0.500,80479,87225,3.256,4.700,15.303
43441,0,2,1,0.500,80485,87287,3.256,4.700,15.303
43482,0,2,1,0.500,80496,87383,3.252,4.900,15.935
43522,0,2,1,0.500,80632,87662,3.252,4.900,15.935
43562,0,2,1,0.500,80723,87814,3.252,4.900,15.935
43602,0,2,1,0.500,80772,87948,3.256,4.600,14.978
43642,0,2,1,0.500,80799,88014,3.256,4.600,14.978
43682,0,2,1,0.500,80822,88033,3.256,4.800,15.629
43722,0,2,1,0.500,80851,88117,3.256,4.800,15.629
43762,0,2,1,0.500,80633,87657,3.256,4.800,15.629
43802,0,2,1,0.500,79885,85964,3.256,4.600,14.978
43842,0,2,1,0.500,79004,83960,3.256,4.600,14.978
43882,0,2,1,0.500,78542,82998,3.256,4.900,15.954
43922,0,2,1,0.500,78309,82530,3.256,4.900,15.954
43962,0,2,1,0.500,78154,82213,3.256,4.900,15.954
44002,0,2,1,0.500,78210,82371,3.256,4.700,15.303
44042,0,2,1,0.500,78298,82561,3.256,4.700,15.303
44082,0,2,1,0.500,78461,82955,3.256,5.000,16.280
44122,0,2,1,0.500,78701,83361,3.256,5.000,16.280
44162,0,2,1,0.500,78739,83498,3.256,5.000,16.280
44202,0,2,1,0.500,78704,83405,3.256,4.900,15.954
44242,0,2,1,0.500,78619,83248,3.256,4.900,15.954
44282,0,2,1,0.500,78661,83247,3.256,4.600,14.978
44322,0,2,1,0.500,78702,83386,3.256,4.600,14.978
44362,0,2,1,0.500,78734,83460,3.256,4.600,14.978
44402,0,2,1,0.500,78680,83367,3.256,4.700,15.303
44442,0,2,1,0.500,78722,83453,3.256,4.700,15.303
44482,0,2,1,0.500,78610,83277,3.260,4.700,15.322
44522,0,2,1,0.500,78383,82714,3.260,4.700,15.322
44562,0,2,1,0.500,78212,82379,3.260,4.700,15.322
44602,0,2,1,0.500,78211,82357,3.256,4.500,14.652
44642,0,2,1,0.500,78099,82135,3.256,4.500,14.652
44682,0,2,1,0.500,77941,81775,3.256,4.800,15.629
44722,0,2,1,0.500,77729,81435,3.256,4.800,15.629
44762,0,2,1,0.500,77685,81314,3.256,4.800,15.629
44802,0,2,1,0.500,77650,81183,3.256,4.800,15.629
44842,0,2,1,0.500,77633,81164,3.256,4.800,15.629
44882,0,2,1,0.500,77708,81349,3.256,4.600,14.978
44922,0,2,1,0.500,77776,81540,3.256,4.600,14.978
44962,0,2,1,0.500,77770,81475,3.256,4.600,14.978
45002,0,2,1,0.500,77838,81593,3.256,4.800,15.629
45042,0,2,1,0.500,77859,81661,3.256,4.800,15.629
45082,0,2,1,0.500,77894,81640,3.256,4.800,15.629
45122,0,2,1,0.500,77868,81656,3.256,4.800,15.629
45162,0,2,1,0.500,77904,81763,3.256,4.800,15.629
45202,0,2,1,0.500,77891,81742,3.256,4.600,14.978
45242,0,2,1,0.500,77782,81479,3.256,4.600,14.978
45282,0,2,1,0.500,77570,81051,3.256,4.900,15.954
45322,0,2,1,0.500,77512,80900,3.256,4.900,15.954
45362,0,2,1,0.500,77545,80917,3.256,4.900,15.954
45402,0,2,1,0.500,77510,80890,3.252,4.800,15.610
45442,0,2,1,0.500,77501,80864,3.252,4.800,15.610
45482,0,2,1,0.500,77544,80903,3.256,4.800,15.629
45522,0,2,1,0.500,77649,81157,3.256,4.800,15.629
45562,0,2,1,0.500,77740,81398,3.256,4.800,15.629
45602,0,2,1,0.500,77793,81469,3.256,4.600,14.978
45642,0,2,1,0.500,77749,81400,3.256,4.600,14.978
45682,0,2,1,0.500,77787,81399,3.256,4.700,15.303
45722,0,2,1,0.500,77776,81403,3.256,4.700,15.303
45762,0,2,1,0.500,77723,81330,3.256,4.700,15.303
45802,0,2,1,0.500,77745,81337,3.256,4.800,15.629
45842,0,2,1,0.500,77854,81583,3.256,4.800,15.629
45882,0,2,1,0.500,78168,82230,3.256,4.700,15.303
45922,0,2,1,0.500,78461,82773,3.256,4.700,15.303
45963,0,2,1,0.500,78420,82745,3.256,4.700,15.303
46002,0,2,1,0.500,78116,82097,3.256,4.800,15.629
46042,0,2,1,0.500,77806,81433,3.256,4.800,15.629
46082,0,2,1,0.500,77640,81063,3.256,4.600,14.978
46122,0,2,1,0.500,77595,80976,3.256,4.600,14.978
46163,0,2,1,0.500,77566,80970,3.256,4.600,14.978
46202,0,2,1,0.500,77473,80776,3.260,4.500,14.670
46242,0,2,1,0.500,77337,80491,3.260,4.500,14.670
46283,0,2,1,0.500,77212,80246,3.256,4.900,15.954
46322,0,2,1,0.500,77164,80151,3.256,4.900,15.954
46362,0,2,1,0.500,77206,80201,3.256,4.900,15.954
46403,0,2,1,0.500,77218,80241,3.256,4.700,15.303
46442,0,2,1,0.500,77244,80252,3.256,4.700,15.303
46483,0,2,1,0.500,77283,80287,3.256,5.000,16.280
46523,0,2,1,0.500,77279,80344,3.256,5.000,16.280
46563,0,2,1,0.500,77368,80494,3.256,5.000,16.280
46603,0,2,1,0.500,77424,80592,3.256,4.800,15.629
46643,0,2,1,0.500,77494,80694,3.256,4.800,15.629
46683,0,2,1,0.500,77573,80916,3.256,4.600,14.978
46723,0,2,1,0.500,77633,81042,3.256,4.600,14.978
46763,0,2,1,0.500,77467,80641,3.256,4.600,14.978
46803,0,2,1,0.500,77257,80224,3.256,4.600,14.978
46843,0,2,1,0.500,77231,80158,3.256,4.600,14.978
46883,0,2,1,0.500,77264,80196,3.260,4.500,14.670
46923,0,2,1,0.500,77213,80105,3.260,4.500,14.670
46963,0,2,1,0.500,77263,80217,3.260,4.500,14.670
47003,0,2,1,0.500,77300,80284,3.256,4.600,14.978
47043,0,2,1,0.500,77315,80330,3.256,4.600,14.978
47083,0,2,1,0.500,77263,80255,3.256,4.900,15.954
47123,0,2,1,0.500,77375,80404,3.256,4.900,15.954
47163,0,2,1,0.500,77434,80572,3.256,4.900,15.954
47203,0,2,1,0.500,77466,80594,3.256,4.800,15.629
47243,0,2,1,0.500,77475,80662,3.256,4.800,15.629
47283,0,2,1,0.500,77580,80887,3.256,4.600,14.978
47323,0,2,1,0.500,77607,80907,3.256,4.600,14.978
47363,0,2,1,0.500,77588,80902,3.256,4.600,14.978
47403,0,2,1,0.500,77620,80978,3.256,4.400,14.326
47443,0,2,1,0.500,77663,81116,3.256,4.400,14.326
47483,0,2,1,0.500,77763,81296,3.252,4.800,15.610
47523,0,2,1,0.500,77739,81265,3.252,4.800,15.610
47563,0,2,1,0.500,77590,80950,3.252,4.800,15.610
47603,0,2,1,0.500,77490,80746,3.252,4.700,15.284
47643,0,2,1,0.500,77533,80827,3.252,4.700,15.284
47683,0,2,1,0.500,77585,80989,3.252,5.000,16.260
47723,0,2,1,0.500,77717,81234,3.252,5.000,16.260
47763,0,2,1,0.500,77772,81293,3.252,5.000,16.260
47803,0,2,1,0.500,77731,81242,3.252,4.700,15.284
47843,0,2,1,0.500,77779,81330,3.252,4.700,15.284
47883,0,2,1,0.500,77956,81655,3.252,4.700,15.284
47923,0,2,1,0.500,78055,81903,3.252,4.700,15.284
47963,0,2,1,0.500,78166,82148,3.252,4.700,15.284
48003,0,2,1,0.500,78354,82497,3.252,4.700,15.284
48043,0,2,1,0.500,78517,82827,3.252,4.700,15.284
48083,0,2,1,0.500,78472,82795,3.252,4.600,14.959
48123,0,2,1,0.500,78502,82826,3.252,4.600,14.959
48163,0,2,1,0.500,78599,83039,3.252,4.600,14.959
48203,0,2,1,0.500,78759,83435,3.252,4.900,15.935
48243,0,2,1,0.500,78976,83867,3.252,4.900,15.935
48283,0,2,1,0.500,78943,83749,3.256,4.800,15.629
48323,0,2,1,0.500,78507,82901,3.256,4.800,15.629
48363,0,2,1,0.500,78313,82473,3.256,4.800,15.629
48403,0,2,1,0.500,78387,82602,3.256,4.600,14.978
48443,0,2,1,0.500,78459,82724,3.256,4.600,14.978
48483,0,2,1,0.500,78419,82709,3.256,5.000,16.280
48523,0,2,1,0.500,78470,82793,3.256,5.000,16.280
48563,0,2,1,0.500,78510,82869,3.256,5.000,16.280
48603,0,2,1,0.500,78485,82809,3.256,4.800,15.629
48643,0,2,1,0.500,78615,83062,3.256,4.800,15.629
48683,0,2,1,0.500,78762,83304,3.256,4.900,15.954
48723,0,2,1,0.500,78707,83270,3.256,4.900,15.954
48763,0,2,1,0.500,78688,83224,3.256,4.900,15.954
48803,0,2,1,0.500,78774,83363,3.256,4.700,15.303
48843,0,2,1,0.500,78735,83339,3.256,4.700,15.303
48883,0,2,1,0.500,78713,83289,3.252,4.800,15.610
48923,0,2,1,0.500,78673,83181,3.252,4.800,15.610
48963,0,2,1,0.500,78671,83201,3.252,4.800,15.610
49003,0,2,1,0.500,78507,82814,3.260,4.800,15.648
49043,0,2,1,0.500,78171,82131,3.260,4.800,15.648
49084,0,2,1,0.500,78155,82062,3.252,4.700,15.284
49123,0,2,1,0.500,78298,82379,3.252,4.700,15.284
49163,0,2,1,0.500,78445,82643,3.252,4.700,15.284
49204,0,2,1,0.500,78502,82789,3.252,4.900,15.935
49243,0,2,1,0.500,78656,83045,3.252,4.900,15.935
49284,0,2,1,0.500,78708,83190,3.252,4.700,15.284
49324,0,2,1,0.500,78769,83303,3.252,4.700,15.284
49363,0,2,1,0.500,78856,83492,3.252,4.700,15.284
49404,0,2,1,0.500,78985,83753,3.252,4.700,15.284
49444,0,2,1,0.500,78948,83716,3.252,4.700,15.284
49484,0,2,1,0.500,78948,83672,3.256,4.700,15.303
49524,0,2,1,0.500,78976,83768,3.256,4.700,15.303
49564,0,2,1,0.500,78974,83796,3.256,4.700,15.303
49604,0,2,1,0.500,79066,83996,3.260,4.700,15.322
49644,0,2,1,0.500,79123,84071,3.260,4.700,15.322
49684,0,2,1,0.500,79187,84272,3.252,4.800,15.610
49724,0,2,1,0.500,79282,84425,3.252,4.800,15.610
49764,0,2,1,0.500,79104,84066,3.252,4.800,15.610
49804,0,2,1,0.500,78881,83582,3.256,4.400,14.326
49844,0,2,1,0.500,78896,83670,3.256,4.400,14.326
49884,0,2,1,0.500,78912,83708,3.252,5.000,16.260
49924,0,2,1,0.500,78907,83656,3.252,5.000,16.260
49964,0,2,1,0.500,78943,83732,3.252,5.000,16.260
50004,0,2,1,0.500,79014,83891,3.252,4.500,14.634
50044,0,2,1,0.500,79041,83948,3.252,4.500,14.634
50084,0,2,1,0.500,79019,83929,3.252,4.700,15.284
50124,0,2,1,0.500,79092,84022,3.252,4.700,15.284
50164,0,2,1,0.500,79102,84064,3.252,4.700,15.284
50204,0,2,1,0.500,79047,83942,3.260,5.100,16.626
50244,0,2,1,0.500,79053,83976,3.260,5.100,16.626
50284,0,2,1,0.500,79121,84187,3.252,4.600,14.959
50324,0,2,1,0.500,79272,84413,3.252,4.600,14.959
50364,0,2,1,0.500,79228,84395,3.252,4.600,14.959
50404,0,2,1,0.500,79288,84527,3.256,5.000,16.280
50444,0,2,1,0.500,79303,84540,3.256,5.000,16.280
50484,0,2,1,0.500,79370,84697,3.252,4.800,15.610
50524,0,2,1,0.500,79364,84669,3.252,4.800,15.610
50564,0,2,1,0.500,79069,84043,3.252,4.800,15.610
50604,0,2,1,0.500,78857,83571,3.252,4.400,14.309
50644,0,2,1,0.500,78907,83661,3.252,4.400,14.309
50684,0,2,1,0.500,78971,83836,3.252,5.000,16.260
50724,0,2,1,0.500,79023,83908,3.252,5.000,16.260
50764,0,2,1,0.500,79013,83923,3.252,5.000,16.260
50804,0,2,1,0.500,79028,83920,3.256,4.200,13.675
50844,0,2,1,0.500,79010,83956,3.256,4.200,13.675
50884,0,2,1,0.500,79071,84057,3.252,4.800,15.610
50924,0,2,1,0.500,79127,84181,3.252,4.800,15.610
50964,0,2,1,0.500,79103,84146,3.252,4.800,15.610
51004,0,2,1,0.500,79136,84242,3.260,4.800,15.648
51044,0,2,1,0.500,79231,84368,3.260,4.800,15.648
51084,0,2,1,0.500,79235,84451,3.252,4.800,15.610
51124,0,2,1,0.500,79322,84634,3.252,4.800,15.610
51164,0,2,1,0.500,79374,84679,3.252,4.800,15.610
51204,0,2,1,0.500,79397,84814,3.252,4.300,13.984
51244,0,2,1,0.500,79493,84988,3.252,4.300,13.984
51284,0,2,1,0.500,79267,84520,3.256,4.900,15.954
51324,0,2,1,0.500,79019,83910,3.256,4.900,15.954
51364,0,2,1,0.500,78951,83795,3.256,4.900,15.954
51404,0,2,1,0.500,78991,83926,3.244,4.200,13.625
51444,0,2,1,0.500,79040,84035,3.244,4.200,13.625
51484,0,2,1,0.500,79118,84183,3.252,4.900,15.935
51497,0,2,1,0.500,79053,83976,3.252,4.900,15.935
51524,0,2,1,0.500,79165,84297,3.252,4.900,15.935
51564,0,2,1,0.500,79139,84244,3.252,4.900,15.935
51604,0,2,1,0.500,79094,84208,3.256,4.700,15.303
51644,0,2,1,0.500,79147,84279,3.256,4.700,15.303
51684,0,2,1,0.500,79232,84504,3.248,4.800,15.590
51724,0,2,1,0.500,79317,84646,3.248,4.800,15.590
51764,0,2,1,0.500,79361,84776,3.248,4.800,15.590
51804,0,2,1,0.500,79414,84945,3.260,4.600,14.996
51844,0,2,1,0.500,79463,85001,3.260,4.600,14.996
51884,0,2,1,0.500,79454,85004,3.236,4.900,15.856
51924,0,2,1,0.500,79435,84986,3.236,4.900,15.856
51964,0,2,1,0.500,79439,84991,3.236,4.900,15.856
52004,0,2,1,0.500,79290,84644,3.252,4.000,13.008
52044,0,2,1,0.500,79081,84215,3.252,4.000,13.008
52084,0,2,1,0.500,79091,84246,3.252,6.500,21.138
52124,0,2,1,0.500,79184,84438,3.252,6.500,21.138
52164,0,2,1,0.500,79239,84591,3.252,6.500,21.138
52204,0,2,1,0.500,79330,84728,3.236,4.700,15.209
52245,0,2,1,0.500,79310,84771,3.236,4.700,15.209
52284,0,2,1,0.500,79332,84790,3.248,6.900,22.411
52324,0,2,1,0.500,79354,84801,3.248,6.900,22.411
52365,0,2,1,0.500,79391,84903,3.248,6.900,22.411
52404,0,2,1,0.500,79415,84973,3.260,4.700,15.322
52444,0,2,1,0.500,79447,85092,3.260,4.700,15.322
52484,0,2,1,0.500,79489,85172,3.236,5.000,16.180
52524,0,2,1,0.500,79500,85173,3.236,5.000,16.180
52565,0,2,1,0.500,79490,85211,3.236,5.000,16.180
52604,0,2,1,0.500,79505,85271,3.252,4.200,13.658
52644,0,2,1,0.500,79558,85331,3.252,4.200,13.658
52685,0,2,1,0.500,79437,85148,3.232,5.200,16.806
52724,0,2,1,0.500,79236,84618,3.232,5.200,16.806
52764,0,2,1,0.500,79120,84327,3.232,5.200,16.806
52805,0,2,1,0.500,79117,84381,3.232,4.300,13.898
52845,0,2,1,0.500,79165,84467,3.232,4.300,13.898
52885,0,2,1,0.500,79258,84612,3.252,6.900,22.439
52925,0,2,1,0.500,79282,84678,3.252,6.900,22.439
52965,0,2,1,0.500,79255,84711,3.252,6.900,22.439
53005,0,2,1,0.500,79268,84675,3.256,4.800,15.629
53045,0,2,1,0.500,79244,84653,3.256,4.800,15.629
53085,0,2,1,0.500,79202,84590,3.236,5.200,16.827
53125,0,2,1,0.500,79142,84409,3.236,5.200,16.827
53165,0,2,1,0.500,79093,84378,3.236,5.200,16.827
53205,0,2,1,0.500,79180,84572,3.248,4.200,13.642
53245,0,2,1,0.500,79330,84861,3.248,4.200,13.642
53285,0,2,1,0.500,79365,84930,3.236,5.300,17.151
53325,0,2,1,0.500,79329,84870,3.236,5.300,17.151
53365,0,2,1,0.500,79454,85106,3.236,5.300,17.151
53405,0,2,1,0.500,79478,85197,3.240,4.200,13.608
53445,0,2,1,0.500,79266,84672,3.240,4.200,13.608
53485,0,2,1,0.500,79032,84205,3.236,6.800,22.005
53525,0,2,1,0.500,79018,84105,3.236,6.800,22.005
53565,0,2,1,0.500,78968,84061,3.236,6.800,22.005
53605,0,2,1,0.500,79011,84109,3.256,4.700,15.303
53645,0,2,1,0.500,78949,83938,3.256,4.700,15.303
53685,0,2,1,0.500,78769,83571,3.248,7.200,23.386
53725,0,2,1,0.500,78504,83015,3.248,7.200,23.386
53765,0,2,1,0.500,78355,82713,3.248,7.200,23.386
53805,0,2,1,0.500,78292,82613,3.260,4.600,14.996
53845,0,2,1,0.500,78249,82521,3.260,4.600,14.996
53885,0,2,1,0.500,77974,81995,3.236,5.000,16.180
53925,0,2,1,0.500,77718,81536,3.236,5.000,16.180
53965,0,2,1,0.500,77536,81189,3.236,5.000,16.180
54005,0,2,1,0.500,77685,81447,3.248,4.200,13.642
54045,0,2,1,0.500,77862,81850,3.248,4.200,13.642
54085,0,2,1,0.500,78032,82214,3.252,4.800,15.610
54125,0,2,1,0.500,78110,82415,3.252,4.800,15.610
54165,0,2,1,0.500,78171,82501,3.252,4.800,15.610
54205,0,2,1,0.500,77979,82113,3.256,5.000,16.280
54245,0,2,1,0.500,77799,81716,3.256,5.000,16.280
54285,0,2,1,0.500,78056,82283,3.248,5.100,16.565
54325,0,2,1,0.500,78311,82792,3.248,5.100,16.565
54365,0,2,1,0.500,78578,83330,3.248,5.100,16.565
54405,0,2,1,0.500,78600,83382,3.256,4.900,15.954
54445,0,2,1,0.500,78442,82994,3.256,4.900,15.954
54485,0,2,1,0.500,78451,82925,3.236,4.900,15.856
54525,0,2,1,0.500,78655,83358,3.236,4.900,15.856
54565,0,2,1,0.500,78860,83752,3.236,4.900,15.856
54605,0,2,1,0.500,78934,83850,3.252,4.600,14.959
54645,0,2,1,0.500,79115,84137,3.252,4.600,14.959
54685,0,2,1,0.500,79338,84603,3.252,6.100,19.837
54725,0,2,1,0.500,79579,85038,3.252,6.100,19.837
54765,0,2,1,0.500,79849,85587,3.252,6.100,19.837
54805,0,2,1,0.500,80036,85968,3.260,4.900,15.974
54845,0,2,1,0.500,80034,85980,3.260,4.900,15.974
54885,0,2,1,0.500,79905,85695,3.252,4.700,15.284
54925,0,2,1,0.500,79684,85211,3.252,4.700,15.284
54965,0,2,1,0.500,79475,84726,3.252,4.700,15.284
55005,0,2,1,0.500,79601,85009,3.256,5.800,18.885
55045,0,2,1,0.500,79990,85854,3.256,5.800,18.885
55085,0,2,1,0.500,80138,86157,3.236,4.700,15.209
55125,0,2,1,0.500,80099,86136,3.236,4.700,15.209
55165,0,2,1,0.500,80150,86197,3.236,4.700,15.209
55205,0,2,1,0.500,80134,86107,3.252,4.300,13.984
55245,0,2,1,0.500,80182,86183,3.252,4.300,13.984
55285,0,2,1,0.500,80229,86355,3.232,5.700,18.422
55325,0,2,1,0.500,80331,86513,3.232,5.700,18.422
55365,0,2,1,0.500,80352,86578,3.232,5.700,18.422
55405,0,2,1,0.500,80365,86628,3.260,4.700,15.322
55445,0,2,1,0.500,80382,86608,3.260,4.700,15.322
55485,0,2,1,0.500,80454,86734,3.252,4.800,15.610
55525,0,2,1,0.500,80403,86750,3.252,4.800,15.610
55565,0,2,1,0.500,80462,86905,3.252,4.800,15.610
55605,0,2,1,0.500,80484,86925,3.260,5.300,17.278
55645,0,2,1,0.500,80329,86512,3.260,5.300,17.278
55685,0,2,1,0.500,80170,86103,3.236,5.200,16.827
55725,0,2,1,0.500,80143,86069,3.236,5.200,16.827
55765,0,2,1,0.500,80216,86312,3.236,5.200,16.827
55806,0,2,1,0.500,80329,86489,3.252,4.300,13.984
55845,0,2,1,0.500,80438,86726,3.252,4.300,13.984
55886,0,2,1,0.500,80459,86778,3.236,5.000,16.180
55926,0,2,1,0.500,80477,86742,3.236,5.000,16.180
55965,0,2,1,0.500,80455,86740,3.236,5.000,16.180
56006,0,2,1,0.500,80474,86779,3.236,4.000,12.944
56046,0,2,1,0.500,80511,86878,3.236,4.000,12.944
56086,0,2,1,0.500,80514,86888,3.252,6.600,21.463
56126,0,2,1,0.500,80564,87002,3.252,6.600,21.463
56166,0,2,1,0.500,80607,87143,3.252,6.600,21.463
56206,0,2,1,0.500,80646,87233,3.260,4.800,15.648
56246,0,2,1,0.500,80671,87289,3.260,4.800,15.648
56286,0,2,1,0.500,80714,87345,3.236,4.800,15.533
56326,0,2,1,0.500,80535,86951,3.236,4.800,15.533
56366,0,2,1,0.500,80367,86481,3.236,4.800,15.533
56406,0,2,1,0.500,80326,86452,3.256,4.400,14.326
56446,0,2,1,0.500,80412,86635,3.256,4.400,14.326
56486,0,2,1,0.500,80470,86785,3.236,4.900,15.856
56526,0,2,1,0.500,80568,86936,3.236,4.900,15.856
56566,0,2,1,0.500,80620,87055,3.236,4.900,15.856
56606,0,2,1,0.500,80627,87083,3.236,4.100,13.268
56646,0,2,1,0.500,80636,87115,3.236,4.100,13.268
56686,0,2,1,0.500,80712,87281,3.236,6.800,22.005
56726,0,2,1,0.500,80754,87368,3.236,6.800,22.005
56766,0,2,1,0.500,80800,87471,3.236,6.800,22.005
56806,0,2,1,0.500,80856,87595,3.256,4.700,15.303
56846,0,2,1,0.500,80882,87682,3.256,4.700,15.303
56876,0,2,1,0.500,80484,86925,3.244,7.200,23.357
56886,0,2,1,0.500,81001,87886,3.244,7.200,23.357
56926,0,2,1,0.500,81113,88076,3.244,7.200,23.357
56966,0,2,1,0.500,81106,88093,3.244,7.200,23.357
57006,0,2,1,0.500,80837,87468,3.252,4.200,13.658
57046,0,2,1,0.500,80520,86790,3.252,4.200,13.658
57086,0,2,1,0.500,80532,86735,3.252,4.800,15.610
57126,0,2,1,0.500,80617,86952,3.252,4.800,15.610
57166,0,2,1,0.500,80745,87194,3.252,4.800,15.610
57206,0,2,1,0.500,80789,87352,3.244,4.100,13.300
57246,0,2,1,0.500,80817,87418,3.244,4.100,13.300
57286,0,2,1,0.500,80801,87386,3.252,4.800,15.610
57326,0,2,1,0.500,80797,87349,3.252,4.800,15.610
57366,0,2,1,0.500,80819,87417,3.252,4.800,15.610
57406,0,2,1,0.500,80852,87509,3.260,4.700,15.322
57446,0,2,1,0.500,80904,87682,3.260,4.700,15.322
57486,0,2,1,0.500,81047,87908,3.252,4.800,15.610
57526,0,2,1,0.500,81060,88006,3.252,4.800,15.610
57566,0,2,1,0.500,81100,88118,3.252,4.800,15.610
57606,0,2,1,0.500,81122,88207,3.260,7.100,23.146
57646,0,2,1,0.500,81173,88277,3.260,7.100,23.146
57686,0,2,1,0.500,80995,87926,3.236,4.900,15.856
57726,0,2,1,0.500,80679,87128,3.236,4.900,15.856
57766,0,2,1,0.500,80568,86858,3.236,4.900,15.856
57806,0,2,1,0.500,80625,86965,3.248,4.400,14.291
57846,0,2,1,0.500,80697,87148,3.248,4.400,14.291
57886,0,2,1,0.500,80809,87395,3.252,7.000,22.764
57926,0,2,1,0.500,80904,87673,3.252,7.000,22.764
57966,0,2,1,0.500,80982,87798,3.252,7.000,22.764
58006,0,2,1,0.500,80948,87734,3.256,5.000,16.280
58046,0,2,1,0.500,80907,87630,3.256,5.000,16.280
58086,0,2,1,0.500,80927,87728,3.252,4.900,15.935
58126,0,2,1,0.500,81029,87962,3.252,4.900,15.935
58166,0,2,1,0.500,81049,88066,3.252,4.900,15.935
58206,0,2,1,0.500,81076,88084,3.260,4.800,15.648
58246,0,2,1,0.500,81086,88166,3.260,4.800,15.648
58286,0,2,1,0.500,81174,88273,3.232,4.600,14.867
58326,0,2,1,0.500,81178,88346,3.232,4.600,14.867
58366,0,2,1,0.500,81222,88465,3.232,4.600,14.867
58406,0,2,1,0.500,81096,88165,3.248,4.500,14.616
58446,0,2,1,0.500,80811,87454,3.248,4.500,14.616
58486,0,2,1,0.500,80661,87143,3.232,6.400,20.685
58526,0,2,1,0.500,80742,87294,3.232,6.400,20.685
58567,0,2,1,0.500,80804,87398,3.232,6.400,20.685
58606,0,2,1,0.500,80786,87443,3.260,4.800,15.648
58646,0,2,1,0.500,80818,87512,3.260,4.800,15.648
58686,0,2,1,0.500,80853,87582,3.252,6.900,22.439
58726,0,2,1,0.500,80833,87606,3.252,6.900,22.439
58766,0,2,1,0.500,80915,87693,3.252,6.900,22.439
58807,0,2,1,0.500,80931,87828,3.260,5.000,16.300
58846,0,2,1,0.500,80997,87983,3.260,5.000,16.300
58887,0,2,1,0.500,81086,88158,3.236,4.700,15.209
58927,0,2,1,0.500,81126,88274,3.236,4.700,15.209
58966,0,2,1,0.500,81192,88447,3.236,4.700,15.209
59007,0,2,1,0.500,81272,88599,3.252,4.600,14.959
59047,0,2,1,0.500,81296,88692,3.252,4.600,14.959
59087,0,2,1,0.500,81314,88733,3.236,6.300,20.387
59127,0,2,1,0.500,81280,88640,3.236,6.300,20.387
59167,0,2,1,0.500,80986,87964,3.236,6.300,20.387
59207,0,2,1,0.500,80653,87183,3.256,4.900,15.954
59247,0,2,1,0.500,80576,87054,3.256,4.900,15.954
59287,0,2,1,0.500,80700,87289,3.252,6.900,22.439
59327,0,2,1,0.500,80793,87509,3.252,6.900,22.439
59367,0,2,1,0.500,80899,87794,3.252,6.900,22.439
59407,0,2,1,0.500,80981,87996,3.256,4.700,15.303
59447,0,2,1,0.500,81000,88032,3.256,4.700,15.303
59487,0,2,1,0.500,80956,87945,3.232,4.700,15.190
59527,0,2,1,0.500,80992,87983,3.232,4.700,15.190
59567,0,2,1,0.500,80994,88009,3.232,4.700,15.190
59607,0,2,1,0.500,81043,88076,3.252,4.200,13.658
59647,0,2,1,0.500,81079,88181,3.252,4.200,13.658
59687,0,2,1,0.500,81133,88301,3.232,6.800,21.978
59727,0,2,1,0.500,81155,88380,3.232,6.800,21.978
59767,0,2,1,0.500,81216,88558,3.232,6.800,21.978
59807,0,2,1,0.500,81302,88764,3.236,4.400,14.238
59847,0,2,1,0.500,81352,88865,3.236,4.400,14.238
59887,0,2,1,0.500,81134,88326,3.252,7.000,22.764
59927,0,2,1,0.500,80891,87745,3.252,7.000,22.764
59967,0,2,1,0.500,80838,87657,3.252,7.000,22.764
60007,0,2,1,0.500,80893,87785,3.252,4.500,14.634
60047,0,2,1,0.500,80983,87974,3.252,4.500,14.634
60087,0,2,1,0.500,81058,88144,3.252,5.000,16.260
60127,0,2,1,0.500,81061,88209,3.252,5.000,16.260
60167,0,2,1,0.500,81053,88216,3.252,5.000,16.260
60207,0,2,1,0.500,81087,88266,3.248,4.500,14.616
60247,0,2,1,0.500,81116,88395,3.248,4.500,14.616
60287,0,2,1,0.500,81169,88548,3.252,5.000,16.260
60327,0,2,1,0.500,81291,88774,3.252,5.000,16.260
60367,0,2,1,0.500,81365,88979,3.252,5.000,16.260
60407,0,2,1,0.500,81464,89132,3.256,4.700,15.303
60447,0,2,1,0.500,81505,89275,3.256,4.700,15.303
60487,0,2,1,0.500,81589,89385,3.248,4.800,15.590
60527,0,2,1,0.500,81561,89393,3.248,4.800,15.590
60567,0,2,1,0.500,81489,89243,3.248,4.800,15.590
60607,0,2,1,0.500,81221,88557,3.252,4.400,14.309
60647,0,2,1,0.500,80866,87771,3.252,4.400,14.309
60687,0,2,1,0.500,80733,87579,3.236,5.000,16.180
60727,0,2,1,0.500,80829,87711,3.236,5.000,16.180
60767,0,2,1,0.500,80880,87821,3.236,5.000,16.180
60807,0,2,1,0.500,80949,88013,3.248,4.400,14.291
60847,0,2,1,0.500,81016,88134,3.248,4.400,14.291
60887,0,2,1,0.500,81018,88117,3.252,6.900,22.439
60927,0,2,1,0.500,80977,88033,3.252,6.900,22.439
60967,0,2,1,0.500,80957,87989,3.252,6.900,22.439
61007,0,2,1,0.500,80971,88064,3.256,4.700,15.303
61047,0,2,1,0.500,81040,88228,3.256,4.700,15.303
61087,0,2,1,0.500,81108,88380,3.244,5.100,16.544
61127,0,2,1,0.500,81177,88570,3.244,5.100,16.544
61167,0,2,1,0.500,81243,88710,3.244,5.100,16.544
61207,0,2,1,0.500,81292,88814,3.256,4.600,14.978
61247,0,2,1,0.500,81321,88950,3.256,4.600,14.978
61287,0,2,1,0.500,81334,88967,3.236,5.000,16.180
61327,0,2,1,0.500,81083,88413,3.236,5.000,16.180
61367,0,2,1,0.500,80802,87678,3.236,5.000,16.180
61407,0,2,1,0.500,80764,87581,3.236,4.500,14.562
61447,0,2,1,0.500,80848,87769,3.236,4.500,14.562
61487,0,2,1,0.500,80905,87880,3.252,4.700,15.284
61527,0,2,1,0.500,80912,87960,3.252,4.700,15.284
61567,0,2,1,0.500,80930,87972,3.252,4.700,15.284
61608,0,2,1,0.500,80909,87889,3.256,4.900,15.954
61647,0,2,1,0.500,80858,87811,3.256,4.900,15.954
61688,0,2,1,0.500,80834,87837,3.236,4.800,15.533
61728,0,2,1,0.500,80909,87948,3.236,4.800,15.533
61767,0,2,1,0.500,80971,88108,3.236,4.800,15.533
61808,0,2,1,0.500,81021,88230,3.256,4.600,14.978
61848,0,2,1,0.500,81077,88382,3.256,4.600,14.978
61888,0,2,1,0.500,81156,88530,3.236,5.000,16.180
61928,0,2,1,0.500,81198,88670,3.236,5.000,16.180
61968,0,2,1,0.500,81221,88713,3.236,5.000,16.180
62008,0,2,1,0.500,81249,88774,3.260,4.900,15.974
62048,0,2,1,0.500,81169,88604,3.260,4.900,15.974
62087,0,2,1,0.500,80864,87905,3.248,6.900,22.411
62128,0,2,1,0.500,80673,87465,3.248,6.900,22.411
62168,0,2,1,0.500,80745,87631,3.248,6.900,22.411
62208,0,2,1,0.500,80840,87848,3.260,4.700,15.322
62248,0,2,1,0.500,80891,88000,3.260,4.700,15.322
62287,0,2,1,0.500,81008,88156,3.236,4.900,15.856
62328,0,2,1,0.500,81006,88185,3.236,4.900,15.856
62368,0,2,1,0.500,80974,88130,3.236,4.900,15.856
62408,0,2,1,0.500,80924,88035,3.252,4.300,13.984
62448,0,2,1,0.500,80946,88073,3.252,4.300,13.984
62488,0,2,1,0.500,80974,88155,3.232,5.200,16.806
62528,0,2,1,0.500,81013,88265,3.232,5.200,16.806
62568,0,2,1,0.500,81077,88379,3.232,5.200,16.806
62608,0,2,1,0.500,81089,88437,3.236,4.300,13.915
62648,0,2,1,0.500,81139,88549,3.236,4.300,13.915
62688,0,2,1,0.500,81182,88686,3.232,7.000,22.624
62728,0,2,1,0.500,81239,88779,3.232,7.000,22.624
62768,0,2,1,0.500,81113,88502,3.232,7.000,22.624
62808,0,2,1,0.500,80790,87787,3.256,4.800,15.629
62848,0,2,1,0.500,80646,87406,3.256,4.800,15.629
62888,0,2,1,0.500,80670,87432,3.252,4.700,15.284
62928,0,2,1,0.500,80720,87614,3.252,4.700,15.284
62968,0,2,1,0.500,80841,87866,3.252,4.700,15.284
63008,0,2,1,0.500,80904,88002,3.252,4.200,13.658
63048,0,2,1,0.500,80866,87941,3.252,4.200,13.658
63088,0,2,1,0.500,80853,87889,3.252,5.000,16.260
63128,0,2,1,0.500,80940,88073,3.252,5.000,16.260
63168,0,2,1,0.500,81014,88260,3.252,5.000,16.260
63208,0,2,1,0.500,81085,88410,3.256,4.700,15.303
63248,0,2,1,0.500,81113,88530,3.256,4.700,15.303
63288,0,2,1,0.500,81229,88672,3.252,4.800,15.610
63328,0,2,1,0.500,81211,88763,3.252,4.800,15.610
63368,0,2,1,0.500,81251,88817,3.252,4.800,15.610
63408,0,2,1,0.500,81316,88972,3.252,4.200,13.658
63448,0,2,1,0.500,81344,89024,3.252,4.200,13.658
63488,0,2,1,0.500,81062,88412,3.252,4.800,15.610
63528,0,2,1,0.500,80756,87674,3.252,4.800,15.610
63568,0,2,1,0.500,80693,87504,3.252,4.800,15.610
63608,0,2,1,0.500,80815,87761,3.252,4.300,13.984
63648,0,2,1,0.500,80922,87991,3.252,4.300,13.984
63688,0,2,1,0.500,80968,88144,3.252,5.000,16.260
63728,0,2,1,0.500,81025,88202,3.252,5.000,16.260
63768,0,2,1,0.500,80944,88060,3.252,5.000,16.260
63808,0,2,1,0.500,80869,87878,3.256,4.800,15.629
63848,0,2,1,0.500,80860,87872,3.256,4.800,15.629
63888,0,2,1,0.500,80911,87954,3.252,4.800,15.610
63928,0,2,1,0.500,80916,88030,3.252,4.800,15.610
63968,0,2,1,0.500,80999,88220,3.252,4.800,15.610
64008,0,2,1,0.500,81033,88301,3.260,6.600,21.516
64048,0,2,1,0.500,81083,88407,3.260,6.600,21.516
64088,0,2,1,0.500,81074,88452,3.236,4.800,15.533
64128,0,2,1,0.500,81140,88578,3.236,4.800,15.533
64168,0,2,1,0.500,81136,88551,3.236,4.800,15.533
64208,0,2,1,0.500,80894,87919,3.248,4.000,12.992
64248,0,2,1,0.500,80560,87208,3.248,4.000,12.992
64288,0,2,1,0.500,80583,87140,3.252,6.800,22.114
64328,0,2,1,0.500,80661,87363,3.252,6.800,22.114
64368,0,2,1,0.500,80754,87572,3.252,6.800,22.114
64409,0,2,1,0.500,80833,87714,3.256,5.000,16.280
64448,0,2,1,0.500,80857,87798,3.256,5.000,16.280
64488,0,2,1,0.500,80848,87778,3.248,4.800,15.590
64529,0,2,1,0.500,80848,87788,3.248,4.800,15.590
64568,0,2,1,0.500,80892,87902,3.248,4.800,15.590
64608,0,2,1,0.500,80936,88035,3.256,4.600,14.978
64649,0,2,1,0.500,81006,88178,3.256,4.600,14.978
64688,0,2,1,0.500,81027,88256,3.232,4.900,15.837
64728,0,2,1,0.500,81145,88437,3.232,4.900,15.837
64769,0,2,1,0.500,81163,88534,3.232,4.900,15.837
64808,0,2,1,0.500,81225,88659,3.240,4.800,15.552
64849,0,2,1,0.500,81286,88820,3.240,4.800,15.552
64888,0,2,1,0.500,81353,88886,3.232,7.200,23.270
64928,0,2,1,0.500,81134,88395,3.232,7.200,23.270
64969,0,2,1,0.500,80735,87514,3.232,7.200,23.270
65009,0,2,1,0.500,80630,87201,3.260,5.100,16.626
65048,0,2,1,0.500,80682,87311,3.260,5.100,16.626
65089,0,2,1,0.500,80699,87392,3.236,7.100,22.976
65129,0,2,1,0.500,80751,87541,3.236,7.100,22.976
65169,0,2,1,0.500,80833,87717,3.236,7.100,22.976
65209,0,2,1,0.500,80823,87698,3.256,4.500,14.652
65249,0,2,1,0.500,80784,87605,3.256,4.500,14.652
65289,0,2,1,0.500,80761,87565,3.232,4.900,15.837
65329,0,2,1,0.500,80788,87645,3.232,4.900,15.837
65369,0,2,1,0.500,80880,87867,3.232,4.900,15.837
65409,0,2,1,0.500,80953,88087,3.256,4.800,15.629
65449,0,2,1,0.500,81040,88233,3.256,4.800,15.629
65489,0,2,1,0.500,81053,88247,3.248,6.800,22.086
65529,0,2,1,0.500,81116,88423,3.248,6.800,22.086
65569,0,2,1,0.500,81248,88664,3.248,6.800,22.086
65609,0,2,1,0.500,81297,88838,3.256,5.000,16.280
65649,0,2,1,0.500,81206,88623,3.256,5.000,16.280
65689,0,2,1,0.500,80857,87820,3.232,5.000,16.160
65729,0,2,1,0.500,80665,87334,3.232,5.000,16.160
65769,0,2,1,0.500,80731,87433,3.232,5.000,16.160
65809,0,2,1,0.500,80862,87721,3.252,4.400,14.309
65849,0,2,1,0.500,80965,88018,3.252,4.400,14.309
65889,0,2,1,0.500,81078,88224,3.232,5.500,17.776
65929,0,2,1,0.500,81080,88252,3.232,5.500,17.776
65969,0,2,1,0.500,81051,88208,3.232,5.500,17.776
66009,0,2,1,0.500,81026,88192,3.256,5.000,16.280
66049,0,2,1,0.500,81088,88298,3.256,5.000,16.280
66089,0,2,1,0.500,81117,88408,3.252,4.900,15.935
66129,0,2,1,0.500,81125,88413,3.252,4.900,15.935
66169,0,2,1,0.500,81126,88452,3.252,4.900,15.935
66209,0,2,1,0.500,81128,88477,3.260,4.800,15.648
66249,0,2,1,0.500,81150,88556,3.260,4.800,15.648
66289,0,2,1,0.500,81239,88723,3.252,4.700,15.284
66329,0,2,1,0.500,81213,88658,3.252,4.700,15.284
66369,0,2,1,0.500,80940,88031,3.252,4.700,15.284
66409,0,2,1,0.500,80661,87335,3.248,4.000,12.992
66449,0,2,1,0.500,80593,87200,3.248,4.000,12.992
66489,0,2,1,0.500,80697,87419,3.252,4.700,15.284
66529,0,2,1,0.500,80796,87621,3.252,4.700,15.284
66569,0,2,1,0.500,80857,87762,3.252,4.700,15.284
66609,0,2,1,0.500,80849,87768,3.232,4.500,14.544
66649,0,2,1,0.500,80765,87643,3.232,4.500,14.544
66689,0,2,1,0.500,80717,87558,3.256,4.700,15.303
66729,0,2,1,0.500,80810,87706,3.256,4.700,15.303
66769,0,2,1,0.500,80877,87898,3.256,4.700,15.303
66809,0,2,1,0.500,80957,88086,3.256,4.300,14.001
66849,0,2,1,0.500,81027,88238,3.256,4.300,14.001
66889,0,2,1,0.500,81115,88381,3.236,5.200,16.827
66929,0,2,1,0.500,81155,88541,3.236,5.200,16.827
66969,0,2,1,0.500,81195,88645,3.236,5.200,16.827
67009,0,2,1,0.500,81200,88680,3.252,4.200,13.658
67049,0,2,1,0.500,81120,88454,3.252,4.200,13.658
67089,0,2,1,0.500,80765,87633,3.252,6.800,22.114
67129,0,2,1,0.500,80514,87052,3.252,6.800,22.114
67169,0,2,1,0.500,80488,87024,3.252,6.800,22.114
67209,0,2,1,0.500,80609,87274,3.232,4.700,15.190
67249,0,2,1,0.500,80654,87443,3.232,4.700,15.190
67289,0,2,1,0.500,80704,87497,3.248,4.900,15.915
67329,0,2,1,0.500,80773,87576,3.248,4.900,15.915
67370,0,2,1,0.500,80730,87565,3.248,4.900,15.915
67409,0,2,1,0.500,80753,87591,3.252,4.400,14.309
67449,0,2,1,0.500,80815,87726,3.252,4.400,14.309
67489,0,2,1,0.500,80930,87966,3.236,4.700,15.209
67529,0,2,1,0.500,80973,88081,3.236,4.700,15.209
67569,0,2,1,0.500,80991,88144,3.236,4.700,15.209
67609,0,2,1,0.500,80988,88208,3.244,4.400,14.274
67649,0,2,1,0.500,81030,88300,3.244,4.400,14.274
67690,0,2,1,0.500,81027,88361,3.252,6.800,22.114
67730,0,2,1,0.500,81079,88419,3.252,6.800,22.114
67769,0,2,1,0.500,81004,88234,3.252,6.800,22.114
67810,0,2,1,0.500,80696,87480,3.260,5.000,16.300
67850,0,2,1,0.500,80480,86962,3.260,5.000,16.300
67890,0,2,1,0.500,80531,87060,3.236,4.900,15.856
67930,0,2,1,0.500,80658,87297,3.236,4.900,15.856
67970,0,2,1,0.500,80680,87378,3.236,4.900,15.856
68010,0,2,1,0.500,80684,87417,3.252,4.000,13.008
68050,0,2,1,0.500,80682,87405,3.252,4.000,13.008
68090,0,2,1,0.500,80663,87364,3.232,4.900,15.837
68130,0,2,1,0.500,80603,87280,3.232,4.900,15.837
68170,0,2,1,0.500,80685,87467,3.232,4.900,15.837
68210,0,2,1,0.500,80758,87612,3.236,4.700,15.209
68250,0,2,1,0.500,80768,87697,3.236,4.700,15.209
68290,0,2,1,0.500,80787,87750,3.252,7.000,22.764
68330,0,2,1,0.500,80926,88015,3.252,7.000,22.764
68370,0,2,1,0.500,81014,88182,3.252,7.000,22.764
68410,0,2,1,0.500,80998,88202,3.260,5.300,17.278
68450,0,2,1,0.500,81002,88216,3.260,5.300,17.278
68490,0,2,1,0.500,81033,88290,3.236,7.100,22.976
68530,0,2,1,0.500,80979,88098,3.236,7.100,22.976
68570,0,2,1,0.500,80567,87202,3.236,7.100,22.976
68610,0,2,1,0.500,80298,86593,3.252,4.200,13.658
68650,0,2,1,0.500,80351,86674,3.252,4.200,13.658
68690,0,2,1,0.500,80433,86922,3.256,4.800,15.629
68730,0,2,1,0.500,80534,87113,3.256,4.800,15.629
68770,0,2,1,0.500,80588,87287,3.256,4.800,15.629
68810,0,2,1,0.500,80642,87387,3.256,4.700,15.303
68850,0,2,1,0.500,80625,87331,3.256,4.700,15.303
68890,0,2,1,0.500,80563,87264,3.248,4.500,14.616
68930,0,2,1,0.500,80631,87344,3.248,4.500,14.616
68970,0,2,1,0.500,80713,87530,3.248,4.500,14.616
69010,0,2,1,0.500,80790,87762,3.256,4.700,15.303
69050,0,2,1,0.500,80853,87899,3.256,4.700,15.303
69090,0,2,1,0.500,80929,88055,3.256,4.700,15.303
69130,0,2,1,0.500,80951,88145,3.256,4.700,15.303
69170,0,2,1,0.500,80990,88237,3.256,4.700,15.303
69210,0,2,1,0.500,81047,88382,3.252,4.500,14.634
69250,0,2,1,0.500,81049,88360,3.252,4.500,14.634
69290,0,2,1,0.500,80770,87787,3.252,7.000,22.764
69330,0,2,1,0.500,80424,86936,3.252,7.000,22.764
69370,0,2,1,0.500,80341,86734,3.252,7.000,22.764
69410,0,2,1,0.500,80445,86996,3.260,5.000,16.300
69450,0,2,1,0.500,80543,87244,3.260,5.000,16.300
69490,0,2,1,0.500,80681,87459,3.248,4.800,15.590
69530,0,2,1,0.500,80665,87499,3.248,4.800,15.590
69570,0,2,1,0.500,80673,87420,3.248,4.800,15.590
69610,0,2,1,0.500,80633,87350,3.260,4.500,14.670
69650,0,2,1,0.500,80672,87490,3.260,4.500,14.670
69690,0,2,1,0.500,80768,87726,3.232,4.900,15.837
69730,0,2,1,0.500,80841,87889,3.232,4.900,15.837
69770,0,2,1,0.500,80870,87962,3.232,4.900,15.837
69810,0,2,1,0.500,80925,88107,3.248,4.000,12.992
69850,0,2,1,0.500,80965,88182,3.248,4.000,12.992
69890,0,2,1,0.500,81042,88321,3.252,4.800,15.610
69930,0,2,1,0.500,81039,88418,3.252,4.800,15.610
69970,0,2,1,0.500,81102,88537,3.252,4.800,15.610
70010,0,2,1,0.500,80938,88190,3.260,5.000,16.300
70050,0,2,1,0.500,80604,87301,3.260,5.000,16.300
70090,0,2,1,0.500,80428,86889,3.244,4.700,15.247
70130,0,2,1,0.500,80467,87030,3.244,4.700,15.247
70170,0,2,1,0.500,80578,87260,3.244,4.700,15.247
70210,0,2,1,0.500,80654,87471,3.252,4.200,13.658
70250,0,2,1,0.500,80700,87557,3.252,4.200,13.658
70291,0,2,1,0.500,80659,87537,3.236,4.900,15.856
70330,0,2,1,0.500,80659,87521,3.236,4.900,15.856
70370,0,2,1,0.500,80670,87532,3.236,4.900,15.856
70411,0,2,1,0.500,80739,87689,3.240,4.200,13.608
70450,0,2,1,0.500,80792,87875,3.240,4.200,13.608
70491,0,2,1,0.500,80906,88055,3.252,7.000,22.764
70531,0,2,1,0.500,80942,88199,3.252,7.000,22.764
70570,0,2,1,0.500,80969,88317,3.252,7.000,22.764
70611,0,2,1,0.500,81058,88450,3.260,4.900,15.974
70651,0,2,1,0.500,81175,88715,3.260,4.900,15.974
70690,0,2,1,0.500,81213,88845,3.236,4.700,15.209
70731,0,2,1,0.500,81234,88840,3.236,4.700,15.209
70771,0,2,1,0.500,81000,88265,3.236,4.700,15.209
70811,0,2,1,0.500,80651,87402,3.252,4.300,13.984
70851,0,2,1,0.500,80518,87117,3.252,4.300,13.984
70891,0,2,1,0.500,80563,87193,3.232,5.200,16.806
70931,0,2,1,0.500,80574,87220,3.232,5.200,16.806
70971,0,2,1,0.500,80607,87309,3.232,5.200,16.806
71011,0,2,1,0.500,80643,87459,3.236,4.500,14.562
71051,0,2,1,0.500,80736,87658,3.236,4.500,14.562
71091,0,2,1,0.500,80755,87748,3.232,6.900,22.301
71131,0,2,1,0.500,80801,87866,3.232,6.900,22.301
71171,0,2,1,0.500,80897,88061,3.232,6.900,22.301
71211,0,2,1,0.500,80939,88151,3.260,5.200,16.952
71251,0,2,1,0.500,80987,88290,3.260,5.200,16.952
71291,0,2,1,0.500,81025,88358,3.236,7.000,22.652
71331,0,2,1,0.500,81044,88401,3.236,7.000,22.652
71371,0,2,1,0.500,81029,88412,3.236,7.000,22.652
71411,0,2,1,0.500,81015,88369,3.252,4.300,13.984
71451,0,2,1,0.500,81045,88414,3.252,4.300,13.984
71491,0,2,1,0.500,81100,88590,3.252,5.000,16.260
71531,0,2,1,0.500,81018,88359,3.252,5.000,16.260
71571,0,2,1,0.500,80643,87501,3.252,5.000,16.260
71611,0,2,1,0.500,80474,87060,3.256,4.700,15.303
71651,0,2,1,0.500,80517,87183,3.256,4.700,15.303
71691,0,2,1,0.500,80616,87426,3.256,4.800,15.629
71731,0,2,1,0.500,80681,87581,3.256,4.800,15.629
71771,0,2,1,0.500,80714,87659,3.256,4.800,15.629
71811,0,2,1,0.500,80692,87635,3.256,5.900,19.210
71851,0,2,1,0.500,80648,87580,3.256,5.900,19.210
71891,0,2,1,0.500,80691,87636,3.240,4.800,15.552
71931,0,2,1,0.500,80818,87939,3.240,4.800,15.552
71971,0,2,1,0.500,80970,88237,3.240,4.800,15.552
72011,0,2,1,0.500,81078,88491,3.252,4.300,13.984
72051,0,2,1,0.500,81119,88570,3.252,4.300,13.984
72091,0,2,1,0.500,81063,88554,3.252,4.800,15.610
72131,0,2,1,0.500,81024,88442,3.252,4.800,15.610
72171,0,2,1,0.500,80979,88362,3.252,4.800,15.610
72211,0,2,1,0.500,80962,88287,3.260,4.700,15.322
72251,0,2,1,0.500,80967,88331,3.260,4.700,15.322
72291,0,2,1,0.500,80843,88025,3.248,5.000,16.240
72331,0,2,1,0.500,80519,87247,3.248,5.000,16.240
72371,0,2,1,0.500,80422,86930,3.248,5.000,16.240
72411,0,2,1,0.500,80573,87277,3.256,4.800,15.629
72451,0,2,1,0.500,80668,87612,3.256,4.800,15.629
72491,0,2,1,0.500,80784,87819,3.252,4.700,15.284
72531,0,2,1,0.500,80747,87781,3.252,4.700,15.284
72571,0,2,1,0.500,80698,87646,3.252,4.700,15.284
72611,0,2,1,0.500,80665,87578,3.248,4.200,13.642
72651,0,2,1,0.500,80689,87656,3.248,4.200,13.642
72691,0,2,1,0.500,80798,87930,3.252,5.000,16.260
72731,0,2,1,0.500,80921,88186,3.252,5.000,16.260
72771,0,2,1,0.500,81018,88416,3.252,5.000,16.260
72811,0,2,1,0.500,81115,88592,3.260,4.900,15.974
72851,0,2,1,0.500,81132,88655,3.260,4.900,15.974
72891,0,2,1,0.500,81168,88768,3.248,5.100,16.565
72931,0,2,1,0.500,81174,88819,3.248,5.100,16.565
72971,0,2,1,0.500,81188,88848,3.248,5.100,16.565
73011,0,2,1,0.500,81081,88570,3.256,4.500,14.652
73051,0,2,1,0.500,80730,87778,3.256,4.500,14.652
73092,0,2,1,0.500,80539,87281,3.236,4.800,15.533
73131,0,2,1,0.500,80648,87498,3.236,4.800,15.533
73171,0,2,1,0.500,80790,87878,3.236,4.800,15.533
73212,0,2,1,0.500,80904,88162,3.240,4.300,13.932
73251,0,2,1,0.500,81006,88405,3.240,4.300,13.932
73291,0,2,1,0.500,81085,88550,3.252,6.900,22.439
73332,0,2,1,0.500,81064,88509,3.252,6.900,22.439
73371,0,2,1,0.500,81013,88467,3.252,6.900,22.439
73412,0,2,1,0.500,81009,88446,3.260,5.200,16.952
73452,0,2,1,0.500,81062,88547,3.260,5.200,16.952
73491,0,2,1,0.500,81023,88529,3.240,4.700,15.228
73532,0,2,1,0.500,81073,88636,3.240,4.700,15.228
73572,0,2,1,0.500,81080,88643,3.240,4.700,15.228
73611,0,2,1,0.500,81134,88761,3.248,4.100,13.317
73652,0,2,1,0.500,81141,88828,3.248,4.100,13.317
73691,0,2,1,0.500,81208,88901,3.232,5.100,16.483
73731,0,2,1,0.500,81137,88813,3.232,5.100,16.483
73772,0,2,1,0.500,80886,88227,3.232,5.100,16.483
73812,0,2,1,0.500,80472,87266,3.236,4.700,15.209
73852,0,2,1,0.500,80297,86859,3.236,4.700,15.209
73892,0,2,1,0.500,80363,87020,3.232,7.100,22.947
73932,0,2,1,0.500,80550,87431,3.232,7.100,22.947
73972,0,2,1,0.500,80710,87746,3.232,7.100,22.947
74012,0,2,1,0.500,80787,87967,3.260,5.400,17.604
74052,0,2,1,0.500,80810,87987,3.260,5.400,17.604
74092,0,2,1,0.500,80769,87967,3.236,7.000,22.652
74132,0,2,1,0.500,80768,87956,3.236,7.000,22.652
74172,0,2,1,0.500,80784,88019,3.236,7.000,22.652
74212,0,2,1,0.500,80815,88140,3.252,4.100,13.333
74252,0,2,1,0.500,80916,88323,3.252,4.100,13.333
74292,0,2,1,0.500,80965,88507,3.252,4.600,14.959
74332,0,2,1,0.500,81044,88611,3.252,4.600,14.959
74372,0,2,1,0.500,81037,88690,3.252,4.600,14.959
74412,0,2,1,0.500,81067,88710,3.260,5.000,16.300
74452,0,2,1,0.500,80989,88616,3.260,5.000,16.300
74492,0,2,1,0.500,80875,88420,3.252,5.000,16.260
74532,0,2,1,0.500,80642,87752,3.252,5.000,16.260
74572,0,2,1,0.500,80254,86827,3.252,5.000,16.260
74612,0,2,1,0.500,80127,86518,3.256,4.700,15.303
74652,0,2,1,0.500,80271,86885,3.256,4.700,15.303
74692,0,2,1,0.500,80502,87334,3.252,5.100,16.585
74732,0,2,1,0.500,80629,87674,3.252,5.100,16.585
74772,0,2,1,0.500,80689,87817,3.252,5.100,16.585
74812,0,2,1,0.500,80741,87923,3.252,4.300,13.984
74852,0,2,1,0.500,80768,87975,3.252,4.300,13.984
74892,0,2,1,0.500,80825,88061,3.252,4.800,15.610
74932,0,2,1,0.500,80817,88137,3.252,4.800,15.610
74972,0,2,1,0.500,80958,88433,3.252,4.800,15.610
75012,0,2,1,0.500,81060,88716,3.260,5.000,16.300
75052,0,2,1,0.500,81142,88907,3.260,5.000,16.300
75092,0,2,1,0.500,81139,88949,3.252,4.900,15.935
75132,0,2,1,0.500,81202,89083,3.252,4.900,15.935
75172,0,2,1,0.500,81235,89182,3.252,4.900,15.935
75212,0,2,1,0.500,81310,89321,3.256,4.600,14.978
75252,0,2,1,0.500,81249,89130,3.256,4.600,14.978
75292,0,2,1,0.500,80939,88353,3.256,5.100,16.606
75332,0,2,1,0.500,80653,87751,3.256,5.100,16.606
75372,0,2,1,0.500,80656,87767,3.256,5.100,16.606
75412,0,2,1,0.500,80764,88055,3.256,4.600,14.978
75452,0,2,1,0.500,80883,88249,3.256,4.600,14.978
75492,0,2,1,0.500,80903,88399,3.248,5.000,16.240
75532,0,2,1,0.500,80996,88584,3.248,5.000,16.240
75572,0,2,1,0.500,81130,88799,3.248,5.000,16.240
75612,0,2,1,0.500,81154,88939,3.260,5.000,16.300
75652,0,2,1,0.500,81224,89026,3.260,5.000,16.300
75692,0,2,1,0.500,81277,89184,3.240,4.700,15.228
75732,0,2,1,0.500,81275,89225,3.240,4.700,15.228
75772,0,2,1,0.500,81296,89243,3.240,4.700,15.228
75812,0,2,1,0.500,81293,89241,3.252,4.300,13.984
75852,0,2,1,0.500,81300,89275,3.252,4.300,13.984
75892,0,2,1,0.500,81271,89294,3.236,5.100,16.504
75933,0,2,1,0.500,81281,89269,3.236,5.100,16.504
75972,0,2,1,0.500,81073,88669,3.236,5.100,16.504
76012,0,2,1,0.500,80807,88047,3.236,4.400,14.238
76053,0,2,1,0.500,80758,87964,3.236,4.400,14.238
76092,0,2,1,0.500,80882,88166,3.252,6.900,22.439
76133,0,2,1,0.500,80944,88358,3.252,6.900,22.439
76173,0,2,1,0.500,80979,88538,3.252,6.900,22.439
76212,0,2,1,0.500,81040,88621,3.256,4.700,15.303
76253,0,2,1,0.500,81018,88636,3.256,4.700,15.303
76292,0,2,1,0.500,81020,88583,3.236,4.900,15.856
76332,0,2,1,0.500,81045,88655,3.236,4.900,15.856
76373,0,2,1,0.500,81081,88709,3.236,4.900,15.856
76412,0,2,1,0.500,81095,88780,3.252,4.200,13.658
76453,0,2,1,0.500,81064,88812,3.252,4.200,13.658
76493,0,2,1,0.500,81081,88786,3.232,5.900,19.069
76532,0,2,1,0.500,81048,88740,3.232,5.900,19.069
76573,0,2,1,0.500,81009,88695,3.232,5.900,19.069
76613,0,2,1,0.500,81018,88709,3.232,4.600,14.867
76652,0,2,1,0.500,80878,88302,3.232,4.600,14.867
76693,0,2,1,0.500,80479,87379,3.252,6.700,21.788
76733,0,2,1,0.500,80247,86867,3.252,6.700,21.788
76773,0,2,1,0.500,80296,86975,3.252,6.700,21.788
76813,0,2,1,0.500,80414,87259,3.260,6.300,20.538
76853,0,2,1,0.500,80512,87513,3.260,6.300,20.538
76893,0,2,1,0.500,80557,87616,3.240,7.100,23.004
76933,0,2,1,0.500,80590,87634,3.240,7.100,23.004
76973,0,2,1,0.500,80543,87572,3.240,7.100,23.004
77013,0,2,1,0.500,80542,87569,3.252,4.300,13.984
77053,0,2,1,0.500,80608,87687,3.252,4.300,13.984
77093,0,2,1,0.500,80698,87894,3.232,6.700,21.654
77133,0,2,1,0.500,80714,87991,3.232,6.700,21.654
77173,0,2,1,0.500,80756,88091,3.232,6.700,21.654
77213,0,2,1,0.500,80803,88212,3.256,4.900,15.954
77253,0,2,1,0.500,80870,88391,3.256,4.900,15.954
77293,0,2,1,0.500,80917,88476,3.248,7.000,22.736
77333,0,2,1,0.500,80847,88343,3.248,7.000,22.736
77373,0,2,1,0.500,80546,87615,3.248,7.000,22.736
77413,0,2,1,0.500,80258,86940,3.260,6.800,22.168
77453,0,2,1,0.500,80248,86971,3.260,6.800,22.168
77493,0,2,1,0.500,80334,87176,3.232,5.000,16.160
77533,0,2,1,0.500,80386,87310,3.232,5.000,16.160
77573,0,2,1,0.500,80419,87414,3.232,5.000,16.160
77613,0,2,1,0.500,80421,87406,3.248,4.400,14.291
77653,0,2,1,0.500,80386,87279,3.248,4.400,14.291
77693,0,2,1,0.500,80388,87273,3.256,4.900,15.954
77733,0,2,1,0.500,80325,87181,3.256,4.900,15.954
77773,0,2,1,0.500,80351,87250,3.256,4.900,15.954
77813,0,2,1,0.500,80236,87023,3.260,5.000,16.300
77853,0,2,1,0.500,80092,86735,3.260,5.000,16.300
77893,0,2,1,0.500,80047,86681,3.244,4.800,15.571
77933,0,2,1,0.500,80055,86716,3.244,4.800,15.571
77973,0,2,1,0.500,80018,86627,3.244,4.800,15.571
78013,0,2,1,0.500,80039,86700,3.256,4.600,14.978
78053,0,2,1,0.500,79961,86545,3.256,4.600,14.978
78093,0,2,1,0.500,79637,85738,3.252,4.900,15.935
78133,0,2,1,0.500,79311,85153,3.252,4.900,15.935
78173,0,2,1,0.500,79457,85437,3.252,4.900,15.935
78213,0,2,1,0.500,79721,86017,3.240,4.200,13.608
78253,0,2,1,0.500,79924,86411,3.240,4.200,13.608
78293,0,2,1,0.500,79997,86508,3.252,4.600,14.959
78333,0,2,1,0.500,80037,86503,3.252,4.600,14.959
78373,0,2,1,0.500,79953,86305,3.252,4.600,14.959
78413,0,2,1,0.500,79837,86062,3.260,5.000,16.300
78453,0,2,1,0.500,79816,85986,3.260,5.000,16.300
78493,0,2,1,0.500,79877,86099,3.236,4.600,14.886
78533,0,2,1,0.500,79953,86280,3.236,4.600,14.886
78573,0,2,1,0.500,80085,86620,3.236,4.600,14.886
78613,0,2,1,0.500,80232,86981,3.252,4.300,13.984
78653,0,2,1,0.500,80338,87199,3.252,4.300,13.984
78693,0,2,1,0.500,80355,87243,3.232,5.000,16.160
78733,0,2,1,0.500,80438,87416,3.232,5.000,16.160
78773,0,2,1,0.500,80320,87116,3.232,5.000,16.160
78813,0,2,1,0.500,79996,86341,3.236,4.500,14.562
78853,0,2,1,0.500,79831,85967,3.236,4.500,14.562
78893,0,2,1,0.500,79937,86167,3.252,7.100,23.089
78934,0,2,1,0.500,80023,86383,3.252,7.100,23.089
78974,0,2,1,0.500,80095,86578,3.252,7.100,23.089
79013,0,2,1,0.500,80161,86729,3.256,4.700,15.303
79054,0,2,1,0.500,80155,86686,3.256,4.700,15.303
79093,0,2,1,0.500,80092,86554,3.232,4.700,15.190
79133,0,2,1,0.500,80148,86650,3.232,4.700,15.190
79174,0,2,1,0.500,80217,86821,3.232,4.700,15.190
79213,0,2,1,0.500,80373,87115,3.248,4.400,14.291
79254,0,2,1,0.500,80466,87343,3.248,4.400,14.291
79294,0,2,1,0.500,80505,87459,3.232,6.500,21.008
79333,0,2,1,0.500,80593,87680,3.232,6.500,21.008
79374,0,2,1,0.500,80708,87891,3.232,6.500,21.008
79414,0,2,1,0.500,80784,88075,3.256,4.800,15.629
79453,0,2,1,0.500,80819,88200,3.256,4.800,15.629
79494,0,2,1,0.500,80794,88088,3.252,7.100,23.089
79534,0,2,1,0.500,80393,87165,3.252,7.100,23.089
79574,0,2,1,0.500,80064,86356,3.252,7.100,23.089
79614,0,2,1,0.500,80018,86256,3.260,7.000,22.820
79654,0,2,1,0.500,80141,86513,3.260,7.000,22.820
79694,0,2,1,0.500,80154,86637,3.236,4.900,15.856
79734,0,2,1,0.500,80194,86690,3.236,4.900,15.856
79774,0,2,1,0.500,80180,86678,3.236,4.900,15.856
79814,0,2,1,0.500,80171,86674,3.248,4.200,13.642
79854,0,2,1,0.500,80206,86773,3.248,4.200,13.642
79894,0,2,1,0.500,80364,87079,3.232,6.900,22.301
79934,0,2,1,0.500,80435,87248,3.232,6.900,22.301
79974,0,2,1,0.500,80499,87406,3.232,6.900,22.301
80014,0,2,1,0.500,80575,87608,3.256,5.100,16.606
80054,0,2,1,0.500,80622,87698,3.256,5.100,16.606
80094,0,2,1,0.500,80627,87698,3.244,6.800,22.059
80134,0,2,1,0.500,80622,87653,3.244,6.800,22.059
80174,0,2,1,0.500,80626,87691,3.244,6.800,22.059
80214,0,2,1,0.500,80663,87765,3.260,4.700,15.322
80254,0,2,1,0.500,80583,87648,3.260,4.700,15.322
80294,0,2,1,0.500,80302,86887,3.236,5.300,17.151
80334,0,2,1,0.500,80016,86212,3.236,5.300,17.151
80374,0,2,1,0.500,80001,86213,3.236,5.300,17.151
80414,0,2,1,0.500,80106,86491,3.240,4.500,14.580
80454,0,2,1,0.500,80203,86722,3.240,4.500,14.580
80494,0,2,1,0.500,80301,86902,3.252,4.700,15.284
80534,0,2,1,0.500,80292,86906,3.252,4.700,15.284
80574,0,2,1,0.500,80241,86782,3.252,4.700,15.284
80614,0,2,1,0.500,80246,86779,3.260,5.000,16.300
80654,0,2,1,0.500,80321,86941,3.260,5.000,16.300
80694,0,2,1,0.500,80452,87229,3.236,4.800,15.533
80734,0,2,1,0.500,80586,87514,3.236,4.800,15.533
80774,0,2,1,0.500,80642,87647,3.236,4.800,15.533
80814,0,2,1,0.500,80673,87724,3.256,4.400,14.326
80854,0,2,1,0.500,80709,87791,3.256,4.400,14.326
80894,0,2,1,0.500,80765,87878,3.252,5.000,16.260
80934,0,2,1,0.500,80796,88004,3.252,5.000,16.260
80974,0,2,1,0.500,80835,88113,3.252,5.000,16.260
81014,0,2,1,0.500,80860,88141,3.260,4.900,15.974
81054,0,2,1,0.500,80547,87420,3.260,4.900,15.974
81094,0,2,1,0.500,80138,86493,3.252,4.800,15.610
81134,0,2,1,0.500,80123,86452,3.252,4.800,15.610
81174,0,2,1,0.500,80266,86761,3.252,4.800,15.610
81214,0,2,1,0.500,80333,86900,3.256,4.600,14.978
81254,0,2,1,0.500,80375,87008,3.256,4.600,14.978
81294,0,2,1,0.500,80443,87093,3.232,4.800,15.514
81334,0,2,1,0.500,80351,86999,3.232,4.800,15.514
81374,0,2,1,0.500,80379,86976,3.232,4.800,15.514
81414,0,2,1,0.500,80444,87183,3.248,4.100,13.317
81454,0,2,1,0.500,80540,87406,3.248,4.100,13.317
81494,0,2,1,0.500,80606,87598,3.252,6.400,20.813
81535,0,2,1,0.500,80655,87757,3.252,6.400,20.813
81574,0,2,1,0.500,80711,87809,3.252,6.400,20.813
81615,0,2,1,0.500,80726,87855,3.236,4.400,14.238
81655,0,2,1,0.500,80768,87964,3.236,4.400,14.238
81694,0,2,1,0.500,80806,88088,3.252,7.100,23.089
81735,0,2,1,0.500,80865,88198,3.252,7.100,23.089
81775,0,2,1,0.500,80691,87785,3.252,7.100,23.089
81814,0,2,1,0.500,80333,86948,3.252,4.600,14.959
81855,0,2,1,0.500,80203,86601,3.252,4.600,14.959
81894,0,2,1,0.500,80287,86776,3.236,4.800,15.533
81935,0,2,1,0.500,80308,86864,3.236,4.800,15.533
81975,0,2,1,0.500,80366,87013,3.236,4.800,15.533
82014,0,2,1,0.500,80403,87107,3.248,4.300,13.966
82055,0,2,1,0.500,80387,87050,3.248,4.300,13.966
82095,0,2,1,0.500,80284,86915,3.236,6.700,21.681
82135,0,2,1,0.500,80354,87037,3.236,6.700,21.681
82175,0,2,1,0.500,80523,87437,3.236,6.700,21.681
82215,0,2,1,0.500,80661,87728,3.260,4.900,15.974
82255,0,2,1,0.500,80728,87894,3.260,4.900,15.974
82295,0,2,1,0.500,80781,87982,3.240,7.200,23.328
82335,0,2,1,0.500,80759,88002,3.240,7.200,23.328
82375,0,2,1,0.500,80783,88044,3.240,7.200,23.328
82415,0,2,1,0.500,80799,88091,3.252,4.300,13.984
82455,0,2,1,0.500,80821,88140,3.252,4.300,13.984
82495,0,2,1,0.500,80840,88211,3.252,4.800,15.610
82535,0,2,1,0.500,80653,87778,3.252,4.800,15.610
82575,0,2,1,0.500,80409,87132,3.252,4.800,15.610
82615,0,2,1,0.500,80375,87083,3.236,4.700,15.209
82655,0,2,1,0.500,80471,87354,3.236,4.700,15.209
82695,0,2,1,0.500,80504,87454,3.252,4.600,14.959
82735,0,2,1,0.500,80502,87357,3.252,4.600,14.959
82775,0,2,1,0.500,80350,87099,3.252,4.600,14.959
82815,0,2,1,0.500,80276,86921,3.260,4.800,15.648
82855,0,2,1,0.500,80304,86972,3.260,4.800,15.648
82895,0,2,1,0.500,80462,87294,3.236,5.000,16.180
82935,0,2,1,0.500,80615,87683,3.236,5.000,16.180
82975,0,2,1,0.500,80668,87808,3.236,5.000,16.180
83015,0,2,1,0.500,80648,87755,3.252,4.300,13.984
83055,0,2,1,0.500,80615,87757,3.252,4.300,13.984
83095,0,2,1,0.500,80612,87767,3.252,4.800,15.610
83135,0,2,1,0.500,80632,87758,3.252,4.800,15.610
83175,0,2,1,0.500,80653,87857,3.252,4.800,15.610
83215,0,2,1,0.500,80791,88122,3.256,4.400,14.326
83255,0,2,1,0.500,80867,88378,3.256,4.400,14.326
83295,0,2,1,0.500,80731,88056,3.252,4.900,15.935
83335,0,2,1,0.500,80339,87109,3.252,4.900,15.935
83375,0,2,1,0.500,80089,86515,3.252,4.900,15.935
83415,0,2,1,0.500,80084,86536,3.260,6.100,19.886
83455,0,2,1,0.500,80163,86684,3.260,6.100,19.886
83495,0,2,1,0.500,80221,86797,3.232,5.000,16.160
83535,0,2,1,0.500,80254,86937,3.232,5.000,16.160
83575,0,2,1,0.500,80311,87034,3.232,5.000,16.160
83615,0,2,1,0.500,80285,86995,3.248,4.300,13.966
83655,0,2,1,0.500,80309,87085,3.248,4.300,13.966
83695,0,2,1,0.500,80374,87197,3.252,6.900,22.439
83735,0,2,1,0.500,80427,87312,3.252,6.900,22.439
83775,0,2,1,0.500,80517,87525,3.252,6.900,22.439
83815,0,2,1,0.500,80588,87713,3.260,4.800,15.648
83855,0,2,1,0.500,80607,87784,3.260,4.800,15.648
83895,0,2,1,0.500,80662,87845,3.252,4.900,15.935
83935,0,2,1,0.500,80665,87916,3.252,4.900,15.935
83975,0,2,1,0.500,80773,88145,3.252,4.900,15.935
84015,0,2,1,0.500,80930,88458,3.256,4.600,14.978
84055,0,2,1,0.500,80952,88609,3.256,4.600,14.978
84095,0,2,1,0.500,80732,88043,3.236,4.700,15.209
84136,0,2,1,0.500,80525,87494,3.236,4.700,15.209
84175,0,2,1,0.500,80555,87530,3.236,4.700,15.209
84215,0,2,1,0.500,80599,87702,3.252,3.800,12.358
84256,0,2,1,0.500,80652,87830,3.252,3.800,12.358
84295,0,2,1,0.500,80730,87937,3.252,6.900,22.439
84336,0,2,1,0.500,80687,87881,3.252,6.900,22.439
84376,0,2,1,0.500,80577,87622,3.252,6.900,22.439
84415,0,2,1,0.500,80503,87465,3.256,5.300,17.257
84456,0,2,1,0.500,80589,87664,3.256,5.300,17.257
84495,0,2,1,0.500,80726,87994,3.248,7.300,23.710
84535,0,2,1,0.500,80802,88206,3.248,7.300,23.710
84576,0,2,1,0.500,80858,88291,3.248,7.300,23.710
84615,0,2,1,0.500,80871,88384,3.256,4.500,14.652
84655,0,2,1,0.500,80873,88350,3.256,4.500,14.652
84696,0,2,1,0.500,80844,88277,3.240,4.900,15.876
84735,0,2,1,0.500,80846,88353,3.240,4.900,15.876
84776,0,2,1,0.500,80889,88415,3.240,4.900,15.876
84816,0,2,1,0.500,80890,88444,3.240,4.100,13.284
84855,0,2,1,0.500,80677,87902,3.240,4.100,13.284
84896,0,2,1,0.500,80334,87031,3.236,6.800,22.005
84936,0,2,1,0.500,80190,86729,3.236,6.800,22.005
84976,0,2,1,0.500,80273,86854,3.236,6.800,22.005
85016,0,2,1,0.500,80294,86919,3.260,4.900,15.974
85056,0,2,1,0.500,80386,87068,3.260,4.900,15.974
85096,0,2,1,0.500,80319,87005,3.236,7.000,22.652
85136,0,2,1,0.500,80217,86706,3.236,7.000,22.652
85176,0,2,1,0.500,80133,86490,3.236,7.000,22.652
85216,0,2,1,0.500,80193,86601,3.252,4.200,13.658
85256,0,2,1,0.500,80230,86727,3.252,4.200,13.658
85296,0,2,1,0.500,80266,86779,3.240,5.000,16.200
85336,0,2,1,0.500,80319,86861,3.240,5.000,16.200
85376,0,2,1,0.500,80320,86831,3.240,5.000,16.200
85416,0,2,1,0.500,80348,86918,3.244,4.300,13.949
85456,0,2,1,0.500,80365,86960,3.244,4.300,13.949
85496,0,2,1,0.500,80298,86824,3.232,6.700,21.654
85536,0,2,1,0.500,80183,86539,3.232,6.700,21.654
85576,0,2,1,0.500,79788,85638,3.232,6.700,21.654
85616,0,2,1,0.500,79398,84778,3.236,4.700,15.209
85656,0,2,1,0.500,79344,84629,3.236,4.700,15.209
85696,0,2,1,0.500,79419,84775,3.236,6.900,22.328
85736,0,2,1,0.500,79481,84945,3.236,6.900,22.328
85776,0,2,1,0.500,79508,85025,3.236,6.900,22.328
85816,0,2,1,0.500,79507,85009,3.256,4.700,15.303
85856,0,2,1,0.500,79459,84939,3.256,4.700,15.303
85896,0,2,1,0.500,79387,84787,3.252,4.700,15.284
85936,0,2,1,0.500,79388,84795,3.252,4.700,15.284
85976,0,2,1,0.500,79473,84973,3.252,4.700,15.284
86016,0,2,1,0.500,79514,85083,3.248,4.200,13.642
86056,0,2,1,0.500,79552,85172,3.248,4.200,13.642
86096,0,2,1,0.500,79516,85084,3.248,4.800,15.590
86136,0,2,1,0.500,79449,84928,3.248,4.800,15.590
86176,0,2,1,0.500,79437,84904,3.248,4.800,15.590
86216,0,2,1,0.500,79349,84702,3.244,4.200,13.625
86256,0,2,1,0.500,78959,83895,3.244,4.200,13.625
86296,0,2,1,0.500,78582,83070,3.252,4.900,15.935
86336,0,2,1,0.500,78521,82873,3.252,4.900,15.935
86376,0,2,1,0.500,78720,83260,3.252,4.900,15.935
86416,0,2,1,0.500,78898,83567,3.236,4.600,14.886
86456,0,2,1,0.500,78880,83607,3.236,4.600,14.886
86496,0,2,1,0.500,78927,83689,3.252,5.000,16.260
86536,0,2,1,0.500,78977,83724,3.252,5.000,16.260
86576,0,2,1,0.500,78967,83716,3.252,5.000,16.260
86616,0,2,1,0.500,79020,83758,3.256,4.500,14.652
86656,0,2,1,0.500,79013,83765,3.256,4.500,14.652
86696,0,2,1,0.500,79133,83974,3.236,4.900,15.856
86736,0,2,1,0.500,79206,84173,3.236,4.900,15.856
86776,0,2,1,0.500,79254,84251,3.236,4.900,15.856
86816,0,2,1,0.500,79302,84354,3.252,4.300,13.984
86856,0,2,1,0.500,79335,84384,3.252,4.300,13.984
86896,0,2,1,0.500,79369,84477,3.236,4.900,15.856
86936,0,2,1,0.500,79377,84486,3.236,4.900,15.856
86976,0,2,1,0.500,79178,83972,3.236,4.900,15.856
87017,0,2,1,0.500,78954,83487,3.248,4.000,12.992
87057,0,2,1,0.500,78923,83398,3.248,4.000,12.992
87096,0,2,1,0.500,79019,83520,3.248,6.700,21.762
87137,0,2,1,0.500,79005,83572,3.248,6.700,21.762
87177,0,2,1,0.500,79123,83843,3.248,6.700,21.762
87216,0,2,1,0.500,79238,84055,3.260,5.000,16.300
87257,0,2,1,0.500,79268,84106,3.260,5.000,16.300
87296,0,2,1,0.500,79232,84028,3.252,6.700,21.788
87336,0,2,1,0.500,79245,84026,3.252,6.700,21.788
87377,0,2,1,0.500,79348,84251,3.252,6.700,21.788
87416,0,2,1,0.500,79477,84557,3.256,4.900,15.954
87457,0,2,1,0.500,79616,84823,3.256,4.900,15.954
87497,0,2,1,0.500,79645,84946,3.240,7.000,22.680
87536,0,2,1,0.500,79665,84943,3.240,7.000,22.680
87577,0,2,1,0.500,79643,84893,3.240,7.000,22.680
87617,0,2,1,0.500,79731,85036,3.256,4.800,15.629
87657,0,2,1,0.500,79654,84901,3.256,4.800,15.629
87697,0,2,1,0.500,79386,84276,3.236,5.100,16.504
87737,0,2,1,0.500,79183,83789,3.236,5.100,16.504
87777,0,2,1,0.500,79187,83854,3.236,5.100,16.504
87817,0,2,1,0.500,79320,84121,3.248,4.200,13.642
87857,0,2,1,0.500,79370,84282,3.248,4.200,13.642
87897,0,2,1,0.500,79441,84414,3.232,5.500,17.776
87937,0,2,1,0.500,79490,84469,3.232,5.500,17.776
87977,0,2,1,0.500,79474,84426,3.232,5.500,17.776
88017,0,2,1,0.500,79506,84476,3.232,4.400,14.221
88057,0,2,1,0.500,79570,84638,3.232,4.400,14.221
88097,0,2,1,0.500,79582,84677,3.232,7.000,22.624
88137,0,2,1,0.500,79583,84680,3.232,7.000,22.624
88177,0,2,1,0.500,79531,84612,3.232,7.000,22.624
88217,0,2,1,0.500,79480,84500,3.260,5.000,16.300
88257,0,2,1,0.500,79490,84529,3.260,5.000,16.300
88297,0,2,1,0.500,79552,84644,3.248,7.100,23.061
88337,0,2,1,0.500,79435,84377,3.248,7.100,23.061
88377,0,2,1,0.500,79082,83629,3.248,7.100,23.061
88417,0,2,1,0.500,78908,83255,3.252,4.200,13.658
88457,0,2,1,0.500,78978,83403,3.252,4.200,13.658
88497,0,2,1,0.500,79080,83656,3.252,5.000,16.260
88537,0,2,1,0.500,79237,83993,3.252,5.000,16.260
88577,0,2,1,0.500,79530,84570,3.252,5.000,16.260
88617,0,2,1,0.500,79586,84701,3.248,4.400,14.291
88657,0,2,1,0.500,79447,84388,3.248,4.400,14.291
88697,0,2,1,0.500,79264,84054,3.252,4.700,15.284
88737,0,2,1,0.500,79275,84065,3.252,4.700,15.284
88777,0,2,1,0.500,79375,84305,3.252,4.700,15.284
88817,0,2,1,0.500,79438,84432,3.236,4.400,14.238
88857,0,2,1,0.500,79494,84550,3.236,4.400,14.238
88897,0,2,1,0.500,79575,84699,3.248,4.800,15.590
88937,0,2,1,0.500,79602,84776,3.248,4.800,15.590
88977,0,2,1,0.500,79605,84833,3.248,4.800,15.590
89017,0,2,1,0.500,79382,84323,3.256,4.800,15.629
89057,0,2,1,0.500,79231,83911,3.256,4.800,15.629
89097,0,2,1,0.500,79232,83970,3.252,5.000,16.260
89137,0,2,1,0.500,79395,84309,3.252,5.000,16.260
89177,0,2,1,0.500,79510,84541,3.252,5.000,16.260
89217,0,2,1,0.500,79560,84600,3.256,4.800,15.629
89257,0,2,1,0.500,79514,84526,3.256,4.800,15.629
89297,0,2,1,0.500,79404,84319,3.232,5.000,16.160
89337,0,2,1,0.500,79373,84229,3.232,5.000,16.160
89377,0,2,1,0.500,79504,84470,3.232,5.000,16.160
89417,0,2,1,0.500,79622,84747,3.248,4.000,12.992
89457,0,2,1,0.500,79660,84852,3.248,4.000,12.992
89497,0,2,1,0.500,79704,84931,3.232,5.100,16.483
89537,0,2,1,0.500,79710,85038,3.232,5.100,16.483
89577,0,2,1,0.500,79742,85024,3.232,5.100,16.483
89617,0,2,1,0.500,79707,85021,3.240,4.500,14.580
89657,0,2,1,0.500,79719,85038,3.240,4.500,14.580
89697,0,2,1,0.500,79497,84554,3.252,6.900,22.439
89737,0,2,1,0.500,79209,83886,3.252,6.900,22.439
89777,0,2,1,0.500,79156,83753,3.252,6.900,22.439
89817,0,2,1,0.500,79242,83969,3.260,5.000,16.300
89857,0,2,1,0.500,79366,84221,3.260,5.000,16.300
89897,0,2,1,0.500,79480,84414,3.248,4.800,15.590
89937,0,2,1,0.500,79439,84407,3.248,4.800,15.590
89977,0,2,1,0.500,79431,84400,3.248,4.800,15.590
90017,0,2,1,0.500,79420,84361,3.260,5.100,16.626
90057,0,2,1,0.500,79533,84563,3.260,5.100,16.626
90098,0,2,1,0.500,79580,84755,3.236,4.800,15.533
90138,0,2,1,0.500,79692,84921,3.236,4.800,15.533
90177,0,2,1,0.500,79733,84998,3.236,4.800,15.533
90218,0,2,1,0.500,79801,85167,3.256,4.800,15.629
90258,0,2,1,0.500,79834,85208,3.256,4.800,15.629
90298,0,2,1,0.500,79870,85276,3.236,5.100,16.504
90338,0,2,1,0.500,79935,85415,3.236,5.100,16.504
90378,0,2,1,0.500,79823,85194,3.236,5.100,16.504
90418,0,2,1,0.500,79524,84488,3.252,4.300,13.984
90458,0,2,1,0.500,79335,84066,3.252,4.300,13.984
90498,0,2,1,0.500,79376,84164,3.236,5.100,16.504
90538,0,2,1,0.500,79462,84355,3.236,5.100,16.504
90578,0,2,1,0.500,79527,84456,3.236,5.100,16.504
90618,0,2,1,0.500,79593,84666,3.236,4.300,13.915
90658,0,2,1,0.500,79648,84722,3.236,4.300,13.915
90698,0,2,1,0.500,79574,84531,3.232,7.000,22.624
90738,0,2,1,0.500,79522,84463,3.232,7.000,22.624
90778,0,2,1,0.500,79604,84642,3.232,7.000,22.624
