190,0,2,1,0.500,74441,78688,3.268,3.300,10.784
230,0,2,1,0.500,82015,90678,3.268,3.300,10.784
270,0,2,1,0.500,82102,90898,3.256,4.700,15.303
310,0,2,1,0.500,82134,90922,3.256,4.700,15.303
350,0,2,1,0.500,82026,90730,3.256,4.700,15.303
390,0,2,1,0.500,81964,90589,3.256,4.700,15.303
430,0,2,1,0.500,81969,90589,3.256,4.700,15.303
470,0,2,1,0.500,82005,90683,3.256,5.000,16.280
510,0,2,1,0.500,82046,90826,3.256,5.000,16.280
550,0,2,1,0.500,82094,90902,3.256,5.000,16.280
590,0,2,1,0.500,82135,91109,3.256,5.000,16.280
630,0,2,1,0.500,82196,91254,3.256,5.000,16.280
670,0,2,1,0.500,82247,91374,3.260,4.700,15.322
710,0,2,1,0.500,82199,91282,3.260,4.700,15.322
750,0,2,1,0.500,81815,90387,3.260,4.700,15.322
790,0,2,1,0.500,81400,89479,3.256,4.500,14.652
830,0,2,1,0.500,81404,89448,3.256,4.500,14.652
870,0,2,1,0.500,81512,89752,3.256,4.400,14.326
910,0,2,1,0.500,81659,90086,3.256,4.400,14.326
950,0,2,1,0.500,81749,90325,3.256,4.400,14.326
990,0,2,1,0.500,81827,90468,3.256,4.700,15.303
1030,0,2,1,0.500,81747,90325,3.256,4.700,15.303
1070,0,2,1,0.500,81683,90131,3.256,4.600,14.978
1110,0,2,1,0.500,81661,90088,3.256,4.600,14.978
1150,0,2,1,0.500,81717,90220,3.256,4.600,14.978
1190,0,2,1,0.500,81750,90366,3.256,4.500,14.652
1230,0,2,1,0.500,81795,90499,3.256,4.500,14.652
1270,0,2,1,0.500,81821,90544,3.256,4.300,14.001
1310,0,2,1,0.500,81857,90662,3.256,4.300,14.001
1350,0,2,1,0.500,81890,90715,3.256,4.300,14.001
1390,0,2,1,0.500,81884,90748,3.256,4.700,15.303
1430,0,2,1,0.500,81690,90265,3.256,4.700,15.303
1470,0,2,1,0.500,81144,89067,3.256,4.800,15.629
1510,0,2,1,0.500,80840,88377,3.256,4.800,15.629
1550,0,2,1,0.500,80694,88052,3.256,4.800,15.629
1590,0,2,1,0.500,80314,87292,3.256,4.600,14.978
1630,0,2,1,0.500,80225,87140,3.256,4.600,14.978
1670,0,2,1,0.500,80406,87561,3.256,4.700,15.303
1710,0,2,1,0.500,80726,88292,3.256,4.700,15.303
1750,0,2,1,0.500,80880,88662,3.256,4.700,15.303
1790,0,2,1,0.500,80966,88793,3.256,4.700,15.303
1830,0,2,1,0.500,81020,88917,3.256,4.700,15.303
1870,0,2,1,0.500,81059,88983,3.260,4.400,14.344
1910,0,2,1,0.500,80992,88869,3.260,4.400,14.344
1950,0,2,1,0.500,81024,88890,3.260,4.400,14.344
1990,0,2,1,0.500,81082,89067,3.256,4.800,15.629
2030,0,2,1,0.500,81120,89113,3.256,4.800,15.629
2070,0,2,1,0.500,80982,88860,3.256,4.400,14.326
2110,0,2,1,0.500,80858,88547,3.256,4.400,14.326
2150,0,2,1,0.500,80267,87245,3.256,4.400,14.326
2190,0,2,1,0.500,79596,85835,3.256,5.000,16.280
2230,0,2,1,0.500,79377,85448,3.256,5.000,16.280
2270,0,2,1,0.500,79592,85939,3.256,4.600,14.978
2310,0,2,1,0.500,79902,86593,3.256,4.600,14.978
2350,0,2,1,0.500,80084,86946,3.256,4.600,14.978
2390,0,2,1,0.500,80212,87238,3.256,4.700,15.303
2430,0,2,1,0.500,80376,87575,3.256,4.700,15.303
2470,0,2,1,0.500,80427,87678,3.260,4.800,15.648
2510,0,2,1,0.500,80480,87768,3.260,4.800,15.648
2550,0,2,1,0.500,80528,87892,3.260,4.800,15.648
2590,0,2,1,0.500,80625,88080,3.256,4.700,15.303
2630,0,2,1,0.500,80656,88132,3.256,4.700,15.303
2670,0,2,1,0.500,80655,88156,3.256,4.600,14.978
2710,0,2,1,0.500,80736,88373,3.256,4.600,14.978
2750,0,2,1,0.500,80772,88411,3.256,4.600,14.978
2790,0,2,1,0.500,80873,88613,3.256,4.600,14.978
2830,0,2,1,0.500,80872,88608,3.256,4.600,14.978
2871,0,2,1,0.500,80497,87753,3.256,4.800,15.629
2910,0,2,1,0.500,80080,86829,3.256,4.800,15.629
2950,0,2,1,0.500,80012,86703,3.256,4.800,15.629
2991,0,2,1,0.500,80062,86841,3.256,4.600,14.978
3030,0,2,1,0.500,80077,86850,3.256,4.600,14.978
3070,0,2,1,0.500,79995,86744,3.256,4.600,14.978
3111,0,2,1,0.500,80084,86912,3.256,4.600,14.978
3150,0,2,1,0.500,80219,87210,3.256,4.600,14.978
3191,0,2,1,0.500,80308,87395,3.260,4.800,15.648
3230,0,2,1,0.500,80382,87567,3.260,4.800,15.648
3270,0,2,1,0.500,80471,87716,3.256,4.800,15.629
3311,0,2,1,0.500,80499,87780,3.256,4.800,15.629
3350,0,2,1,0.500,80539,87852,3.256,4.800,15.629
3390,0,2,1,0.500,80561,87901,3.256,4.700,15.303
3431,0,2,1,0.500,80608,88040,3.256,4.700,15.303
3470,0,2,1,0.500,80593,87997,3.256,4.600,14.978
3510,0,2,1,0.500,80611,88049,3.256,4.600,14.978
3551,0,2,1,0.500,80549,87851,3.256,4.600,14.978
3590,0,2,1,0.500,80079,86829,3.256,4.600,14.978
3630,0,2,1,0.500,79707,86023,3.256,4.600,14.978
3670,0,2,1,0.500,79664,85988,3.256,4.800,15.629
3710,0,2,1,0.500,79761,86178,3.256,4.800,15.629
3751,0,2,1,0.500,79760,86202,3.256,4.800,15.629
3790,0,2,1,0.500,79851,86376,3.256,4.600,14.978
3830,0,2,1,0.500,79862,86387,3.256,4.600,14.978
3870,0,2,1,0.500,79757,86092,3.260,4.700,15.322
3910,0,2,1,0.500,79486,85600,3.260,4.700,15.322
3951,0,2,1,0.500,79345,85303,3.260,4.700,15.322
3990,0,2,1,0.500,79193,85023,3.256,4.700,15.303
4030,0,2,1,0.500,79142,84951,3.256,4.700,15.303
4071,0,2,1,0.500,79178,85075,3.256,4.900,15.954
4110,0,2,1,0.500,79188,85092,3.256,4.900,15.954
4150,0,2,1,0.500,79172,85067,3.256,4.900,15.954
4191,0,2,1,0.500,79240,85290,3.256,4.700,15.303
4230,0,2,1,0.500,79328,85483,3.256,4.700,15.303
4271,0,2,1,0.500,78766,84238,3.256,4.800,15.629
4311,0,2,1,0.500,78047,82760,3.256,4.800,15.629
4350,0,2,1,0.500,77865,82411,3.256,4.800,15.629
4391,0,2,1,0.500,77942,82522,3.256,4.700,15.303
4431,0,2,1,0.500,77942,82578,3.256,4.700,15.303
4471,0,2,1,0.500,77978,82679,3.256,4.600,14.978
4511,0,2,1,0.500,78121,82962,3.256,4.600,14.978
4551,0,2,1,0.500,78207,83101,3.256,4.600,14.978
4591,0,2,1,0.500,78119,82940,3.260,4.700,15.322
4631,0,2,1,0.500,78063,82798,3.260,4.700,15.322
4670,0,2,1,0.500,78162,82975,3.256,4.700,15.303
4711,0,2,1,0.500,78366,83414,3.256,4.700,15.303
4751,0,2,1,0.500,78500,83692,3.256,4.700,15.303
4791,0,2,1,0.500,78550,83763,3.260,4.500,14.670
4831,0,2,1,0.500,78682,83992,3.260,4.500,14.670
4870,0,2,1,0.500,78754,84169,3.260,4.600,14.996
4911,0,2,1,0.500,78740,84170,3.260,4.600,14.996
4951,0,2,1,0.500,78662,84003,3.260,4.600,14.996
4990,0,2,1,0.500,78190,82972,3.252,4.700,15.284
5031,0,2,1,0.500,77767,82134,3.252,4.700,15.284
5071,0,2,1,0.500,77654,81920,3.256,4.700,15.303
5110,0,2,1,0.500,77652,81935,3.256,4.700,15.303
5151,0,2,1,0.500,77687,81993,3.256,4.700,15.303
5191,0,2,1,0.500,77729,82069,3.260,4.500,14.670
5230,0,2,1,0.500,77761,82196,3.260,4.500,14.670
5271,0,2,1,0.500,77971,82586,3.260,4.700,15.322
5311,0,2,1,0.500,78096,82816,3.260,4.700,15.322
5351,0,2,1,0.500,78069,82760,3.260,4.700,15.322
5391,0,2,1,0.500,78142,82862,3.256,4.600,14.978
5431,0,2,1,0.500,78260,83165,3.256,4.600,14.978
5471,0,2,1,0.500,78365,83409,3.260,4.600,14.996
5511,0,2,1,0.500,78373,83415,3.260,4.600,14.996
5551,0,2,1,0.500,78426,83468,3.260,4.600,14.996
5591,0,2,1,0.500,78512,83658,3.260,4.700,15.322
5631,0,2,1,0.500,78540,83729,3.260,4.700,15.322
5671,0,2,1,0.500,78293,83214,3.256,4.500,14.652
5711,0,2,1,0.500,77962,82510,3.256,4.500,14.652
5751,0,2,1,0.500,77782,82159,3.256,4.500,14.652
5791,0,2,1,0.500,77810,82207,3.256,4.800,15.629
5831,0,2,1,0.500,77904,82385,3.256,4.800,15.629
5871,0,2,1,0.500,77950,82433,3.256,4.500,14.652
5911,0,2,1,0.500,77906,82404,3.256,4.500,14.652
5951,0,2,1,0.500,77873,82364,3.256,4.500,14.652
5991,0,2,1,0.500,77823,82259,3.256,4.800,15.629
6031,0,2,1,0.500,77822,82241,3.256,4.800,15.629
6071,0,2,1,0.500,77804,82192,3.260,4.700,15.322
6111,0,2,1,0.500,77833,82224,3.260,4.700,15.322
6151,0,2,1,0.500,77874,82332,3.260,4.700,15.322
6191,0,2,1,0.500,77905,82405,3.260,4.600,14.996
6231,0,2,1,0.500,77974,82530,3.260,4.600,14.996
6271,0,2,1,0.500,77992,82582,3.256,4.800,15.629
6311,0,2,1,0.500,78061,82719,3.256,4.800,15.629
6351,0,2,1,0.500,78098,82755,3.256,4.800,15.629
6391,0,2,1,0.500,77815,82217,3.256,4.700,15.303
6431,0,2,1,0.500,77443,81426,3.256,4.700,15.303
6471,0,2,1,0.500,77413,81350,3.260,4.700,15.322
6511,0,2,1,0.500,77460,81446,3.260,4.700,15.322
6551,0,2,1,0.500,77503,81527,3.260,4.700,15.322
6591,0,2,1,0.500,77611,81804,3.256,4.700,15.303
6631,0,2,1,0.500,77784,82109,3.256,4.700,15.303
6671,0,2,1,0.500,77752,82093,3.256,4.700,15.303
6711,0,2,1,0.500,77722,81974,3.256,4.700,15.303
6751,0,2,1,0.500,77757,82032,3.256,4.700,15.303
6791,0,2,1,0.500,77851,82213,3.256,4.800,15.629
6831,0,2,1,0.500,77911,82337,3.256,4.800,15.629
6871,0,2,1,0.500,77952,82402,3.256,4.600,14.978
6911,0,2,1,0.500,77996,82535,3.256,4.600,14.978
6951,0,2,1,0.500,78087,82703,3.256,4.600,14.978
6991,0,2,1,0.500,78056,82678,3.256,4.600,14.978
7031,0,2,1,0.500,78095,82780,3.256,4.600,14.978
7071,0,2,1,0.500,77798,82174,3.256,5.000,16.280
7111,0,2,1,0.500,77414,81366,3.256,5.000,16.280
7151,0,2,1,0.500,77248,81058,3.256,5.000,16.280
7191,0,2,1,0.500,77280,81108,3.260,4.400,14.344
7231,0,2,1,0.500,77320,81181,3.260,4.400,14.344
7271,0,2,1,0.500,77342,81236,3.256,4.600,14.978
7311,0,2,1,0.500,77366,81305,3.256,4.600,14.978
7351,0,2,1,0.500,77422,81415,3.256,4.600,14.978
7391,0,2,1,0.500,77505,81581,3.256,4.400,14.326
7431,0,2,1,0.500,77638,81879,3.256,4.400,14.326
7471,0,2,1,0.500,77814,82201,3.256,4.700,15.303
7511,0,2,1,0.500,77874,82304,3.256,4.700,15.303
7551,0,2,1,0.500,77862,82326,3.256,4.700,15.303
7591,0,2,1,0.500,77932,82435,3.256,5.000,16.280
7631,0,2,1,0.500,78058,82731,3.256,5.000,16.280
7671,0,2,1,0.500,78141,82854,3.260,4.600,14.996
7711,0,2,1,0.500,78212,83020,3.260,4.600,14.996
7751,0,2,1,0.500,78169,82839,3.260,4.600,14.996
7791,0,2,1,0.500,77660,81869,3.256,4.700,15.303
7831,0,2,1,0.500,77348,81219,3.256,4.700,15.303
7871,0,2,1,0.500,77341,81203,3.256,4.700,15.303
7911,0,2,1,0.500,77370,81293,3.256,4.700,15.303
7951,0,2,1,0.500,77387,81347,3.256,4.700,15.303
7991,0,2,1,0.500,77414,81417,3.256,4.900,15.954
8031,0,2,1,0.500,77511,81592,3.256,4.900,15.954
8071,0,2,1,0.500,77630,81842,3.256,5.000,16.280
8111,0,2,1,0.500,77770,82087,3.256,5.000,16.280
8151,0,2,1,0.500,77825,82202,3.256,5.000,16.280
8191,0,2,1,0.500,77822,82161,3.256,4.800,15.629
8231,0,2,1,0.500,77778,82116,3.256,4.800,15.629
8271,0,2,1,0.500,77757,82078,3.256,4.800,15.629
8311,0,2,1,0.500,77779,82146,3.256,4.800,15.629
8351,0,2,1,0.500,77852,82237,3.256,4.800,15.629
8391,0,2,1,0.500,77891,82359,3.260,4.700,15.322
8431,0,2,1,0.500,77862,82306,3.260,4.700,15.322
8471,0,2,1,0.500,77510,81545,3.256,4.700,15.303
8511,0,2,1,0.500,77085,80718,3.256,4.700,15.303
8551,0,2,1,0.500,77014,80559,3.256,4.700,15.303
8591,0,2,1,0.500,77086,80672,3.256,4.700,15.303
8631,0,2,1,0.500,77111,80770,3.256,4.700,15.303
8671,0,2,1,0.500,77086,80734,3.256,4.800,15.629
8711,0,2,1,0.500,77122,80816,3.256,4.800,15.629
8751,0,2,1,0.500,77248,81034,3.256,4.800,15.629
8791,0,2,1,0.500,77279,81069,3.256,4.600,14.978
8831,0,2,1,0.500,77332,81214,3.256,4.600,14.978
8871,0,2,1,0.500,77380,81266,3.256,4.900,15.954
8911,0,2,1,0.500,77390,81301,3.256,4.900,15.954
8951,0,2,1,0.500,77434,81367,3.256,4.900,15.954
8991,0,2,1,0.500,77495,81478,3.256,4.400,14.326
9031,0,2,1,0.500,77561,81606,3.256,4.400,14.326
9071,0,2,1,0.500,77528,81567,3.260,4.700,15.322
9111,0,2,1,0.500,77639,81784,3.260,4.700,15.322
9151,0,2,1,0.500,77578,81656,3.260,4.700,15.322
9191,0,2,1,0.500,77114,80743,3.256,4.700,15.303
9231,0,2,1,0.500,76772,80061,3.256,4.700,15.303
9271,0,2,1,0.500,76875,80238,3.256,4.700,15.303
9311,0,2,1,0.500,77044,80555,3.256,4.700,15.303
9351,0,2,1,0.500,77068,80603,3.256,4.700,15.303
9391,0,2,1,0.500,77168,80788,3.256,4.400,14.326
9431,0,2,1,0.500,77273,81002,3.256,4.400,14.326
9471,0,2,1,0.500,77231,80945,3.256,4.900,15.954
9511,0,2,1,0.500,77191,80864,3.256,4.900,15.954
9551,0,2,1,0.500,77198,80830,3.256,4.900,15.954
9591,0,2,1,0.500,77203,80873,3.260,4.900,15.974
9631,0,2,1,0.500,77238,80928,3.260,4.900,15.974
9671,0,2,1,0.500,77308,81045,3.260,4.600,14.996
9711,0,2,1,0.500,77280,80989,3.260,4.600,14.996
9751,0,2,1,0.500,77233,80926,3.260,4.600,14.996
9791,0,2,1,0.500,77449,81290,3.252,4.800,15.610
9832,0,2,1,0.500,77479,81406,3.252,4.800,15.610
9871,0,2,1,0.500,77060,80569,3.256,4.700,15.303
9911,0,2,1,0.500,76658,79771,3.256,4.700,15.303
9952,0,2,1,0.500,76744,79953,3.256,4.700,15.303
9991,0,2,1,0.500,76710,79928,3.256,4.500,14.652
10031,0,2,1,0.500,76641,79748,3.256,4.500,14.652
10071,0,2,1,0.500,76657,79856,3.256,4.700,15.303
10111,0,2,1,0.500,76709,79921,3.256,4.700,15.303
10152,0,2,1,0.500,76860,80226,3.256,4.700,15.303
10191,0,2,1,0.500,76937,80355,3.256,4.700,15.303
10231,0,2,1,0.500,76875,80272,3.256,4.700,15.303
10271,0,2,1,0.500,77015,80487,3.256,4.500,14.652
10311,0,2,1,0.500,77036,80554,3.256,4.500,14.652
10351,0,2,1,0.500,76929,80369,3.256,4.500,14.652
10391,0,2,1,0.500,76924,80352,3.256,4.500,14.652
10431,0,2,1,0.500,76901,80340,3.256,4.500,14.652
10472,0,2,1,0.500,76856,80244,3.256,4.600,14.978
10511,0,2,1,0.500,76861,80233,3.256,4.600,14.978
10551,0,2,1,0.500,76691,79961,3.256,4.600,14.978
10592,0,2,1,0.500,76347,79298,3.256,4.600,14.978
10631,0,2,1,0.500,76262,79164,3.256,4.600,14.978
10672,0,2,1,0.500,76275,79165,3.256,4.700,15.303
10712,0,2,1,0.500,76255,79145,3.256,4.700,15.303
10751,0,2,1,0.500,76274,79176,3.256,4.700,15.303
10792,0,2,1,0.500,76336,79302,3.256,4.800,15.629
10832,0,2,1,0.500,76342,79344,3.256,4.800,15.629
10872,0,2,1,0.500,76454,79571,3.256,4.700,15.303
10912,0,2,1,0.500,76655,79895,3.256,4.700,15.303
10952,0,2,1,0.500,76619,79871,3.256,4.700,15.303
10992,0,2,1,0.500,76521,79693,3.256,4.700,15.303
11032,0,2,1,0.500,76582,79803,3.256,4.700,15.303
11072,0,2,1,0.500,76788,80210,3.260,4.800,15.648
11112,0,2,1,0.500,76884,80428,3.260,4.800,15.648
11152,0,2,1,0.500,76932,80505,3.260,4.800,15.648
11192,0,2,1,0.500,77058,80743,3.260,4.700,15.322
11232,0,2,1,0.500,77160,80978,3.260,4.700,15.322
11272,0,2,1,0.500,77106,80827,3.256,4.600,14.978
11312,0,2,1,0.500,76553,79771,3.256,4.600,14.978
11352,0,2,1,0.500,76254,79151,3.256,4.600,14.978
11392,0,2,1,0.500,76362,79371,3.260,4.700,15.322
11432,0,2,1,0.500,76458,79518,3.260,4.700,15.322
11472,0,2,1,0.500,76355,79328,3.256,4.600,14.978
11512,0,2,1,0.500,76352,79346,3.256,4.600,14.978
11552,0,2,1,0.500,76484,79594,3.256,4.600,14.978
11592,0,2,1,0.500,76566,79766,3.260,4.300,14.018
11632,0,2,1,0.500,76550,79740,3.260,4.300,14.018
11672,0,2,1,0.500,76623,79859,3.260,4.500,14.670
11712,0,2,1,0.500,76815,80242,3.260,4.500,14.670
11752,0,2,1,0.500,76924,80445,3.260,4.500,14.670
11792,0,2,1,0.500,76869,80388,3.256,4.700,15.303
11832,0,2,1,0.500,76872,80356,3.256,4.700,15.303
11872,0,2,1,0.500,77056,80708,3.256,4.600,14.978
11912,0,2,1,0.500,77248,81078,3.256,4.600,14.978
11952,0,2,1,0.500,77413,81414,3.256,4.600,14.978
11992,0,2,1,0.500,77475,81580,3.256,4.700,15.303
12032,0,2,1,0.500,77281,81170,3.256,4.700,15.303
12072,0,2,1,0.500,76918,80417,3.256,4.500,14.652
12112,0,2,1,0.500,76742,80029,3.256,4.500,14.652
12152,0,2,1,0.500,76745,80107,3.256,4.500,14.652
12192,0,2,1,0.500,76916,80402,3.260,4.700,15.322
12232,0,2,1,0.500,76991,80571,3.260,4.700,15.322
12272,0,2,1,0.500,77082,80740,3.256,4.800,15.629
12312,0,2,1,0.500,77072,80734,3.256,4.800,15.629
12352,0,2,1,0.500,76957,80494,3.256,4.800,15.629
12392,0,2,1,0.500,76942,80460,3.256,4.600,14.978
12432,0,2,1,0.500,77003,80571,3.256,4.600,14.978
12472,0,2,1,0.500,77095,80705,3.256,4.600,14.978
12512,0,2,1,0.500,77099,80785,3.256,4.600,14.978
12552,0,2,1,0.500,77189,80919,3.256,4.600,14.978
12592,0,2,1,0.500,77182,80900,3.256,4.600,14.978
12632,0,2,1,0.500,77239,81003,3.256,4.600,14.978
12672,0,2,1,0.500,77319,81196,3.256,4.500,14.652
12712,0,2,1,0.500,77410,81385,3.256,4.500,14.652
12752,0,2,1,0.500,77504,81602,3.256,4.500,14.652
12792,0,2,1,0.500,77450,81488,3.260,5.000,16.300
12832,0,2,1,0.500,77122,80773,3.260,5.000,16.300
12872,0,2,1,0.500,76943,80389,3.256,4.500,14.652
12912,0,2,1,0.500,76962,80454,3.256,4.500,14.652
12952,0,2,1,0.500,77036,80557,3.256,4.500,14.652
12992,0,2,1,0.500,77108,80758,3.256,4.800,15.629
13032,0,2,1,0.500,77153,80843,3.256,4.800,15.629
13072,0,2,1,0.500,77132,80831,3.256,4.500,14.652
13112,0,2,1,0.500,77155,80849,3.256,4.500,14.652
13152,0,2,1,0.500,77203,80936,3.256,4.500,14.652
13192,0,2,1,0.500,77208,80920,3.252,4.500,14.634
13232,0,2,1,0.500,77132,80815,3.252,4.500,14.634
13272,0,2,1,0.500,77052,80644,3.256,4.700,15.303
13312,0,2,1,0.500,77077,80697,3.256,4.700,15.303
13352,0,2,1,0.500,77129,80812,3.256,4.700,15.303
13392,0,2,1,0.500,77046,80614,3.256,4.800,15.629
13432,0,2,1,0.500,76804,80216,3.256,4.800,15.629
13472,0,2,1,0.500,76835,80258,3.252,4.700,15.284
13512,0,2,1,0.500,76882,80378,3.252,4.700,15.284
13552,0,2,1,0.500,76466,79539,3.252,4.700,15.284
13592,0,2,1,0.500,76053,78805,3.256,4.700,15.303
13632,0,2,1,0.500,76029,78732,3.256,4.700,15.303
13672,0,2,1,0.500,76159,78979,3.260,4.700,15.322
13712,0,2,1,0.500,76251,79166,3.260,4.700,15.322
13752,0,2,1,0.500,76299,79273,3.260,4.700,15.322
13792,0,2,1,0.500,76471,79595,3.256,4.500,14.652
13832,0,2,1,0.500,76649,79919,3.256,4.500,14.652
13872,0,2,1,0.500,76662,79961,3.260,5.000,16.300
13912,0,2,1,0.500,76492,79628,3.260,5.000,16.300
13952,0,2,1,0.500,76416,79537,3.260,5.000,16.300
13992,0,2,1,0.500,76551,79812,3.256,4.700,15.303
14032,0,2,1,0.500,76740,80094,3.256,4.700,15.303
14072,0,2,1,0.500,76684,80033,3.256,4.300,14.001
14112,0,2,1,0.500,76588,79866,3.256,4.300,14.001
14152,0,2,1,0.500,76726,80119,3.256,4.300,14.001
14192,0,2,1,0.500,76864,80377,3.260,4.600,14.996
14232,0,2,1,0.500,76725,80149,3.260,4.600,14.996
14272,0,2,1,0.500,76568,79787,3.256,4.500,14.652
14312,0,2,1,0.500,76331,79353,3.256,4.500,14.652
14352,0,2,1,0.500,76159,79069,3.256,4.500,14.652
14392,0,2,1,0.500,76111,78966,3.260,4.800,15.648
14432,0,2,1,0.500,76192,79114,3.260,4.800,15.648
14472,0,2,1,0.500,76331,79365,3.256,4.700,15.303
14512,0,2,1,0.500,76472,79667,3.256,4.700,15.303
14552,0,2,1,0.500,76569,79862,3.256,4.700,15.303
14593,0,2,1,0.500,76754,80203,3.256,4.700,15.303
14632,0,2,1,0.500,76822,80352,3.256,4.700,15.303
14672,0,2,1,0.500,76841,80412,3.256,4.600,14.978
14713,0,2,1,0.500,76918,80542,3.256,4.600,14.978
14752,0,2,1,0.500,76882,80474,3.256,4.600,14.978
14792,0,2,1,0.500,76681,80043,3.260,4.500,14.670
14833,0,2,1,0.500,76587,79889,3.260,4.500,14.670
14872,0,2,1,0.500,76711,80182,3.256,4.800,15.629
14912,0,2,1,0.500,76649,80077,3.256,4.800,15.629
14953,0,2,1,0.500,76543,79812,3.256,4.800,15.629
14992,0,2,1,0.500,76623,80019,3.256,4.800,15.629
15032,0,2,1,0.500,76556,79842,3.256,4.800,15.629
15072,0,2,1,0.500,76317,79330,3.256,4.800,15.629
15112,0,2,1,0.500,76278,79324,3.256,4.800,15.629
15153,0,2,1,0.500,76386,79459,3.256,4.800,15.629
15192,0,2,1,0.500,76458,79601,3.256,4.500,14.652
15232,0,2,1,0.500,76484,79707,3.256,4.500,14.652
15273,0,2,1,0.500,76533,79818,3.256,4.700,15.303
15312,0,2,1,0.500,76700,80141,3.256,4.700,15.303
15353,0,2,1,0.500,76893,80490,3.256,4.700,15.303
15393,0,2,1,0.500,76960,80604,3.256,4.600,14.978
15432,0,2,1,0.500,76977,80617,3.256,4.600,14.978
15473,0,2,1,0.500,76989,80665,3.256,4.600,14.978
15513,0,2,1,0.500,77106,80878,3.256,4.600,14.978
15553,0,2,1,0.500,77164,81029,3.256,4.600,14.978
15593,0,2,1,0.500,77175,81080,3.256,4.700,15.303
15633,0,2,1,0.500,77193,81071,3.256,4.700,15.303
15673,0,2,1,0.500,77235,81183,3.256,5.000,16.280
15713,0,2,1,0.500,77273,81274,3.256,5.000,16.280
15753,0,2,1,0.500,77186,81106,3.256,5.000,16.280
15793,0,2,1,0.500,76801,80290,3.256,4.700,15.303
15833,0,2,1,0.500,76665,79974,3.256,4.700,15.303
15873,0,2,1,0.500,76801,80248,3.252,4.700,15.284
15913,0,2,1,0.500,76814,80291,3.252,4.700,15.284
15953,0,2,1,0.500,76862,80369,3.252,4.700,15.284
15993,0,2,1,0.500,76948,80569,3.252,4.400,14.309
16033,0,2,1,0.500,76918,80511,3.252,4.400,14.309
16073,0,2,1,0.500,76869,80405,3.256,4.700,15.303
16113,0,2,1,0.500,76828,80346,3.256,4.700,15.303
16153,0,2,1,0.500,76938,80545,3.256,4.700,15.303
16193,0,2,1,0.500,77026,80760,3.256,4.700,15.303
16233,0,2,1,0.500,77116,80912,3.256,4.700,15.303
16273,0,2,1,0.500,77144,81007,3.252,4.700,15.284
16313,0,2,1,0.500,77208,81106,3.252,4.700,15.284
16353,0,2,1,0.500,77222,81138,3.252,4.700,15.284
16393,0,2,1,0.500,77191,81072,3.256,4.800,15.629
16433,0,2,1,0.500,77158,81054,3.256,4.800,15.629
16473,0,2,1,0.500,76945,80570,3.256,4.600,14.978
16513,0,2,1,0.500,76603,79874,3.256,4.600,14.978
16553,0,2,1,0.500,76624,79956,3.256,4.600,14.978
16593,0,2,1,0.500,76809,80294,3.256,4.500,14.652
16633,0,2,1,0.500,76927,80513,3.256,4.500,14.652
16673,0,2,1,0.500,77085,80813,3.256,4.800,15.629
16713,0,2,1,0.500,77151,80961,3.256,4.800,15.629
16753,0,2,1,0.500,77092,80834,3.256,4.800,15.629
16793,0,2,1,0.500,77026,80757,3.256,4.400,14.326
16833,0,2,1,0.500,77114,80900,3.256,4.400,14.326
16873,0,2,1,0.500,77114,80906,3.260,4.800,15.648
16913,0,2,1,0.500,77047,80783,3.260,4.800,15.648
16953,0,2,1,0.500,76980,80592,3.260,4.800,15.648
16993,0,2,1,0.500,76923,80506,3.256,4.900,15.954
17033,0,2,1,0.500,76947,80577,3.256,4.900,15.954
17073,0,2,1,0.500,76976,80586,3.256,4.800,15.629
17113,0,2,1,0.500,77009,80679,3.256,4.800,15.629
17153,0,2,1,0.500,77014,80690,3.256,4.800,15.629
17193,0,2,1,0.500,76620,79890,3.256,4.500,14.652
17233,0,2,1,0.500,76359,79404,3.256,4.500,14.652
17273,0,2,1,0.500,76336,79403,3.256,4.800,15.629
17313,0,2,1,0.500,76462,79591,3.256,4.800,15.629
17353,0,2,1,0.500,76461,79573,3.256,4.800,15.629
17393,0,2,1,0.500,76562,79763,3.256,4.700,15.303
17433,0,2,1,0.500,76716,80042,3.256,4.700,15.303
17473,0,2,1,0.500,76962,80489,3.256,4.600,14.978
17513,0,2,1,0.500,77199,80948,3.256,4.600,14.978
17553,0,2,1,0.500,77194,80963,3.256,4.600,14.978
17593,0,2,1,0.500,77324,81157,3.260,4.700,15.322
17633,0,2,1,0.500,77551,81638,3.260,4.700,15.322
17673,0,2,1,0.500,77653,81894,3.256,5.000,16.280
17713,0,2,1,0.500,77852,82259,3.256,5.000,16.280
17753,0,2,1,0.500,78078,82751,3.256,5.000,16.280
17793,0,2,1,0.500,78452,83544,3.260,4.700,15.322
17833,0,2,1,0.500,78798,84246,3.260,4.700,15.322
17873,0,2,1,0.500,78702,83949,3.256,4.800,15.629
17913,0,2,1,0.500,78254,83059,3.256,4.800,15.629
17953,0,2,1,0.500,78170,82908,3.256,4.800,15.629
17993,0,2,1,0.500,78338,83251,3.256,4.700,15.303
18033,0,2,1,0.500,78548,83714,3.256,4.700,15.303
18073,0,2,1,0.500,78662,83976,3.256,4.800,15.629
18113,0,2,1,0.500,78618,83843,3.256,4.800,15.629
18153,0,2,1,0.500,78266,83026,3.256,4.800,15.629
18193,0,2,1,0.500,77934,82317,3.256,4.700,15.303
18233,0,2,1,0.500,77898,82262,3.256,4.700,15.303
18273,0,2,1,0.500,78136,82715,3.260,5.000,16.300
18313,0,2,1,0.500,78176,82797,3.260,5.000,16.300
18354,0,2,1,0.500,78286,83054,3.260,5.000,16.300
18393,0,2,1,0.500,78439,83347,3.256,4.700,15.303
18433,0,2,1,0.500,78434,83316,3.256,4.700,15.303
18473,0,2,1,0.500,78465,83365,3.256,4.800,15.629
18513,0,2,1,0.500,78573,83562,3.256,4.800,15.629
18553,0,2,1,0.500,78123,82590,3.256,4.800,15.629
18593,0,2,1,0.500,77383,81093,3.256,4.900,15.954
18633,0,2,1,0.500,77047,80459,3.256,4.900,15.954
18674,0,2,1,0.500,77122,80598,3.256,4.900,15.954
18713,0,2,1,0.500,77221,80825,3.256,4.900,15.954
18753,0,2,1,0.500,77454,81267,3.256,4.900,15.954
18794,0,2,1,0.500,77496,81400,3.252,4.800,15.610
18833,0,2,1,0.500,77990,82404,3.252,4.800,15.610
18874,0,2,1,0.500,77970,82343,3.260,4.700,15.322
18914,0,2,1,0.500,77642,81645,3.260,4.700,15.322
18953,0,2,1,0.500,77549,81518,3.260,4.700,15.322
18994,0,2,1,0.500,77662,81750,3.256,4.800,15.629
19034,0,2,1,0.500,77810,82018,3.256,4.800,15.629
19074,0,2,1,0.500,77808,82052,3.256,4.600,14.978
19114,0,2,1,0.500,78012,82459,3.256,4.600,14.978
19154,0,2,1,0.500,78156,82711,3.256,4.600,14.978
19194,0,2,1,0.500,78128,82735,3.256,4.700,15.303
19234,0,2,1,0.500,78362,83209,3.256,4.700,15.303
19274,0,2,1,0.500,78175,82780,3.256,4.800,15.629
19314,0,2,1,0.500,77666,81740,3.256,4.800,15.629
19354,0,2,1,0.500,77475,81356,3.256,4.800,15.629
19394,0,2,1,0.500,77635,81675,3.256,5.000,16.280
19434,0,2,1,0.500,77842,82108,3.256,5.000,16.280
19474,0,2,1,0.500,78079,82549,3.256,5.100,16.606
19514,0,2,1,0.500,78191,82781,3.256,5.100,16.606
19554,0,2,1,0.500,78134,82636,3.256,5.100,16.606
19594,0,2,1,0.500,78073,82512,3.256,4.500,14.652
19634,0,2,1,0.500,78189,82717,3.256,4.500,14.652
19674,0,2,1,0.500,78325,83030,3.260,4.800,15.648
19714,0,2,1,0.500,78411,83207,3.260,4.800,15.648
19754,0,2,1,0.500,78572,83552,3.260,4.800,15.648
19794,0,2,1,0.500,78674,83730,3.256,4.700,15.303
19834,0,2,1,0.500,78445,83299,3.256,4.700,15.303
19874,0,2,1,0.500,78199,82815,3.256,4.700,15.303
19914,0,2,1,0.500,78327,83076,3.256,4.700,15.303
19954,0,2,1,0.500,78240,82914,3.256,4.700,15.303
19994,0,2,1,0.500,77776,81916,3.252,5.000,16.260
20034,0,2,1,0.500,77473,81250,3.252,5.000,16.260
20074,0,2,1,0.500,77533,81428,3.252,4.500,14.634
20114,0,2,1,0.500,77739,81876,3.252,4.500,14.634
20154,0,2,1,0.500,77648,81703,3.252,4.500,14.634
20194,0,2,1,0.500,77592,81593,3.256,4.600,14.978
20234,0,2,1,0.500,77666,81744,3.256,4.600,14.978
20274,0,2,1,0.500,77689,81809,3.252,4.700,15.284
20314,0,2,1,0.500,77591,81608,3.252,4.700,15.284
20354,0,2,1,0.500,77475,81376,3.252,4.700,15.284
20394,0,2,1,0.500,77411,81272,3.256,5.800,18.885
20434,0,2,1,0.500,77418,81253,3.256,5.800,18.885
20474,0,2,1,0.500,77441,81323,3.240,4.900,15.876
20514,0,2,1,0.500,77404,81240,3.240,4.900,15.876
20554,0,2,1,0.500,77412,81228,3.240,4.900,15.876
20594,0,2,1,0.500,77259,80959,3.256,4.700,15.303
20634,0,2,1,0.500,77057,80542,3.256,4.700,15.303
20674,0,2,1,0.500,77029,80514,3.256,5.000,16.280
20714,0,2,1,0.500,77103,80645,3.256,5.000,16.280
20754,0,2,1,0.500,77150,80714,3.256,5.000,16.280
20794,0,2,1,0.500,77233,80910,3.240,4.800,15.552
20834,0,2,1,0.500,77323,81057,3.240,4.800,15.552
20874,0,2,1,0.500,77421,81209,3.256,6.600,21.490
20914,0,2,1,0.500,77438,81248,3.256,6.600,21.490
20954,0,2,1,0.500,77505,81370,3.256,6.600,21.490
20994,0,2,1,0.500,77703,81830,3.240,4.700,15.228
21034,0,2,1,0.500,77870,82121,3.240,4.700,15.228
21074,0,2,1,0.500,77862,82090,3.252,4.900,15.935
21114,0,2,1,0.500,77859,82111,3.252,4.900,15.935
21154,0,2,1,0.500,77999,82398,3.252,4.900,15.935
21194,0,2,1,0.500,78107,82604,3.256,4.700,15.303
21234,0,2,1,0.500,78072,82524,3.256,4.700,15.303
21274,0,2,1,0.500,77683,81740,3.240,4.800,15.552
21314,0,2,1,0.500,77188,80782,3.240,4.800,15.552
21354,0,2,1,0.500,77115,80642,3.240,4.800,15.552
21394,0,2,1,0.500,77160,80750,3.256,4.700,15.303
21434,0,2,1,0.500,77126,80640,3.256,4.700,15.303
21474,0,2,1,0.500,77177,80760,3.256,6.100,19.862
21514,0,2,1,0.500,77240,80946,3.256,6.100,19.862
21554,0,2,1,0.500,77382,81219,3.256,6.100,19.862
21594,0,2,1,0.500,77412,81319,3.236,4.800,15.533
21634,0,2,1,0.500,77353,81196,3.236,4.800,15.533
21675,0,2,1,0.500,77316,81099,3.256,4.700,15.303
21714,0,2,1,0.500,77279,81136,3.256,4.700,15.303
21754,0,2,1,0.500,77273,81061,3.256,4.700,15.303
21795,0,2,1,0.500,77236,80995,3.236,5.000,16.180
21834,0,2,1,0.500,77257,81078,3.236,5.000,16.180
21875,0,2,1,0.500,77513,81546,3.240,4.800,15.552
21915,0,2,1,0.500,77566,81618,3.240,4.800,15.552
21955,0,2,1,0.500,77371,81248,3.240,4.800,15.552
21995,0,2,1,0.500,77098,80674,3.252,6.800,22.114
22035,0,2,1,0.500,76907,80355,3.252,6.800,22.114
22075,0,2,1,0.500,76907,80280,3.240,5.000,16.200
22115,0,2,1,0.500,76885,80257,3.240,5.000,16.200
22155,0,2,1,0.500,76866,80264,3.240,5.000,16.200
22195,0,2,1,0.500,76900,80361,3.244,4.900,15.896
22235,0,2,1,0.500,77037,80614,3.244,4.900,15.896
22275,0,2,1,0.500,77186,80906,3.252,6.800,22.114
22315,0,2,1,0.500,77305,81141,3.252,6.800,22.114
22355,0,2,1,0.500,77381,81298,3.252,6.800,22.114
22395,0,2,1,0.500,77522,81599,3.240,4.900,15.876
22435,0,2,1,0.500,77741,82067,3.240,4.900,15.876
22475,0,2,1,0.500,77893,82339,3.256,6.800,22.141
22515,0,2,1,0.500,77919,82405,3.256,6.800,22.141
22555,0,2,1,0.500,78086,82784,3.256,6.800,22.141
22595,0,2,1,0.500,78339,83250,3.236,6.700,21.681
22635,0,2,1,0.500,78444,83417,3.236,6.700,21.681
22675,0,2,1,0.500,78408,83400,3.240,4.700,15.228
22715,0,2,1,0.500,78312,83169,3.240,4.700,15.228
22755,0,2,1,0.500,77932,82365,3.240,4.700,15.228
22795,0,2,1,0.500,77707,81925,3.252,6.600,21.463
22835,0,2,1,0.500,77738,81961,3.252,6.600,21.463
22875,0,2,1,0.500,77754,81976,3.236,5.600,18.122
22915,0,2,1,0.500,77671,81829,3.236,5.600,18.122
22955,0,2,1,0.500,77690,81878,3.236,5.600,18.122
22995,0,2,1,0.500,77722,81924,3.240,6.700,21.708
23035,0,2,1,0.500,77705,81887,3.240,6.700,21.708
23075,0,2,1,0.500,77798,82106,3.236,6.800,22.005
23115,0,2,1,0.500,77992,82499,3.236,6.800,22.005
23155,0,2,1,0.500,77993,82510,3.236,6.800,22.005
23195,0,2,1,0.500,78014,82492,3.240,5.000,16.200
23235,0,2,1,0.500,77967,82384,3.240,5.000,16.200
23275,0,2,1,0.500,77971,82422,3.236,6.800,22.005
23315,0,2,1,0.500,78130,82726,3.236,6.800,22.005
23355,0,2,1,0.500,78223,82880,3.236,6.800,22.005
23395,0,2,1,0.500,78148,82736,3.236,6.900,22.328
23435,0,2,1,0.500,78002,82399,3.236,6.900,22.328
23475,0,2,1,0.500,78088,82567,3.240,4.900,15.876
23515,0,2,1,0.500,78167,82749,3.240,4.900,15.876
23555,0,2,1,0.500,77770,81924,3.240,4.900,15.876
23595,0,2,1,0.500,77508,81393,3.252,7.100,23.089
23635,0,2,1,0.500,77629,81654,3.252,7.100,23.089
23675,0,2,1,0.500,77819,82018,3.236,6.700,21.681
23715,0,2,1,0.500,78019,82355,3.236,6.700,21.681
23755,0,2,1,0.500,78060,82423,3.236,6.700,21.681
23795,0,2,1,0.500,78096,82490,3.236,7.000,22.652
23835,0,2,1,0.500,78128,82574,3.236,7.000,22.652
23875,0,2,1,0.500,78185,82669,3.244,6.900,22.384
23915,0,2,1,0.500,78247,82767,3.244,6.900,22.384
23955,0,2,1,0.500,78186,82637,3.244,6.900,22.384
23995,0,2,1,0.500,77999,82357,3.236,6.900,22.328
24035,0,2,1,0.500,78028,82369,3.236,6.900,22.328
24075,0,2,1,0.500,78186,82742,3.256,7.000,22.792
24115,0,2,1,0.500,78224,82796,3.256,7.000,22.792
24155,0,2,1,0.500,78057,82466,3.256,7.000,22.792
24195,0,2,1,0.500,78042,82403,3.236,6.900,22.328
24235,0,2,1,0.500,78134,82620,3.236,6.900,22.328
24275,0,2,1,0.500,78014,82326,3.236,4.700,15.209
24315,0,2,1,0.500,77532,81418,3.236,4.700,15.209
24355,0,2,1,0.500,77387,81099,3.236,4.700,15.209
24395,0,2,1,0.500,77569,81523,3.256,7.100,23.118
24435,0,2,1,0.500,77816,81961,3.256,7.100,23.118
24475,0,2,1,0.500,77896,82110,3.240,6.600,21.384
24515,0,2,1,0.500,77781,81934,3.240,6.600,21.384
24555,0,2,1,0.500,77823,82012,3.240,6.600,21.384
24595,0,2,1,0.500,78016,82368,3.256,5.700,18.559
24635,0,2,1,0.500,78235,82844,3.256,5.700,18.559
24675,0,2,1,0.500,78314,83032,3.256,7.100,23.118
24715,0,2,1,0.500,78427,83229,3.256,7.100,23.118
24756,0,2,1,0.500,78579,83530,3.256,7.100,23.118
24795,0,2,1,0.500,78709,83827,3.236,4.400,14.238
24835,0,2,1,0.500,78915,84229,3.236,4.400,14.238
24875,0,2,1,0.500,78994,84395,3.256,6.800,22.141
24915,0,2,1,0.500,78936,84323,3.256,6.800,22.141
24955,0,2,1,0.500,78997,84472,3.256,6.800,22.141
24995,0,2,1,0.500,79036,84498,3.256,7.000,22.792
25035,0,2,1,0.500,78657,83660,3.256,7.000,22.792
25076,0,2,1,0.500,78178,82672,3.232,4.600,14.867
25115,0,2,1,0.500,78190,82716,3.232,4.600,14.867
25155,0,2,1,0.500,78508,83406,3.232,4.600,14.867
25196,0,2,1,0.500,78601,83564,3.256,7.000,22.792
25236,0,2,1,0.500,78523,83368,3.256,7.000,22.792
25276,0,2,1,0.500,78578,83479,3.252,7.100,23.089
25316,0,2,1,0.500,78684,83746,3.252,7.100,23.089
25356,0,2,1,0.500,78700,83776,3.252,7.100,23.089
25396,0,2,1,0.500,78689,83774,3.236,4.300,13.915
25436,0,2,1,0.500,78778,83965,3.236,4.300,13.915
25476,0,2,1,0.500,78937,84269,3.256,7.000,22.792
25516,0,2,1,0.500,79045,84531,3.256,7.000,22.792
25556,0,2,1,0.500,79203,84821,3.256,7.000,22.792
25596,0,2,1,0.500,79240,84906,3.244,4.800,15.571
25636,0,2,1,0.500,79211,84842,3.244,4.800,15.571
25676,0,2,1,0.500,79133,84713,3.256,4.500,14.652
25716,0,2,1,0.500,79220,84961,3.256,4.500,14.652
25756,0,2,1,0.500,79088,84626,3.256,4.500,14.652
25796,0,2,1,0.500,78600,83526,3.256,7.000,22.792
25836,0,2,1,0.500,78422,83177,3.256,7.000,22.792
25876,0,2,1,0.500,78599,83550,3.236,4.600,14.886
25916,0,2,1,0.500,78735,83888,3.236,4.600,14.886
25956,0,2,1,0.500,78792,83966,3.236,4.600,14.886
25996,0,2,1,0.500,78778,83954,3.252,4.400,14.309
26036,0,2,1,0.500,78821,84080,3.252,4.400,14.309
26076,0,2,1,0.500,78921,84272,3.256,7.000,22.792
26116,0,2,1,0.500,78953,84339,3.256,7.000,22.792
26156,0,2,1,0.500,78996,84402,3.256,7.000,22.792
26196,0,2,1,0.500,79051,84569,3.256,4.800,15.629
26236,0,2,1,0.500,79133,84681,3.256,4.800,15.629
26276,0,2,1,0.500,79204,84886,3.260,5.800,18.908
26316,0,2,1,0.500,79347,85166,3.260,5.800,18.908
26356,0,2,1,0.500,79387,85244,3.260,5.800,18.908
26396,0,2,1,0.500,79366,85194,3.256,4.700,15.303
26436,0,2,1,0.500,79303,85098,3.256,4.700,15.303
26476,0,2,1,0.500,79457,85375,3.260,4.700,15.322
26516,0,2,1,0.500,79286,85064,3.260,4.700,15.322
26556,0,2,1,0.500,78584,83475,3.260,4.700,15.322
26596,0,2,1,0.500,77930,82126,3.256,6.900,22.466
26636,0,2,1,0.500,77891,82113,3.256,6.900,22.466
26676,0,2,1,0.500,78142,82614,3.256,4.800,15.629
26716,0,2,1,0.500,78306,82972,3.256,4.800,15.629
26756,0,2,1,0.500,78367,83108,3.256,4.800,15.629
26796,0,2,1,0.500,78629,83671,3.260,4.600,14.996
26836,0,2,1,0.500,78927,84280,3.260,4.600,14.996
26876,0,2,1,0.500,78913,84239,3.256,4.500,14.652
26916,0,2,1,0.500,78884,84153,3.256,4.500,14.652
26956,0,2,1,0.500,79095,84593,3.256,4.500,14.652
26996,0,2,1,0.500,79423,85293,3.260,4.700,15.322
27036,0,2,1,0.500,79464,85317,3.260,4.700,15.322
27076,0,2,1,0.500,79338,85064,3.260,4.900,15.974
27116,0,2,1,0.500,79463,85304,3.260,4.900,15.974
27156,0,2,1,0.500,79488,85367,3.260,4.900,15.974
27196,0,2,1,0.500,79398,85200,3.256,4.800,15.629
27236,0,2,1,0.500,79508,85405,3.256,4.800,15.629
27276,0,2,1,0.500,79352,85041,3.256,4.500,14.652
27316,0,2,1,0.500,78752,83730,3.256,4.500,14.652
27356,0,2,1,0.500,78187,82533,3.256,4.500,14.652
27396,0,2,1,0.500,77999,82218,3.260,4.700,15.322
27436,0,2,1,0.500,78248,82706,3.260,4.700,15.322
27476,0,2,1,0.500,78506,83282,3.256,4.600,14.978
27516,0,2,1,0.500,78547,83357,3.256,4.600,14.978
27556,0,2,1,0.500,78585,83429,3.256,4.600,14.978
27596,0,2,1,0.500,78773,83837,3.256,4.700,15.303
27636,0,2,1,0.500,78805,83907,3.256,4.700,15.303
27676,0,2,1,0.500,78658,83578,3.260,4.800,15.648
27716,0,2,1,0.500,78603,83487,3.260,4.800,15.648
27757,0,2,1,0.500,78748,83860,3.260,4.800,15.648
27796,0,2,1,0.500,78865,84085,3.256,5.000,16.280
27836,0,2,1,0.500,78607,83547,3.256,5.000,16.280
27876,0,2,1,0.500,78447,83191,3.256,4.800,15.629
27916,0,2,1,0.500,78543,83440,3.256,4.800,15.629
27957,0,2,1,0.500,78714,83805,3.256,4.800,15.629
27996,0,2,1,0.500,78656,83659,3.260,4.800,15.648
28036,0,2,1,0.500,78358,83010,3.260,4.800,15.648
28077,0,2,1,0.500,78190,82649,3.256,4.500,14.652
28116,0,2,1,0.500,78301,82842,3.256,4.500,14.652
28156,0,2,1,0.500,78275,82821,3.256,4.500,14.652
28197,0,2,1,0.500,78237,82719,3.256,4.600,14.978
28237,0,2,1,0.500,78340,82932,3.256,4.600,14.978
28277,0,2,1,0.500,78612,83557,3.256,4.600,14.978
28317,0,2,1,0.500,78740,83826,3.256,4.600,14.978
28357,0,2,1,0.500,78665,83622,3.256,4.600,14.978
28397,0,2,1,0.500,78630,83527,3.260,4.800,15.648
28437,0,2,1,0.500,78759,83851,3.260,4.800,15.648
28477,0,2,1,0.500,78922,84188,3.256,4.600,14.978
28517,0,2,1,0.500,79161,84668,3.256,4.600,14.978
28557,0,2,1,0.500,79351,85066,3.256,4.600,14.978
28597,0,2,1,0.500,79410,85209,3.260,4.700,15.322
28637,0,2,1,0.500,79266,84896,3.260,4.700,15.322
28677,0,2,1,0.500,79052,84379,3.256,4.900,15.954
28717,0,2,1,0.500,78882,84025,3.256,4.900,15.954
28757,0,2,1,0.500,78384,82933,3.256,4.900,15.954
28797,0,2,1,0.500,77841,81835,3.256,4.600,14.978
28837,0,2,1,0.500,78005,82163,3.256,4.600,14.978
28877,0,2,1,0.500,78553,83280,3.252,4.600,14.959
28917,0,2,1,0.500,78674,83522,3.252,4.600,14.959
28957,0,2,1,0.500,78417,82955,3.252,4.600,14.959
28997,0,2,1,0.500,78308,82769,3.256,5.000,16.280
29037,0,2,1,0.500,78256,82606,3.256,5.000,16.280
29077,0,2,1,0.500,78159,82421,3.260,4.700,15.322
29117,0,2,1,0.500,78228,82532,3.260,4.700,15.322
29157,0,2,1,0.500,78330,82764,3.260,4.700,15.322
29197,0,2,1,0.500,78416,82899,3.260,4.200,13.692
29237,0,2,1,0.500,78387,82818,3.260,4.200,13.692
29277,0,2,1,0.500,78462,82944,3.260,4.600,14.996
29317,0,2,1,0.500,78674,83419,3.260,4.600,14.996
29357,0,2,1,0.500,78770,83617,3.260,4.600,14.996
29397,0,2,1,0.500,78812,83707,3.260,4.500,14.670
29437,0,2,1,0.500,78789,83640,3.260,4.500,14.670
29477,0,2,1,0.500,78332,82623,3.256,4.600,14.978
29517,0,2,1,0.500,77947,81827,3.256,4.600,14.978
29557,0,2,1,0.500,78129,82257,3.256,4.600,14.978
29597,0,2,1,0.500,78475,82905,3.256,4.300,14.001
29637,0,2,1,0.500,78619,83198,3.256,4.300,14.001
29677,0,2,1,0.500,78862,83734,3.260,4.400,14.344
29717,0,2,1,0.500,79028,84022,3.260,4.400,14.344
29757,0,2,1,0.500,78832,83629,3.260,4.400,14.344
29797,0,2,1,0.500,78716,83356,3.256,4.900,15.954
29837,0,2,1,0.500,78853,83642,3.256,4.900,15.954
29877,0,2,1,0.500,78866,83713,3.256,4.900,15.954
29917,0,2,1,0.500,78811,83518,3.256,4.900,15.954
29957,0,2,1,0.500,78727,83410,3.256,4.900,15.954
29997,0,2,1,0.500,78833,83628,3.256,4.700,15.303
30037,0,2,1,0.500,78894,83745,3.256,4.700,15.303
30077,0,2,1,0.500,78911,83751,3.256,4.600,14.978
30117,0,2,1,0.500,78558,83061,3.256,4.600,14.978
30157,0,2,1,0.500,78148,82209,3.256,4.600,14.978
30197,0,2,1,0.500,78108,82148,3.256,4.800,15.629
30237,0,2,1,0.500,78074,82036,3.256,4.800,15.629
30277,0,2,1,0.500,77790,81513,3.256,4.800,15.629
30317,0,2,1,0.500,77592,81118,3.256,4.800,15.629
30357,0,2,1,0.500,77695,81382,3.256,4.800,15.629
30397,0,2,1,0.500,77853,81705,3.260,4.500,14.670
30437,0,2,1,0.500,77780,81552,3.260,4.500,14.670
30477,0,2,1,0.500,77756,81458,3.256,4.700,15.303
30517,0,2,1,0.500,77836,81672,3.256,4.700,15.303
30557,0,2,1,0.500,77995,82022,3.256,4.700,15.303
30597,0,2,1,0.500,78024,82083,3.256,4.500,14.652
30637,0,2,1,0.500,78027,82112,3.256,4.500,14.652
30677,0,2,1,0.500,78087,82262,3.256,4.900,15.954
30717,0,2,1,0.500,78230,82581,3.256,4.900,15.954
30757,0,2,1,0.500,78164,82369,3.256,4.900,15.954
30797,0,2,1,0.500,77648,81360,3.256,4.700,15.303
30837,0,2,1,0.500,77301,80646,3.256,4.700,15.303
30878,0,2,1,0.500,77334,80751,3.260,4.600,14.996
30917,0,2,1,0.500,77473,81027,3.260,4.600,14.996
30957,0,2,1,0.500,77452,80961,3.260,4.600,14.996
30998,0,2,1,0.500,77226,80550,3.256,4.500,14.652
31037,0,2,1,0.500,76991,80140,3.256,4.500,14.652
31078,0,2,1,0.500,76894,79962,3.252,4.900,15.935
31118,0,2,1,0.500,77049,80268,3.252,4.900,15.935
31157,0,2,1,0.500,77316,80701,3.252,4.900,15.935
31198,0,2,1,0.500,77263,80665,3.260,4.600,14.996
31238,0,2,1,0.500,77116,80380,3.260,4.600,14.996
31278,0,2,1,0.500,77272,80658,3.260,4.700,15.322
31318,0,2,1,0.500,77542,81229,3.260,4.700,15.322
31358,0,2,1,0.500,77716,81566,3.260,4.700,15.322
31398,0,2,1,0.500,77454,81065,3.256,4.800,15.629
31438,0,2,1,0.500,77050,80217,3.256,4.800,15.629
31477,0,2,1,0.500,76955,80068,3.256,4.500,14.652
31518,0,2,1,0.500,77154,80435,3.256,4.500,14.652
31558,0,2,1,0.500,77229,80557,3.256,4.500,14.652
31598,0,2,1,0.500,77099,80327,3.256,4.600,14.978
31638,0,2,1,0.500,77120,80349,3.256,4.600,14.978
31678,0,2,1,0.500,77334,80787,3.256,4.600,14.978
31718,0,2,1,0.500,77494,81119,3.256,4.600,14.978
31758,0,2,1,0.500,77502,81087,3.256,4.600,14.978
31798,0,2,1,0.500,77524,81158,3.256,4.700,15.303
31838,0,2,1,0.500,77745,81588,3.256,4.700,15.303
31878,0,2,1,0.500,77918,81921,3.256,4.600,14.978
31918,0,2,1,0.500,77794,81697,3.256,4.600,14.978
31958,0,2,1,0.500,77754,81600,3.256,4.600,14.978
31998,0,2,1,0.500,77869,81849,3.256,4.800,15.629
32038,0,2,1,0.500,77895,81907,3.256,4.800,15.629
32078,0,2,1,0.500,77444,80922,3.260,4.700,15.322
32118,0,2,1,0.500,76875,79806,3.260,4.700,15.322
32158,0,2,1,0.500,76881,79826,3.260,4.700,15.322
32198,0,2,1,0.500,77213,80489,3.256,4.500,14.652
32238,0,2,1,0.500,77360,80789,3.256,4.500,14.652
32278,0,2,1,0.500,77292,80589,3.256,4.600,14.978
32318,0,2,1,0.500,77176,80386,3.256,4.600,14.978
32358,0,2,1,0.500,77247,80559,3.256,4.600,14.978
32398,0,2,1,0.500,77426,80882,3.252,4.700,15.284
32438,0,2,1,0.500,77458,80930,3.252,4.700,15.284
32478,0,2,1,0.500,77363,80779,3.260,4.500,14.670
32518,0,2,1,0.500,77390,80756,3.260,4.500,14.670
32558,0,2,1,0.500,77505,80989,3.260,4.500,14.670
32598,0,2,1,0.500,77585,81143,3.256,4.600,14.978
32638,0,2,1,0.500,77461,80884,3.256,4.600,14.978
32678,0,2,1,0.500,77462,80884,3.260,4.700,15.322
32718,0,2,1,0.500,77549,81087,3.260,4.700,15.322
32758,0,2,1,0.500,77323,80631,3.260,4.700,15.322
32798,0,2,1,0.500,77011,79982,3.256,4.800,15.629
32838,0,2,1,0.500,77070,80124,3.256,4.800,15.629
32878,0,2,1,0.500,77284,80552,3.256,4.500,14.652
32918,0,2,1,0.500,77307,80558,3.256,4.500,14.652
32958,0,2,1,0.500,77172,80323,3.256,4.500,14.652
32998,0,2,1,0.500,77134,80231,3.252,4.500,14.634
33038,0,2,1,0.500,77196,80368,3.252,4.500,14.634
33078,0,2,1,0.500,77383,80738,3.260,4.700,15.322
33118,0,2,1,0.500,77499,80977,3.260,4.700,15.322
33158,0,2,1,0.500,77621,81188,3.260,4.700,15.322
33198,0,2,1,0.500,77642,81260,3.260,4.800,15.648
33238,0,2,1,0.500,77550,81082,3.260,4.800,15.648
33278,0,2,1,0.500,77616,81197,3.256,4.500,14.652
33318,0,2,1,0.500,77664,81336,3.256,4.500,14.652
33358,0,2,1,0.500,77533,81075,3.256,4.500,14.652
33398,0,2,1,0.500,77398,80820,3.256,4.500,14.652
33438,0,2,1,0.500,77127,80329,3.256,4.500,14.652
33478,0,2,1,0.500,76741,79666,3.256,5.100,16.606
33518,0,2,1,0.500,76683,79534,3.256,5.100,16.606
33558,0,2,1,0.500,76740,79596,3.256,5.100,16.606
33598,0,2,1,0.500,76747,79617,3.260,4.700,15.322
33638,0,2,1,0.500,76856,79808,3.260,4.700,15.322
33678,0,2,1,0.500,77042,80192,3.256,4.500,14.652
33718,0,2,1,0.500,77127,80334,3.256,4.500,14.652
33758,0,2,1,0.500,77045,80160,3.256,4.500,14.652
33798,0,2,1,0.500,76996,80106,3.256,4.900,15.954
33838,0,2,1,0.500,77114,80337,3.256,4.900,15.954
33878,0,2,1,0.500,77303,80764,3.256,4.700,15.303
33918,0,2,1,0.500,77310,80800,3.256,4.700,15.303
33958,0,2,1,0.500,77205,80509,3.256,4.700,15.303
33999,0,2,1,0.500,77265,80664,3.260,4.600,14.996
34038,0,2,1,0.500,77413,80984,3.260,4.600,14.996
34079,0,2,1,0.500,77448,81027,3.256,4.800,15.629
34119,0,2,1,0.500,77406,80908,3.256,4.800,15.629
34158,0,2,1,0.500,77163,80496,3.256,4.800,15.629
34199,0,2,1,0.500,76911,79972,3.260,4.800,15.648
34239,0,2,1,0.500,76831,79810,3.260,4.800,15.648
34278,0,2,1,0.500,76756,79726,3.256,4.900,15.954
34319,0,2,1,0.500,76806,79793,3.256,4.900,15.954
34359,0,2,1,0.500,76879,79911,3.256,4.900,15.954
34398,0,2,1,0.500,76838,79872,3.260,4.900,15.974
34439,0,2,1,0.500,76830,79813,3.260,4.900,15.974
34478,0,2,1,0.500,76827,79815,3.256,4.900,15.954
34519,0,2,1,0.500,76832,79845,3.256,4.900,15.954
34559,0,2,1,0.500,76892,80000,3.256,4.900,15.954
34598,0,2,1,0.500,76924,80040,3.260,4.500,14.670
34639,0,2,1,0.500,76927,80078,3.260,4.500,14.670
34679,0,2,1,0.500,76875,79992,3.256,4.700,15.303
34719,0,2,1,0.500,76812,79853,3.256,4.700,15.303
34759,0,2,1,0.500,76823,79888,3.256,4.700,15.303
34799,0,2,1,0.500,76862,79967,3.256,4.500,14.652
34839,0,2,1,0.500,76759,79781,3.256,4.500,14.652
34879,0,2,1,0.500,76755,79697,3.256,4.800,15.629
34919,0,2,1,0.500,76507,79258,3.256,4.800,15.629
34959,0,2,1,0.500,76295,78860,3.256,4.800,15.629
34999,0,2,1,0.500,76318,78875,3.256,4.700,15.303
35039,0,2,1,0.500,76348,78959,3.256,4.700,15.303
35079,0,2,1,0.500,76378,79033,3.256,4.800,15.629
35119,0,2,1,0.500,76484,79235,3.256,4.800,15.629
35159,0,2,1,0.500,76604,79422,3.256,4.800,15.629
35199,0,2,1,0.500,76604,79461,3.256,4.600,14.978
35239,0,2,1,0.500,76586,79418,3.256,4.600,14.978
35279,0,2,1,0.500,76661,79558,3.260,4.700,15.322
35319,0,2,1,0.500,76830,79854,3.260,4.700,15.322
35359,0,2,1,0.500,76852,79889,3.260,4.700,15.322
35399,0,2,1,0.500,76857,79960,3.256,4.500,14.652
35439,0,2,1,0.500,76947,80110,3.256,4.500,14.652
35479,0,2,1,0.500,77105,80387,3.256,4.500,14.652
35519,0,2,1,0.500,77100,80428,3.256,4.500,14.652
35559,0,2,1,0.500,77061,80317,3.256,4.500,14.652
35599,0,2,1,0.500,76929,80107,3.256,4.700,15.303
35639,0,2,1,0.500,76979,80193,3.256,4.700,15.303
35679,0,2,1,0.500,77106,80443,3.260,4.700,15.322
35719,0,2,1,0.500,76785,79782,3.260,4.700,15.322
35759,0,2,1,0.500,76554,79330,3.260,4.700,15.322
35799,0,2,1,0.500,76767,79700,3.260,4.600,14.996
35839,0,2,1,0.500,76972,80132,3.260,4.600,14.996
35879,0,2,1,0.500,77076,80271,3.256,4.700,15.303
35919,0,2,1,0.500,76962,80083,3.256,4.700,15.303
35959,0,2,1,0.500,76976,80105,3.256,4.700,15.303
35999,0,2,1,0.500,77026,80203,3.260,4.500,14.670
36039,0,2,1,0.500,77142,80411,3.260,4.500,14.670
36079,0,2,1,0.500,77251,80617,3.256,4.600,14.978
36119,0,2,1,0.500,77170,80470,3.256,4.600,14.978
36159,0,2,1,0.500,77102,80308,3.256,4.600,14.978
36199,0,2,1,0.500,77160,80445,3.260,4.900,15.974
36239,0,2,1,0.500,77392,80858,3.260,4.900,15.974
36279,0,2,1,0.500,77468,81007,3.256,4.800,15.629
36319,0,2,1,0.500,77413,80908,3.256,4.800,15.629
36359,0,2,1,0.500,77502,81054,3.256,4.800,15.629
36399,0,2,1,0.500,77674,81451,3.260,4.700,15.322
36439,0,2,1,0.500,77585,81222,3.260,4.700,15.322
36479,0,2,1,0.500,77027,80166,3.256,4.600,14.978
36519,0,2,1,0.500,76644,79450,3.256,4.600,14.978
36559,0,2,1,0.500,76736,79604,3.256,4.600,14.978
36599,0,2,1,0.500,76865,79841,3.256,4.600,14.978
36639,0,2,1,0.500,76812,79763,3.256,4.600,14.978
36679,0,2,1,0.500,76733,79693,3.252,5.000,16.260
36720,0,2,1,0.500,76798,79788,3.252,5.000,16.260
36759,0,2,1,0.500,76746,79694,3.252,5.000,16.260
36799,0,2,1,0.500,76575,79316,3.256,4.500,14.652
36840,0,2,1,0.500,76500,79237,3.256,4.500,14.652
36879,0,2,1,0.500,76652,79473,3.256,4.500,14.652
36920,0,2,1,0.500,76744,79700,3.256,4.500,14.652
36960,0,2,1,0.500,76818,79844,3.256,4.500,14.652
36999,0,2,1,0.500,76792,79794,3.256,5.000,16.280
37040,0,2,1,0.500,76809,79810,3.256,5.000,16.280
37079,0,2,1,0.500,76796,79812,3.256,4.900,15.954
37119,0,2,1,0.500,76619,79514,3.256,4.900,15.954
37160,0,2,1,0.500,76455,79186,3.256,4.900,15.954
37199,0,2,1,0.500,76404,79085,3.260,4.700,15.322
37240,0,2,1,0.500,76195,78674,3.260,4.700,15.322
37280,0,2,1,0.500,76054,78416,3.260,4.600,14.996
37319,0,2,1,0.500,76224,78697,3.260,4.600,14.996
37360,0,2,1,0.500,76240,78705,3.260,4.600,14.996
37400,0,2,1,0.500,76209,78648,3.260,4.800,15.648
37440,0,2,1,0.500,76266,78813,3.260,4.800,15.648
37480,0,2,1,0.500,76411,79074,3.260,4.800,15.648
37520,0,2,1,0.500,76583,79355,3.260,4.800,15.648
37560,0,2,1,0.500,76545,79288,3.260,4.800,15.648
37600,0,2,1,0.500,76587,79411,3.260,4.500,14.670
37640,0,2,1,0.500,76801,79742,3.260,4.500,14.670
37680,0,2,1,0.500,76818,79826,3.256,4.800,15.629
37720,0,2,1,0.500,76727,79611,3.256,4.800,15.629
37760,0,2,1,0.500,76649,79475,3.256,4.800,15.629
37800,0,2,1,0.500,76694,79575,3.260,4.800,15.648
37840,0,2,1,0.500,76886,79938,3.260,4.800,15.648
37880,0,2,1,0.500,76995,80121,3.256,4.900,15.954
37920,0,2,1,0.500,76932,80044,3.256,4.900,15.954
37960,0,2,1,0.500,76927,80008,3.256,4.900,15.954
38000,0,2,1,0.500,76697,79585,3.256,4.700,15.303
38040,0,2,1,0.500,76461,79086,3.256,4.700,15.303
38080,0,2,1,0.500,76383,78891,3.256,4.800,15.629
38120,0,2,1,0.500,76332,78864,3.256,4.800,15.629
38160,0,2,1,0.500,76382,78969,3.256,4.800,15.629
38200,0,2,1,0.500,76502,79155,3.256,4.400,14.326
38240,0,2,1,0.500,76539,79244,3.256,4.400,14.326
38280,0,2,1,0.500,76547,79281,3.256,4.600,14.978
38320,0,2,1,0.500,76573,79321,3.256,4.600,14.978
38360,0,2,1,0.500,76672,79455,3.256,4.600,14.978
38400,0,2,1,0.500,76776,79677,3.256,4.700,15.303
38440,0,2,1,0.500,76846,79817,3.256,4.700,15.303
38480,0,2,1,0.500,76850,79794,3.256,4.700,15.303
38520,0,2,1,0.500,76860,79829,3.256,4.700,15.303
38560,0,2,1,0.500,77031,80157,3.256,4.700,15.303
38600,0,2,1,0.500,77153,80400,3.260,4.600,14.996
38640,0,2,1,0.500,77098,80327,3.260,4.600,14.996
38680,0,2,1,0.500,77086,80265,3.256,4.900,15.954
38720,0,2,1,0.500,77155,80426,3.256,4.900,15.954
38760,0,2,1,0.500,77117,80359,3.256,4.900,15.954
38800,0,2,1,0.500,76878,79821,3.256,4.700,15.303
38840,0,2,1,0.500,76745,79587,3.256,4.700,15.303
38880,0,2,1,0.500,76776,79614,3.260,4.700,15.322
38920,0,2,1,0.500,76776,79660,3.260,4.700,15.322
38960,0,2,1,0.500,76790,79669,3.260,4.700,15.322
39000,0,2,1,0.500,76818,79741,3.260,4.800,15.648
39040,0,2,1,0.500,76907,79906,3.260,4.800,15.648
39080,0,2,1,0.500,77037,80124,3.256,4.700,15.303
39120,0,2,1,0.500,77181,80427,3.256,4.700,15.303
39160,0,2,1,0.500,77326,80659,3.256,4.700,15.303
39200,0,2,1,0.500,77403,80820,3.256,4.500,14.652
39240,0,2,1,0.500,77348,80712,3.256,4.500,14.652
39280,0,2,1,0.500,77274,80587,3.260,4.700,15.322
39320,0,2,1,0.500,77447,80929,3.260,4.700,15.322
39360,0,2,1,0.500,77515,81046,3.260,4.700,15.322
39400,0,2,1,0.500,77395,80841,3.260,4.600,14.996
39440,0,2,1,0.500,77383,80768,3.260,4.600,14.996
39480,0,2,1,0.500,77585,81155,3.260,4.600,14.996
39521,0,2,1,0.500,77711,81416,3.260,4.600,14.996
39560,0,2,1,0.500,77526,80992,3.260,4.600,14.996
39600,0,2,1,0.500,77423,80739,3.260,4.800,15.648
39641,0,2,1,0.500,77461,80828,3.260,4.800,15.648
39680,0,2,1,0.500,77529,80950,3.260,4.500,14.670
39720,0,2,1,0.500,77505,80864,3.260,4.500,14.670
39761,0,2,1,0.500,77310,80517,3.260,4.500,14.670
39800,0,2,1,0.500,77239,80426,3.256,4.700,15.303
39841,0,2,1,0.500,77255,80427,3.256,4.700,15.303
39880,0,2,1,0.500,77282,80427,3.256,4.600,14.978
39920,0,2,1,0.500,77210,80341,3.256,4.600,14.978
39961,0,2,1,0.500,77211,80371,3.256,4.600,14.978
40000,0,2,1,0.500,77278,80477,3.260,4.400,14.344
40040,0,2,1,0.500,77402,80762,3.260,4.400,14.344
40081,0,2,1,0.500,77509,81003,3.260,4.600,14.996
40121,0,2,1,0.500,77510,80992,3.260,4.600,14.996
40161,0,2,1,0.500,77486,80969,3.260,4.600,14.996
40201,0,2,1,0.500,77591,81168,3.256,4.700,15.303
40241,0,2,1,0.500,77745,81469,3.256,4.700,15.303
40281,0,2,1,0.500,77605,81168,3.256,4.600,14.978
40321,0,2,1,0.500,77192,80385,3.256,4.600,14.978
40361,0,2,1,0.500,77029,80063,3.256,4.600,14.978
40401,0,2,1,0.500,77078,80157,3.260,4.600,14.996
40441,0,2,1,0.500,77115,80212,3.260,4.600,14.996
40481,0,2,1,0.500,77038,80111,3.256,4.600,14.978
40521,0,2,1,0.500,77020,80065,3.256,4.600,14.978
40561,0,2,1,0.500,77046,80111,3.256,4.600,14.978
40601,0,2,1,0.500,77125,80239,3.256,4.800,15.629
40641,0,2,1,0.500,77222,80415,3.256,4.800,15.629
40681,0,2,1,0.500,77258,80511,3.260,4.600,14.996
40721,0,2,1,0.500,77257,80516,3.260,4.600,14.996
40761,0,2,1,0.500,77208,80468,3.260,4.600,14.996
40801,0,2,1,0.500,77242,80519,3.256,4.300,14.001
40841,0,2,1,0.500,77336,80689,3.256,4.300,14.001
40881,0,2,1,0.500,77352,80762,3.260,4.600,14.996
40921,0,2,1,0.500,77252,80578,3.260,4.600,14.996
40961,0,2,1,0.500,77185,80445,3.260,4.600,14.996
41001,0,2,1,0.500,77221,80540,3.256,4.800,15.629
41041,0,2,1,0.500,76965,79988,3.256,4.800,15.629
41081,0,2,1,0.500,76548,79185,3.260,4.700,15.322
41121,0,2,1,0.500,76494,79050,3.260,4.700,15.322
41161,0,2,1,0.500,76574,79223,3.260,4.700,15.322
41201,0,2,1,0.500,76628,79296,3.252,4.800,15.610
41241,0,2,1,0.500,76579,79285,3.252,4.800,15.610
41281,0,2,1,0.500,76539,79230,3.260,5.000,16.300
41321,0,2,1,0.500,76626,79350,3.260,5.000,16.300
41361,0,2,1,0.500,76665,79406,3.260,5.000,16.300
41401,0,2,1,0.500,76674,79471,3.256,4.900,15.954
41441,0,2,1,0.500,76710,79563,3.256,4.900,15.954
41481,0,2,1,0.500,76815,79707,3.256,4.600,14.978
41521,0,2,1,0.500,76867,79883,3.256,4.600,14.978
41561,0,2,1,0.500,76860,79883,3.256,4.600,14.978
41601,0,2,1,0.500,76893,79940,3.260,4.900,15.974
41641,0,2,1,0.500,76937,80015,3.260,4.900,15.974
41681,0,2,1,0.500,76847,79905,3.260,4.700,15.322
41721,0,2,1,0.500,76883,79927,3.260,4.700,15.322
41761,0,2,1,0.500,77018,80234,3.260,4.700,15.322
41801,0,2,1,0.500,77137,80415,3.256,4.500,14.652
41841,0,2,1,0.500,76951,80003,3.256,4.500,14.652
41881,0,2,1,0.500,76754,79623,3.256,4.500,14.652
41921,0,2,1,0.500,76556,79270,3.256,4.500,14.652
41961,0,2,1,0.500,76537,79232,3.256,4.500,14.652
42001,0,2,1,0.500,76624,79404,3.256,4.600,14.978
42041,0,2,1,0.500,76635,79409,3.256,4.600,14.978
42081,0,2,1,0.500,76530,79241,3.256,4.500,14.652
42121,0,2,1,0.500,76577,79299,3.256,4.500,14.652
42161,0,2,1,0.500,76666,79483,3.256,4.500,14.652
42201,0,2,1,0.500,76891,79951,3.256,4.700,15.303
42241,0,2,1,0.500,77086,80322,3.256,4.700,15.303
42281,0,2,1,0.500,77172,80532,3.256,4.900,15.954
42321,0,2,1,0.500,77194,80594,3.256,4.900,15.954
42361,0,2,1,0.500,77319,80793,3.256,4.900,15.954
42401,0,2,1,0.500,77355,80895,3.256,4.700,15.303
42441,0,2,1,0.500,77353,80900,3.256,4.700,15.303
42481,0,2,1,0.500,77376,80916,3.256,4.500,14.652
42521,0,2,1,0.500,77384,80945,3.256,4.500,14.652
42561,0,2,1,0.500,77506,81164,3.256,4.500,14.652
42602,0,2,1,0.500,77345,80851,3.260,4.600,14.996
42641,0,2,1,0.500,76832,79849,3.260,4.600,14.996
42682,0,2,1,0.500,76603,79377,3.256,4.600,14.978
42721,0,2,1,0.500,76667,79512,3.256,4.600,14.978
42761,0,2,1,0.500,76736,79651,3.256,4.600,14.978
42802,0,2,1,0.500,76673,79516,3.256,4.900,15.954
42841,0,2,1,0.500,76593,79397,3.256,4.900,15.954
42882,0,2,1,0.500,76602,79439,3.252,4.900,15.935
42922,0,2,1,0.500,76622,79448,3.252,4.900,15.935
42961,0,2,1,0.500,76673,79544,3.252,4.900,15.935
43002,0,2,1,0.500,76847,79898,3.260,4.500,14.670
43042,0,2,1,0.500,76982,80143,3.260,4.500,14.670
43081,0,2,1,0.500,77043,80256,3.256,4.600,14.978
43122,0,2,1,0.500,77202,80599,3.256,4.600,14.978
43162,0,2,1,0.500,77315,80800,3.256,4.600,14.978
43202,0,2,1,0.500,77279,80764,3.256,4.600,14.978
43242,0,2,1,0.500,77308,80747,3.256,4.600,14.978
43281,0,2,1,0.500,77336,80797,3.256,4.500,14.652
43322,0,2,1,0.500,77319,80775,3.256,4.500,14.652
43362,0,2,1,0.500,77412,80941,3.256,4.500,14.652
43401,0,2,1,0.500,77259,80605,3.256,4.500,14.652
43442,0,2,1,0.500,76925,79987,3.256,4.500,14.652
43482,0,2,1,0.500,76920,79962,3.260,4.400,14.344
43522,0,2,1,0.500,77031,80169,3.260,4.400,14.344
43562,0,2,1,0.500,76982,80015,3.260,4.400,14.344
43602,0,2,1,0.500,76959,79966,3.260,4.400,14.344
43642,0,2,1,0.500,77028,80159,3.260,4.400,14.344
43682,0,2,1,0.500,77199,80422,3.260,5.000,16.300
43722,0,2,1,0.500,77179,80426,3.260,5.000,16.300
43762,0,2,1,0.500,77116,80301,3.260,5.000,16.300
43802,0,2,1,0.500,77136,80308,3.256,4.800,15.629
43842,0,2,1,0.500,77308,80621,3.256,4.800,15.629
43882,0,2,1,0.500,77361,80808,3.256,4.700,15.303
43922,0,2,1,0.500,77362,80765,3.256,4.700,15.303
43962,0,2,1,0.500,77316,80676,3.256,4.700,15.303
44002,0,2,1,0.500,77349,80741,3.256,4.900,15.954
44042,0,2,1,0.500,77336,80664,3.256,4.900,15.954
44082,0,2,1,0.500,77372,80752,3.260,4.800,15.648
44122,0,2,1,0.500,77479,80967,3.260,4.800,15.648
44162,0,2,1,0.500,77270,80481,3.260,4.800,15.648
44202,0,2,1,0.500,76871,79758,3.256,4.500,14.652
44242,0,2,1,0.500,76838,79724,3.256,4.500,14.652
44282,0,2,1,0.500,76783,79669,3.256,4.900,15.954
44322,0,2,1,0.500,76611,79363,3.256,4.900,15.954
44362,0,2,1,0.500,76625,79418,3.256,4.900,15.954
44402,0,2,1,0.500,76765,79678,3.256,4.700,15.303
44442,0,2,1,0.500,76820,79790,3.256,4.700,15.303
44482,0,2,1,0.500,76794,79739,3.256,4.700,15.303
44522,0,2,1,0.500,76758,79696,3.256,4.700,15.303
44562,0,2,1,0.500,76815,79784,3.256,4.700,15.303
44602,0,2,1,0.500,76796,79800,3.256,4.800,15.629
44642,0,2,1,0.500,76710,79627,3.256,4.800,15.629
44682,0,2,1,0.500,76553,79368,3.256,4.500,14.652
44722,0,2,1,0.500,76492,79251,3.256,4.500,14.652
44762,0,2,1,0.500,76492,79277,3.256,4.500,14.652
44802,0,2,1,0.500,76523,79355,3.260,4.500,14.670
44842,0,2,1,0.500,76549,79410,3.260,4.500,14.670
44882,0,2,1,0.500,76358,79050,3.256,4.600,14.978
44922,0,2,1,0.500,76191,78677,3.256,4.600,14.978
44962,0,2,1,0.500,76190,78671,3.256,4.600,14.978
45002,0,2,1,0.500,76307,78849,3.256,4.900,15.954
45042,0,2,1,0.500,76365,78989,3.256,4.900,15.954
45082,0,2,1,0.500,76484,79156,3.256,4.800,15.629
45122,0,2,1,0.500,76534,79292,3.256,4.800,15.629
45162,0,2,1,0.500,76654,79466,3.256,4.800,15.629
45202,0,2,1,0.500,76711,79569,3.260,4.800,15.648
45242,0,2,1,0.500,76759,79674,3.260,4.800,15.648
45282,0,2,1,0.500,76806,79777,3.256,4.800,15.629
45322,0,2,1,0.500,76906,79933,3.256,4.800,15.629
45362,0,2,1,0.500,76920,79988,3.256,4.800,15.629
45402,0,2,1,0.500,76937,80034,3.256,4.600,14.978
45442,0,2,1,0.500,77019,80182,3.256,4.600,14.978
45482,0,2,1,0.500,77110,80322,3.256,4.700,15.303
45522,0,2,1,0.500,77028,80216,3.256,4.700,15.303
45562,0,2,1,0.500,77003,80180,3.256,4.700,15.303
45602,0,2,1,0.500,76798,79792,3.256,4.500,14.652
45642,0,2,1,0.500,76442,79105,3.256,4.500,14.652
45682,0,2,1,0.500,76354,78962,3.256,4.500,14.652
45722,0,2,1,0.500,76387,79028,3.256,4.500,14.652
45762,0,2,1,0.500,76368,78993,3.256,4.500,14.652
45802,0,2,1,0.500,76348,78956,3.260,4.600,14.996
45842,0,2,1,0.500,76365,78986,3.260,4.600,14.996
45882,0,2,1,0.500,76452,79127,3.256,4.700,15.303
45923,0,2,1,0.500,76515,79260,3.256,4.700,15.303
45962,0,2,1,0.500,76530,79259,3.256,4.700,15.303
46002,0,2,1,0.500,76465,79195,3.256,4.600,14.978
46043,0,2,1,0.500,76512,79248,3.256,4.600,14.978
46082,0,2,1,0.500,76541,79352,3.256,4.400,14.326
46122,0,2,1,0.500,76646,79469,3.256,4.400,14.326
46163,0,2,1,0.500,76688,79613,3.256,4.400,14.326
46202,0,2,1,0.500,76787,79801,3.260,4.700,15.322
46243,0,2,1,0.500,76742,79688,3.260,4.700,15.322
46282,0,2,1,0.500,76797,79755,3.256,4.800,15.629
46322,0,2,1,0.500,76651,79547,3.256,4.800,15.629
46363,0,2,1,0.500,76312,78843,3.256,4.800,15.629
46402,0,2,1,0.500,76150,78529,3.252,4.500,14.634
46442,0,2,1,0.500,76236,78693,3.252,4.500,14.634
46483,0,2,1,0.500,76283,78830,3.256,4.500,14.652
46522,0,2,1,0.500,76474,79136,3.256,4.500,14.652
46563,0,2,1,0.500,76532,79266,3.256,4.500,14.652
46603,0,2,1,0.500,76548,79264,3.256,4.500,14.652
46643,0,2,1,0.500,76513,79215,3.256,4.500,14.652
46683,0,2,1,0.500,76599,79343,3.256,4.700,15.303
46723,0,2,1,0.500,76667,79444,3.256,4.700,15.303
46763,0,2,1,0.500,76658,79454,3.256,4.700,15.303
46803,0,2,1,0.500,76669,79483,3.260,4.600,14.996
46843,0,2,1,0.500,76725,79562,3.260,4.600,14.996
46883,0,2,1,0.500,76723,79635,3.256,4.900,15.954
46923,0,2,1,0.500,76803,79742,3.256,4.900,15.954
46963,0,2,1,0.500,76731,79659,3.256,4.900,15.954
47003,0,2,1,0.500,76766,79675,3.256,4.900,15.954
47043,0,2,1,0.500,76780,79761,3.256,4.900,15.954
47083,0,2,1,0.500,76535,79219,3.256,4.600,14.978
47123,0,2,1,0.500,76222,78610,3.256,4.600,14.978
47163,0,2,1,0.500,76198,78589,3.256,4.600,14.978
47203,0,2,1,0.500,76322,78820,3.256,4.300,14.001
47243,0,2,1,0.500,76400,78991,3.256,4.300,14.001
47283,0,2,1,0.500,76432,79054,3.260,4.500,14.670
47323,0,2,1,0.500,76491,79098,3.260,4.500,14.670
47363,0,2,1,0.500,76517,79156,3.260,4.500,14.670
47403,0,2,1,0.500,76500,79143,3.256,4.600,14.978
47443,0,2,1,0.500,76606,79317,3.256,4.600,14.978
47483,0,2,1,0.500,76619,79395,3.256,4.600,14.978
47523,0,2,1,0.500,76624,79391,3.256,4.600,14.978
47563,0,2,1,0.500,76642,79396,3.256,4.600,14.978
47603,0,2,1,0.500,76683,79496,3.256,4.800,15.629
47643,0,2,1,0.500,76771,79647,3.256,4.800,15.629
47683,0,2,1,0.500,76858,79763,3.256,4.800,15.629
47723,0,2,1,0.500,76781,79658,3.256,4.800,15.629
47763,0,2,1,0.500,76504,79140,3.256,4.800,15.629
47803,0,2,1,0.500,76284,78729,3.256,4.700,15.303
47843,0,2,1,0.500,76277,78704,3.256,4.700,15.303
47883,0,2,1,0.500,76248,78670,3.256,4.900,15.954
47923,0,2,1,0.500,76297,78728,3.256,4.900,15.954
47963,0,2,1,0.500,76496,79088,3.256,4.900,15.954
48003,0,2,1,0.500,76631,79372,3.260,4.700,15.322
48043,0,2,1,0.500,76570,79243,3.260,4.700,15.322
48083,0,2,1,0.500,76490,79070,3.256,4.600,14.978
48123,0,2,1,0.500,76473,79047,3.256,4.600,14.978
48163,0,2,1,0.500,76648,79395,3.256,4.600,14.978
48203,0,2,1,0.500,76772,79683,3.256,5.100,16.606
48243,0,2,1,0.500,76781,79662,3.256,5.100,16.606
48283,0,2,1,0.500,76781,79665,3.256,4.700,15.303
48323,0,2,1,0.500,76842,79786,3.256,4.700,15.303
48363,0,2,1,0.500,76801,79653,3.256,4.700,15.303
48403,0,2,1,0.500,76688,79537,3.260,4.800,15.648
48443,0,2,1,0.500,76430,79021,3.260,4.800,15.648
48483,0,2,1,0.500,75970,78169,3.256,4.600,14.978
48523,0,2,1,0.500,75808,77853,3.256,4.600,14.978
48563,0,2,1,0.500,75889,77952,3.256,4.600,14.978
48603,0,2,1,0.500,75995,78182,3.260,4.800,15.648
48643,0,2,1,0.500,76073,78347,3.260,4.800,15.648
48683,0,2,1,0.500,76172,78515,3.256,4.700,15.303
48723,0,2,1,0.500,76255,78697,3.256,4.700,15.303
48763,0,2,1,0.500,76325,78861,3.256,4.700,15.303
48803,0,2,1,0.500,76406,78955,3.264,4.700,15.341
48843,0,2,1,0.500,76468,79102,3.264,4.700,15.341
48883,0,2,1,0.500,76426,79032,3.256,4.600,14.978
48923,0,2,1,0.500,76312,78768,3.256,4.600,14.978
48964,0,2,1,0.500,76311,78818,3.256,4.600,14.978
49003,0,2,1,0.500,76425,78995,3.256,4.200,13.675
49043,0,2,1,0.500,76464,79100,3.256,4.200,13.675
49083,0,2,1,0.500,76506,79164,3.256,4.800,15.629
49123,0,2,1,0.500,76523,79244,3.256,4.800,15.629
49164,0,2,1,0.500,76392,78941,3.256,4.800,15.629
49203,0,2,1,0.500,76333,78806,3.260,5.000,16.300
49243,0,2,1,0.500,76309,78782,3.260,5.000,16.300
49284,0,2,1,0.500,76105,78445,3.256,4.800,15.629
49324,0,2,1,0.500,76055,78371,3.256,4.800,15.629
49363,0,2,1,0.500,76186,78595,3.256,4.800,15.629
49404,0,2,1,0.500,76234,78659,3.260,4.700,15.322
49444,0,2,1,0.500,76244,78724,3.260,4.700,15.322
49484,0,2,1,0.500,76298,78835,3.256,4.600,14.978
49524,0,2,1,0.500,76309,78857,3.256,4.600,14.978
49564,0,2,1,0.500,76153,78578,3.256,4.600,14.978
49604,0,2,1,0.500,76065,78428,3.256,4.100,13.350
49644,0,2,1,0.500,76054,78429,3.256,4.100,13.350
49684,0,2,1,0.500,76099,78480,3.256,4.700,15.303
49724,0,2,1,0.500,76135,78628,3.256,4.700,15.303
49764,0,2,1,0.500,76281,78861,3.256,4.700,15.303
49804,0,2,1,0.500,76490,79250,3.260,4.200,13.692
49844,0,2,1,0.500,76497,79274,3.260,4.200,13.692
49884,0,2,1,0.500,76067,78436,3.256,4.800,15.629
49924,0,2,1,0.500,75862,78048,3.256,4.800,15.629
49964,0,2,1,0.500,75940,78161,3.256,4.800,15.629
50004,0,2,1,0.500,76009,78318,3.260,4.800,15.648
50044,0,2,1,0.500,75955,78225,3.260,4.800,15.648
50084,0,2,1,0.500,75970,78222,3.256,4.600,14.978
50124,0,2,1,0.500,76017,78328,3.256,4.600,14.978
50164,0,2,1,0.500,76203,78684,3.256,4.600,14.978
50204,0,2,1,0.500,76348,78901,3.260,4.600,14.996
50244,0,2,1,0.500,76356,78959,3.260,4.600,14.996
50284,0,2,1,0.500,76371,78988,3.256,4.800,15.629
50324,0,2,1,0.500,76496,79180,3.256,4.800,15.629
50364,0,2,1,0.500,76530,79289,3.256,4.800,15.629
50404,0,2,1,0.500,76583,79366,3.256,3.900,12.698
50444,0,2,1,0.500,76702,79586,3.256,3.900,12.698
50484,0,2,1,0.500,76796,79778,3.256,5.000,16.280
50524,0,2,1,0.500,76824,79840,3.256,5.000,16.280
50564,0,2,1,0.500,76831,79825,3.256,5.000,16.280
50604,0,2,1,0.500,76495,79217,3.240,4.300,13.932
50644,0,2,1,0.500,76223,78672,3.240,4.300,13.932
50684,0,2,1,0.500,76312,78797,3.256,4.900,15.954
50724,0,2,1,0.500,76376,78918,3.256,4.900,15.954
50764,0,2,1,0.500,76321,78819,3.256,4.900,15.954
50804,0,2,1,0.500,76332,78879,3.264,4.800,15.667
50844,0,2,1,0.500,76509,79159,3.264,4.800,15.667
50884,0,2,1,0.500,76530,79243,3.252,4.800,15.610
50924,0,2,1,0.500,76535,79210,3.252,4.800,15.610
50964,0,2,1,0.500,76596,79314,3.252,4.800,15.610
51004,0,2,1,0.500,76652,79438,3.264,4.700,15.341
51044,0,2,1,0.500,76696,79494,3.264,4.700,15.341
51084,0,2,1,0.500,76748,79574,3.240,4.600,14.904
51124,0,2,1,0.500,76757,79639,3.240,4.600,14.904
51164,0,2,1,0.500,76790,79693,3.240,4.600,14.904
51204,0,2,1,0.500,76856,79838,3.256,4.400,14.326
51244,0,2,1,0.500,76905,79923,3.256,4.400,14.326
51284,0,2,1,0.500,76787,79761,3.256,5.700,18.559
51324,0,2,1,0.500,76478,79076,3.256,5.700,18.559
51364,0,2,1,0.500,76241,78652,3.256,5.700,18.559
51404,0,2,1,0.500,76352,78851,3.260,4.900,15.974
51444,0,2,1,0.500,76384,78932,3.260,4.900,15.974
51484,0,2,1,0.500,76331,78819,3.256,5.000,16.280
51524,0,2,1,0.500,76355,78874,3.256,5.000,16.280
51564,0,2,1,0.500,76489,79113,3.256,5.000,16.280
51604,0,2,1,0.500,76490,79131,3.264,5.000,16.320
51644,0,2,1,0.500,76466,79078,3.264,5.000,16.320
51684,0,2,1,0.500,76430,79019,3.244,4.600,14.922
51724,0,2,1,0.500,76497,79118,3.244,4.600,14.922
51764,0,2,1,0.500,76551,79261,3.244,4.600,14.922
51805,0,2,1,0.500,76539,79270,3.256,4.600,14.978
51844,0,2,1,0.500,76558,79312,3.256,4.600,14.978
51884,0,2,1,0.500,76696,79534,3.240,4.700,15.228
51925,0,2,1,0.500,76735,79633,3.240,4.700,15.228
51965,0,2,1,0.500,76760,79691,3.240,4.700,15.228
52004,0,2,1,0.500,76785,79774,3.256,4.200,13.675
52045,0,2,1,0.500,76588,79347,3.256,4.200,13.675
52084,0,2,1,0.500,76321,78894,3.236,6.800,22.005
52125,0,2,1,0.500,76398,78953,3.236,6.800,22.005
52165,0,2,1,0.500,76342,78877,3.236,6.800,22.005
52204,0,2,1,0.500,76165,78562,3.260,5.000,16.300
52245,0,2,1,0.500,76069,78408,3.260,5.000,16.300
52284,0,2,1,0.500,76075,78431,3.252,6.800,22.114
52324,0,2,1,0.500,76065,78394,3.252,6.800,22.114
52365,0,2,1,0.500,76065,78387,3.252,6.800,22.114
52404,0,2,1,0.500,76182,78612,3.260,5.200,16.952
52445,0,2,1,0.500,76354,78960,3.260,5.200,16.952
52485,0,2,1,0.500,76523,79366,3.240,6.800,22.032
52525,0,2,1,0.500,76697,79585,3.240,6.800,22.032
52565,0,2,1,0.500,76720,79661,3.240,6.800,22.032
52605,0,2,1,0.500,76719,79658,3.260,4.300,14.018
52645,0,2,1,0.500,76718,79658,3.260,4.300,14.018
52685,0,2,1,0.500,76608,79390,3.240,4.900,15.876
52725,0,2,1,0.500,76537,79310,3.240,4.900,15.876
52765,0,2,1,0.500,76461,79161,3.240,4.900,15.876
52805,0,2,1,0.500,76163,78592,3.244,4.400,14.274
52845,0,2,1,0.500,76172,78547,3.244,4.400,14.274
52885,0,2,1,0.500,76298,78818,3.236,7.000,22.652
52925,0,2,1,0.500,76312,78874,3.236,7.000,22.652
52965,0,2,1,0.500,76280,78800,3.236,7.000,22.652
53005,0,2,1,0.500,76282,78827,3.260,4.600,14.996
53045,0,2,1,0.500,76318,78906,3.260,4.600,14.996
53085,0,2,1,0.500,76328,78936,3.252,6.700,21.788
53125,0,2,1,0.500,76319,78949,3.252,6.700,21.788
53165,0,2,1,0.500,76430,79128,3.252,6.700,21.788
53205,0,2,1,0.500,76581,79439,3.260,6.900,22.494
53245,0,2,1,0.500,76686,79575,3.260,6.900,22.494
53285,0,2,1,0.500,76665,79571,3.240,7.000,22.680
53325,0,2,1,0.500,76754,79719,3.240,7.000,22.680
53365,0,2,1,0.500,76799,79824,3.240,7.000,22.680
53405,0,2,1,0.500,76880,80004,3.256,4.300,14.001
53445,0,2,1,0.500,76895,79971,3.256,4.300,14.001
53485,0,2,1,0.500,76837,79838,3.256,4.800,15.629
53525,0,2,1,0.500,76303,78890,3.256,4.800,15.629
53565,0,2,1,0.500,75957,78220,3.256,4.800,15.629
53605,0,2,1,0.500,76011,78304,3.240,4.800,15.552
53645,0,2,1,0.500,76119,78478,3.240,4.800,15.552
53685,0,2,1,0.500,76136,78529,3.256,5.000,16.280
53725,0,2,1,0.500,76224,78653,3.256,5.000,16.280
53765,0,2,1,0.500,76263,78765,3.256,5.000,16.280
53805,0,2,1,0.500,76312,78827,3.260,4.900,15.974
53845,0,2,1,0.500,76309,78815,3.260,4.900,15.974
53885,0,2,1,0.500,76389,78976,3.244,4.700,15.247
53925,0,2,1,0.500,76497,79172,3.244,4.700,15.247
53965,0,2,1,0.500,76432,79033,3.244,4.700,15.247
54005,0,2,1,0.500,76375,78936,3.256,4.200,13.675
54045,0,2,1,0.500,76414,79042,3.256,4.200,13.675
54085,0,2,1,0.500,76563,79275,3.236,5.000,16.180
54125,0,2,1,0.500,76574,79307,3.236,5.000,16.180
54165,0,2,1,0.500,76632,79373,3.236,5.000,16.180
54205,0,2,1,0.500,76654,79459,3.252,4.000,13.008
54245,0,2,1,0.500,76418,78992,3.252,4.000,13.008
54285,0,2,1,0.500,76141,78505,3.252,6.300,20.488
54325,0,2,1,0.500,76171,78545,3.252,6.300,20.488
54365,0,2,1,0.500,76252,78682,3.252,6.300,20.488
54405,0,2,1,0.500,76301,78767,3.236,4.400,14.238
54445,0,2,1,0.500,76353,78875,3.236,4.400,14.238
54485,0,2,1,0.500,76422,79028,3.256,6.800,22.141
54525,0,2,1,0.500,76274,78795,3.256,6.800,22.141
54565,0,2,1,0.500,76065,78415,3.256,6.800,22.141
54605,0,2,1,0.500,76052,78399,3.264,4.600,15.014
54645,0,2,1,0.500,76148,78586,3.264,4.600,15.014
54685,0,2,1,0.500,76131,78547,3.240,4.600,14.904
54725,0,2,1,0.500,76113,78526,3.240,4.600,14.904
54765,0,2,1,0.500,76030,78402,3.240,4.600,14.904
54805,0,2,1,0.500,76056,78470,3.256,4.300,14.001
54845,0,2,1,0.500,76164,78651,3.256,4.300,14.001
54886,0,2,1,0.500,76352,78991,3.240,4.900,15.876
54925,0,2,1,0.500,76455,79162,3.240,4.900,15.876
54965,0,2,1,0.500,76205,78685,3.240,4.900,15.876
55006,0,2,1,0.500,76122,78559,3.252,4.200,13.658
55045,0,2,1,0.500,76178,78685,3.252,4.200,13.658
55086,0,2,1,0.500,76154,78619,3.256,6.900,22.466
55126,0,2,1,0.500,76054,78485,3.256,6.900,22.466
55165,0,2,1,0.500,76085,78556,3.256,6.900,22.466
55206,0,2,1,0.500,76139,78624,3.240,4.600,14.904
55246,0,2,1,0.500,76130,78631,3.240,4.600,14.904
55286,0,2,1,0.500,76160,78674,3.256,7.100,23.118
55326,0,2,1,0.500,76300,78938,3.256,7.100,23.118
55366,0,2,1,0.500,76464,79231,3.256,7.100,23.118
55406,0,2,1,0.500,76435,79174,3.260,4.600,14.996
55446,0,2,1,0.500,76252,78852,3.260,4.600,14.996
55486,0,2,1,0.500,76297,78933,3.236,4.900,15.856
55526,0,2,1,0.500,76426,79207,3.236,4.900,15.856
55566,0,2,1,0.500,76488,79297,3.236,4.900,15.856
55606,0,2,1,0.500,76485,79304,3.256,4.100,13.350
55646,0,2,1,0.500,76494,79359,3.256,4.100,13.350
55686,0,2,1,0.500,76205,78762,3.240,4.700,15.228
55726,0,2,1,0.500,75848,78106,3.240,4.700,15.228
55766,0,2,1,0.500,75871,78103,3.240,4.700,15.228
55806,0,2,1,0.500,76050,78462,3.236,4.100,13.268
55846,0,2,1,0.500,76160,78661,3.236,4.100,13.268
55886,0,2,1,0.500,76184,78737,3.236,6.700,21.681
55926,0,2,1,0.500,76194,78768,3.236,6.700,21.681
55966,0,2,1,0.500,76388,79116,3.236,6.700,21.681
56006,0,2,1,0.500,76509,79327,3.264,4.800,15.667
56046,0,2,1,0.500,76438,79220,3.264,4.800,15.667
56086,0,2,1,0.500,76323,78960,3.248,7.000,22.736
56126,0,2,1,0.500,76177,78707,3.248,7.000,22.736
56166,0,2,1,0.500,76171,78661,3.248,7.000,22.736
56206,0,2,1,0.500,76212,78762,3.256,4.400,14.326
56246,0,2,1,0.500,76215,78785,3.256,4.400,14.326
56286,0,2,1,0.500,76241,78851,3.260,4.700,15.322
56326,0,2,1,0.500,76304,78928,3.260,4.700,15.322
56366,0,2,1,0.500,76368,79080,3.260,4.700,15.322
56406,0,2,1,0.500,76292,78909,3.256,4.200,13.675
56446,0,2,1,0.500,76108,78475,3.256,4.200,13.675
56486,0,2,1,0.500,76084,78425,3.256,4.800,15.629
56526,0,2,1,0.500,76129,78574,3.256,4.800,15.629
56566,0,2,1,0.500,76206,78724,3.256,4.800,15.629
56606,0,2,1,0.500,76220,78745,3.260,4.600,14.996
56646,0,2,1,0.500,76168,78650,3.260,4.600,14.996
56686,0,2,1,0.500,76134,78625,3.252,4.800,15.610
56726,0,2,1,0.500,76302,78880,3.252,4.800,15.610
56766,0,2,1,0.500,76415,79130,3.252,4.800,15.610
56806,0,2,1,0.500,76467,79214,3.264,5.000,16.320
56846,0,2,1,0.500,76423,79110,3.264,5.000,16.320
56886,0,2,1,0.500,76429,79113,3.236,4.900,15.856
56926,0,2,1,0.500,76511,79302,3.236,4.900,15.856
56966,0,2,1,0.500,76577,79425,3.236,4.900,15.856
57006,0,2,1,0.500,76518,79301,3.260,4.900,15.974
57046,0,2,1,0.500,76614,79498,3.260,4.900,15.974
57086,0,2,1,0.500,76730,79726,3.256,5.100,16.606
57126,0,2,1,0.500,76841,79920,3.256,5.100,16.606
57166,0,2,1,0.500,76656,79540,3.256,5.100,16.606
57206,0,2,1,0.500,76294,78867,3.248,4.400,14.291
57246,0,2,1,0.500,76195,78677,3.248,4.400,14.291
57286,0,2,1,0.500,76376,79000,3.260,6.800,22.168
57326,0,2,1,0.500,76572,79332,3.260,6.800,22.168
57366,0,2,1,0.500,76466,79148,3.260,6.800,22.168
57407,0,2,1,0.500,76396,79004,3.264,4.800,15.667
57446,0,2,1,0.500,76517,79265,3.264,4.800,15.667
57486,0,2,1,0.500,76616,79441,3.252,4.700,15.284
57527,0,2,1,0.500,76564,79350,3.252,4.700,15.284
57566,0,2,1,0.500,76627,79458,3.252,4.700,15.284
57606,0,2,1,0.500,76642,79471,3.260,6.500,21.190
57647,0,2,1,0.500,76757,79692,3.260,6.500,21.190
57686,0,2,1,0.500,76881,79965,3.240,4.500,14.580
57727,0,2,1,0.500,76830,79831,3.240,4.500,14.580
57767,0,2,1,0.500,76786,79785,3.240,4.500,14.580
57806,0,2,1,0.500,76899,79992,3.252,4.300,13.984
57847,0,2,1,0.500,77006,80199,3.252,4.300,13.984
57887,0,2,1,0.500,76968,80080,3.236,5.700,18.445
57926,0,2,1,0.500,76712,79614,3.236,5.700,18.445
57967,0,2,1,0.500,76464,79124,3.236,5.700,18.445
58007,0,2,1,0.500,76582,79271,3.240,4.400,14.256
58046,0,2,1,0.500,76659,79457,3.240,4.400,14.256
58087,0,2,1,0.500,76635,79398,3.236,6.700,21.681
58127,0,2,1,0.500,76591,79356,3.236,6.700,21.681
58167,0,2,1,0.500,76676,79522,3.236,6.700,21.681
58207,0,2,1,0.500,76728,79587,3.260,4.900,15.974
58247,0,2,1,0.500,76586,79290,3.260,4.900,15.974
58287,0,2,1,0.500,76411,79022,3.244,7.200,23.357
58327,0,2,1,0.500,76069,78449,3.244,7.200,23.357
58367,0,2,1,0.500,75888,78187,3.244,7.200,23.357
58407,0,2,1,0.500,75968,78328,3.256,4.300,14.001
58447,0,2,1,0.500,76014,78408,3.256,4.300,14.001
58487,0,2,1,0.500,76102,78542,3.240,6.800,22.032
58527,0,2,1,0.500,76111,78573,3.240,6.800,22.032
58567,0,2,1,0.500,76274,78838,3.240,6.800,22.032
58607,0,2,1,0.500,76255,78847,3.252,4.300,13.984
58647,0,2,1,0.500,75911,78218,3.252,4.300,13.984
58687,0,2,1,0.500,75806,77961,3.232,6.600,21.331
58727,0,2,1,0.500,75918,78169,3.232,6.600,21.331
58767,0,2,1,0.500,76015,78350,3.232,6.600,21.331
58807,0,2,1,0.500,75956,78284,3.264,4.900,15.994
58847,0,2,1,0.500,75955,78310,3.264,4.900,15.994
58887,0,2,1,0.500,76024,78429,3.256,4.800,15.629
58927,0,2,1,0.500,76062,78466,3.256,4.800,15.629
58967,0,2,1,0.500,76065,78486,3.256,4.800,15.629
59007,0,2,1,0.500,76070,78510,3.260,4.900,15.974
59047,0,2,1,0.500,76089,78585,3.260,4.900,15.974
59087,0,2,1,0.500,76062,78521,3.252,4.700,15.284
59127,0,2,1,0.500,76078,78562,3.252,4.700,15.284
59167,0,2,1,0.500,76224,78797,3.252,4.700,15.284
59207,0,2,1,0.500,76350,79038,3.256,4.300,14.001
59247,0,2,1,0.500,76218,78813,3.256,4.300,14.001
59287,0,2,1,0.500,76181,78726,3.256,5.000,16.280
59327,0,2,1,0.500,75981,78366,3.256,5.000,16.280
59367,0,2,1,0.500,75804,78040,3.256,5.000,16.280
59407,0,2,1,0.500,75714,77900,3.240,4.300,13.932
59447,0,2,1,0.500,75756,77937,3.240,4.300,13.932
59487,0,2,1,0.500,75779,78031,3.256,4.900,15.954
59527,0,2,1,0.500,75869,78142,3.256,4.900,15.954
59567,0,2,1,0.500,75823,78083,3.256,4.900,15.954
59607,0,2,1,0.500,75755,77968,3.260,4.600,14.996
59647,0,2,1,0.500,75731,77954,3.260,4.600,14.996
59687,0,2,1,0.500,75722,77903,3.252,4.900,15.935
59727,0,2,1,0.500,75702,77963,3.252,4.900,15.935
59767,0,2,1,0.500,75815,78100,3.252,4.900,15.935
59807,0,2,1,0.500,75814,78137,3.260,4.500,14.670
59847,0,2,1,0.500,75817,78148,3.260,4.500,14.670
59887,0,2,1,0.500,75902,78378,3.240,4.900,15.876
59927,0,2,1,0.500,76047,78628,3.240,4.900,15.876
59967,0,2,1,0.500,76118,78748,3.240,4.900,15.876
60007,0,2,1,0.500,76068,78619,3.252,4.200,13.658
60048,0,2,1,0.500,75719,78010,3.252,4.200,13.658
60087,0,2,1,0.500,75550,77660,3.236,6.200,20.063
60127,0,2,1,0.500,75615,77751,3.236,6.200,20.063
60168,0,2,1,0.500,75690,77918,3.236,6.200,20.063
60207,0,2,1,0.500,75650,77882,3.260,4.800,15.648
60248,0,2,1,0.500,75608,77856,3.260,4.800,15.648
60287,0,2,1,0.500,75623,77824,3.256,6.500,21.164
60327,0,2,1,0.500,75607,77841,3.256,6.500,21.164
60368,0,2,1,0.500,75681,77966,3.256,6.500,21.164
60407,0,2,1,0.500,75749,78104,3.260,5.000,16.300
60447,0,2,1,0.500,75804,78187,3.260,5.000,16.300
60488,0,2,1,0.500,75815,78237,3.236,7.100,22.976
60528,0,2,1,0.500,75945,78445,3.236,7.100,22.976
60568,0,2,1,0.500,75998,78566,3.236,7.100,22.976
60608,0,2,1,0.500,75960,78487,3.256,4.800,15.629
60648,0,2,1,0.500,75921,78440,3.256,4.800,15.629
60688,0,2,1,0.500,76039,78641,3.236,5.000,16.180
60728,0,2,1,0.500,76136,78802,3.236,5.000,16.180
60768,0,2,1,0.500,75898,78324,3.236,5.000,16.180
60808,0,2,1,0.500,75662,77866,3.252,4.500,14.634
60848,0,2,1,0.500,75726,77954,3.252,4.500,14.634
60888,0,2,1,0.500,75868,78259,3.236,6.700,21.681
60928,0,2,1,0.500,75935,78343,3.236,6.700,21.681
60968,0,2,1,0.500,75859,78208,3.236,6.700,21.681
61008,0,2,1,0.500,75798,78119,3.260,5.100,16.626
61048,0,2,1,0.500,75820,78181,3.260,5.100,16.626
61088,0,2,1,0.500,75935,78378,3.256,6.900,22.466
61128,0,2,1,0.500,76054,78569,3.256,6.900,22.466
61168,0,2,1,0.500,75984,78477,3.256,6.900,22.466
61208,0,2,1,0.500,75995,78472,3.260,6.300,20.538
61248,0,2,1,0.500,76108,78732,3.260,6.300,20.538
61288,0,2,1,0.500,76221,78887,3.240,7.100,23.004
61328,0,2,1,0.500,76206,78896,3.240,7.100,23.004
61368,0,2,1,0.500,76200,78918,3.240,7.100,23.004
61408,0,2,1,0.500,76248,78964,3.252,4.000,13.008
61448,0,2,1,0.500,76204,78894,3.252,4.000,13.008
61488,0,2,1,0.500,75971,78450,3.256,4.700,15.303
61528,0,2,1,0.500,75799,78146,3.256,4.700,15.303
61568,0,2,1,0.500,75781,78143,3.256,4.700,15.303
61608,0,2,1,0.500,75686,77991,3.240,4.300,13.932
61648,0,2,1,0.500,75678,77952,3.240,4.300,13.932
61688,0,2,1,0.500,75751,78129,3.252,4.800,15.610
61728,0,2,1,0.500,75818,78223,3.252,4.800,15.610
61768,0,2,1,0.500,75743,78108,3.252,4.800,15.610
61808,0,2,1,0.500,75756,78129,3.264,4.800,15.667
61848,0,2,1,0.500,75863,78311,3.264,4.800,15.667
61888,0,2,1,0.500,75948,78426,3.252,4.900,15.935
61928,0,2,1,0.500,75917,78429,3.252,4.900,15.935
61968,0,2,1,0.500,75908,78433,3.252,4.900,15.935
62008,0,2,1,0.500,75990,78559,3.260,4.100,13.366
62048,0,2,1,0.500,76068,78730,3.260,4.100,13.366
62088,0,2,1,0.500,76049,78748,3.236,4.800,15.533
62128,0,2,1,0.500,76003,78669,3.236,4.800,15.533
62168,0,2,1,0.500,75740,78190,3.236,4.800,15.533
62208,0,2,1,0.500,75561,77850,3.256,4.300,14.001
62248,0,2,1,0.500,75663,77990,3.256,4.300,14.001
62288,0,2,1,0.500,75694,78056,3.256,5.900,19.210
62328,0,2,1,0.500,75634,77963,3.256,5.900,19.210
62368,0,2,1,0.500,75606,77953,3.256,5.900,19.210
62408,0,2,1,0.500,75697,78119,3.240,4.500,14.580
62448,0,2,1,0.500,75755,78225,3.240,4.500,14.580
62488,0,2,1,0.500,75764,78229,3.256,7.100,23.118
62528,0,2,1,0.500,75737,78159,3.256,7.100,23.118
62568,0,2,1,0.500,75720,78176,3.256,7.100,23.118
62608,0,2,1,0.500,75834,78384,3.264,5.200,16.973
62648,0,2,1,0.500,75881,78506,3.264,5.200,16.973
62688,0,2,1,0.500,75781,78383,3.240,4.600,14.904
62728,0,2,1,0.500,75862,78488,3.240,4.600,14.904
62769,0,2,1,0.500,76029,78793,3.240,4.600,14.904
62808,0,2,1,0.500,76040,78818,3.260,4.400,14.344
62848,0,2,1,0.500,76008,78764,3.260,4.400,14.344
62888,0,2,1,0.500,75779,78359,3.240,4.700,15.228
62928,0,2,1,0.500,75648,78143,3.240,4.700,15.228
62968,0,2,1,0.500,75746,78286,3.240,4.700,15.228
63009,0,2,1,0.500,75809,78382,3.248,4.100,13.317
63048,0,2,1,0.500,75698,78246,3.248,4.100,13.317
63089,0,2,1,0.500,75643,78122,3.252,6.900,22.439
63129,0,2,1,0.500,75708,78246,3.252,6.900,22.439
63168,0,2,1,0.500,75864,78519,3.252,6.900,22.439
63209,0,2,1,0.500,75929,78672,3.236,4.500,14.562
63249,0,2,1,0.500,75920,78648,3.236,4.500,14.562
63289,0,2,1,0.500,75847,78601,3.252,7.100,23.089
63329,0,2,1,0.500,76001,78793,3.252,7.100,23.089
63369,0,2,1,0.500,76120,79034,3.252,7.100,23.089
63409,0,2,1,0.500,76080,78995,3.260,4.800,15.648
63449,0,2,1,0.500,76069,78907,3.260,4.800,15.648
63489,0,2,1,0.500,76131,79039,3.240,5.100,16.524
63529,0,2,1,0.500,76117,79047,3.240,5.100,16.524
63569,0,2,1,0.500,76071,78987,3.240,5.100,16.524
63609,0,2,1,0.500,75679,78266,3.256,4.600,14.978
63649,0,2,1,0.500,75293,77549,3.256,4.600,14.978
63689,0,2,1,0.500,75213,77452,3.240,4.900,15.876
63729,0,2,1,0.500,75392,77713,3.240,4.900,15.876
63769,0,2,1,0.500,75533,77958,3.240,4.900,15.876
63809,0,2,1,0.500,75621,78115,3.244,4.400,14.274
63849,0,2,1,0.500,75613,78125,3.244,4.400,14.274
63889,0,2,1,0.500,75679,78218,3.236,7.000,22.652
63929,0,2,1,0.500,75788,78390,3.236,7.000,22.652
63969,0,2,1,0.500,75890,78578,3.236,7.000,22.652
64009,0,2,1,0.500,75940,78690,3.264,4.700,15.341
64049,0,2,1,0.500,75955,78670,3.264,4.700,15.341
64089,0,2,1,0.500,75951,78722,3.252,5.000,16.260
64129,0,2,1,0.500,76098,78965,3.252,5.000,16.260
64169,0,2,1,0.500,76203,79177,3.252,5.000,16.260
64209,0,2,1,0.500,76346,79416,3.260,4.600,14.996
64249,0,2,1,0.500,76302,79338,3.260,4.600,14.996
64289,0,2,1,0.500,76311,79341,3.256,5.000,16.280
64329,0,2,1,0.500,76328,79415,3.256,5.000,16.280
64369,0,2,1,0.500,76205,79209,3.256,5.000,16.280
64409,0,2,1,0.500,75955,78673,3.256,4.300,14.001
64449,0,2,1,0.500,75865,78504,3.256,4.300,14.001
64489,0,2,1,0.500,75994,78670,3.256,5.200,16.931
64529,0,2,1,0.500,76071,78837,3.256,5.200,16.931
64569,0,2,1,0.500,76024,78789,3.256,5.200,16.931
64609,0,2,1,0.500,75976,78670,3.236,4.400,14.238
64649,0,2,1,0.500,75947,78660,3.236,4.400,14.238
64689,0,2,1,0.500,75995,78732,3.256,4.600,14.978
64729,0,2,1,0.500,76258,79120,3.256,4.600,14.978
64769,0,2,1,0.500,76330,79274,3.256,4.600,14.978
64809,0,2,1,0.500,76279,79212,3.264,4.800,15.667
64849,0,2,1,0.500,76214,79112,3.264,4.800,15.667
64889,0,2,1,0.500,76265,79190,3.248,4.800,15.590
64929,0,2,1,0.500,76298,79259,3.248,4.800,15.590
64969,0,2,1,0.500,76239,79171,3.248,4.800,15.590
65009,0,2,1,0.500,76294,79281,3.260,4.400,14.344
65049,0,2,1,0.500,76361,79372,3.260,4.400,14.344
65089,0,2,1,0.500,76158,79024,3.236,4.800,15.533
65129,0,2,1,0.500,75986,78680,3.236,4.800,15.533
65169,0,2,1,0.500,76058,78790,3.236,4.800,15.533
65209,0,2,1,0.500,76039,78755,3.256,4.200,13.675
65249,0,2,1,0.500,76060,78784,3.256,4.200,13.675
65289,0,2,1,0.500,76018,78772,3.236,6.500,21.034
65329,0,2,1,0.500,75997,78741,3.236,6.500,21.034
65370,0,2,1,0.500,75944,78642,3.236,6.500,21.034
65409,0,2,1,0.500,75886,78570,3.264,4.900,15.994
65449,0,2,1,0.500,76011,78730,3.264,4.900,15.994
65489,0,2,1,0.500,76102,78947,3.256,7.000,22.792
65529,0,2,1,0.500,76149,79010,3.256,7.000,22.792
65569,0,2,1,0.500,76186,79099,3.256,7.000,22.792
65609,0,2,1,0.500,76305,79304,3.264,5.100,16.646
65649,0,2,1,0.500,76371,79431,3.264,5.100,16.646
65690,0,2,1,0.500,76260,79299,3.236,4.800,15.533
65730,0,2,1,0.500,76244,79260,3.236,4.800,15.533
65769,0,2,1,0.500,76154,79068,3.236,4.800,15.533
65810,0,2,1,0.500,75846,78467,3.260,4.700,15.322
65850,0,2,1,0.500,75693,78185,3.260,4.700,15.322
65890,0,2,1,0.500,75767,78310,3.240,4.800,15.552
65930,0,2,1,0.500,75796,78346,3.240,4.800,15.552
65970,0,2,1,0.500,75725,78227,3.240,4.800,15.552
66010,0,2,1,0.500,75838,78461,3.248,4.600,14.941
66050,0,2,1,0.500,76026,78790,3.248,4.600,14.941
66090,0,2,1,0.500,76039,78813,3.236,6.900,22.328
66130,0,2,1,0.500,76000,78736,3.236,6.900,22.328
66170,0,2,1,0.500,76058,78826,3.236,6.900,22.328
66210,0,2,1,0.500,76123,78953,3.264,4.900,15.994
66250,0,2,1,0.500,76284,79239,3.264,4.900,15.994
66290,0,2,1,0.500,76231,79196,3.252,6.700,21.788
66330,0,2,1,0.500,76179,79051,3.252,6.700,21.788
66370,0,2,1,0.500,76256,79204,3.252,6.700,21.788
66410,0,2,1,0.500,76357,79421,3.264,4.600,15.014
66450,0,2,1,0.500,76369,79461,3.264,4.600,15.014
66490,0,2,1,0.500,76111,78960,3.240,5.100,16.524
66530,0,2,1,0.500,75827,78366,3.240,5.100,16.524
66570,0,2,1,0.500,75827,78364,3.240,5.100,16.524
66610,0,2,1,0.500,75958,78583,3.252,4.300,13.984
66650,0,2,1,0.500,75912,78502,3.252,4.300,13.984
66690,0,2,1,0.500,75748,78226,3.236,4.800,15.533
66730,0,2,1,0.500,75755,78241,3.236,4.800,15.533
66770,0,2,1,0.500,75895,78474,3.236,4.800,15.533
66810,0,2,1,0.500,76035,78722,3.260,4.600,14.996
66850,0,2,1,0.500,76061,78723,3.260,4.600,14.996
66890,0,2,1,0.500,76055,78742,3.256,4.500,14.652
66930,0,2,1,0.500,76060,78836,3.256,4.500,14.652
66970,0,2,1,0.500,76173,79009,3.256,4.500,14.652
67010,0,2,1,0.500,76306,79231,3.264,5.300,17.299
67050,0,2,1,0.500,76370,79359,3.264,5.300,17.299
67090,0,2,1,0.500,76379,79447,3.248,5.000,16.240
67130,0,2,1,0.500,76388,79384,3.248,5.000,16.240
67170,0,2,1,0.500,76396,79386,3.248,5.000,16.240
67210,0,2,1,0.500,76277,79103,3.264,4.800,15.667
67250,0,2,1,0.500,75992,78560,3.264,4.800,15.667
67290,0,2,1,0.500,75968,78496,3.240,4.800,15.552
67330,0,2,1,0.500,76147,78830,3.240,4.800,15.552
67370,0,2,1,0.500,76207,78944,3.240,4.800,15.552
67410,0,2,1,0.500,76138,78814,3.252,4.400,14.309
67450,0,2,1,0.500,76109,78773,3.252,4.400,14.309
67490,0,2,1,0.500,76235,79002,3.256,6.400,20.838
67530,0,2,1,0.500,76233,79001,3.256,6.400,20.838
67570,0,2,1,0.500,76273,79083,3.256,6.400,20.838
67610,0,2,1,0.500,76287,79088,3.260,4.800,15.648
67650,0,2,1,0.500,76330,79162,3.260,4.800,15.648
67690,0,2,1,0.500,76300,79114,3.256,5.000,16.280
67730,0,2,1,0.500,76258,79098,3.256,5.000,16.280
67770,0,2,1,0.500,76251,79053,3.256,5.000,16.280
67810,0,2,1,0.500,76061,78701,3.264,5.600,18.278
67850,0,2,1,0.500,76031,78684,3.264,5.600,18.278
67890,0,2,1,0.500,76254,79100,3.240,4.800,15.552
67930,0,2,1,0.500,76002,78672,3.240,4.800,15.552
67970,0,2,1,0.500,75634,77976,3.240,4.800,15.552
68010,0,2,1,0.500,75793,78215,3.260,4.600,14.996
68050,0,2,1,0.500,76046,78656,3.260,4.600,14.996
68090,0,2,1,0.500,75962,78550,3.256,5.000,16.280
68130,0,2,1,0.500,75924,78500,3.256,5.000,16.280
68170,0,2,1,0.500,75997,78615,3.256,5.000,16.280
68210,0,2,1,0.500,76064,78760,3.248,4.200,13.642
68250,0,2,1,0.500,76037,78701,3.248,4.200,13.642
68291,0,2,1,0.500,75926,78552,3.256,7.200,23.443
68330,0,2,1,0.500,75815,78388,3.256,7.200,23.443
68370,0,2,1,0.500,75862,78464,3.256,7.200,23.443
68411,0,2,1,0.500,75986,78650,3.260,4.900,15.974
68450,0,2,1,0.500,76002,78718,3.260,4.900,15.974
68491,0,2,1,0.500,75977,78640,3.256,4.900,15.954
68531,0,2,1,0.500,75883,78503,3.256,4.900,15.954
68570,0,2,1,0.500,75804,78453,3.256,4.900,15.954
68611,0,2,1,0.500,75770,78332,3.264,6.200,20.237
68651,0,2,1,0.500,75608,78026,3.264,6.200,20.237
68691,0,2,1,0.500,75417,77751,3.236,4.800,15.533
68731,0,2,1,0.500,75484,77819,3.236,4.800,15.533
68771,0,2,1,0.500,75502,77876,3.236,4.800,15.533
68811,0,2,1,0.500,75495,77918,3.252,4.000,13.008
68851,0,2,1,0.500,75533,77915,3.252,4.000,13.008
68891,0,2,1,0.500,75584,77998,3.240,5.000,16.200
68931,0,2,1,0.500,75564,77970,3.240,5.000,16.200
68971,0,2,1,0.500,75590,78010,3.240,5.000,16.200
69011,0,2,1,0.500,75686,78152,3.244,4.400,14.274
69051,0,2,1,0.500,75684,78193,3.244,4.400,14.274
69091,0,2,1,0.500,75599,78093,3.236,7.000,22.652
69131,0,2,1,0.500,75657,78186,3.236,7.000,22.652
69171,0,2,1,0.500,75825,78439,3.236,7.000,22.652
69211,0,2,1,0.500,75819,78454,3.260,4.400,14.344
69251,0,2,1,0.500,75779,78350,3.260,4.400,14.344
69291,0,2,1,0.500,75714,78213,3.252,6.700,21.788
69331,0,2,1,0.500,75561,77876,3.252,6.700,21.788
69371,0,2,1,0.500,75454,77659,3.252,6.700,21.788
69411,0,2,1,0.500,75467,77627,3.260,6.800,22.168
69451,0,2,1,0.500,75468,77646,3.260,6.800,22.168
69491,0,2,1,0.500,75473,77647,3.236,6.800,22.005
69531,0,2,1,0.500,75419,77589,3.236,6.800,22.005
69571,0,2,1,0.500,75451,77650,3.236,6.800,22.005
69611,0,2,1,0.500,75473,77660,3.260,4.600,14.996
69651,0,2,1,0.500,75449,77630,3.260,4.600,14.996
69691,0,2,1,0.500,75461,77670,3.236,5.300,17.151
69731,0,2,1,0.500,75621,77924,3.236,5.300,17.151
69771,0,2,1,0.500,75672,77986,3.236,5.300,17.151
69811,0,2,1,0.500,75610,77906,3.240,4.600,14.904
69851,0,2,1,0.500,75620,77941,3.240,4.600,14.904
69891,0,2,1,0.500,75802,78178,3.256,4.600,14.978
69931,0,2,1,0.500,75786,78219,3.256,4.600,14.978
69971,0,2,1,0.500,75711,78087,3.256,4.600,14.978
70011,0,2,1,0.500,75526,77753,3.260,4.700,15.322
70051,0,2,1,0.500,75407,77500,3.260,4.700,15.322
70091,0,2,1,0.500,75395,77456,3.252,4.800,15.610
70131,0,2,1,0.500,75334,77373,3.252,4.800,15.610
70171,0,2,1,0.500,75384,77449,3.252,4.800,15.610
70211,0,2,1,0.500,75398,77510,3.264,4.700,15.341
70251,0,2,1,0.500,75438,77530,3.264,4.700,15.341
70291,0,2,1,0.500,75452,77588,3.240,4.800,15.552
70331,0,2,1,0.500,75444,77576,3.240,4.800,15.552
70371,0,2,1,0.500,75434,77588,3.240,4.800,15.552
70411,0,2,1,0.500,75531,77722,3.256,4.400,14.326
70451,0,2,1,0.500,75623,77904,3.256,4.400,14.326
70491,0,2,1,0.500,75651,77988,3.256,5.100,16.606
70531,0,2,1,0.500,75692,78026,3.256,5.100,16.606
70571,0,2,1,0.500,75708,78033,3.256,5.100,16.606
70611,0,2,1,0.500,75768,78179,3.264,4.700,15.341
70651,0,2,1,0.500,75815,78280,3.264,4.700,15.341
70691,0,2,1,0.500,75789,78264,3.256,4.800,15.629
70731,0,2,1,0.500,75644,77982,3.256,4.800,15.629
70771,0,2,1,0.500,75452,77586,3.256,4.800,15.629
70811,0,2,1,0.500,75430,77549,3.264,4.800,15.667
70851,0,2,1,0.500,75488,77658,3.264,4.800,15.667
70891,0,2,1,0.500,75341,77379,3.252,4.700,15.284
70931,0,2,1,0.500,75327,77385,3.252,4.700,15.284
70971,0,2,1,0.500,75487,77657,3.252,4.700,15.284
71011,0,2,1,0.500,75617,77865,3.264,4.800,15.667
71051,0,2,1,0.500,75625,77927,3.264,4.800,15.667
71091,0,2,1,0.500,75588,77860,3.236,5.000,16.180
71132,0,2,1,0.500,75625,77899,3.236,5.000,16.180
71171,0,2,1,0.500,75640,77997,3.236,5.000,16.180
71211,0,2,1,0.500,75667,78038,3.260,4.500,14.670
71252,0,2,1,0.500,75592,77954,3.260,4.500,14.670
71291,0,2,1,0.500,75432,77689,3.236,5.100,16.504
71331,0,2,1,0.500,75462,77708,3.236,5.100,16.504
71372,0,2,1,0.500,75471,77770,3.236,5.100,16.504
71411,0,2,1,0.500,75539,77897,3.236,4.400,14.238
71452,0,2,1,0.500,75583,78007,3.236,4.400,14.238
71491,0,2,1,0.500,75261,77529,3.236,6.900,22.328
71531,0,2,1,0.500,74851,76901,3.236,6.900,22.328
71572,0,2,1,0.500,74682,76727,3.236,6.900,22.328
71611,0,2,1,0.500,74628,76738,3.264,5.100,16.646
71651,0,2,1,0.500,74632,76748,3.264,5.100,16.646
71692,0,2,1,0.500,74650,76806,3.248,6.800,22.086
71732,0,2,1,0.500,74833,77024,3.248,6.800,22.086
71772,0,2,1,0.500,75058,77271,3.248,6.800,22.086
71812,0,2,1,0.500,75262,77530,3.264,4.900,15.994
71852,0,2,1,0.500,75496,77931,3.264,4.900,15.994
71892,0,2,1,0.500,75682,78227,3.240,5.000,16.200
71932,0,2,1,0.500,75780,78470,3.240,5.000,16.200
71972,0,2,1,0.500,75757,78487,3.240,5.000,16.200
72012,0,2,1,0.500,75436,78105,3.256,4.000,13.024
72052,0,2,1,0.500,75085,77629,3.256,4.000,13.024
72092,0,2,1,0.500,75013,77460,3.232,5.400,17.453
72132,0,2,1,0.500,75319,77895,3.232,5.400,17.453
72172,0,2,1,0.500,75469,78077,3.232,5.400,17.453
72212,0,2,1,0.500,75129,77543,3.240,4.600,14.904
72252,0,2,1,0.500,74986,77244,3.240,4.600,14.904
72292,0,2,1,0.500,75193,77556,3.236,6.700,21.681
72332,0,2,1,0.500,75393,77851,3.236,6.700,21.681
72372,0,2,1,0.500,75343,77803,3.236,6.700,21.681
72412,0,2,1,0.500,75448,77934,3.260,5.000,16.300
72452,0,2,1,0.500,75688,78239,3.260,5.000,16.300
72492,0,2,1,0.500,75604,78109,3.248,7.000,22.736
72532,0,2,1,0.500,75184,77543,3.248,7.000,22.736
72572,0,2,1,0.500,74988,77265,3.248,7.000,22.736
72612,0,2,1,0.500,75004,77292,3.264,7.000,22.848
72652,0,2,1,0.500,75184,77556,3.264,7.000,22.848
72692,0,2,1,0.500,75401,77897,3.240,7.000,22.680
72732,0,2,1,0.500,75635,78230,3.240,7.000,22.680
72772,0,2,1,0.500,75623,78243,3.240,7.000,22.680
72812,0,2,1,0.500,75574,78121,3.256,4.300,14.001
72852,0,2,1,0.500,75764,78426,3.256,4.300,14.001
72892,0,2,1,0.500,75716,78373,3.256,4.800,15.629
72932,0,2,1,0.500,75307,77690,3.256,4.800,15.629
72972,0,2,1,0.500,75105,77325,3.256,4.800,15.629
73012,0,2,1,0.500,75189,77422,3.236,4.500,14.562
73052,0,2,1,0.500,75274,77574,3.236,4.500,14.562
73092,0,2,1,0.500,75204,77480,3.252,4.500,14.634
73132,0,2,1,0.500,75111,77371,3.252,4.500,14.634
73172,0,2,1,0.500,75312,77628,3.252,4.500,14.634
73212,0,2,1,0.500,75444,77809,3.264,4.800,15.667
73252,0,2,1,0.500,75492,77895,3.264,4.800,15.667
73292,0,2,1,0.500,75532,78011,3.244,4.900,15.896
73332,0,2,1,0.500,75536,78037,3.244,4.900,15.896
73372,0,2,1,0.500,75479,77959,3.244,4.900,15.896
73412,0,2,1,0.500,75490,77983,3.256,4.100,13.350
73452,0,2,1,0.500,75500,78037,3.256,4.100,13.350
73492,0,2,1,0.500,75540,78094,3.236,4.900,15.856
73532,0,2,1,0.500,75562,78137,3.236,4.900,15.856
73572,0,2,1,0.500,75544,78081,3.236,4.900,15.856
73612,0,2,1,0.500,75516,78072,3.252,4.100,13.333
73652,0,2,1,0.500,75304,77653,3.252,4.100,13.333
73692,0,2,1,0.500,75082,77284,3.256,6.100,19.862
73732,0,2,1,0.500,75105,77300,3.256,6.100,19.862
73772,0,2,1,0.500,75122,77339,3.256,6.100,19.862
73812,0,2,1,0.500,75131,77369,3.236,4.300,13.915
73852,0,2,1,0.500,75178,77423,3.236,4.300,13.915
73892,0,2,1,0.500,75161,77421,3.260,7.000,22.820
73932,0,2,1,0.500,75151,77368,3.260,7.000,22.820
73973,0,2,1,0.500,75205,77480,3.260,7.000,22.820
74012,0,2,1,0.500,75335,77636,3.260,4.400,14.344
74052,0,2,1,0.500,75381,77730,3.260,4.400,14.344
74092,0,2,1,0.500,75382,77745,3.240,4.800,15.552
74132,0,2,1,0.500,75414,77815,3.240,4.800,15.552
74173,0,2,1,0.500,75434,77819,3.240,4.800,15.552
74212,0,2,1,0.500,75603,78061,3.256,4.300,14.001
74252,0,2,1,0.500,75713,78262,3.256,4.300,14.001
74293,0,2,1,0.500,75713,78230,3.240,4.700,15.228
74332,0,2,1,0.500,75743,78346,3.240,4.700,15.228
74373,0,2,1,0.500,75589,78145,3.240,4.700,15.228
74413,0,2,1,0.500,75222,77475,3.252,4.200,13.658
74452,0,2,1,0.500,75047,77152,3.252,4.200,13.658
74493,0,2,1,0.500,75224,77381,3.232,6.600,21.331
74533,0,2,1,0.500,75341,77573,3.232,6.600,21.331
74572,0,2,1,0.500,75219,77383,3.232,6.600,21.331
74613,0,2,1,0.500,75243,77438,3.236,4.400,14.238
74653,0,2,1,0.500,75344,77610,3.236,4.400,14.238
74693,0,2,1,0.500,75379,77638,3.252,7.100,23.089
74733,0,2,1,0.500,75346,77595,3.252,7.100,23.089
74773,0,2,1,0.500,75451,77818,3.252,7.100,23.089
74813,0,2,1,0.500,75697,78180,3.260,4.900,15.974
74853,0,2,1,0.500,75835,78370,3.260,4.900,15.974
74893,0,2,1,0.500,75875,78460,3.240,4.800,15.552
74933,0,2,1,0.500,75789,78373,3.240,4.800,15.552
74973,0,2,1,0.500,75785,78368,3.240,4.800,15.552
75013,0,2,1,0.500,75706,78250,3.260,4.100,13.366
75053,0,2,1,0.500,75607,78114,3.260,4.100,13.366
75093,0,2,1,0.500,75694,78281,3.240,5.000,16.200
75133,0,2,1,0.500,75694,78206,3.240,5.000,16.200
75173,0,2,1,0.500,75403,77659,3.240,5.000,16.200
75213,0,2,1,0.500,75542,77789,3.252,3.900,12.683
75253,0,2,1,0.500,75700,78031,3.252,3.900,12.683
75293,0,2,1,0.500,75644,77986,3.236,6.800,22.005
75333,0,2,1,0.500,75706,78041,3.236,6.800,22.005
75373,0,2,1,0.500,75916,78357,3.236,6.800,22.005
75413,0,2,1,0.500,75998,78505,3.236,4.500,14.562
75453,0,2,1,0.500,75948,78460,3.236,4.500,14.562
75493,0,2,1,0.500,75900,78411,3.240,6.400,20.736
75533,0,2,1,0.500,75959,78472,3.240,6.400,20.736
75573,0,2,1,0.500,75948,78500,3.240,6.400,20.736
75613,0,2,1,0.500,76023,78566,3.260,4.500,14.670
75653,0,2,1,0.500,76112,78737,3.260,4.500,14.670
75693,0,2,1,0.500,76243,78898,3.256,4.600,14.978
75733,0,2,1,0.500,76227,78919,3.256,4.600,14.978
75773,0,2,1,0.500,76253,78937,3.256,4.600,14.978
75813,0,2,1,0.500,76310,79079,3.256,4.700,15.303
75853,0,2,1,0.500,76186,78811,3.256,4.700,15.303
75893,0,2,1,0.500,75865,78278,3.256,4.900,15.954
75933,0,2,1,0.500,75896,78223,3.256,4.900,15.954
75973,0,2,1,0.500,76025,78449,3.256,4.900,15.954
76013,0,2,1,0.500,76009,78431,3.248,4.200,13.642
76053,0,2,1,0.500,76051,78536,3.248,4.200,13.642
76093,0,2,1,0.500,76196,78770,3.256,4.700,15.303
76133,0,2,1,0.500,76247,78846,3.256,4.700,15.303
76173,0,2,1,0.500,76231,78795,3.256,4.700,15.303
76177,0,2,1,0.500,75789,78373,3.236,4.600,14.886
76213,0,2,1,0.500,76230,78832,3.236,4.600,14.886
76253,0,2,1,0.500,76291,78968,3.236,4.600,14.886
76293,0,2,1,0.500,76318,79030,3.256,4.700,15.303
76333,0,2,1,0.500,76337,79037,3.256,4.700,15.303
76373,0,2,1,0.500,76334,79087,3.256,4.700,15.303
76413,0,2,1,0.500,76501,79354,3.260,4.700,15.322
76453,0,2,1,0.500,76572,79519,3.260,4.700,15.322
76493,0,2,1,0.500,76550,79511,3.236,5.000,16.180
76533,0,2,1,0.500,76590,79596,3.236,5.000,16.180
76573,0,2,1,0.500,76407,79184,3.236,5.000,16.180
76613,0,2,1,0.500,76139,78692,3.256,4.200,13.675
76653,0,2,1,0.500,76235,78839,3.256,4.200,13.675
76693,0,2,1,0.500,76393,79126,3.236,5.000,16.180
76733,0,2,1,0.500,76347,79038,3.236,5.000,16.180
76773,0,2,1,0.500,76318,78977,3.236,5.000,16.180
76813,0,2,1,0.500,76315,78957,3.244,4.400,14.274
76853,0,2,1,0.500,76295,78941,3.244,4.400,14.274
76893,0,2,1,0.500,76243,78860,3.256,6.900,22.466
76933,0,2,1,0.500,76200,78801,3.256,6.900,22.466
76973,0,2,1,0.500,76177,78762,3.256,6.900,22.466
77013,0,2,1,0.500,76297,78999,3.260,5.100,16.626
77053,0,2,1,0.500,76464,79304,3.260,5.100,16.626
77093,0,2,1,0.500,76434,79287,3.252,4.900,15.935
77133,0,2,1,0.500,76382,79154,3.252,4.900,15.935
77173,0,2,1,0.500,76443,79316,3.252,4.900,15.935
77214,0,2,1,0.500,76456,79366,3.260,4.800,15.648
77253,0,2,1,0.500,76415,79261,3.260,4.800,15.648
77294,0,2,1,0.500,76274,78982,3.236,5.000,16.180
77334,0,2,1,0.500,75957,78406,3.236,5.000,16.180
77373,0,2,1,0.500,75893,78248,3.236,5.000,16.180
77414,0,2,1,0.500,75954,78359,3.256,4.500,14.652
77454,0,2,1,0.500,75995,78391,3.256,4.500,14.652
77494,0,2,1,0.500,75925,78292,3.236,5.100,16.504
77534,0,2,1,0.500,75946,78332,3.236,5.100,16.504
77574,0,2,1,0.500,76049,78519,3.236,5.100,16.504
77614,0,2,1,0.500,76187,78764,3.240,4.500,14.580
77654,0,2,1,0.500,76256,78890,3.240,4.500,14.580
77694,0,2,1,0.500,76296,78936,3.236,6.800,22.005
77734,0,2,1,0.500,76308,78981,3.236,6.800,22.005
77774,0,2,1,0.500,76393,79107,3.236,6.800,22.005
77814,0,2,1,0.500,76404,79129,3.264,5.000,16.320
77854,0,2,1,0.500,76410,79109,3.264,5.000,16.320
77894,0,2,1,0.500,76478,79252,3.252,7.000,22.764
77934,0,2,1,0.500,76622,79492,3.252,7.000,22.764
77974,0,2,1,0.500,76557,79370,3.252,7.000,22.764
78014,0,2,1,0.500,76507,79295,3.260,4.700,15.322
78054,0,2,1,0.500,76346,78976,3.260,4.700,15.322
78094,0,2,1,0.500,76128,78492,3.240,7.000,22.680
78134,0,2,1,0.500,76127,78488,3.240,7.000,22.680
78174,0,2,1,0.500,76233,78680,3.240,7.000,22.680
78214,0,2,1,0.500,76261,78736,3.256,4.500,14.652
78254,0,2,1,0.500,76218,78633,3.256,4.500,14.652
78294,0,2,1,0.500,76203,78682,3.236,5.000,16.180
78334,0,2,1,0.500,76318,78829,3.236,5.000,16.180
78374,0,2,1,0.500,76463,79067,3.236,5.000,16.180
78414,0,2,1,0.500,76555,79276,3.236,4.700,15.209
78454,0,2,1,0.500,76526,79222,3.236,4.700,15.209
78494,0,2,1,0.500,76412,79014,3.256,5.000,16.280
78534,0,2,1,0.500,76201,78718,3.256,5.000,16.280
78574,0,2,1,0.500,76111,78566,3.256,5.000,16.280
78614,0,2,1,0.500,76217,78709,3.264,5.000,16.320
78654,0,2,1,0.500,76492,79141,3.264,5.000,16.320
78694,0,2,1,0.500,76626,79425,3.252,4.700,15.284
78734,0,2,1,0.500,76794,79714,3.252,4.700,15.284
78774,0,2,1,0.500,76661,79489,3.252,4.700,15.284
78814,0,2,1,0.500,76353,78918,3.260,6.600,21.516
78854,0,2,1,0.500,76370,78905,3.260,6.600,21.516
78894,0,2,1,0.500,76418,79022,3.240,4.700,15.228
78934,0,2,1,0.500,76341,78888,3.240,4.700,15.228
78974,0,2,1,0.500,76371,78945,3.240,4.700,15.228
79014,0,2,1,0.500,76465,79128,3.256,4.100,13.350
79054,0,2,1,0.500,76451,79103,3.256,4.100,13.350
79094,0,2,1,0.500,76355,78943,3.256,5.000,16.280
79134,0,2,1,0.500,76332,78933,3.256,5.000,16.280
79174,0,2,1,0.500,76437,79057,3.256,5.000,16.280
79214,0,2,1,0.500,76544,79293,3.244,4.400,14.274
79254,0,2,1,0.500,76589,79404,3.244,4.400,14.274
79294,0,2,1,0.500,76624,79485,3.256,4.800,15.629
79334,0,2,1,0.500,76755,79679,3.256,4.800,15.629
79374,0,2,1,0.500,76839,79842,3.256,4.800,15.629
79414,0,2,1,0.500,76792,79789,3.260,4.900,15.974
79454,0,2,1,0.500,76788,79735,3.260,4.900,15.974
79494,0,2,1,0.500,76630,79423,3.256,4.800,15.629
79534,0,2,1,0.500,76313,78850,3.256,4.800,15.629
79574,0,2,1,0.500,76322,78860,3.256,4.800,15.629
79614,0,2,1,0.500,76419,79043,3.264,6.400,20.890
79654,0,2,1,0.500,76401,79010,3.264,6.400,20.890
79694,0,2,1,0.500,76298,78892,3.236,4.900,15.856
79734,0,2,1,0.500,76443,79152,3.236,4.900,15.856
79774,0,2,1,0.500,76617,79484,3.236,4.900,15.856
79814,0,2,1,0.500,76515,79306,3.256,4.200,13.675
79854,0,2,1,0.500,76488,79223,3.256,4.200,13.675
79894,0,2,1,0.500,76580,79360,3.252,5.000,16.260
79934,0,2,1,0.500,76590,79481,3.252,5.000,16.260
79974,0,2,1,0.500,76605,79460,3.252,5.000,16.260
80014,0,2,1,0.500,76601,79459,3.244,4.300,13.949
80054,0,2,1,0.500,76653,79592,3.244,4.300,13.949
80095,0,2,1,0.500,76720,79691,3.256,6.700,21.815
80134,0,2,1,0.500,76662,79615,3.256,6.700,21.815
80174,0,2,1,0.500,76602,79512,3.256,6.700,21.815
80215,0,2,1,0.500,76349,79023,3.260,4.600,14.996
80254,0,2,1,0.500,76065,78436,3.260,4.600,14.996
80295,0,2,1,0.500,76079,78450,3.252,4.800,15.610
80335,0,2,1,0.500,76115,78542,3.252,4.800,15.610
80374,0,2,1,0.500,76134,78562,3.252,4.800,15.610
80415,0,2,1,0.500,76119,78557,3.264,5.700,18.605
80455,0,2,1,0.500,76174,78654,3.264,5.700,18.605
80495,0,2,1,0.500,76320,78926,3.240,4.800,15.552
80535,0,2,1,0.500,76448,79138,3.240,4.800,15.552
80575,0,2,1,0.500,76432,79076,3.240,4.800,15.552
80615,0,2,1,0.500,76365,78995,3.252,4.000,13.008
80655,0,2,1,0.500,76468,79167,3.252,4.000,13.008
80694,0,2,1,0.500,76521,79299,3.236,5.000,16.180
80735,0,2,1,0.500,76432,79136,3.236,5.000,16.180
80775,0,2,1,0.500,76386,79033,3.236,5.000,16.180
80815,0,2,1,0.500,76429,79147,3.248,4.200,13.642
80855,0,2,1,0.500,76496,79257,3.248,4.200,13.642
80895,0,2,1,0.500,76517,79334,3.236,6.800,22.005
80935,0,2,1,0.500,76728,79667,3.236,6.800,22.005
80975,0,2,1,0.500,76624,79431,3.236,6.800,22.005
81015,0,2,1,0.500,76401,78972,3.260,4.900,15.974
81055,0,2,1,0.500,76460,79059,3.260,4.900,15.974
81095,0,2,1,0.500,76601,79294,3.256,6.900,22.466
81135,0,2,1,0.500,76655,79432,3.256,6.900,22.466
81175,0,2,1,0.500,76711,79569,3.256,6.900,22.466
81215,0,2,1,0.500,76727,79553,3.264,5.300,17.299
81255,0,2,1,0.500,76798,79688,3.264,5.300,17.299
81295,0,2,1,0.500,76794,79747,3.236,7.300,23.623
81335,0,2,1,0.500,76837,79805,3.236,7.300,23.623
81375,0,2,1,0.500,76907,79988,3.236,7.300,23.623
81415,0,2,1,0.500,77002,80113,3.256,4.200,13.675
81455,0,2,1,0.500,77007,80170,3.256,4.200,13.675
81495,0,2,1,0.500,77047,80280,3.256,4.800,15.629
81535,0,2,1,0.500,77131,80412,3.256,4.800,15.629
81575,0,2,1,0.500,77186,80503,3.256,4.800,15.629
81615,0,2,1,0.500,77189,80553,3.256,4.200,13.675
81655,0,2,1,0.500,77237,80658,3.256,4.200,13.675
81695,0,2,1,0.500,77226,80641,3.256,4.800,15.629
81735,0,2,1,0.500,76816,79794,3.256,4.800,15.629
81775,0,2,1,0.500,76333,78864,3.256,4.800,15.629
81815,0,2,1,0.500,76346,78905,3.236,4.500,14.562
81855,0,2,1,0.500,76473,79113,3.236,4.500,14.562
81895,0,2,1,0.500,76297,78819,3.252,4.800,15.610
81935,0,2,1,0.500,76220,78656,3.252,4.800,15.610
81975,0,2,1,0.500,76301,78773,3.252,4.800,15.610
82015,0,2,1,0.500,76442,78998,3.264,4.600,15.014
82055,0,2,1,0.500,76553,79199,3.264,4.600,15.014
82095,0,2,1,0.500,76610,79339,3.260,4.900,15.974
82135,0,2,1,0.500,76648,79433,3.260,4.900,15.974
82175,0,2,1,0.500,76647,79384,3.260,4.900,15.974
82215,0,2,1,0.500,76788,79623,3.256,4.200,13.675
82255,0,2,1,0.500,76850,79756,3.256,4.200,13.675
82295,0,2,1,0.500,76806,79684,3.256,4.700,15.303
82335,0,2,1,0.500,76821,79690,3.256,4.700,15.303
82375,0,2,1,0.500,76949,79964,3.256,4.700,15.303
82415,0,2,1,0.500,76996,80076,3.252,4.100,13.333
82455,0,2,1,0.500,76616,79356,3.252,4.100,13.333
82495,0,2,1,0.500,76223,78625,3.256,4.800,15.629
82535,0,2,1,0.500,76375,78863,3.256,4.800,15.629
82575,0,2,1,0.500,76529,79167,3.256,4.800,15.629
82615,0,2,1,0.500,76426,79007,3.236,4.400,14.238
82655,0,2,1,0.500,76368,78917,3.236,4.400,14.238
82695,0,2,1,0.500,76374,78944,3.256,4.800,15.629
82735,0,2,1,0.500,76321,78863,3.256,4.800,15.629
82775,0,2,1,0.500,76477,79110,3.256,4.800,15.629
82815,0,2,1,0.500,76510,79168,3.256,4.900,15.954
82855,0,2,1,0.500,76580,79260,3.256,4.900,15.954
82895,0,2,1,0.500,76676,79483,3.252,4.700,15.284
82935,0,2,1,0.500,76811,79671,3.252,4.700,15.284
82975,0,2,1,0.500,76916,79871,3.252,4.700,15.284
83015,0,2,1,0.500,76962,79962,3.260,4.300,14.018
83055,0,2,1,0.500,76955,79988,3.260,4.300,14.018
83095,0,2,1,0.500,77058,80148,3.240,4.800,15.552
83135,0,2,1,0.500,76833,79753,3.240,4.800,15.552
83175,0,2,1,0.500,76526,79137,3.240,4.800,15.552
83215,0,2,1,0.500,76402,78945,3.252,4.000,13.008
83255,0,2,1,0.500,76448,78995,3.252,4.000,13.008
83295,0,2,1,0.500,76378,78946,3.240,4.900,15.876
83335,0,2,1,0.500,76450,79041,3.240,4.900,15.876
83375,0,2,1,0.500,76483,79123,3.240,4.900,15.876
83416,0,2,1,0.500,76518,79166,3.240,4.100,13.284
83455,0,2,1,0.500,76483,79084,3.240,4.100,13.284
83495,0,2,1,0.500,76425,79034,3.260,6.800,22.168
83536,0,2,1,0.500,76554,79269,3.260,6.800,22.168
83575,0,2,1,0.500,76643,79444,3.260,6.800,22.168
83616,0,2,1,0.500,76638,79441,3.260,4.700,15.322
83655,0,2,1,0.500,76582,79383,3.260,4.700,15.322
83695,0,2,1,0.500,76683,79580,3.256,5.000,16.280
83736,0,2,1,0.500,76777,79754,3.256,5.000,16.280
83775,0,2,1,0.500,76799,79785,3.256,5.000,16.280
83816,0,2,1,0.500,76606,79475,3.264,5.800,18.931
83856,0,2,1,0.500,76208,78677,3.264,5.800,18.931
83895,0,2,1,0.500,76045,78402,3.236,4.900,15.856
83936,0,2,1,0.500,76169,78565,3.236,4.900,15.856
83976,0,2,1,0.500,76185,78649,3.236,4.900,15.856
84016,0,2,1,0.500,76054,78424,3.256,4.500,14.652
84056,0,2,1,0.500,75954,78244,3.256,4.500,14.652
84095,0,2,1,0.500,76030,78369,3.236,5.000,16.180
84136,0,2,1,0.500,76123,78547,3.236,5.000,16.180
84176,0,2,1,0.500,76109,78542,3.236,5.000,16.180
84215,0,2,1,0.500,76121,78584,3.248,4.200,13.642
84256,0,2,1,0.500,76155,78667,3.248,4.200,13.642
84296,0,2,1,0.500,76158,78723,3.236,6.700,21.681
84335,0,2,1,0.500,76286,78947,3.236,6.700,21.681
84376,0,2,1,0.500,76552,79456,3.236,6.700,21.681
84416,0,2,1,0.500,76774,79877,3.260,4.800,15.648
84456,0,2,1,0.500,76830,79990,3.260,4.800,15.648
84496,0,2,1,0.500,76789,79855,3.252,7.200,23.414
84536,0,2,1,0.500,76447,79187,3.252,7.200,23.414
84576,0,2,1,0.500,76326,78892,3.252,7.200,23.414
84616,0,2,1,0.500,76450,79124,3.260,4.800,15.648
84656,0,2,1,0.500,76462,79110,3.260,4.800,15.648
84696,0,2,1,0.500,76337,78905,3.236,5.200,16.827
84736,0,2,1,0.500,76076,78475,3.236,5.200,16.827
84776,0,2,1,0.500,75937,78250,3.236,5.200,16.827
84816,0,2,1,0.500,75987,78268,3.260,4.700,15.322
84856,0,2,1,0.500,75943,78122,3.260,4.700,15.322
84896,0,2,1,0.500,76020,78197,3.252,4.700,15.284
84936,0,2,1,0.500,76258,78625,3.252,4.700,15.284
84976,0,2,1,0.500,76505,79032,3.252,4.700,15.284
85016,0,2,1,0.500,76431,78920,3.260,4.400,14.344
85056,0,2,1,0.500,76408,78883,3.260,4.400,14.344
85096,0,2,1,0.500,76537,79089,3.252,5.000,16.260
85136,0,2,1,0.500,76400,78939,3.252,5.000,16.260
85176,0,2,1,0.500,76540,79207,3.252,5.000,16.260
85216,0,2,1,0.500,76645,79360,3.256,4.100,13.350
85256,0,2,1,0.500,76240,78644,3.256,4.100,13.350
85296,0,2,1,0.500,75829,77961,3.252,4.700,15.284
85336,0,2,1,0.500,75629,77671,3.252,4.700,15.284
85376,0,2,1,0.500,75722,77807,3.252,4.700,15.284
85416,0,2,1,0.500,75877,78036,3.264,4.900,15.994
85456,0,2,1,0.500,75922,78107,3.264,4.900,15.994
85496,0,2,1,0.500,76026,78231,3.236,4.800,15.533
85536,0,2,1,0.500,76120,78360,3.236,4.800,15.533
85576,0,2,1,0.500,76207,78488,3.236,4.800,15.533
85616,0,2,1,0.500,76309,78636,3.256,4.500,14.652
85656,0,2,1,0.500,76385,78803,3.256,4.500,14.652
85696,0,2,1,0.500,76483,78967,3.252,4.400,14.309
85736,0,2,1,0.500,76647,79236,3.252,4.400,14.309
85776,0,2,1,0.500,76677,79308,3.252,4.400,14.309
85816,0,2,1,0.500,76671,79371,3.264,5.000,16.320
85856,0,2,1,0.500,76798,79624,3.264,5.000,16.320
85896,0,2,1,0.500,76841,79629,3.252,4.500,14.634
85936,0,2,1,0.500,76447,78965,3.252,4.500,14.634
85976,0,2,1,0.500,76245,78583,3.252,4.500,14.634
86016,0,2,1,0.500,76379,78787,3.256,4.200,13.675
86056,0,2,1,0.500,76550,79097,3.256,4.200,13.675
86096,0,2,1,0.500,76653,79346,3.256,4.800,15.629
86136,0,2,1,0.500,76756,79501,3.256,4.800,15.629
86176,0,2,1,0.500,76757,79504,3.256,4.800,15.629
86216,0,2,1,0.500,76736,79448,3.236,4.500,14.562
86256,0,2,1,0.500,76639,79299,3.236,4.500,14.562
86296,0,2,1,0.500,76593,79186,3.252,4.700,15.284
86336,0,2,1,0.500,76702,79392,3.252,4.700,15.284
86376,0,2,1,0.500,76706,79424,3.252,4.700,15.284
86416,0,2,1,0.500,76442,78955,3.264,6.800,22.195
86456,0,2,1,0.500,76286,78720,3.264,6.800,22.195
86496,0,2,1,0.500,76249,78671,3.240,5.000,16.200
86536,0,2,1,0.500,76352,78798,3.240,5.000,16.200
86576,0,2,1,0.500,76280,78782,3.240,5.000,16.200
86616,0,2,1,0.500,75973,78247,3.252,4.100,13.333
86656,0,2,1,0.500,75812,77968,3.252,4.100,13.333
86679,0,2,1,0.500,75877,78036,3.252,6.500,21.138
86696,0,2,1,0.500,75878,78051,3.252,6.500,21.138
86736,0,2,1,0.500,75949,78185,3.252,6.500,21.138
86776,0,2,1,0.500,76030,78332,3.252,6.500,21.138
86816,0,2,1,0.500,76072,78393,3.260,5.100,16.626
86857,0,2,1,0.500,76252,78663,3.260,5.100,16.626
86896,0,2,1,0.500,76454,78993,3.240,4.800,15.552
86936,0,2,1,0.500,76459,79071,3.240,4.800,15.552
86976,0,2,1,0.500,76445,79052,3.240,4.800,15.552
87016,0,2,1,0.500,76516,79155,3.256,4.500,14.652
87056,0,2,1,0.500,76524,79220,3.256,4.500,14.652
87096,0,2,1,0.500,76397,79042,3.236,6.500,21.034
87136,0,2,1,0.500,76385,78991,3.236,6.500,21.034
87177,0,2,1,0.500,76546,79300,3.236,6.500,21.034
87216,0,2,1,0.500,76729,79708,3.264,5.000,16.320
87256,0,2,1,0.500,76841,79889,3.264,5.000,16.320
87296,0,2,1,0.500,76847,79893,3.252,7.200,23.414
87336,0,2,1,0.500,76586,79369,3.252,7.200,23.414
87376,0,2,1,0.500,76419,79074,3.252,7.200,23.414
87417,0,2,1,0.500,76530,79295,3.256,4.300,14.001
87456,0,2,1,0.500,76588,79404,3.256,4.300,14.001
87497,0,2,1,0.500,76566,79374,3.236,4.900,15.856
87537,0,2,1,0.500,76552,79374,3.236,4.900,15.856
87576,0,2,1,0.500,76607,79495,3.236,4.900,15.856
87617,0,2,1,0.500,76635,79483,3.236,4.200,13.591
87657,0,2,1,0.500,76646,79548,3.236,4.200,13.591
87697,0,2,1,0.500,76785,79801,3.256,6.700,21.815
87737,0,2,1,0.500,76913,80049,3.256,6.700,21.815
87777,0,2,1,0.500,76933,80100,3.256,6.700,21.815
87817,0,2,1,0.500,76985,80171,3.256,4.500,14.652
87857,0,2,1,0.500,77008,80227,3.256,4.500,14.652
87897,0,2,1,0.500,77149,80453,3.236,4.800,15.533
87937,0,2,1,0.500,77337,80791,3.236,4.800,15.533
87977,0,2,1,0.500,77464,81008,3.236,4.800,15.533
88017,0,2,1,0.500,77552,81118,3.252,4.300,13.984
88057,0,2,1,0.500,77363,80715,3.252,4.300,13.984
88097,0,2,1,0.500,76942,79915,3.236,6.800,22.005
88137,0,2,1,0.500,76819,79661,3.236,6.800,22.005
88177,0,2,1,0.500,76910,79832,3.236,6.800,22.005
88217,0,2,1,0.500,76864,79706,3.264,5.100,16.646
88257,0,2,1,0.500,76714,79437,3.264,5.100,16.646
88297,0,2,1,0.500,76663,79361,3.240,6.900,22.356
88337,0,2,1,0.500,76725,79436,3.240,6.900,22.356
88377,0,2,1,0.500,76726,79474,3.240,6.900,22.356
88417,0,2,1,0.500,76675,79394,3.256,4.500,14.652
88457,0,2,1,0.500,76698,79488,3.256,4.500,14.652
88497,0,2,1,0.500,76753,79588,3.236,6.400,20.710
88537,0,2,1,0.500,76817,79711,3.236,6.400,20.710
88577,0,2,1,0.500,76852,79786,3.236,6.400,20.710
88617,0,2,1,0.500,76823,79761,3.264,5.200,16.973
88657,0,2,1,0.500,76827,79722,3.264,5.200,16.973
88697,0,2,1,0.500,76940,79961,3.252,4.600,14.959
88737,0,2,1,0.500,76923,79982,3.252,4.600,14.959
88777,0,2,1,0.500,76890,79976,3.252,4.600,14.959
88817,0,2,1,0.500,76884,79918,3.256,4.100,13.350
88857,0,2,1,0.500,76777,79686,3.256,4.100,13.350
88897,0,2,1,0.500,76688,79529,3.260,5.000,16.300
88937,0,2,1,0.500,76735,79552,3.260,5.000,16.300
88977,0,2,1,0.500,76741,79537,3.260,5.000,16.300
89017,0,2,1,0.500,76609,79308,3.256,4.200,13.675
89057,0,2,1,0.500,76620,79375,3.256,4.200,13.675
89097,0,2,1,0.500,76823,79737,3.256,4.700,15.303
89137,0,2,1,0.500,76834,79775,3.256,4.700,15.303
89177,0,2,1,0.500,76840,79773,3.256,4.700,15.303
89217,0,2,1,0.500,76929,79932,3.256,4.300,14.001
89257,0,2,1,0.500,77053,80148,3.256,4.300,14.001
89297,0,2,1,0.500,77115,80311,3.256,5.000,16.280
89337,0,2,1,0.500,77191,80468,3.256,5.000,16.280
89377,0,2,1,0.500,77304,80648,3.256,5.000,16.280
89417,0,2,1,0.500,77375,80781,3.256,4.300,14.001
89457,0,2,1,0.500,77413,80868,3.256,4.300,14.001
89497,0,2,1,0.500,77467,80965,3.256,4.900,15.954
89537,0,2,1,0.500,77462,80963,3.256,4.900,15.954
89577,0,2,1,0.500,77485,81005,3.256,4.900,15.954
89617,0,2,1,0.500,77446,80981,3.264,5.300,17.299
89657,0,2,1,0.500,77130,80357,3.264,5.300,17.299
89697,0,2,1,0.500,76875,79846,3.236,4.700,15.209
89737,0,2,1,0.500,76869,79845,3.236,4.700,15.209
89777,0,2,1,0.500,76844,79794,3.236,4.700,15.209
89817,0,2,1,0.500,76771,79650,3.252,4.300,13.984
89857,0,2,1,0.500,76805,79710,3.252,4.300,13.984
89897,0,2,1,0.500,76973,79998,3.256,6.500,21.164
89937,0,2,1,0.500,77114,80244,3.256,6.500,21.164
89977,0,2,1,0.500,77048,80168,3.256,6.500,21.164
90017,0,2,1,0.500,77070,80164,3.264,5.000,16.320
90057,0,2,1,0.500,77144,80297,3.264,5.000,16.320
90097,0,2,1,0.500,77240,80477,3.252,4.800,15.610
90137,0,2,1,0.500,77169,80444,3.252,4.800,15.610
90177,0,2,1,0.500,77181,80434,3.252,4.800,15.610
90217,0,2,1,0.500,77250,80554,3.256,4.100,13.350
90257,0,2,1,0.500,77242,80596,3.256,4.100,13.350
90297,0,2,1,0.500,77205,80544,3.236,4.800,15.533
90337,0,2,1,0.500,77185,80471,3.236,4.800,15.533
90377,0,2,1,0.500,77212,80522,3.236,4.800,15.533
90417,0,2,1,0.500,77136,80406,3.236,4.700,15.209
90457,0,2,1,0.500,76938,79986,3.236,4.700,15.209
90497,0,2,1,0.500,76875,79855,3.252,6.900,22.439
90538,0,2,1,0.500,76906,79917,3.252,6.900,22.439
90578,0,2,1,0.500,76861,79848,3.252,6.900,22.439
90617,0,2,1,0.500,76840,79833,3.256,4.200,13.675
90658,0,2,1,0.500,76954,80032,3.256,4.200,13.675
90697,0,2,1,0.500,77028,80223,3.236,5.000,16.180
90737,0,2,1,0.500,77055,80241,3.236,5.000,16.180
90778,0,2,1,0.500,77102,80320,3.236,5.000,16.180
90817,0,2,1,0.500,77170,80464,3.248,4.300,13.966
90857,0,2,1,0.500,77204,80538,3.248,4.300,13.966
