190,0,2,1,0.500,74552,78201,3.292,3.200,10.534
230,0,2,1,0.500,54499,48418,3.292,3.200,10.534
270,0,2,1,0.500,9805,9089,3.288,4.400,14.467
310,0,2,1,0.500,65313,65998,3.288,4.400,14.467
350,0,2,1,0.500,83583,91699,3.288,4.400,14.467
390,0,2,1,0.500,83466,91305,3.288,4.400,14.467
430,0,2,1,0.500,49012,45411,3.288,4.400,14.467
470,0,2,1,0.500,10643,8938,3.288,4.400,14.467
510,0,2,1,0.500,63566,64106,3.288,4.400,14.467
550,0,2,1,0.500,83588,93115,3.288,4.400,14.467
590,0,2,1,0.500,83806,93321,3.284,4.500,14.778
630,0,2,1,0.500,56798,50709,3.284,4.500,14.778
670,0,2,1,0.500,19958,16626,3.288,4.600,15.125
710,0,2,1,0.500,75193,78394,3.288,4.600,15.125
750,0,2,1,0.500,85171,95100,3.288,4.600,15.125
790,0,2,1,0.500,85756,96223,3.288,4.400,14.467
830,0,2,1,0.500,82214,87080,3.288,4.400,14.467
870,0,2,1,0.500,36527,35511,3.288,4.600,15.125
910,0,2,1,0.500,74860,77293,3.288,4.600,15.125
950,0,2,1,0.500,83776,90565,3.288,4.600,15.125
990,0,2,1,0.500,84318,91917,3.284,4.700,15.435
1030,0,2,1,0.500,74571,76124,3.284,4.700,15.435
1070,0,2,1,0.500,15348,17347,3.288,4.500,14.796
1110,0,2,1,0.500,66096,74754,3.288,4.500,14.796
1150,0,2,1,0.500,82907,89946,3.288,4.500,14.796
1190,0,2,1,0.500,83072,90256,3.288,4.600,15.125
1230,0,2,1,0.500,57107,56601,3.288,4.600,15.125
1270,0,2,1,0.500,22839,24658,3.292,4.600,15.143
1310,0,2,1,0.500,74412,78038,3.292,4.600,15.143
1350,0,2,1,0.500,82817,91083,3.292,4.600,15.143
1390,0,2,1,0.500,81745,88925,3.288,4.600,15.125
1430,0,2,1,0.500,42844,41128,3.288,4.600,15.125
1470,0,2,1,0.500,73871,77679,3.288,4.800,15.782
1510,0,2,1,0.500,84047,93666,3.288,4.800,15.782
1550,0,2,1,0.500,84428,94349,3.288,4.800,15.782
1590,0,2,1,0.500,84811,90768,3.280,4.300,14.104
1630,0,2,1,0.500,36417,32403,3.280,4.300,14.104
1670,0,2,1,0.500,44325,38523,3.276,4.700,15.397
1710,0,2,1,0.500,81679,85113,3.276,4.700,15.397
1750,0,2,1,0.500,78895,81672,3.276,4.700,15.397
1790,0,2,1,0.500,43003,34000,3.272,4.700,15.378
1830,0,2,1,0.500,30172,27608,3.272,4.700,15.378
1870,0,2,1,0.500,55527,47876,3.280,4.400,14.432
1910,0,2,1,0.500,72974,70825,3.280,4.400,14.432
1950,0,2,1,0.500,72690,71355,3.280,4.400,14.432
1990,0,2,1,0.500,74200,71946,3.280,4.700,15.416
2030,0,2,1,0.500,60604,55785,3.280,4.700,15.416
2070,0,2,1,0.500,63780,52660,3.284,4.600,15.106
2110,0,2,1,0.500,53382,41426,3.284,4.600,15.106
2150,0,2,1,0.500,66827,59792,3.284,4.600,15.106
2190,0,2,1,0.500,72574,63402,3.280,4.500,14.760
2230,0,2,1,0.500,73527,69694,3.280,4.500,14.760
2270,0,2,1,0.500,67463,63109,3.280,4.800,15.744
2310,0,2,1,0.500,71593,69492,3.280,4.800,15.744
2350,0,2,1,0.500,67731,61718,3.280,4.800,15.744
2390,0,2,1,0.500,16440,18876,3.276,4.400,14.414
2430,0,2,1,0.500,21250,21382,3.276,4.400,14.414
2470,0,2,1,0.500,36415,32196,3.284,4.600,15.106
2510,0,2,1,0.500,31244,30040,3.284,4.600,15.106
2550,0,2,1,0.500,33614,36675,3.284,4.600,15.106
2590,0,2,1,0.500,55007,56792,3.284,4.600,15.106
2630,0,2,1,0.500,75682,74992,3.284,4.600,15.106
2670,0,2,1,0.500,74037,75013,3.284,4.500,14.778
2710,0,2,1,0.500,75926,75028,3.284,4.500,14.778
2750,0,2,1,0.500,73723,73430,3.284,4.500,14.778
2790,0,2,1,0.500,74157,69923,3.276,4.400,14.414
2830,0,2,1,0.500,73742,73651,3.276,4.400,14.414
2869,0,2,1,0.500,75336,76707,3.284,4.800,15.763
2910,0,2,1,0.500,75331,76758,3.284,4.800,15.763
2950,0,2,1,0.500,73298,73502,3.284,4.800,15.763
2990,0,2,1,0.500,74445,75289,3.264,4.400,14.362
3030,0,2,1,0.500,76399,78110,3.264,4.400,14.362
3069,0,2,1,0.500,76551,78565,3.276,4.700,15.397
3110,0,2,1,0.500,72887,70776,3.276,4.700,15.397
3150,0,2,1,0.500,80376,72925,3.276,4.700,15.397
3189,0,2,1,0.500,81484,74915,3.288,4.600,15.125
3230,0,2,1,0.500,77562,74842,3.288,4.600,15.125
3269,0,2,1,0.500,70993,71856,3.288,4.800,15.782
3310,0,2,1,0.500,74213,75580,3.288,4.800,15.782
3350,0,2,1,0.500,72755,73354,3.288,4.800,15.782
3389,0,2,1,0.500,65743,62918,3.284,4.600,15.106
3430,0,2,1,0.500,71240,70648,3.284,4.600,15.106
3469,0,2,1,0.500,75314,75615,3.292,4.600,15.143
3509,0,2,1,0.500,74933,75083,3.292,4.600,15.143
3550,0,2,1,0.500,71118,70888,3.292,4.600,15.143
3589,0,2,1,0.500,71251,71647,3.288,4.300,14.138
3629,0,2,1,0.500,75087,65559,3.288,4.300,14.138
3669,0,2,1,0.500,74042,66438,3.292,4.600,15.143
3709,0,2,1,0.500,79408,74896,3.292,4.600,15.143
3749,0,2,1,0.500,70867,72090,3.292,4.600,15.143
3789,0,2,1,0.500,68004,65947,3.288,4.500,14.796
3829,0,2,1,0.500,55225,41872,3.288,4.500,14.796
3869,0,2,1,0.500,53999,42115,3.284,4.600,15.106
3909,0,2,1,0.500,59471,45787,3.284,4.600,15.106
3949,0,2,1,0.500,66286,61252,3.284,4.600,15.106
3989,0,2,1,0.500,72294,73661,3.288,4.600,15.125
4029,0,2,1,0.500,72386,74275,3.288,4.600,15.125
4069,0,2,1,0.500,62271,58366,3.292,4.700,15.472
4109,0,2,1,0.500,47881,34743,3.292,4.700,15.472
4149,0,2,1,0.500,42720,36661,3.292,4.700,15.472
4189,0,2,1,0.500,54495,49408,3.288,4.500,14.796
4229,0,2,1,0.500,76698,73604,3.288,4.500,14.796
4269,0,2,1,0.500,70306,72199,3.292,4.800,15.802
4309,0,2,1,0.500,76369,73177,3.292,4.800,15.802
4349,0,2,1,0.500,38613,30205,3.292,4.800,15.802
4389,0,2,1,0.500,14578,11633,3.288,4.500,14.796
4429,0,2,1,0.500,11663,9149,3.288,4.500,14.796
4469,0,2,1,0.500,14045,11262,3.292,4.700,15.472
4509,0,2,1,0.500,19634,14746,3.292,4.700,15.472
4549,0,2,1,0.500,18797,13344,3.292,4.700,15.472
4589,0,2,1,0.500,13709,10624,3.288,4.700,15.454
4629,0,2,1,0.500,10341,9600,3.288,4.700,15.454
4669,0,2,1,0.500,15476,14566,3.288,4.600,15.125
4709,0,2,1,0.500,17419,15145,3.288,4.600,15.125
4749,0,2,1,0.500,41268,32595,3.288,4.600,15.125
4789,0,2,1,0.500,62178,48112,3.292,4.600,15.143
4829,0,2,1,0.500,42329,29380,3.292,4.600,15.143
4869,0,2,1,0.500,37166,28612,3.292,4.200,13.826
4909,0,2,1,0.500,23162,21799,3.292,4.200,13.826
4949,0,2,1,0.500,22734,24356,3.292,4.200,13.826
4989,0,2,1,0.500,49436,49550,3.288,4.600,15.125
5029,0,2,1,0.500,79915,72519,3.288,4.600,15.125
5069,0,2,1,0.500,76512,72699,3.292,4.800,15.802
5109,0,2,1,0.500,73811,72802,3.292,4.800,15.802
5149,0,2,1,0.500,73661,69410,3.292,4.800,15.802
5189,0,2,1,0.500,56689,51391,3.292,4.400,14.485
5229,0,2,1,0.500,65398,52547,3.292,4.400,14.485
5269,0,2,1,0.500,67635,55972,3.292,4.300,14.156
5309,0,2,1,0.500,76714,74084,3.292,4.300,14.156
5349,0,2,1,0.500,76904,74845,3.292,4.300,14.156
5389,0,2,1,0.500,77748,73131,3.292,4.400,14.485
5429,0,2,1,0.500,42897,36159,3.292,4.400,14.485
5469,0,2,1,0.500,58769,44922,3.292,4.700,15.472
5509,0,2,1,0.500,45981,35182,3.292,4.700,15.472
5549,0,2,1,0.500,43992,38445,3.292,4.700,15.472
5589,0,2,1,0.500,63651,56145,3.292,4.400,14.485
5629,0,2,1,0.500,46126,40770,3.292,4.400,14.485
5669,0,2,1,0.500,40823,33865,3.292,4.800,15.802
5709,0,2,1,0.500,47900,39456,3.292,4.800,15.802
5749,0,2,1,0.500,52085,43776,3.292,4.800,15.802
5789,0,2,1,0.500,53569,46003,3.292,4.900,16.131
5829,0,2,1,0.500,51653,44124,3.292,4.900,16.131
5869,0,2,1,0.500,35291,28667,3.292,4.500,14.814
5909,0,2,1,0.500,16899,12599,3.292,4.500,14.814
5949,0,2,1,0.500,36042,27715,3.292,4.500,14.814
5989,0,2,1,0.500,37634,29586,3.292,4.600,15.143
6029,0,2,1,0.500,19737,15180,3.292,4.600,15.143
6069,0,2,1,0.500,20200,14335,3.292,4.900,16.131
6109,0,2,1,0.500,22687,15765,3.292,4.900,16.131
6149,0,2,1,0.500,28779,20024,3.292,4.900,16.131
6189,0,2,1,0.500,54834,42106,3.296,4.400,14.502
6229,0,2,1,0.500,69744,63705,3.296,4.400,14.502
6269,0,2,1,0.500,72028,66596,3.292,4.400,14.485
6309,0,2,1,0.500,77634,70048,3.292,4.400,14.485
6349,0,2,1,0.500,76249,63873,3.292,4.400,14.485
6389,0,2,1,0.500,53933,44177,3.292,4.400,14.485
6429,0,2,1,0.500,77924,69578,3.292,4.400,14.485
6469,0,2,1,0.500,73200,71462,3.292,4.700,15.472
6509,0,2,1,0.500,72180,70934,3.292,4.700,15.472
6549,0,2,1,0.500,72283,71063,3.292,4.700,15.472
6589,0,2,1,0.500,76746,73542,3.292,4.600,15.143
6629,0,2,1,0.500,59755,48968,3.292,4.600,15.143
6669,0,2,1,0.500,35756,24794,3.292,4.600,15.143
6709,0,2,1,0.500,29001,19237,3.292,4.600,15.143
6749,0,2,1,0.500,36725,25737,3.292,4.600,15.143
6789,0,2,1,0.500,41634,29866,3.292,4.500,14.814
6829,0,2,1,0.500,63000,50881,3.292,4.500,14.814
6869,0,2,1,0.500,82618,74112,3.292,4.400,14.485
6909,0,2,1,0.500,82407,73488,3.292,4.400,14.485
6949,0,2,1,0.500,75550,73318,3.292,4.400,14.485
6989,0,2,1,0.500,75379,75246,3.292,4.800,15.802
7029,0,2,1,0.500,74299,74124,3.292,4.800,15.802
7069,0,2,1,0.500,74233,71727,3.292,4.800,15.802
7109,0,2,1,0.500,45426,42592,3.292,4.800,15.802
7149,0,2,1,0.500,11801,14841,3.292,4.800,15.802
7189,0,2,1,0.500,22505,26182,3.292,4.600,15.143
7229,0,2,1,0.500,52732,49613,3.292,4.600,15.143
7269,0,2,1,0.500,76863,72537,3.296,4.200,13.843
7309,0,2,1,0.500,73933,72823,3.296,4.200,13.843
7349,0,2,1,0.500,81367,74590,3.296,4.200,13.843
7389,0,2,1,0.500,74105,67015,3.296,4.500,14.832
7429,0,2,1,0.500,75638,67071,3.296,4.500,14.832
7469,0,2,1,0.500,73818,63029,3.292,4.300,14.156
7509,0,2,1,0.500,70400,60723,3.292,4.300,14.156
7549,0,2,1,0.500,72044,63450,3.292,4.300,14.156
7589,0,2,1,0.500,54283,41507,3.292,4.700,15.472
7629,0,2,1,0.500,54006,39925,3.292,4.700,15.472
7669,0,2,1,0.500,59373,46428,3.292,4.800,15.802
7709,0,2,1,0.500,69899,61474,3.292,4.800,15.802
7749,0,2,1,0.500,74964,67301,3.292,4.800,15.802
7789,0,2,1,0.500,52651,41279,3.292,4.500,14.814
7829,0,2,1,0.500,56963,47021,3.292,4.500,14.814
7869,0,2,1,0.500,64667,59230,3.292,4.500,14.814
7909,0,2,1,0.500,74133,71805,3.292,4.500,14.814
7949,0,2,1,0.500,63516,56014,3.292,4.500,14.814
7989,0,2,1,0.500,70189,62146,3.292,4.400,14.485
8029,0,2,1,0.500,68598,64662,3.292,4.400,14.485
8069,0,2,1,0.500,73186,72382,3.292,4.600,15.143
8109,0,2,1,0.500,73529,72460,3.292,4.600,15.143
8149,0,2,1,0.500,72457,71313,3.292,4.600,15.143
8189,0,2,1,0.500,73006,72305,3.292,4.400,14.485
8229,0,2,1,0.500,71675,69063,3.292,4.400,14.485
8269,0,2,1,0.500,65937,52347,3.292,4.500,14.814
8309,0,2,1,0.500,79969,72169,3.292,4.500,14.814
8349,0,2,1,0.500,62314,56249,3.292,4.500,14.814
8389,0,2,1,0.500,45725,32745,3.296,4.700,15.491
8429,0,2,1,0.500,49743,42199,3.296,4.700,15.491
8469,0,2,1,0.500,63210,59314,3.292,4.800,15.802
8509,0,2,1,0.500,58866,48400,3.292,4.800,15.802
8548,0,2,1,0.500,70130,62229,3.292,4.800,15.802
8589,0,2,1,0.500,81554,72820,3.292,4.800,15.802
8629,0,2,1,0.500,71860,73290,3.292,4.800,15.802
8669,0,2,1,0.500,68570,70638,3.292,4.300,14.156
8709,0,2,1,0.500,71458,72846,3.292,4.300,14.156
8748,0,2,1,0.500,74588,76343,3.292,4.300,14.156
8789,0,2,1,0.500,74647,75890,3.292,4.300,14.156
8829,0,2,1,0.500,78095,77133,3.292,4.300,14.156
8869,0,2,1,0.500,72801,73061,3.292,4.400,14.485
8909,0,2,1,0.500,72946,74206,3.292,4.400,14.485
8948,0,2,1,0.500,75857,77169,3.292,4.400,14.485
8989,0,2,1,0.500,72455,75110,3.296,4.500,14.832
9029,0,2,1,0.500,70661,73394,3.296,4.500,14.832
9069,0,2,1,0.500,70191,72686,3.292,4.300,14.156
9109,0,2,1,0.500,73472,75804,3.292,4.300,14.156
9149,0,2,1,0.500,73149,75675,3.292,4.300,14.156
9189,0,2,1,0.500,73670,66829,3.296,4.400,14.502
9229,0,2,1,0.500,78843,74242,3.296,4.400,14.502
9268,0,2,1,0.500,80837,74260,3.292,4.600,15.143
9309,0,2,1,0.500,69804,71116,3.292,4.600,15.143
9349,0,2,1,0.500,70440,72116,3.292,4.600,15.143
9388,0,2,1,0.500,72143,68894,3.292,4.300,14.156
9429,0,2,1,0.500,70256,60036,3.292,4.300,14.156
9468,0,2,1,0.500,75611,76085,3.292,4.500,14.814
9509,0,2,1,0.500,73820,76797,3.292,4.500,14.814
9549,0,2,1,0.500,73319,76185,3.292,4.500,14.814
9588,0,2,1,0.500,71289,74012,3.292,4.800,15.802
9629,0,2,1,0.500,66791,69437,3.292,4.800,15.802
9668,0,2,1,0.500,70428,72611,3.292,4.400,14.485
9709,0,2,1,0.500,72207,74082,3.292,4.400,14.485
9748,0,2,1,0.500,72395,74158,3.292,4.400,14.485
9788,0,2,1,0.500,71910,73792,3.292,4.200,13.826
9829,0,2,1,0.500,72368,74736,3.292,4.200,13.826
9868,0,2,1,0.500,73250,76130,3.292,4.500,14.814
9908,0,2,1,0.500,73366,76456,3.292,4.500,14.814
9949,0,2,1,0.500,72758,75619,3.292,4.500,14.814
9988,0,2,1,0.500,74151,75373,3.292,4.500,14.814
10028,0,2,1,0.500,76272,66604,3.292,4.500,14.814
10068,0,2,1,0.500,69322,59025,3.292,4.400,14.485
10108,0,2,1,0.500,69089,59503,3.292,4.400,14.485
10149,0,2,1,0.500,71482,71091,3.292,4.400,14.485
10188,0,2,1,0.500,71935,71571,3.292,4.500,14.814
10228,0,2,1,0.500,69794,69558,3.292,4.500,14.814
10268,0,2,1,0.500,70944,70210,3.292,4.300,14.156
10308,0,2,1,0.500,73639,74162,3.292,4.300,14.156
10348,0,2,1,0.500,74105,74290,3.292,4.300,14.156
10388,0,2,1,0.500,75072,75295,3.292,4.300,14.156
10428,0,2,1,0.500,77002,77739,3.292,4.300,14.156
10468,0,2,1,0.500,77615,79056,3.292,4.600,15.143
10508,0,2,1,0.500,77618,79152,3.292,4.600,15.143
10548,0,2,1,0.500,78182,80132,3.292,4.600,15.143
10588,0,2,1,0.500,78673,80932,3.292,4.600,15.143
10628,0,2,1,0.500,78306,80294,3.292,4.600,15.143
10668,0,2,1,0.500,77278,78265,3.292,4.600,15.143
10708,0,2,1,0.500,76430,76738,3.292,4.600,15.143
10748,0,2,1,0.500,75288,74529,3.292,4.600,15.143
10788,0,2,1,0.500,40554,38758,3.292,4.600,15.143
10828,0,2,1,0.500,42646,38944,3.292,4.600,15.143
10868,0,2,1,0.500,54717,44684,3.292,4.600,15.143
10908,0,2,1,0.500,57564,52128,3.292,4.600,15.143
10948,0,2,1,0.500,42757,32828,3.292,4.600,15.143
10988,0,2,1,0.500,19077,10971,3.292,4.600,15.143
11028,0,2,1,0.500,14602,8844,3.292,4.600,15.143
11068,0,2,1,0.500,27090,18498,3.292,4.600,15.143
11108,0,2,1,0.500,36519,26702,3.292,4.600,15.143
11148,0,2,1,0.500,47329,36380,3.292,4.600,15.143
11188,0,2,1,0.500,49941,40440,3.292,4.400,14.485
11228,0,2,1,0.500,61683,55955,3.292,4.400,14.485
11268,0,2,1,0.500,71311,70930,3.292,4.200,13.826
11308,0,2,1,0.500,70552,70500,3.292,4.200,13.826
11348,0,2,1,0.500,70021,68439,3.292,4.200,13.826
11388,0,2,1,0.500,42186,34680,3.296,4.700,15.491
11428,0,2,1,0.500,20327,17867,3.296,4.700,15.491
11468,0,2,1,0.500,54551,50578,3.292,4.500,14.814
11508,0,2,1,0.500,65197,63835,3.292,4.500,14.814
11548,0,2,1,0.500,60424,56166,3.292,4.500,14.814
11588,0,2,1,0.500,25956,21028,3.296,4.300,14.173
11628,0,2,1,0.500,54525,49292,3.296,4.300,14.173
11668,0,2,1,0.500,67977,67168,3.292,4.400,14.485
11708,0,2,1,0.500,55701,49656,3.292,4.400,14.485
11748,0,2,1,0.500,13294,10206,3.292,4.400,14.485
11788,0,2,1,0.500,25861,22871,3.292,4.800,15.802
11828,0,2,1,0.500,73430,70994,3.292,4.800,15.802
11868,0,2,1,0.500,73219,74182,3.292,4.700,15.472
11908,0,2,1,0.500,44461,37565,3.292,4.700,15.472
11948,0,2,1,0.500,24804,21044,3.292,4.700,15.472
11988,0,2,1,0.500,61624,58222,3.292,4.600,15.143
12028,0,2,1,0.500,76153,74873,3.292,4.600,15.143
12068,0,2,1,0.500,67338,63245,3.292,4.500,14.814
12108,0,2,1,0.500,50120,46500,3.292,4.500,14.814
12148,0,2,1,0.500,74294,73548,3.292,4.500,14.814
12188,0,2,1,0.500,74800,74732,3.292,4.800,15.802
12228,0,2,1,0.500,74073,73691,3.292,4.800,15.802
12268,0,2,1,0.500,62058,57516,3.292,4.400,14.485
12308,0,2,1,0.500,54268,51362,3.292,4.400,14.485
12348,0,2,1,0.500,73930,73395,3.292,4.400,14.485
12388,0,2,1,0.500,74147,73926,3.292,4.700,15.472
12428,0,2,1,0.500,73230,72929,3.292,4.700,15.472
12468,0,2,1,0.500,70510,70402,3.292,4.700,15.472
12508,0,2,1,0.500,69319,69470,3.292,4.700,15.472
12548,0,2,1,0.500,70140,69991,3.292,4.700,15.472
12588,0,2,1,0.500,70411,69646,3.292,5.000,16.460
12628,0,2,1,0.500,68486,68096,3.292,5.000,16.460
12668,0,2,1,0.500,68028,67762,3.292,4.500,14.814
12708,0,2,1,0.500,67289,67035,3.292,4.500,14.814
12748,0,2,1,0.500,65005,64420,3.292,4.500,14.814
12788,0,2,1,0.500,61830,60751,3.292,4.400,14.485
12828,0,2,1,0.500,58772,57283,3.292,4.400,14.485
12868,0,2,1,0.500,52542,51550,3.292,4.600,15.143
12908,0,2,1,0.500,45575,45881,3.292,4.600,15.143
12948,0,2,1,0.500,38443,39610,3.292,4.600,15.143
12988,0,2,1,0.500,41752,41559,3.292,4.800,15.802
13028,0,2,1,0.500,45120,44084,3.292,4.800,15.802
13068,0,2,1,0.500,42341,41466,3.296,4.800,15.821
13108,0,2,1,0.500,42189,41193,3.296,4.800,15.821
13148,0,2,1,0.500,42615,41478,3.296,4.800,15.821
13188,0,2,1,0.500,36997,36631,3.292,4.800,15.802
13228,0,2,1,0.500,33526,33583,3.292,4.800,15.802
13268,0,2,1,0.500,35707,35248,3.292,4.500,14.814
13308,0,2,1,0.500,55090,53323,3.292,4.500,14.814
13348,0,2,1,0.500,72930,73684,3.292,4.500,14.814
13388,0,2,1,0.500,79664,80912,3.292,4.600,15.143
13428,0,2,1,0.500,78799,79662,3.292,4.600,15.143
13468,0,2,1,0.500,77193,77496,3.292,4.700,15.472
13508,0,2,1,0.500,75412,75281,3.292,4.700,15.472
13548,0,2,1,0.500,71469,69134,3.292,4.700,15.472
13588,0,2,1,0.500,71277,66032,3.292,4.400,14.485
13628,0,2,1,0.500,71993,63747,3.292,4.400,14.485
13668,0,2,1,0.500,59236,46063,3.292,4.300,14.156
13708,0,2,1,0.500,41388,31802,3.292,4.300,14.156
13748,0,2,1,0.500,63574,51232,3.292,4.300,14.156
13788,0,2,1,0.500,67156,54780,3.296,4.700,15.491
13828,0,2,1,0.500,69542,66643,3.296,4.700,15.491
13868,0,2,1,0.500,74252,77068,3.292,4.600,15.143
13908,0,2,1,0.500,75905,80079,3.292,4.600,15.143
13948,0,2,1,0.500,76586,81542,3.292,4.600,15.143
13988,0,2,1,0.500,77713,83473,3.296,4.800,15.821
14028,0,2,1,0.500,78396,84860,3.296,4.800,15.821
14068,0,2,1,0.500,79383,86862,3.292,4.600,15.143
14108,0,2,1,0.500,79976,88013,3.292,4.600,15.143
14148,0,2,1,0.500,80263,88674,3.292,4.600,15.143
14188,0,2,1,0.500,80816,89817,3.292,4.800,15.802
14228,0,2,1,0.500,81254,90831,3.292,4.800,15.802
14268,0,2,1,0.500,81636,91670,3.292,4.800,15.802
14308,0,2,1,0.500,81886,92379,3.292,4.800,15.802
14348,0,2,1,0.500,81755,92899,3.292,4.800,15.802
14388,0,2,1,0.500,81800,93000,3.292,4.700,15.472
14428,0,2,1,0.500,81636,92572,3.292,4.700,15.472
14468,0,2,1,0.500,80707,90453,3.292,4.700,15.472
14508,0,2,1,0.500,78935,84120,3.292,4.700,15.472
14548,0,2,1,0.500,60431,53716,3.292,4.700,15.472
14588,0,2,1,0.500,35772,33224,3.292,4.500,14.814
14628,0,2,1,0.500,41961,37166,3.292,4.500,14.814
14668,0,2,1,0.500,64054,58199,3.292,4.500,14.814
14708,0,2,1,0.500,74310,75244,3.292,4.500,14.814
14748,0,2,1,0.500,75943,78225,3.292,4.500,14.814
14788,0,2,1,0.500,77284,80631,3.296,4.600,15.162
14828,0,2,1,0.500,80642,86717,3.296,4.600,15.162
14868,0,2,1,0.500,82099,90162,3.292,4.700,15.472
14908,0,2,1,0.500,82478,91156,3.292,4.700,15.472
14948,0,2,1,0.500,82784,91849,3.292,4.700,15.472
14988,0,2,1,0.500,83130,92644,3.292,4.600,15.143
15028,0,2,1,0.500,83480,93393,3.292,4.600,15.143
15068,0,2,1,0.500,83670,93877,3.292,4.800,15.802
15108,0,2,1,0.500,83915,94350,3.292,4.800,15.802
15148,0,2,1,0.500,84094,94749,3.292,4.800,15.802
15188,0,2,1,0.500,84037,94714,3.292,4.900,16.131
15228,0,2,1,0.500,83693,94014,3.292,4.900,16.131
15268,0,2,1,0.500,83393,93427,3.292,4.900,16.131
15308,0,2,1,0.500,83154,93016,3.292,4.900,16.131
15348,0,2,1,0.500,82005,90321,3.292,4.900,16.131
15388,0,2,1,0.500,56365,52487,3.296,4.700,15.491
15428,0,2,1,0.500,63338,62658,3.296,4.700,15.491
15468,0,2,1,0.500,77471,83909,3.292,4.800,15.802
15508,0,2,1,0.500,79034,86420,3.292,4.800,15.802
15548,0,2,1,0.500,80102,88338,3.292,4.800,15.802
15588,0,2,1,0.500,80610,89267,3.288,4.700,15.454
15628,0,2,1,0.500,80811,89735,3.288,4.700,15.454
15668,0,2,1,0.500,80840,89819,3.292,4.700,15.472
15708,0,2,1,0.500,81103,90164,3.292,4.700,15.472
15748,0,2,1,0.500,81241,90399,3.292,4.700,15.472
15788,0,2,1,0.500,81173,90348,3.292,5.100,16.789
15828,0,2,1,0.500,81017,90169,3.292,5.100,16.789
15868,0,2,1,0.500,80681,89653,3.292,4.700,15.472
15908,0,2,1,0.500,79247,86935,3.292,4.700,15.472
15948,0,2,1,0.500,42694,35666,3.292,4.700,15.472
15988,0,2,1,0.500,5913,4867,3.292,4.500,14.814
16028,0,2,1,0.500,2277,1929,3.292,4.500,14.814
16068,0,2,1,0.500,5581,4474,3.296,4.500,14.832
16108,0,2,1,0.500,62360,62601,3.296,4.500,14.832
16148,0,2,1,0.500,81639,88219,3.296,4.500,14.832
16188,0,2,1,0.500,81647,88780,3.292,4.600,15.143
16228,0,2,1,0.500,81255,87785,3.292,4.600,15.143
16268,0,2,1,0.500,80018,85106,3.292,4.400,14.485
16308,0,2,1,0.500,79918,81357,3.292,4.400,14.485
16348,0,2,1,0.500,54897,48871,3.292,4.400,14.485
16388,0,2,1,0.500,52696,47330,3.292,4.700,15.472
16428,0,2,1,0.500,75799,76141,3.292,4.700,15.472
16468,0,2,1,0.500,78323,81108,3.292,4.600,15.143
16508,0,2,1,0.500,79114,82272,3.292,4.600,15.143
16548,0,2,1,0.500,78705,77219,3.292,4.600,15.143
16588,0,2,1,0.500,26970,22233,3.296,4.300,14.173
16628,0,2,1,0.500,15196,10346,3.296,4.300,14.173
16668,0,2,1,0.500,62720,62838,3.292,4.800,15.802
16708,0,2,1,0.500,80198,88026,3.292,4.800,15.802
16748,0,2,1,0.500,70553,71107,3.292,4.800,15.802
16788,0,2,1,0.500,54588,45141,3.292,4.500,14.814
16828,0,2,1,0.500,13945,9049,3.292,4.500,14.814
16868,0,2,1,0.500,10394,6997,3.292,4.600,15.143
16908,0,2,1,0.500,61986,60621,3.292,4.600,15.143
16948,0,2,1,0.500,80858,86985,3.292,4.600,15.143
16988,0,2,1,0.500,67347,63793,3.292,4.800,15.802
17028,0,2,1,0.500,23081,16930,3.292,4.800,15.802
17068,0,2,1,0.500,36825,32532,3.292,4.300,14.156
17108,0,2,1,0.500,74699,76189,3.292,4.300,14.156
17148,0,2,1,0.500,77707,81804,3.292,4.300,14.156
17188,0,2,1,0.500,75732,77634,3.292,4.800,15.802
17228,0,2,1,0.500,74207,74614,3.292,4.800,15.802
17268,0,2,1,0.500,76165,79115,3.292,4.400,14.485
17308,0,2,1,0.500,78230,83396,3.292,4.400,14.485
17348,0,2,1,0.500,77282,81287,3.292,4.400,14.485
17388,0,2,1,0.500,75037,70054,3.292,4.400,14.485
17428,0,2,1,0.500,45769,38597,3.292,4.400,14.485
17467,0,2,1,0.500,67392,63332,3.292,4.600,15.143
17508,0,2,1,0.500,72558,72178,3.292,4.600,15.143
17548,0,2,1,0.500,72368,71919,3.292,4.600,15.143
17588,0,2,1,0.500,73633,67023,3.292,4.700,15.472
17628,0,2,1,0.500,49246,44086,3.292,4.700,15.472
17667,0,2,1,0.500,70820,65395,3.292,4.700,15.472
17708,0,2,1,0.500,70415,68554,3.292,4.700,15.472
17748,0,2,1,0.500,71528,69989,3.292,4.700,15.472
17788,0,2,1,0.500,72419,69881,3.292,4.700,15.472
17828,0,2,1,0.500,71484,61028,3.292,4.700,15.472
17867,0,2,1,0.500,51826,41223,3.292,4.800,15.802
17908,0,2,1,0.500,38715,29828,3.292,4.800,15.802
17948,0,2,1,0.500,51711,41145,3.292,4.800,15.802
17988,0,2,1,0.500,60594,49450,3.292,4.300,14.156
18028,0,2,1,0.500,65179,54490,3.292,4.300,14.156
18067,0,2,1,0.500,68610,58838,3.296,4.500,14.832
18108,0,2,1,0.500,73166,64894,3.296,4.500,14.832
18148,0,2,1,0.500,71547,69262,3.296,4.500,14.832
18187,0,2,1,0.500,70825,69864,3.292,4.500,14.814
18228,0,2,1,0.500,70901,69061,3.292,4.500,14.814
18267,0,2,1,0.500,77431,70996,3.292,4.700,15.472
18308,0,2,1,0.500,70156,60908,3.292,4.700,15.472
18348,0,2,1,0.500,65411,56250,3.292,4.700,15.472
18387,0,2,1,0.500,73356,63851,3.292,4.500,14.814
18428,0,2,1,0.500,77636,70907,3.292,4.500,14.814
18467,0,2,1,0.500,73098,70850,3.296,4.500,14.832
18508,0,2,1,0.500,72233,69785,3.296,4.500,14.832
18548,0,2,1,0.500,75393,66598,3.296,4.500,14.832
18587,0,2,1,0.500,67570,57670,3.292,4.700,15.472
18628,0,2,1,0.500,63370,53705,3.292,4.700,15.472
18667,0,2,1,0.500,60615,50980,3.292,4.600,15.143
18707,0,2,1,0.500,56976,47511,3.292,4.600,15.143
18748,0,2,1,0.500,57958,48229,3.292,4.600,15.143
18787,0,2,1,0.500,58453,48895,3.292,4.400,14.485
18827,0,2,1,0.500,60625,51151,3.292,4.400,14.485
18867,0,2,1,0.500,65113,55454,3.292,4.600,15.143
18907,0,2,1,0.500,69151,59661,3.292,4.600,15.143
18948,0,2,1,0.500,73143,64380,3.292,4.600,15.143
18987,0,2,1,0.500,73923,65446,3.292,4.600,15.143
19027,0,2,1,0.500,72084,62810,3.292,4.600,15.143
19067,0,2,1,0.500,68283,58738,3.292,4.700,15.472
19107,0,2,1,0.500,63871,54485,3.292,4.700,15.472
19148,0,2,1,0.500,62932,53694,3.292,4.700,15.472
19187,0,2,1,0.500,67458,58587,3.292,4.400,14.485
19227,0,2,1,0.500,71552,63745,3.292,4.400,14.485
19267,0,2,1,0.500,71440,63276,3.292,4.400,14.485
19307,0,2,1,0.500,69817,60555,3.292,4.400,14.485
19347,0,2,1,0.500,69172,59750,3.292,4.400,14.485
19387,0,2,1,0.500,69824,61018,3.296,4.300,14.173
19427,0,2,1,0.500,71089,65294,3.296,4.300,14.173
19468,0,2,1,0.500,71459,68899,3.292,4.500,14.814
19507,0,2,1,0.500,70990,66843,3.292,4.500,14.814
19547,0,2,1,0.500,70946,62282,3.292,4.500,14.814
19587,0,2,1,0.500,67001,56948,3.292,4.700,15.472
19627,0,2,1,0.500,59761,49496,3.292,4.700,15.472
19668,0,2,1,0.500,58973,48624,3.296,4.800,15.821
19707,0,2,1,0.500,63225,53006,3.296,4.800,15.821
19747,0,2,1,0.500,67826,62920,3.296,4.800,15.821
19787,0,2,1,0.500,72979,71901,3.292,4.700,15.472
19827,0,2,1,0.500,74883,74811,3.292,4.700,15.472
19868,0,2,1,0.500,75205,75385,3.296,4.600,15.162
19907,0,2,1,0.500,75454,75859,3.296,4.600,15.162
19947,0,2,1,0.500,75809,76668,3.296,4.600,15.162
19988,0,2,1,0.500,76141,77311,3.296,4.600,15.162
20027,0,2,1,0.500,76582,78244,3.296,4.600,15.162
20068,0,2,1,0.500,77104,79377,3.296,4.300,14.173
20108,0,2,1,0.500,77517,80244,3.296,4.300,14.173
20147,0,2,1,0.500,78095,81587,3.296,4.300,14.173
20188,0,2,1,0.500,78492,81956,3.292,4.500,14.814
20227,0,2,1,0.500,78540,82022,3.292,4.500,14.814
20267,0,2,1,0.500,78899,82793,3.292,4.700,15.472
20308,0,2,1,0.500,79477,84041,3.292,4.700,15.472
20347,0,2,1,0.500,79808,84760,3.292,4.700,15.472
20388,0,2,1,0.500,80247,85696,3.292,4.900,16.131
20427,0,2,1,0.500,80628,86471,3.292,4.900,16.131
20467,0,2,1,0.500,80503,86157,3.292,4.700,15.472
20508,0,2,1,0.500,79769,84488,3.292,4.700,15.472
20547,0,2,1,0.500,78667,81986,3.292,4.700,15.472
20588,0,2,1,0.500,77759,79924,3.292,4.600,15.143
20627,0,2,1,0.500,75454,75615,3.292,4.600,15.143
20667,0,2,1,0.500,72025,64143,3.292,4.600,15.143
20708,0,2,1,0.500,72247,64737,3.292,4.600,15.143
20747,0,2,1,0.500,73118,68872,3.292,4.600,15.143
20788,0,2,1,0.500,72270,68229,3.292,4.500,14.814
20827,0,2,1,0.500,72610,69686,3.292,4.500,14.814
20867,0,2,1,0.500,71515,64761,3.292,4.500,14.814
20908,0,2,1,0.500,60682,51137,3.292,4.500,14.814
20947,0,2,1,0.500,46282,39424,3.292,4.500,14.814
20987,0,2,1,0.500,34184,29560,3.292,4.500,14.814
21027,0,2,1,0.500,30361,25961,3.292,4.500,14.814
21067,0,2,1,0.500,31205,26287,3.292,4.600,15.143
21108,0,2,1,0.500,30866,25248,3.292,4.600,15.143
21147,0,2,1,0.500,28429,22399,3.292,4.600,15.143
21187,0,2,1,0.500,26503,19939,3.292,4.700,15.472
21227,0,2,1,0.500,26161,19113,3.292,4.700,15.472
21267,0,2,1,0.500,26820,19182,3.292,4.600,15.143
21308,0,2,1,0.500,27149,18944,3.292,4.600,15.143
21347,0,2,1,0.500,23903,16119,3.292,4.600,15.143
21387,0,2,1,0.500,21112,14098,3.292,4.400,14.485
21428,0,2,1,0.500,20380,13765,3.292,4.400,14.485
21467,0,2,1,0.500,20166,13745,3.292,4.800,15.802
21507,0,2,1,0.500,18494,12588,3.292,4.800,15.802
21547,0,2,1,0.500,17001,11557,3.292,4.800,15.802
21587,0,2,1,0.500,16873,11496,3.296,4.700,15.491
21627,0,2,1,0.500,17597,12019,3.296,4.700,15.491
21667,0,2,1,0.500,17307,11779,3.296,4.500,14.832
21707,0,2,1,0.500,17075,11798,3.296,4.500,14.832
21748,0,2,1,0.500,15934,11168,3.296,4.500,14.832
21787,0,2,1,0.500,13284,9304,3.292,4.600,15.143
21827,0,2,1,0.500,11708,8187,3.292,4.600,15.143
21867,0,2,1,0.500,10313,7267,3.296,4.800,15.821
21907,0,2,1,0.500,8546,6117,3.296,4.800,15.821
21947,0,2,1,0.500,8381,6048,3.296,4.800,15.821
21987,0,2,1,0.500,8650,6237,3.292,4.600,15.143
22027,0,2,1,0.500,8356,6061,3.292,4.600,15.143
22067,0,2,1,0.500,6793,5189,3.292,4.500,14.814
22107,0,2,1,0.500,4825,4002,3.292,4.500,14.814
22147,0,2,1,0.500,3792,3366,3.292,4.500,14.814
22187,0,2,1,0.500,4347,3958,3.292,4.400,14.485
22227,0,2,1,0.500,10074,8481,3.292,4.400,14.485
22267,0,2,1,0.500,46200,38374,3.292,4.600,15.143
22307,0,2,1,0.500,72672,73632,3.292,4.600,15.143
22347,0,2,1,0.500,73317,74678,3.292,4.600,15.143
22387,0,2,1,0.500,72798,74243,3.296,4.800,15.821
22427,0,2,1,0.500,65275,57499,3.296,4.800,15.821
22467,0,2,1,0.500,43525,32936,3.292,4.400,14.485
22507,0,2,1,0.500,33974,25833,3.292,4.400,14.485
22547,0,2,1,0.500,62877,54209,3.292,4.400,14.485
22587,0,2,1,0.500,77815,79859,3.292,4.600,15.143
22627,0,2,1,0.500,77526,79393,3.292,4.600,15.143
22667,0,2,1,0.500,56373,48293,3.296,4.500,14.832
22707,0,2,1,0.500,22627,18992,3.296,4.500,14.832
22747,0,2,1,0.500,51110,48888,3.296,4.500,14.832
22787,0,2,1,0.500,72777,73547,3.292,4.800,15.802
22827,0,2,1,0.500,73833,75549,3.292,4.800,15.802
22867,0,2,1,0.500,61292,58890,3.292,4.500,14.814
22907,0,2,1,0.500,13497,12752,3.292,4.500,14.814
22947,0,2,1,0.500,15765,15318,3.292,4.500,14.814
22987,0,2,1,0.500,64471,60889,3.292,4.500,14.814
23027,0,2,1,0.500,71221,73151,3.292,4.500,14.814
23067,0,2,1,0.500,68989,72585,3.292,4.500,14.814
23107,0,2,1,0.500,69251,73163,3.292,4.500,14.814
23147,0,2,1,0.500,69103,72880,3.292,4.500,14.814
23187,0,2,1,0.500,51580,43532,3.292,4.500,14.814
23227,0,2,1,0.500,37410,34403,3.292,4.500,14.814
23267,0,2,1,0.500,73868,73602,3.292,4.700,15.472
23307,0,2,1,0.500,75701,77077,3.292,4.700,15.472
23347,0,2,1,0.500,76756,78983,3.292,4.700,15.472
23387,0,2,1,0.500,77639,80612,3.292,4.600,15.143
23427,0,2,1,0.500,79340,83517,3.292,4.600,15.143
23467,0,2,1,0.500,80837,86485,3.292,4.700,15.472
23507,0,2,1,0.500,81523,88535,3.292,4.700,15.472
23547,0,2,1,0.500,81713,89849,3.292,4.700,15.472
23587,0,2,1,0.500,81195,89984,3.292,4.500,14.814
23627,0,2,1,0.500,80332,88961,3.292,4.500,14.814
23667,0,2,1,0.500,79919,88058,3.292,4.700,15.472
23707,0,2,1,0.500,79532,87058,3.292,4.700,15.472
23747,0,2,1,0.500,79635,87399,3.292,4.700,15.472
23787,0,2,1,0.500,76184,81929,3.292,4.400,14.485
23827,0,2,1,0.500,71814,75220,3.292,4.400,14.485
23867,0,2,1,0.500,70761,72471,3.292,4.700,15.472
23907,0,2,1,0.500,71699,71825,3.292,4.700,15.472
23947,0,2,1,0.500,68927,69339,3.292,4.700,15.472
23987,0,2,1,0.500,54668,58251,3.292,4.200,13.826
24027,0,2,1,0.500,65728,68161,3.292,4.200,13.826
24067,0,2,1,0.500,72696,73470,3.288,4.700,15.454
24107,0,2,1,0.500,72416,73492,3.288,4.700,15.454
24147,0,2,1,0.500,73657,75993,3.288,4.700,15.454
24187,0,2,1,0.500,76304,80615,3.296,4.500,14.832
24227,0,2,1,0.500,77940,83259,3.296,4.500,14.832
24267,0,2,1,0.500,78925,85214,3.288,4.500,14.796
24307,0,2,1,0.500,78900,85036,3.288,4.500,14.796
24347,0,2,1,0.500,78270,83333,3.288,4.500,14.796
24387,0,2,1,0.500,56131,48841,3.292,4.400,14.485
24427,0,2,1,0.500,7655,3798,3.292,4.400,14.485
24467,0,2,1,0.500,3120,1207,3.292,4.400,14.485
24507,0,2,1,0.500,8874,3481,3.292,4.400,14.485
24547,0,2,1,0.500,12744,5571,3.292,4.400,14.485
24587,0,2,1,0.500,13279,5963,3.296,5.000,16.480
24627,0,2,1,0.500,13959,7804,3.296,5.000,16.480
24667,0,2,1,0.500,15970,10652,3.292,4.500,14.814
24707,0,2,1,0.500,70015,67356,3.292,4.500,14.814
24747,0,2,1,0.500,77721,78233,3.292,4.500,14.814
24787,0,2,1,0.500,66576,60651,3.292,4.500,14.814
24827,0,2,1,0.500,19643,13608,3.292,4.500,14.814
24867,0,2,1,0.500,40354,33511,3.288,4.600,15.125
24907,0,2,1,0.500,76326,81563,3.288,4.600,15.125
24947,0,2,1,0.500,77444,84484,3.288,4.600,15.125
24987,0,2,1,0.500,75278,76593,3.296,4.600,15.162
25027,0,2,1,0.500,31437,31081,3.296,4.600,15.162
25067,0,2,1,0.500,57998,60995,3.292,4.500,14.814
25107,0,2,1,0.500,74472,83643,3.292,4.500,14.814
25147,0,2,1,0.500,75414,85266,3.292,4.500,14.814
25187,0,2,1,0.500,74070,81329,3.292,4.800,15.802
25227,0,2,1,0.500,73893,79917,3.292,4.800,15.802
25267,0,2,1,0.500,75641,83205,3.292,4.700,15.472
25307,0,2,1,0.500,74505,81362,3.292,4.700,15.472
25347,0,2,1,0.500,73192,78912,3.292,4.700,15.472
25387,0,2,1,0.500,73075,78795,3.288,4.700,15.454
25427,0,2,1,0.500,74471,81676,3.288,4.700,15.454
25467,0,2,1,0.500,76272,84002,3.292,4.700,15.472
25507,0,2,1,0.500,78374,87619,3.292,4.700,15.472
25547,0,2,1,0.500,80266,90971,3.292,4.700,15.472
25587,0,2,1,0.500,80692,91506,3.292,4.600,15.143
25627,0,2,1,0.500,80053,89958,3.292,4.600,15.143
25667,0,2,1,0.500,69020,71457,3.292,4.600,15.143
25707,0,2,1,0.500,33567,22109,3.292,4.600,15.143
25747,0,2,1,0.500,67041,63841,3.292,4.600,15.143
25787,0,2,1,0.500,74377,76413,3.288,4.700,15.454
25827,0,2,1,0.500,73769,75247,3.288,4.700,15.454
25867,0,2,1,0.500,75285,77183,3.292,4.600,15.143
25907,0,2,1,0.500,77453,79868,3.292,4.600,15.143
25947,0,2,1,0.500,80915,85261,3.292,4.600,15.143
25987,0,2,1,0.500,85916,95058,3.288,4.800,15.782
26027,0,2,1,0.500,87335,97952,3.288,4.800,15.782
26067,0,2,1,0.500,87183,97448,3.292,4.900,16.131
26107,0,2,1,0.500,65033,64224,3.292,4.900,16.131
26147,0,2,1,0.500,26095,20630,3.292,4.900,16.131
26187,0,2,1,0.500,73165,74499,3.292,4.600,15.143
26227,0,2,1,0.500,81648,86958,3.292,4.600,15.143
26267,0,2,1,0.500,82030,88768,3.292,4.700,15.472
26307,0,2,1,0.500,70152,72374,3.292,4.700,15.472
26347,0,2,1,0.500,14721,10023,3.292,4.700,15.472
26387,0,2,1,0.500,45052,44887,3.292,4.500,14.814
26427,0,2,1,0.500,80857,86702,3.292,4.500,14.814
26467,0,2,1,0.500,81849,89573,3.288,4.600,15.125
26507,0,2,1,0.500,78613,80859,3.288,4.600,15.125
26547,0,2,1,0.500,57733,51692,3.288,4.600,15.125
26587,0,2,1,0.500,74269,74502,3.292,4.600,15.143
26627,0,2,1,0.500,75947,78292,3.292,4.600,15.143
26667,0,2,1,0.500,79807,85345,3.292,4.600,15.143
26707,0,2,1,0.500,78031,82095,3.292,4.600,15.143
26747,0,2,1,0.500,75019,71993,3.292,4.600,15.143
26787,0,2,1,0.500,75760,73272,3.288,4.500,14.796
26827,0,2,1,0.500,72714,71657,3.288,4.500,14.796
26867,0,2,1,0.500,72605,71124,3.292,4.400,14.485
26907,0,2,1,0.500,70990,69165,3.292,4.400,14.485
26947,0,2,1,0.500,74539,71587,3.292,4.400,14.485
26987,0,2,1,0.500,74805,71557,3.292,4.500,14.814
27027,0,2,1,0.500,71766,68258,3.292,4.500,14.814
27067,0,2,1,0.500,77074,70092,3.288,4.800,15.782
27107,0,2,1,0.500,71285,63589,3.288,4.800,15.782
27147,0,2,1,0.500,72860,67451,3.288,4.800,15.782
27187,0,2,1,0.500,68035,65536,3.288,4.700,15.454
27227,0,2,1,0.500,68329,65926,3.288,4.700,15.454
27267,0,2,1,0.500,69843,67280,3.292,4.600,15.143
27307,0,2,1,0.500,71370,68955,3.292,4.600,15.143
27347,0,2,1,0.500,70348,68091,3.292,4.600,15.143
27387,0,2,1,0.500,70047,65673,3.292,4.400,14.485
27427,0,2,1,0.500,44278,44704,3.292,4.400,14.485
27467,0,2,1,0.500,64079,56773,3.292,4.600,15.143
27507,0,2,1,0.500,64771,60805,3.292,4.600,15.143
27547,0,2,1,0.500,65654,61565,3.292,4.600,15.143
27587,0,2,1,0.500,69398,65950,3.288,4.600,15.125
27627,0,2,1,0.500,59825,47312,3.288,4.600,15.125
27667,0,2,1,0.500,52842,43144,3.292,4.500,14.814
27707,0,2,1,0.500,58543,50620,3.292,4.500,14.814
27747,0,2,1,0.500,65755,60907,3.292,4.500,14.814
27787,0,2,1,0.500,69973,67579,3.292,4.400,14.485
27827,0,2,1,0.500,61597,55801,3.292,4.400,14.485
27867,0,2,1,0.500,54107,43959,3.292,4.700,15.472
27907,0,2,1,0.500,70619,62052,3.292,4.700,15.472
27947,0,2,1,0.500,74359,70642,3.292,4.700,15.472
27987,0,2,1,0.500,76770,72098,3.292,4.300,14.156
28027,0,2,1,0.500,73792,71601,3.292,4.300,14.156
28067,0,2,1,0.500,74788,72595,3.292,4.500,14.814
28107,0,2,1,0.500,75661,71263,3.292,4.500,14.814
28147,0,2,1,0.500,76236,70215,3.292,4.500,14.814
28187,0,2,1,0.500,71811,64751,3.292,4.500,14.814
28227,0,2,1,0.500,75254,66062,3.292,4.500,14.814
28267,0,2,1,0.500,45150,41452,3.292,4.400,14.485
28307,0,2,1,0.500,57942,47450,3.292,4.400,14.485
28347,0,2,1,0.500,65868,56929,3.292,4.400,14.485
28387,0,2,1,0.500,72124,61123,3.292,4.400,14.485
28427,0,2,1,0.500,72108,60557,3.292,4.400,14.485
28467,0,2,1,0.500,72312,59975,3.292,4.500,14.814
28507,0,2,1,0.500,76145,66594,3.292,4.500,14.814
28547,0,2,1,0.500,72379,69083,3.292,4.500,14.814
28587,0,2,1,0.500,73982,70602,3.292,4.800,15.802
28627,0,2,1,0.500,69634,69471,3.292,4.800,15.802
28667,0,2,1,0.500,68877,69062,3.292,4.500,14.814
28707,0,2,1,0.500,73597,69809,3.292,4.500,14.814
28747,0,2,1,0.500,47172,47937,3.292,4.500,14.814
28787,0,2,1,0.500,57808,54563,3.292,4.600,15.143
28827,0,2,1,0.500,73607,64725,3.292,4.600,15.143
28867,0,2,1,0.500,71768,64541,3.288,4.400,14.467
28907,0,2,1,0.500,51581,51502,3.288,4.400,14.467
28947,0,2,1,0.500,58905,55537,3.288,4.400,14.467
28987,0,2,1,0.500,67861,57041,3.292,4.700,15.472
29027,0,2,1,0.500,62533,50356,3.292,4.700,15.472
29067,0,2,1,0.500,69598,58233,3.292,4.500,14.814
29107,0,2,1,0.500,77640,69173,3.292,4.500,14.814
29147,0,2,1,0.500,72595,62586,3.292,4.500,14.814
29187,0,2,1,0.500,72959,61088,3.292,4.700,15.472
29227,0,2,1,0.500,74184,63678,3.292,4.700,15.472
29267,0,2,1,0.500,73523,65192,3.296,4.500,14.832
29307,0,2,1,0.500,72344,67035,3.296,4.500,14.832
29347,0,2,1,0.500,73618,65587,3.296,4.500,14.832
29387,0,2,1,0.500,75335,65335,3.292,4.500,14.814
29427,0,2,1,0.500,57717,43048,3.292,4.500,14.814
29467,0,2,1,0.500,64442,51576,3.292,4.500,14.814
29507,0,2,1,0.500,73659,65413,3.292,4.500,14.814
29547,0,2,1,0.500,57915,57827,3.292,4.500,14.814
29587,0,2,1,0.500,19035,23567,3.292,4.700,15.472
29627,0,2,1,0.500,18290,23044,3.292,4.700,15.472
29667,0,2,1,0.500,49604,51392,3.292,4.700,15.472
29707,0,2,1,0.500,52269,43719,3.292,4.700,15.472
29747,0,2,1,0.500,31069,23623,3.292,4.700,15.472
29787,0,2,1,0.500,36469,29348,3.292,4.600,15.143
29827,0,2,1,0.500,47694,39229,3.292,4.600,15.143
29867,0,2,1,0.500,53321,43482,3.292,4.700,15.472
29907,0,2,1,0.500,59175,48010,3.292,4.700,15.472
29947,0,2,1,0.500,59179,48800,3.292,4.700,15.472
29987,0,2,1,0.500,63057,53980,3.292,4.600,15.143
30027,0,2,1,0.500,65872,56376,3.292,4.600,15.143
30067,0,2,1,0.500,69172,58999,3.292,4.300,14.156
30107,0,2,1,0.500,73631,62091,3.292,4.300,14.156
30147,0,2,1,0.500,64181,50763,3.292,4.300,14.156
30187,0,2,1,0.500,72605,66568,3.292,4.600,15.143
30227,0,2,1,0.500,73866,72808,3.292,4.600,15.143
30267,0,2,1,0.500,73159,71764,3.296,4.300,14.173
30307,0,2,1,0.500,58419,50855,3.296,4.300,14.173
30347,0,2,1,0.500,55033,45675,3.296,4.300,14.173
30387,0,2,1,0.500,65789,59784,3.292,4.700,15.472
30427,0,2,1,0.500,66062,61155,3.292,4.700,15.472
30467,0,2,1,0.500,62769,57472,3.292,4.600,15.143
30507,0,2,1,0.500,65440,61575,3.292,4.600,15.143
30547,0,2,1,0.500,69567,67047,3.292,4.600,15.143
30587,0,2,1,0.500,70061,67803,3.292,4.700,15.472
30627,0,2,1,0.500,69825,68109,3.292,4.700,15.472
30667,0,2,1,0.500,58141,49518,3.292,4.300,14.156
30707,0,2,1,0.500,34115,25234,3.292,4.300,14.156
30747,0,2,1,0.500,29962,24920,3.292,4.300,14.156
30787,0,2,1,0.500,37224,29225,3.292,4.500,14.814
30827,0,2,1,0.500,41779,29715,3.292,4.500,14.814
30867,0,2,1,0.500,58142,49877,3.292,4.700,15.472
30907,0,2,1,0.500,67167,61272,3.292,4.700,15.472
30947,0,2,1,0.500,73559,63094,3.292,4.700,15.472
30987,0,2,1,0.500,55718,43996,3.296,4.400,14.502
31027,0,2,1,0.500,53890,44689,3.296,4.400,14.502
31067,0,2,1,0.500,67155,64182,3.292,4.500,14.814
31107,0,2,1,0.500,69360,66074,3.292,4.500,14.814
31147,0,2,1,0.500,59470,51162,3.292,4.500,14.814
31187,0,2,1,0.500,51956,41560,3.292,4.500,14.814
31227,0,2,1,0.500,64023,53140,3.292,4.500,14.814
31267,0,2,1,0.500,48901,43946,3.292,4.800,15.802
31307,0,2,1,0.500,45236,42929,3.292,4.800,15.802
31347,0,2,1,0.500,68902,60267,3.292,4.800,15.802
31387,0,2,1,0.500,72033,69105,3.292,4.600,15.143
31427,0,2,1,0.500,70743,69683,3.292,4.600,15.143
31467,0,2,1,0.500,69237,68062,3.292,4.400,14.485
31507,0,2,1,0.500,72546,66572,3.292,4.400,14.485
31547,0,2,1,0.500,58866,47922,3.292,4.400,14.485
31587,0,2,1,0.500,53805,42049,3.292,4.800,15.802
31627,0,2,1,0.500,57641,47102,3.292,4.800,15.802
31667,0,2,1,0.500,67026,57604,3.288,4.500,14.796
31707,0,2,1,0.500,76653,71297,3.288,4.500,14.796
31747,0,2,1,0.500,74600,67823,3.288,4.500,14.796
31787,0,2,1,0.500,62777,54413,3.292,4.100,13.497
31827,0,2,1,0.500,71302,71727,3.292,4.100,13.497
31867,0,2,1,0.500,69804,68668,3.292,4.700,15.472
31907,0,2,1,0.500,77426,70661,3.292,4.700,15.472
31947,0,2,1,0.500,78554,72685,3.292,4.700,15.472
31987,0,2,1,0.500,77664,70190,3.292,4.400,14.485
32027,0,2,1,0.500,74404,72589,3.292,4.400,14.485
32067,0,2,1,0.500,74430,72305,3.296,4.500,14.832
32107,0,2,1,0.500,76994,71504,3.296,4.500,14.832
32147,0,2,1,0.500,75686,71092,3.296,4.500,14.832
32187,0,2,1,0.500,71144,69086,3.292,4.400,14.485
32227,0,2,1,0.500,70555,65755,3.292,4.400,14.485
32267,0,2,1,0.500,68032,64165,3.292,4.600,15.143
32307,0,2,1,0.500,70801,67996,3.292,4.600,15.143
32347,0,2,1,0.500,39332,30894,3.292,4.600,15.143
32387,0,2,1,0.500,27883,21579,3.292,4.500,14.814
32427,0,2,1,0.500,34389,24694,3.292,4.500,14.814
32467,0,2,1,0.500,28774,19329,3.292,4.400,14.485
32507,0,2,1,0.500,37613,27109,3.292,4.400,14.485
32547,0,2,1,0.500,51453,40158,3.292,4.400,14.485
32587,0,2,1,0.500,60103,49862,3.292,4.200,13.826
32627,0,2,1,0.500,59739,49178,3.292,4.200,13.826
32667,0,2,1,0.500,60102,49111,3.292,4.500,14.814
32707,0,2,1,0.500,65502,56125,3.292,4.500,14.814
32747,0,2,1,0.500,71729,66696,3.292,4.500,14.814
32787,0,2,1,0.500,71765,70004,3.292,4.800,15.802
32827,0,2,1,0.500,70734,64608,3.292,4.800,15.802
32867,0,2,1,0.500,64448,54724,3.296,4.800,15.821
32907,0,2,1,0.500,54762,44160,3.296,4.800,15.821
32947,0,2,1,0.500,46093,38519,3.296,4.800,15.821
32987,0,2,1,0.500,57165,48875,3.292,4.600,15.143
33027,0,2,1,0.500,70322,65552,3.292,4.600,15.143
33067,0,2,1,0.500,72867,71371,3.292,4.600,15.143
33107,0,2,1,0.500,73428,72019,3.292,4.600,15.143
33147,0,2,1,0.500,71842,70908,3.292,4.600,15.143
33187,0,2,1,0.500,71803,71546,3.292,4.400,14.485
33227,0,2,1,0.500,74135,73601,3.292,4.400,14.485
33267,0,2,1,0.500,77182,77610,3.292,4.600,15.143
33307,0,2,1,0.500,78225,79821,3.292,4.600,15.143
33347,0,2,1,0.500,77967,79185,3.292,4.600,15.143
33387,0,2,1,0.500,59979,56177,3.292,4.500,14.814
33427,0,2,1,0.500,16011,15697,3.292,4.500,14.814
33467,0,2,1,0.500,25924,24441,3.292,4.600,15.143
33507,0,2,1,0.500,71303,70955,3.292,4.600,15.143
33547,0,2,1,0.500,77499,79199,3.292,4.600,15.143
33587,0,2,1,0.500,76974,75464,3.292,4.700,15.472
33627,0,2,1,0.500,12075,11890,3.292,4.700,15.472
33667,0,2,1,0.500,3678,3909,3.292,4.500,14.814
33707,0,2,1,0.500,40099,39261,3.292,4.500,14.814
33747,0,2,1,0.500,75346,75404,3.292,4.500,14.814
33787,0,2,1,0.500,75045,75594,3.292,4.500,14.814
33827,0,2,1,0.500,28134,26008,3.292,4.500,14.814
33867,0,2,1,0.500,5647,6100,3.296,4.400,14.502
33907,0,2,1,0.500,47704,48156,3.296,4.400,14.502
33947,0,2,1,0.500,73171,73494,3.296,4.400,14.502
33987,0,2,1,0.500,77796,81761,3.292,4.500,14.814
34027,0,2,1,0.500,77203,78034,3.292,4.500,14.814
34067,0,2,1,0.500,23510,20081,3.292,4.600,15.143
34107,0,2,1,0.500,2726,3296,3.292,4.600,15.143
34147,0,2,1,0.500,24960,27560,3.292,4.600,15.143
34187,0,2,1,0.500,70392,70411,3.292,4.500,14.814
34227,0,2,1,0.500,72877,74412,3.292,4.500,14.814
34267,0,2,1,0.500,70934,71140,3.292,4.600,15.143
34307,0,2,1,0.500,36147,36060,3.292,4.600,15.143
34347,0,2,1,0.500,9942,11825,3.292,4.600,15.143
34387,0,2,1,0.500,33053,34893,3.292,4.300,14.156
34427,0,2,1,0.500,69801,68195,3.292,4.300,14.156
34467,0,2,1,0.500,74537,72804,3.296,4.700,15.491
34507,0,2,1,0.500,74566,72948,3.296,4.700,15.491
34547,0,2,1,0.500,73301,71533,3.296,4.700,15.491
34587,0,2,1,0.500,69456,60139,3.292,4.600,15.143
34627,0,2,1,0.500,39273,32364,3.292,4.600,15.143
34667,0,2,1,0.500,28049,23304,3.292,4.400,14.485
34707,0,2,1,0.500,49806,40842,3.292,4.400,14.485
34747,0,2,1,0.500,70100,58645,3.292,4.400,14.485
34787,0,2,1,0.500,48461,39584,3.292,4.700,15.472
34827,0,2,1,0.500,39391,32789,3.292,4.700,15.472
34867,0,2,1,0.500,23990,20325,3.292,4.600,15.143
34907,0,2,1,0.500,30644,24848,3.292,4.600,15.143
34947,0,2,1,0.500,56964,46323,3.292,4.600,15.143
34987,0,2,1,0.500,70708,61693,3.292,4.600,15.143
35027,0,2,1,0.500,75485,67552,3.292,4.600,15.143
35067,0,2,1,0.500,75016,68240,3.288,5.000,16.440
35107,0,2,1,0.500,65412,58023,3.288,5.000,16.440
35147,0,2,1,0.500,68969,59130,3.288,5.000,16.440
35187,0,2,1,0.500,68228,61770,3.292,4.600,15.143
35227,0,2,1,0.500,74138,73873,3.292,4.600,15.143
35267,0,2,1,0.500,75468,75403,3.292,4.700,15.472
35307,0,2,1,0.500,75478,75629,3.292,4.700,15.472
35347,0,2,1,0.500,73585,72957,3.292,4.700,15.472
35387,0,2,1,0.500,58720,48009,3.292,4.800,15.802
35427,0,2,1,0.500,35251,28735,3.292,4.800,15.802
35467,0,2,1,0.500,47136,39580,3.292,4.500,14.814
35507,0,2,1,0.500,49053,41032,3.292,4.500,14.814
35547,0,2,1,0.500,60866,50839,3.292,4.500,14.814
35587,0,2,1,0.500,72738,63620,3.296,4.600,15.162
35627,0,2,1,0.500,73441,71061,3.296,4.600,15.162
35667,0,2,1,0.500,70853,69478,3.292,4.500,14.814
35707,0,2,1,0.500,71294,65528,3.292,4.500,14.814
35747,0,2,1,0.500,44421,41660,3.292,4.500,14.814
35787,0,2,1,0.500,58727,53363,3.296,4.700,15.491
35827,0,2,1,0.500,75175,68785,3.296,4.700,15.491
35867,0,2,1,0.500,75359,67075,3.292,4.500,14.814
35907,0,2,1,0.500,71366,62626,3.292,4.500,14.814
35947,0,2,1,0.500,56617,50296,3.292,4.500,14.814
35987,0,2,1,0.500,50468,39464,3.292,4.400,14.485
36027,0,2,1,0.500,34909,25145,3.292,4.400,14.485
36067,0,2,1,0.500,32467,23403,3.292,4.700,15.472
36107,0,2,1,0.500,47605,38266,3.292,4.700,15.472
36147,0,2,1,0.500,61202,56258,3.292,4.700,15.472
36187,0,2,1,0.500,71440,66799,3.292,4.700,15.472
36227,0,2,1,0.500,75650,70504,3.292,4.700,15.472
36267,0,2,1,0.500,68911,65912,3.292,4.500,14.814
36307,0,2,1,0.500,70637,65416,3.292,4.500,14.814
36347,0,2,1,0.500,72983,64455,3.292,4.500,14.814
36387,0,2,1,0.500,73339,70205,3.292,4.200,13.826
36427,0,2,1,0.500,73754,72492,3.292,4.200,13.826
36467,0,2,1,0.500,73789,72664,3.292,4.400,14.485
36507,0,2,1,0.500,70757,69336,3.292,4.400,14.485
36547,0,2,1,0.500,71517,70341,3.292,4.400,14.485
36587,0,2,1,0.500,70541,68927,3.292,4.500,14.814
36627,0,2,1,0.500,70403,68478,3.292,4.500,14.814
36667,0,2,1,0.500,58328,51660,3.292,4.400,14.485
36707,0,2,1,0.500,69557,63638,3.292,4.400,14.485
36747,0,2,1,0.500,71206,70691,3.292,4.400,14.485
36787,0,2,1,0.500,66939,70109,3.292,4.600,15.143
36827,0,2,1,0.500,61310,66254,3.292,4.600,15.143
36867,0,2,1,0.500,64886,70492,3.292,4.800,15.802
36907,0,2,1,0.500,71223,78557,3.292,4.800,15.802
36947,0,2,1,0.500,75565,85060,3.292,4.800,15.802
36987,0,2,1,0.500,77719,88475,3.292,4.700,15.472
37027,0,2,1,0.500,79097,90720,3.292,4.700,15.472
37067,0,2,1,0.500,80520,93038,3.296,4.700,15.491
37107,0,2,1,0.500,81238,94260,3.296,4.700,15.491
37147,0,2,1,0.500,81430,94636,3.296,4.700,15.491
37187,0,2,1,0.500,81172,94319,3.296,4.700,15.491
37227,0,2,1,0.500,80460,93200,3.296,4.700,15.491
37267,0,2,1,0.500,77640,89076,3.292,4.500,14.814
37307,0,2,1,0.500,61779,70709,3.292,4.500,14.814
37347,0,2,1,0.500,9536,12695,3.292,4.500,14.814
37387,0,2,1,0.500,2976,3624,3.292,4.400,14.485
37427,0,2,1,0.500,4794,5463,3.292,4.400,14.485
37467,0,2,1,0.500,11081,11188,3.296,4.400,14.502
37507,0,2,1,0.500,27462,26639,3.296,4.400,14.502
37547,0,2,1,0.500,71770,75206,3.296,4.400,14.502
37587,0,2,1,0.500,77536,85143,3.288,4.500,14.796
37627,0,2,1,0.500,78105,86482,3.288,4.500,14.796
37667,0,2,1,0.500,78091,86746,3.292,4.800,15.802
37707,0,2,1,0.500,78245,87134,3.292,4.800,15.802
37747,0,2,1,0.500,78491,87498,3.292,4.800,15.802
37787,0,2,1,0.500,78581,87369,3.292,4.500,14.814
37827,0,2,1,0.500,77731,85227,3.292,4.500,14.814
37867,0,2,1,0.500,41385,39548,3.292,4.600,15.143
37907,0,2,1,0.500,6574,5517,3.292,4.600,15.143
37947,0,2,1,0.500,4078,3469,3.292,4.600,15.143
37987,0,2,1,0.500,13553,10840,3.292,4.500,14.814
38027,0,2,1,0.500,71812,66046,3.292,4.500,14.814
38067,0,2,1,0.500,80892,88240,3.296,4.700,15.491
38107,0,2,1,0.500,81551,89260,3.296,4.700,15.491
38147,0,2,1,0.500,76702,77682,3.296,4.700,15.491
38187,0,2,1,0.500,14696,13211,3.292,4.300,14.156
38227,0,2,1,0.500,5343,4689,3.292,4.300,14.156
38267,0,2,1,0.500,48983,45899,3.292,4.500,14.814
38307,0,2,1,0.500,78945,84316,3.292,4.500,14.814
38347,0,2,1,0.500,80350,86790,3.292,4.500,14.814
38387,0,2,1,0.500,63846,62824,3.292,4.400,14.485
38427,0,2,1,0.500,9215,8070,3.292,4.400,14.485
38467,0,2,1,0.500,26706,26154,3.292,4.600,15.143
38507,0,2,1,0.500,76480,76704,3.292,4.600,15.143
38547,0,2,1,0.500,81342,85967,3.292,4.600,15.143
38587,0,2,1,0.500,81173,86166,3.292,4.500,14.814
38627,0,2,1,0.500,44118,37741,3.292,4.500,14.814
38667,0,2,1,0.500,4644,4030,3.292,4.400,14.485
38707,0,2,1,0.500,41566,34316,3.292,4.400,14.485
38747,0,2,1,0.500,73578,78273,3.292,4.400,14.485
38787,0,2,1,0.500,75397,82173,3.292,4.500,14.814
38827,0,2,1,0.500,73603,78474,3.292,4.500,14.814
38867,0,2,1,0.500,30731,24787,3.292,4.500,14.814
38907,0,2,1,0.500,6690,6737,3.292,4.500,14.814
38947,0,2,1,0.500,54816,55004,3.292,4.500,14.814
38987,0,2,1,0.500,72326,74626,3.292,4.500,14.814
39027,0,2,1,0.500,75245,80408,3.292,4.500,14.814
39067,0,2,1,0.500,72198,76010,3.292,4.500,14.814
39107,0,2,1,0.500,24582,20599,3.292,4.500,14.814
39147,0,2,1,0.500,10288,13174,3.292,4.500,14.814
39187,0,2,1,0.500,65529,68996,3.292,4.600,15.143
39227,0,2,1,0.500,74992,81755,3.292,4.600,15.143
39267,0,2,1,0.500,75489,82696,3.292,4.600,15.143
39307,0,2,1,0.500,66268,69395,3.292,4.600,15.143
39347,0,2,1,0.500,8267,10193,3.292,4.600,15.143
39387,0,2,1,0.500,2159,3260,3.292,4.500,14.814
39427,0,2,1,0.500,5839,8339,3.292,4.500,14.814
39467,0,2,1,0.500,9559,12222,3.292,4.600,15.143
39507,0,2,1,0.500,32045,34516,3.292,4.600,15.143
39547,0,2,1,0.500,73572,72181,3.292,4.600,15.143
39587,0,2,1,0.500,74109,72568,3.292,4.500,14.814
39627,0,2,1,0.500,73614,71996,3.292,4.500,14.814
39667,0,2,1,0.500,72842,71145,3.292,4.600,15.143
39707,0,2,1,0.500,71189,67625,3.292,4.600,15.143
39747,0,2,1,0.500,70318,67623,3.292,4.600,15.143
39787,0,2,1,0.500,65300,60428,3.292,4.300,14.156
39827,0,2,1,0.500,63553,55078,3.292,4.300,14.156
39867,0,2,1,0.500,68564,59500,3.288,4.800,15.782
39907,0,2,1,0.500,50438,45875,3.288,4.800,15.782
39947,0,2,1,0.500,69096,63753,3.288,4.800,15.782
39987,0,2,1,0.500,71453,69404,3.292,4.400,14.485
40027,0,2,1,0.500,71039,67212,3.292,4.400,14.485
40067,0,2,1,0.500,33550,31215,3.292,4.500,14.814
40107,0,2,1,0.500,12682,13538,3.292,4.500,14.814
40147,0,2,1,0.500,31927,27778,3.292,4.500,14.814
40187,0,2,1,0.500,60936,50534,3.292,4.700,15.472
40227,0,2,1,0.500,65469,60660,3.292,4.700,15.472
40267,0,2,1,0.500,57026,49361,3.292,4.600,15.143
40307,0,2,1,0.500,24286,25783,3.292,4.600,15.143
40347,0,2,1,0.500,32788,35085,3.292,4.600,15.143
40387,0,2,1,0.500,51769,47936,3.292,4.500,14.814
40427,0,2,1,0.500,73658,69365,3.292,4.500,14.814
40467,0,2,1,0.500,70831,67670,3.292,4.400,14.485
40507,0,2,1,0.500,36812,39847,3.292,4.400,14.485
40547,0,2,1,0.500,51099,50880,3.292,4.400,14.485
40587,0,2,1,0.500,76114,67486,3.292,4.500,14.814
40627,0,2,1,0.500,74470,65031,3.292,4.500,14.814
40667,0,2,1,0.500,71218,60650,3.292,4.500,14.814
40707,0,2,1,0.500,73643,66497,3.292,4.500,14.814
40747,0,2,1,0.500,67276,62391,3.292,4.500,14.814
40787,0,2,1,0.500,74381,69970,3.292,4.400,14.485
40827,0,2,1,0.500,73992,70520,3.292,4.400,14.485
40867,0,2,1,0.500,71161,68192,3.292,4.500,14.814
40907,0,2,1,0.500,70351,67094,3.292,4.500,14.814
40947,0,2,1,0.500,72873,69633,3.292,4.500,14.814
40987,0,2,1,0.500,73361,63224,3.292,4.600,15.143
41027,0,2,1,0.500,72551,71624,3.292,4.600,15.143
41067,0,2,1,0.500,73086,72122,3.292,4.500,14.814
41107,0,2,1,0.500,67901,62582,3.292,4.500,14.814
41147,0,2,1,0.500,63725,54064,3.292,4.500,14.814
41187,0,2,1,0.500,68702,61978,3.292,4.500,14.814
41227,0,2,1,0.500,77367,72394,3.292,4.500,14.814
41268,0,2,1,0.500,68804,67888,3.288,4.600,15.125
41307,0,2,1,0.500,70323,69885,3.288,4.600,15.125
41347,0,2,1,0.500,70232,69727,3.288,4.600,15.125
41388,0,2,1,0.500,68595,63509,3.292,4.700,15.472
41427,0,2,1,0.500,65331,55124,3.292,4.700,15.472
41467,0,2,1,0.500,71024,64356,3.292,4.800,15.802
41507,0,2,1,0.500,72060,70097,3.292,4.800,15.802
41547,0,2,1,0.500,72802,71576,3.292,4.800,15.802
41588,0,2,1,0.500,73936,73163,3.292,4.500,14.814
41627,0,2,1,0.500,73992,72795,3.292,4.500,14.814
41667,0,2,1,0.500,72990,71273,3.292,4.300,14.156
41708,0,2,1,0.500,57962,49273,3.292,4.300,14.156
41747,0,2,1,0.500,29663,21773,3.292,4.300,14.156
41787,0,2,1,0.500,64502,61425,3.292,4.600,15.143
41828,0,2,1,0.500,79224,80360,3.292,4.600,15.143
41867,0,2,1,0.500,83340,88365,3.292,4.600,15.143
41908,0,2,1,0.500,81618,85192,3.292,4.600,15.143
41947,0,2,1,0.500,36881,33861,3.292,4.600,15.143
41987,0,2,1,0.500,7372,6240,3.296,4.500,14.832
42028,0,2,1,0.500,56235,48230,3.296,4.500,14.832
42067,0,2,1,0.500,79334,80164,3.292,4.400,14.485
42107,0,2,1,0.500,79082,80012,3.292,4.400,14.485
42148,0,2,1,0.500,25883,16849,3.292,4.400,14.485
42187,0,2,1,0.500,4405,3368,3.292,4.600,15.143
42227,0,2,1,0.500,46361,43830,3.292,4.600,15.143
42267,0,2,1,0.500,77012,77507,3.292,4.500,14.814
42307,0,2,1,0.500,74135,70182,3.292,4.500,14.814
42348,0,2,1,0.500,16952,14485,3.292,4.500,14.814
42387,0,2,1,0.500,6779,6889,3.292,4.400,14.485
42427,0,2,1,0.500,62173,61548,3.292,4.400,14.485
42467,0,2,1,0.500,74893,75372,3.288,4.500,14.796
42507,0,2,1,0.500,72564,67762,3.288,4.500,14.796
42547,0,2,1,0.500,15838,14211,3.288,4.500,14.796
42587,0,2,1,0.500,24750,22593,3.292,4.400,14.485
42627,0,2,1,0.500,76095,76985,3.292,4.400,14.485
42667,0,2,1,0.500,77666,80012,3.292,4.200,13.826
42707,0,2,1,0.500,69153,64231,3.292,4.200,13.826
42747,0,2,1,0.500,14769,9531,3.292,4.200,13.826
42787,0,2,1,0.500,3615,2809,3.292,4.500,14.814
42827,0,2,1,0.500,10448,10242,3.292,4.500,14.814
42868,0,2,1,0.500,59552,60281,3.292,4.400,14.485
42907,0,2,1,0.500,72691,73876,3.292,4.400,14.485
42947,0,2,1,0.500,52547,50813,3.292,4.400,14.485
42988,0,2,1,0.500,7299,6944,3.292,4.300,14.156
43027,0,2,1,0.500,33667,32460,3.292,4.300,14.156
43067,0,2,1,0.500,75551,76521,3.292,4.400,14.485
43108,0,2,1,0.500,74996,76652,3.292,4.400,14.485
43147,0,2,1,0.500,34055,30629,3.292,4.400,14.485
43188,0,2,1,0.500,15732,13092,3.292,4.600,15.143
43228,0,2,1,0.500,67843,61483,3.292,4.600,15.143
43267,0,2,1,0.500,76028,76243,3.292,4.700,15.472
43308,0,2,1,0.500,77753,79346,3.292,4.700,15.472
43347,0,2,1,0.500,66947,60751,3.292,4.700,15.472
43388,0,2,1,0.500,19990,16264,3.292,4.700,15.472
43428,0,2,1,0.500,28649,29424,3.292,4.700,15.472
43467,0,2,1,0.500,73565,78625,3.288,4.600,15.125
43508,0,2,1,0.500,75804,83387,3.288,4.600,15.125
43547,0,2,1,0.500,59631,57625,3.288,4.600,15.125
43588,0,2,1,0.500,17533,14428,3.292,4.400,14.485
43628,0,2,1,0.500,60705,55777,3.292,4.400,14.485
43667,0,2,1,0.500,75743,75373,3.292,4.600,15.143
43708,0,2,1,0.500,75183,75115,3.292,4.600,15.143
43747,0,2,1,0.500,48789,38556,3.292,4.600,15.143
43787,0,2,1,0.500,19583,13526,3.292,4.900,16.131
43828,0,2,1,0.500,59187,49861,3.292,4.900,16.131
43867,0,2,1,0.500,75998,75261,3.292,4.600,15.143
43908,0,2,1,0.500,77207,77761,3.292,4.600,15.143
43948,0,2,1,0.500,74595,70628,3.292,4.600,15.143
43987,0,2,1,0.500,44692,33517,3.292,4.800,15.802
44028,0,2,1,0.500,24620,18201,3.292,4.800,15.802
44067,0,2,1,0.500,19406,17279,3.292,4.400,14.485
44108,0,2,1,0.500,30149,25674,3.292,4.400,14.485
44148,0,2,1,0.500,31530,25555,3.292,4.400,14.485
44187,0,2,1,0.500,30772,24060,3.292,4.700,15.472
44228,0,2,1,0.500,36410,26901,3.292,4.700,15.472
44267,0,2,1,0.500,39027,29254,3.288,4.600,15.125
44307,0,2,1,0.500,32226,26809,3.288,4.600,15.125
44348,0,2,1,0.500,65309,55503,3.288,4.600,15.125
44387,0,2,1,0.500,73753,65570,3.292,4.600,15.143
44428,0,2,1,0.500,72845,64182,3.292,4.600,15.143
44467,0,2,1,0.500,71904,61928,3.292,4.500,14.814
44507,0,2,1,0.500,70591,59772,3.292,4.500,14.814
44548,0,2,1,0.500,70792,60495,3.292,4.500,14.814
44587,0,2,1,0.500,73685,64700,3.292,4.400,14.485
44627,0,2,1,0.500,74073,66013,3.292,4.400,14.485
44667,0,2,1,0.500,76138,69185,3.292,4.700,15.472
44707,0,2,1,0.500,74389,67572,3.292,4.700,15.472
44748,0,2,1,0.500,68103,62490,3.292,4.700,15.472
44787,0,2,1,0.500,54867,52292,3.292,4.400,14.485
44827,0,2,1,0.500,35315,32624,3.292,4.400,14.485
44867,0,2,1,0.500,32494,25604,3.288,4.500,14.796
44907,0,2,1,0.500,30521,22724,3.288,4.500,14.796
44947,0,2,1,0.500,23855,17177,3.288,4.500,14.796
44987,0,2,1,0.500,35470,25344,3.292,4.600,15.143
45027,0,2,1,0.500,59305,46695,3.292,4.600,15.143
45067,0,2,1,0.500,70629,62254,3.288,4.600,15.125
45107,0,2,1,0.500,71794,64047,3.288,4.600,15.125
45147,0,2,1,0.500,71527,62523,3.288,4.600,15.125
45187,0,2,1,0.500,68741,57907,3.292,4.500,14.814
45227,0,2,1,0.500,42397,32290,3.292,4.500,14.814
45268,0,2,1,0.500,33557,25440,3.292,4.400,14.485
45307,0,2,1,0.500,26835,21231,3.292,4.400,14.485
45347,0,2,1,0.500,60599,57364,3.292,4.400,14.485
45388,0,2,1,0.500,74130,76366,3.288,4.800,15.782
45427,0,2,1,0.500,75809,79833,3.288,4.800,15.782
45468,0,2,1,0.500,65730,61201,3.292,4.700,15.472
45507,0,2,1,0.500,25692,19639,3.292,4.700,15.472
45547,0,2,1,0.500,62179,59614,3.292,4.700,15.472
45588,0,2,1,0.500,77256,81609,3.288,4.500,14.796
45627,0,2,1,0.500,78925,85247,3.288,4.500,14.796
45668,0,2,1,0.500,65761,62702,3.292,4.500,14.814
45708,0,2,1,0.500,11113,9342,3.292,4.500,14.814
45747,0,2,1,0.500,28447,26667,3.292,4.500,14.814
45788,0,2,1,0.500,78599,81301,3.292,4.600,15.143
45828,0,2,1,0.500,83226,90455,3.292,4.600,15.143
45867,0,2,1,0.500,84144,92175,3.296,4.800,15.821
45908,0,2,1,0.500,78555,80170,3.296,4.800,15.821
45948,0,2,1,0.500,15314,14518,3.296,4.800,15.821
45988,0,2,1,0.500,5047,5288,3.292,4.800,15.802
46028,0,2,1,0.500,43933,44312,3.292,4.800,15.802
46067,0,2,1,0.500,80783,85694,3.292,4.400,14.485
46108,0,2,1,0.500,82056,89199,3.292,4.400,14.485
46148,0,2,1,0.500,77733,78936,3.292,4.400,14.485
46187,0,2,1,0.500,18968,14264,3.288,4.400,14.467
46228,0,2,1,0.500,4457,4466,3.288,4.400,14.467
46267,0,2,1,0.500,10490,10923,3.292,4.600,15.143
46308,0,2,1,0.500,59972,60994,3.292,4.600,15.143
46348,0,2,1,0.500,77688,81612,3.292,4.600,15.143
46387,0,2,1,0.500,77660,81374,3.288,4.400,14.467
46428,0,2,1,0.500,61399,59898,3.288,4.400,14.467
46467,0,2,1,0.500,10356,11041,3.288,4.600,15.125
46508,0,2,1,0.500,20264,19760,3.288,4.600,15.125
46548,0,2,1,0.500,60140,52395,3.288,4.600,15.125
46587,0,2,1,0.500,52971,46094,3.292,4.400,14.485
46628,0,2,1,0.500,26100,21831,3.292,4.400,14.485
46667,0,2,1,0.500,40590,30395,3.288,4.500,14.796
46707,0,2,1,0.500,35408,26338,3.288,4.500,14.796
46748,0,2,1,0.500,31456,21945,3.288,4.500,14.796
46787,0,2,1,0.500,39810,29046,3.292,4.700,15.472
46827,0,2,1,0.500,53827,45040,3.292,4.700,15.472
46867,0,2,1,0.500,63780,56281,3.288,4.700,15.454
46907,0,2,1,0.500,58447,48462,3.288,4.700,15.454
46948,0,2,1,0.500,67823,62547,3.288,4.700,15.454
46987,0,2,1,0.500,81736,76607,3.288,4.600,15.125
47027,0,2,1,0.500,65884,57096,3.288,4.600,15.125
47068,0,2,1,0.500,63662,56541,3.288,4.600,15.125
47107,0,2,1,0.500,70079,65622,3.288,4.600,15.125
47148,0,2,1,0.500,77955,75879,3.288,4.600,15.125
47187,0,2,1,0.500,78839,74866,3.288,4.300,14.138
47227,0,2,1,0.500,79479,74090,3.288,4.300,14.138
47268,0,2,1,0.500,66637,55825,3.292,4.400,14.485
47307,0,2,1,0.500,46693,34962,3.292,4.400,14.485
47347,0,2,1,0.500,57589,45372,3.292,4.400,14.485
47388,0,2,1,0.500,65783,56042,3.284,4.400,14.450
47427,0,2,1,0.500,73218,66336,3.284,4.400,14.450
47468,0,2,1,0.500,66951,58627,3.288,4.500,14.796
47507,0,2,1,0.500,66461,60525,3.288,4.500,14.796
47547,0,2,1,0.500,72834,64284,3.288,4.500,14.796
47588,0,2,1,0.500,78206,68555,3.292,4.700,15.472
47627,0,2,1,0.500,82586,76716,3.292,4.700,15.472
47668,0,2,1,0.500,68696,59252,3.292,4.400,14.485
47708,0,2,1,0.500,59972,52518,3.292,4.400,14.485
47747,0,2,1,0.500,55731,47324,3.292,4.400,14.485
47788,0,2,1,0.500,66520,56450,3.288,4.400,14.467
47827,0,2,1,0.500,78523,74245,3.288,4.400,14.467
47868,0,2,1,0.500,81599,75354,3.292,4.600,15.143
47908,0,2,1,0.500,77960,72580,3.292,4.600,15.143
47947,0,2,1,0.500,73052,72810,3.292,4.600,15.143
47988,0,2,1,0.500,72527,72361,3.292,4.700,15.472
48028,0,2,1,0.500,77209,73702,3.292,4.700,15.472
48068,0,2,1,0.500,60519,59768,3.292,4.600,15.143
48108,0,2,1,0.500,71001,65749,3.292,4.600,15.143
48148,0,2,1,0.500,77701,74832,3.292,4.600,15.143
48188,0,2,1,0.500,79334,74768,3.292,4.400,14.485
48228,0,2,1,0.500,77180,74376,3.292,4.400,14.485
48267,0,2,1,0.500,77444,75168,3.292,4.700,15.472
48308,0,2,1,0.500,81047,77000,3.292,4.700,15.472
48348,0,2,1,0.500,75377,73789,3.292,4.700,15.472
48388,0,2,1,0.500,72416,71807,3.288,4.700,15.454
48428,0,2,1,0.500,74310,73309,3.288,4.700,15.454
48467,0,2,1,0.500,80341,76741,3.288,4.700,15.454
48508,0,2,1,0.500,79442,75426,3.288,4.700,15.454
48548,0,2,1,0.500,72844,62490,3.288,4.700,15.454
48588,0,2,1,0.500,70262,70471,3.292,4.300,14.156
48628,0,2,1,0.500,70560,71895,3.292,4.300,14.156
48667,0,2,1,0.500,72840,74327,3.292,4.500,14.814
48708,0,2,1,0.500,69591,64190,3.292,4.500,14.814
48748,0,2,1,0.500,72623,71485,3.292,4.500,14.814
48788,0,2,1,0.500,75364,75747,3.292,4.400,14.485
48828,0,2,1,0.500,74441,74816,3.292,4.400,14.485
48867,0,2,1,0.500,74097,74576,3.292,4.500,14.814
48908,0,2,1,0.500,74789,75279,3.292,4.500,14.814
48948,0,2,1,0.500,78913,81583,3.292,4.500,14.814
48987,0,2,1,0.500,81555,86438,3.292,4.800,15.802
49028,0,2,1,0.500,82967,89688,3.292,4.800,15.802
49068,0,2,1,0.500,83623,91317,3.292,4.700,15.472
49107,0,2,1,0.500,83782,91771,3.292,4.700,15.472
49148,0,2,1,0.500,83868,92061,3.292,4.700,15.472
49187,0,2,1,0.500,83938,92248,3.288,4.900,16.111
49228,0,2,1,0.500,83992,92413,3.288,4.900,16.111
49268,0,2,1,0.500,84128,92715,3.288,4.900,16.111
49307,0,2,1,0.500,84207,92918,3.288,4.900,16.111
49348,0,2,1,0.500,84149,92843,3.288,4.900,16.111
49388,0,2,1,0.500,83925,92473,3.288,4.600,15.125
49427,0,2,1,0.500,83725,91993,3.288,4.600,15.125
49468,0,2,1,0.500,83180,90992,3.292,4.700,15.472
49508,0,2,1,0.500,81311,87518,3.292,4.700,15.472
49548,0,2,1,0.500,79610,84575,3.292,4.700,15.472
49588,0,2,1,0.500,78030,82126,3.292,4.700,15.472
49627,0,2,1,0.500,77081,80567,3.292,4.700,15.472
49668,0,2,1,0.500,72843,75318,3.288,4.400,14.467
49708,0,2,1,0.500,77874,80700,3.288,4.400,14.467
49747,0,2,1,0.500,78065,80643,3.288,4.400,14.467
49788,0,2,1,0.500,78568,81497,3.288,4.300,14.138
49828,0,2,1,0.500,79850,83984,3.288,4.300,14.138
49868,0,2,1,0.500,83215,90502,3.292,4.300,14.156
49908,0,2,1,0.500,85346,94533,3.292,4.300,14.156
49947,0,2,1,0.500,86665,97096,3.292,4.300,14.156
49988,0,2,1,0.500,86938,97634,3.296,4.500,14.832
50028,0,2,1,0.500,86536,96927,3.296,4.500,14.832
50068,0,2,1,0.500,85906,95654,3.292,4.500,14.814
50108,0,2,1,0.500,84096,92843,3.292,4.500,14.814
50148,0,2,1,0.500,52680,48517,3.292,4.500,14.814
50188,0,2,1,0.500,13343,11029,3.288,4.500,14.796
50228,0,2,1,0.500,13322,10238,3.288,4.500,14.796
50268,0,2,1,0.500,25109,19696,3.292,4.400,14.485
50308,0,2,1,0.500,48487,40120,3.292,4.400,14.485
50348,0,2,1,0.500,69231,64761,3.292,4.400,14.485
50388,0,2,1,0.500,80123,87563,3.292,4.300,14.156
50428,0,2,1,0.500,81684,91606,3.292,4.300,14.156
50468,0,2,1,0.500,81881,93079,3.292,4.400,14.485
50508,0,2,1,0.500,82180,93852,3.292,4.400,14.485
50548,0,2,1,0.500,82050,93701,3.292,4.400,14.485
50588,0,2,1,0.500,82012,93634,3.288,5.000,16.440
50628,0,2,1,0.500,82183,94018,3.288,5.000,16.440
50667,0,2,1,0.500,82143,93954,3.288,4.500,14.796
50708,0,2,1,0.500,82155,93954,3.288,4.500,14.796
50748,0,2,1,0.500,82257,94142,3.288,4.500,14.796
50788,0,2,1,0.500,82238,94135,3.292,4.600,15.143
50828,0,2,1,0.500,82300,94254,3.292,4.600,15.143
50867,0,2,1,0.500,82293,94290,3.296,4.600,15.162
50908,0,2,1,0.500,82094,93922,3.296,4.600,15.162
50948,0,2,1,0.500,81678,93123,3.296,4.600,15.162
50988,0,2,1,0.500,81036,91615,3.292,4.600,15.143
51028,0,2,1,0.500,80858,88895,3.292,4.600,15.143
51068,0,2,1,0.500,40000,32864,3.288,4.600,15.125
51108,0,2,1,0.500,11658,10654,3.288,4.600,15.125
51148,0,2,1,0.500,8783,8410,3.288,4.600,15.125
51187,0,2,1,0.500,13429,12894,3.292,4.700,15.472
51228,0,2,1,0.500,49379,48832,3.292,4.700,15.472
51268,0,2,1,0.500,77258,78065,3.292,4.500,14.814
51308,0,2,1,0.500,81368,86450,3.292,4.500,14.814
51348,0,2,1,0.500,83145,91117,3.292,4.500,14.814
51388,0,2,1,0.500,84086,93004,3.292,5.000,16.460
51428,0,2,1,0.500,84609,94049,3.292,5.000,16.460
51468,0,2,1,0.500,84842,94601,3.292,4.600,15.143
51507,0,2,1,0.500,85035,95010,3.292,4.600,15.143
51548,0,2,1,0.500,85082,95164,3.292,4.600,15.143
51588,0,2,1,0.500,85162,95308,3.292,5.000,16.460
51628,0,2,1,0.500,85172,95376,3.292,5.000,16.460
51668,0,2,1,0.500,85082,95291,3.288,4.700,15.454
51708,0,2,1,0.500,84953,95099,3.288,4.700,15.454
51748,0,2,1,0.500,84719,94741,3.288,4.700,15.454
51788,0,2,1,0.500,84124,93528,3.292,4.600,15.143
51828,0,2,1,0.500,83533,92271,3.292,4.600,15.143
51868,0,2,1,0.500,83346,91502,3.292,4.600,15.143
51908,0,2,1,0.500,83182,90838,3.292,4.600,15.143
51948,0,2,1,0.500,81901,88752,3.292,4.600,15.143
51988,0,2,1,0.500,73688,67247,3.292,4.300,14.156
52028,0,2,1,0.500,37122,31213,3.292,4.300,14.156
52068,0,2,1,0.500,19661,17519,3.292,4.300,14.156
52108,0,2,1,0.500,15779,16428,3.292,4.300,14.156
52148,0,2,1,0.500,59782,63099,3.292,4.300,14.156
52188,0,2,1,0.500,75649,84404,3.292,4.400,14.485
52228,0,2,1,0.500,77101,87345,3.292,4.400,14.485
52268,0,2,1,0.500,77837,89050,3.292,4.500,14.814
52308,0,2,1,0.500,78460,90308,3.292,4.500,14.814
52348,0,2,1,0.500,78812,91039,3.292,4.500,14.814
52388,0,2,1,0.500,79111,91578,3.292,4.800,15.802
52428,0,2,1,0.500,79317,91981,3.292,4.800,15.802
52468,0,2,1,0.500,79461,92306,3.292,4.500,14.814
52508,0,2,1,0.500,79544,92568,3.292,4.500,14.814
52548,0,2,1,0.500,79536,92466,3.292,4.500,14.814
52588,0,2,1,0.500,79491,92275,3.292,4.500,14.814
52628,0,2,1,0.500,79421,92102,3.292,4.500,14.814
52668,0,2,1,0.500,79328,91791,3.292,4.600,15.143
52708,0,2,1,0.500,79207,91292,3.292,4.600,15.143
52748,0,2,1,0.500,79598,89904,3.292,4.600,15.143
52788,0,2,1,0.500,64732,60694,3.292,4.400,14.485
52828,0,2,1,0.500,23573,19205,3.292,4.400,14.485
52868,0,2,1,0.500,20877,14931,3.292,4.400,14.485
52908,0,2,1,0.500,24809,15816,3.292,4.400,14.485
52948,0,2,1,0.500,47664,42066,3.292,4.400,14.485
52988,0,2,1,0.500,71139,76133,3.292,4.700,15.472
53028,0,2,1,0.500,78248,87572,3.292,4.700,15.472
53068,0,2,1,0.500,80099,90864,3.292,4.900,16.131
53108,0,2,1,0.500,80930,92397,3.292,4.900,16.131
53148,0,2,1,0.500,81238,93095,3.292,4.900,16.131
53188,0,2,1,0.500,81360,93463,3.292,4.800,15.802
53228,0,2,1,0.500,81365,93530,3.292,4.800,15.802
53268,0,2,1,0.500,81256,93312,3.292,4.800,15.802
53308,0,2,1,0.500,81088,92893,3.292,4.800,15.802
53348,0,2,1,0.500,80753,92259,3.292,4.800,15.802
53388,0,2,1,0.500,80177,91052,3.292,4.600,15.143
53428,0,2,1,0.500,78396,87821,3.292,4.600,15.143
53468,0,2,1,0.500,68226,69846,3.292,4.600,15.143
53508,0,2,1,0.500,44876,35372,3.292,4.600,15.143
53548,0,2,1,0.500,23993,16533,3.292,4.600,15.143
53588,0,2,1,0.500,18341,14363,3.292,4.800,15.802
53628,0,2,1,0.500,22774,20939,3.292,4.800,15.802
53668,0,2,1,0.500,38726,41307,3.296,4.700,15.491
53708,0,2,1,0.500,61105,66520,3.296,4.700,15.491
53748,0,2,1,0.500,66978,70837,3.296,4.700,15.491
53788,0,2,1,0.500,66205,73422,3.292,4.600,15.143
53828,0,2,1,0.500,67070,76294,3.292,4.600,15.143
53868,0,2,1,0.500,67295,77476,3.292,4.600,15.143
53908,0,2,1,0.500,67804,78598,3.292,4.600,15.143
53948,0,2,1,0.500,68285,79199,3.292,4.600,15.143
53988,0,2,1,0.500,68216,78842,3.292,4.500,14.814
54028,0,2,1,0.500,67747,78035,3.292,4.500,14.814
54068,0,2,1,0.500,67274,77047,3.292,4.600,15.143
54108,0,2,1,0.500,68373,76734,3.292,4.600,15.143
54148,0,2,1,0.500,73024,77873,3.292,4.600,15.143
54188,0,2,1,0.500,74522,77684,3.296,4.600,15.162
54228,0,2,1,0.500,75400,77948,3.296,4.600,15.162
54268,0,2,1,0.500,69393,72976,3.292,4.600,15.143
54308,0,2,1,0.500,33901,36718,3.292,4.600,15.143
54348,0,2,1,0.500,17471,18502,3.292,4.600,15.143
54388,0,2,1,0.500,25191,23837,3.292,4.400,14.485
54428,0,2,1,0.500,52355,44340,3.292,4.400,14.485
54468,0,2,1,0.500,70774,71510,3.292,4.800,15.802
54508,0,2,1,0.500,71525,76749,3.292,4.800,15.802
54548,0,2,1,0.500,75274,83768,3.292,4.800,15.802
54588,0,2,1,0.500,76981,86688,3.292,4.500,14.814
54628,0,2,1,0.500,77878,88367,3.292,4.500,14.814
54668,0,2,1,0.500,78409,89428,3.292,4.700,15.472
54708,0,2,1,0.500,78778,90115,3.292,4.700,15.472
54748,0,2,1,0.500,78874,90293,3.292,4.700,15.472
54788,0,2,1,0.500,78841,90221,3.292,4.800,15.802
54828,0,2,1,0.500,78805,90200,3.292,4.800,15.802
54868,0,2,1,0.500,78653,89863,3.292,4.500,14.814
54908,0,2,1,0.500,78319,89299,3.292,4.500,14.814
54948,0,2,1,0.500,77752,88389,3.292,4.500,14.814
54988,0,2,1,0.500,76926,86874,3.292,4.700,15.472
55028,0,2,1,0.500,75494,83859,3.292,4.700,15.472
55068,0,2,1,0.500,73216,79221,3.292,4.500,14.814
55108,0,2,1,0.500,74897,75790,3.292,4.500,14.814
55148,0,2,1,0.500,74728,63165,3.292,4.500,14.814
55188,0,2,1,0.500,74968,70132,3.292,4.300,14.156
55228,0,2,1,0.500,75458,69062,3.292,4.300,14.156
55268,0,2,1,0.500,73546,63542,3.292,4.600,15.143
55308,0,2,1,0.500,41112,30065,3.292,4.600,15.143
55348,0,2,1,0.500,27767,19972,3.292,4.600,15.143
55388,0,2,1,0.500,20965,15999,3.288,4.500,14.796
55428,0,2,1,0.500,18629,14122,3.288,4.500,14.796
55468,0,2,1,0.500,16562,12853,3.292,4.500,14.814
55508,0,2,1,0.500,24623,19092,3.292,4.500,14.814
55548,0,2,1,0.500,40342,31606,3.292,4.500,14.814
55588,0,2,1,0.500,43690,35359,3.292,4.400,14.485
55628,0,2,1,0.500,30444,25181,3.292,4.400,14.485
55668,0,2,1,0.500,24682,19872,3.292,4.500,14.814
55708,0,2,1,0.500,62470,59375,3.292,4.500,14.814
55748,0,2,1,0.500,75834,75593,3.292,4.500,14.814
55788,0,2,1,0.500,78721,81490,3.292,4.600,15.143
55828,0,2,1,0.500,82641,89529,3.292,4.600,15.143
55868,0,2,1,0.500,83976,92467,3.292,4.800,15.802
55908,0,2,1,0.500,84628,93792,3.292,4.800,15.802
55948,0,2,1,0.500,84989,94590,3.292,4.800,15.802
55988,0,2,1,0.500,84775,94193,3.288,4.500,14.796
56028,0,2,1,0.500,84211,92825,3.288,4.500,14.796
56068,0,2,1,0.500,82681,89294,3.292,4.500,14.814
56108,0,2,1,0.500,80061,78941,3.292,4.500,14.814
56148,0,2,1,0.500,35270,25741,3.292,4.500,14.814
56188,0,2,1,0.500,13250,9153,3.288,4.600,15.125
56228,0,2,1,0.500,10462,7437,3.288,4.600,15.125
56268,0,2,1,0.500,16033,11708,3.288,4.500,14.796
56308,0,2,1,0.500,56113,47061,3.288,4.500,14.796
56348,0,2,1,0.500,74254,70285,3.288,4.500,14.796
56388,0,2,1,0.500,75117,77851,3.288,4.600,15.125
56428,0,2,1,0.500,76373,83058,3.288,4.600,15.125
56468,0,2,1,0.500,78147,86919,3.292,4.500,14.814
56508,0,2,1,0.500,79042,88945,3.292,4.500,14.814
56548,0,2,1,0.500,79384,89738,3.292,4.500,14.814
56588,0,2,1,0.500,79427,89951,3.292,4.700,15.472
56628,0,2,1,0.500,79418,90089,3.292,4.700,15.472
56668,0,2,1,0.500,79197,89797,3.292,4.600,15.143
56708,0,2,1,0.500,79023,89510,3.292,4.600,15.143
56748,0,2,1,0.500,78664,88948,3.292,4.600,15.143
56788,0,2,1,0.500,77894,87814,3.292,4.400,14.485
56828,0,2,1,0.500,74686,83003,3.292,4.400,14.485
56868,0,2,1,0.500,73109,77736,3.292,4.800,15.802
56908,0,2,1,0.500,67855,69676,3.292,4.800,15.802
56948,0,2,1,0.500,57655,56459,3.292,4.800,15.802
56988,0,2,1,0.500,43374,41326,3.288,4.700,15.454
57028,0,2,1,0.500,38936,36656,3.288,4.700,15.454
57068,0,2,1,0.500,36660,33701,3.292,4.400,14.485
57108,0,2,1,0.500,30642,27273,3.292,4.400,14.485
57148,0,2,1,0.500,33445,29042,3.292,4.400,14.485
57188,0,2,1,0.500,30166,26131,3.288,4.300,14.138
57228,0,2,1,0.500,26827,23608,3.288,4.300,14.138
57268,0,2,1,0.500,28731,25371,3.292,4.400,14.485
57308,0,2,1,0.500,29614,26014,3.292,4.400,14.485
57348,0,2,1,0.500,29021,25423,3.292,4.400,14.485
57388,0,2,1,0.500,34950,30709,3.288,4.500,14.796
57428,0,2,1,0.500,51375,47320,3.288,4.500,14.796
57468,0,2,1,0.500,72712,71128,3.292,4.500,14.814
57508,0,2,1,0.500,80054,80359,3.292,4.500,14.814
57548,0,2,1,0.500,83368,87317,3.292,4.500,14.814
57588,0,2,1,0.500,85432,92234,3.288,4.600,15.125
57628,0,2,1,0.500,85883,93334,3.288,4.600,15.125
57668,0,2,1,0.500,85345,93050,3.292,4.800,15.802
57708,0,2,1,0.500,85908,94829,3.292,4.800,15.802
57748,0,2,1,0.500,85724,94299,3.292,4.800,15.802
57788,0,2,1,0.500,84942,92417,3.288,4.700,15.454
57828,0,2,1,0.500,83292,89046,3.288,4.700,15.454
57868,0,2,1,0.500,78856,81509,3.288,4.800,15.782
57908,0,2,1,0.500,74659,65709,3.288,4.800,15.782
57948,0,2,1,0.500,58664,45289,3.288,4.800,15.782
57988,0,2,1,0.500,55551,44970,3.288,4.700,15.454
58028,0,2,1,0.500,62959,52193,3.288,4.700,15.454
58068,0,2,1,0.500,68434,57366,3.292,4.600,15.143
58108,0,2,1,0.500,74960,67307,3.292,4.600,15.143
58148,0,2,1,0.500,74507,67378,3.292,4.600,15.143
58188,0,2,1,0.500,68840,58596,3.288,4.400,14.467
58228,0,2,1,0.500,69516,61789,3.288,4.400,14.467
58268,0,2,1,0.500,72545,68952,3.288,4.700,15.454
58308,0,2,1,0.500,74696,74572,3.288,4.700,15.454
58348,0,2,1,0.500,75054,76293,3.288,4.700,15.454
58388,0,2,1,0.500,74850,76085,3.288,4.500,14.796
58428,0,2,1,0.500,73590,73324,3.288,4.500,14.796
58468,0,2,1,0.500,71919,68899,3.292,4.500,14.814
58508,0,2,1,0.500,71818,68437,3.292,4.500,14.814
58548,0,2,1,0.500,72024,69010,3.292,4.500,14.814
58588,0,2,1,0.500,74077,74345,3.292,4.600,15.143
58628,0,2,1,0.500,75062,74180,3.292,4.600,15.143
58668,0,2,1,0.500,43413,32006,3.288,4.300,14.138
58708,0,2,1,0.500,49455,38560,3.288,4.300,14.138
58748,0,2,1,0.500,71558,68443,3.288,4.300,14.138
58788,0,2,1,0.500,79210,83773,3.292,4.800,15.802
58828,0,2,1,0.500,81952,89733,3.292,4.800,15.802
58868,0,2,1,0.500,83251,93064,3.292,4.600,15.143
58908,0,2,1,0.500,84055,94711,3.292,4.600,15.143
58948,0,2,1,0.500,84371,95358,3.292,4.600,15.143
58988,0,2,1,0.500,84437,95491,3.288,4.400,14.467
59028,0,2,1,0.500,84136,94948,3.288,4.400,14.467
59068,0,2,1,0.500,83277,93039,3.292,4.700,15.472
59108,0,2,1,0.500,81585,89511,3.292,4.700,15.472
59148,0,2,1,0.500,70958,66952,3.292,4.700,15.472
59188,0,2,1,0.500,43344,42296,3.292,4.500,14.814
59228,0,2,1,0.500,47632,50374,3.292,4.500,14.814
59268,0,2,1,0.500,54202,56902,3.288,4.500,14.796
59308,0,2,1,0.500,43904,48450,3.288,4.500,14.796
59348,0,2,1,0.500,70135,71097,3.288,4.500,14.796
59388,0,2,1,0.500,76874,78779,3.288,4.700,15.454
59428,0,2,1,0.500,80214,84641,3.288,4.700,15.454
59468,0,2,1,0.500,81737,88194,3.292,4.500,14.814
59508,0,2,1,0.500,82326,90140,3.292,4.500,14.814
59548,0,2,1,0.500,82901,91421,3.292,4.500,14.814
59588,0,2,1,0.500,83090,91855,3.288,4.600,15.125
59628,0,2,1,0.500,83150,92040,3.288,4.600,15.125
59668,0,2,1,0.500,83088,91929,3.292,4.500,14.814
59708,0,2,1,0.500,82617,91077,3.292,4.500,14.814
59748,0,2,1,0.500,80643,87741,3.292,4.500,14.814
59788,0,2,1,0.500,64263,58987,3.292,4.700,15.472
59828,0,2,1,0.500,14407,10372,3.292,4.700,15.472
59868,0,2,1,0.500,9058,4884,3.292,4.500,14.814
59908,0,2,1,0.500,20346,12167,3.292,4.500,14.814
59948,0,2,1,0.500,46087,41264,3.292,4.500,14.814
59988,0,2,1,0.500,58475,59838,3.292,4.800,15.802
60028,0,2,1,0.500,64162,68779,3.292,4.800,15.802
60068,0,2,1,0.500,65424,70380,3.292,4.500,14.814
60108,0,2,1,0.500,59615,60147,3.292,4.500,14.814
60148,0,2,1,0.500,36762,27201,3.292,4.500,14.814
60188,0,2,1,0.500,23213,15890,3.292,4.500,14.814
60228,0,2,1,0.500,36972,30179,3.292,4.500,14.814
60268,0,2,1,0.500,78211,79013,3.292,4.600,15.143
60308,0,2,1,0.500,81419,85158,3.292,4.600,15.143
60348,0,2,1,0.500,82457,88193,3.292,4.600,15.143
60388,0,2,1,0.500,81143,85394,3.288,4.600,15.125
60428,0,2,1,0.500,57109,49996,3.288,4.600,15.125
60468,0,2,1,0.500,16198,13790,3.292,4.500,14.814
60508,0,2,1,0.500,18225,15495,3.292,4.500,14.814
60548,0,2,1,0.500,21237,17277,3.292,4.500,14.814
60588,0,2,1,0.500,53276,43711,3.288,4.600,15.125
60628,0,2,1,0.500,50744,39224,3.288,4.600,15.125
60668,0,2,1,0.500,32948,22739,3.292,4.500,14.814
60708,0,2,1,0.500,23320,14061,3.292,4.500,14.814
60748,0,2,1,0.500,25306,15900,3.292,4.500,14.814
60788,0,2,1,0.500,35075,26455,3.292,4.500,14.814
60828,0,2,1,0.500,21590,21452,3.292,4.500,14.814
60868,0,2,1,0.500,45968,46843,3.288,4.500,14.796
60908,0,2,1,0.500,69497,69028,3.288,4.500,14.796
60948,0,2,1,0.500,73637,72411,3.288,4.500,14.796
60988,0,2,1,0.500,73720,75135,3.288,4.800,15.782
61028,0,2,1,0.500,72249,73915,3.288,4.800,15.782
61068,0,2,1,0.500,69348,64262,3.288,4.700,15.454
61108,0,2,1,0.500,65344,57315,3.288,4.700,15.454
61148,0,2,1,0.500,65663,56038,3.288,4.700,15.454
61188,0,2,1,0.500,46509,40162,3.292,4.500,14.814
61228,0,2,1,0.500,41250,42456,3.292,4.500,14.814
61268,0,2,1,0.500,34491,39824,3.292,4.500,14.814
61308,0,2,1,0.500,70819,68903,3.292,4.500,14.814
61348,0,2,1,0.500,72762,73419,3.292,4.500,14.814
61388,0,2,1,0.500,71712,72681,3.288,4.800,15.782
61428,0,2,1,0.500,76085,74480,3.288,4.800,15.782
61468,0,2,1,0.500,78822,71493,3.288,4.600,15.125
61508,0,2,1,0.500,71169,59207,3.288,4.600,15.125
61548,0,2,1,0.500,75150,70038,3.288,4.600,15.125
61588,0,2,1,0.500,70067,70537,3.292,4.400,14.485
61628,0,2,1,0.500,71886,72440,3.292,4.400,14.485
61668,0,2,1,0.500,71757,67430,3.292,4.800,15.802
61708,0,2,1,0.500,52132,40760,3.292,4.800,15.802
61748,0,2,1,0.500,41021,37066,3.292,4.800,15.802
61788,0,2,1,0.500,60702,53609,3.292,4.700,15.472
61828,0,2,1,0.500,70502,67986,3.292,4.700,15.472
61868,0,2,1,0.500,68537,67915,3.292,4.400,14.485
61908,0,2,1,0.500,70186,71075,3.292,4.400,14.485
61948,0,2,1,0.500,76251,71885,3.292,4.400,14.485
61988,0,2,1,0.500,71013,71654,3.292,4.800,15.802
62028,0,2,1,0.500,57062,48565,3.292,4.800,15.802
62068,0,2,1,0.500,57471,46796,3.292,4.500,14.814
62108,0,2,1,0.500,72197,60219,3.292,4.500,14.814
62148,0,2,1,0.500,67623,55582,3.292,4.500,14.814
62188,0,2,1,0.500,58549,48787,3.292,4.600,15.143
62228,0,2,1,0.500,68481,60307,3.292,4.600,15.143
62268,0,2,1,0.500,78794,68215,3.288,4.700,15.454
62308,0,2,1,0.500,79345,76780,3.288,4.700,15.454
62348,0,2,1,0.500,74985,68287,3.288,4.700,15.454
62388,0,2,1,0.500,76540,66380,3.292,4.400,14.485
62428,0,2,1,0.500,71913,61937,3.292,4.400,14.485
62468,0,2,1,0.500,77677,70695,3.292,4.600,15.143
62508,0,2,1,0.500,77057,75782,3.292,4.600,15.143
62548,0,2,1,0.500,78433,77134,3.292,4.600,15.143
62588,0,2,1,0.500,74956,75808,3.292,4.500,14.814
62628,0,2,1,0.500,74184,75671,3.292,4.500,14.814
62668,0,2,1,0.500,74175,75855,3.292,4.400,14.485
62708,0,2,1,0.500,71578,73883,3.292,4.400,14.485
62748,0,2,1,0.500,74491,75725,3.292,4.400,14.485
62788,0,2,1,0.500,78313,75195,3.292,4.500,14.814
62828,0,2,1,0.500,50759,42979,3.292,4.500,14.814
62868,0,2,1,0.500,38238,31205,3.292,4.300,14.156
62908,0,2,1,0.500,72218,66822,3.292,4.300,14.156
62948,0,2,1,0.500,72120,71578,3.292,4.300,14.156
62988,0,2,1,0.500,75314,77189,3.288,4.400,14.467
63028,0,2,1,0.500,79113,84320,3.288,4.400,14.467
63068,0,2,1,0.500,80970,88038,3.292,4.600,15.143
63108,0,2,1,0.500,81534,89131,3.292,4.600,15.143
63148,0,2,1,0.500,81479,88690,3.292,4.600,15.143
63188,0,2,1,0.500,80772,86956,3.292,4.400,14.485
63228,0,2,1,0.500,79190,83396,3.292,4.400,14.485
63268,0,2,1,0.500,76998,78944,3.288,4.400,14.467
63308,0,2,1,0.500,75339,75957,3.288,4.400,14.467
63348,0,2,1,0.500,58503,50084,3.288,4.400,14.467
63388,0,2,1,0.500,26171,19686,3.288,4.700,15.454
63428,0,2,1,0.500,19816,14072,3.288,4.700,15.454
63468,0,2,1,0.500,14755,10505,3.292,4.500,14.814
63508,0,2,1,0.500,13739,10309,3.292,4.500,14.814
63548,0,2,1,0.500,29473,25496,3.292,4.500,14.814
63588,0,2,1,0.500,58238,52675,3.292,4.700,15.472
63628,0,2,1,0.500,75007,69321,3.292,4.700,15.472
63668,0,2,1,0.500,78485,74379,3.288,4.400,14.467
63708,0,2,1,0.500,77196,72762,3.288,4.400,14.467
63748,0,2,1,0.500,76716,72074,3.288,4.400,14.467
63788,0,2,1,0.500,70010,66913,3.292,4.400,14.485
63828,0,2,1,0.500,54553,55788,3.292,4.400,14.485
63869,0,2,1,0.500,58098,58568,3.292,4.500,14.814
63908,0,2,1,0.500,77210,71336,3.292,4.500,14.814
63948,0,2,1,0.500,71956,60076,3.292,4.500,14.814
63989,0,2,1,0.500,63066,50846,3.288,4.500,14.796
64028,0,2,1,0.500,68082,60239,3.288,4.500,14.796
64069,0,2,1,0.500,71207,65717,3.292,4.500,14.814
64109,0,2,1,0.500,73863,71572,3.292,4.500,14.814
64148,0,2,1,0.500,73601,71701,3.292,4.500,14.814
64189,0,2,1,0.500,75563,72871,3.288,4.500,14.796
64229,0,2,1,0.500,76089,72240,3.288,4.500,14.796
64268,0,2,1,0.500,75786,71922,3.288,4.600,15.125
64309,0,2,1,0.500,72507,69306,3.288,4.600,15.125
64349,0,2,1,0.500,70020,67763,3.288,4.600,15.125
64389,0,2,1,0.500,67636,66431,3.292,4.600,15.143
64429,0,2,1,0.500,66505,65601,3.292,4.600,15.143
64468,0,2,1,0.500,77924,73045,3.288,4.300,14.138
64509,0,2,1,0.500,66814,55274,3.288,4.300,14.138
64549,0,2,1,0.500,57024,46323,3.288,4.300,14.138
64589,0,2,1,0.500,52980,41894,3.292,4.400,14.485
64629,0,2,1,0.500,45240,33841,3.292,4.400,14.485
64668,0,2,1,0.500,30806,19421,3.292,4.700,15.472
64709,0,2,1,0.500,26571,15883,3.292,4.700,15.472
64749,0,2,1,0.500,27578,16674,3.292,4.700,15.472
64788,0,2,1,0.500,36542,24175,3.288,4.400,14.467
64829,0,2,1,0.500,53368,39336,3.288,4.400,14.467
64868,0,2,1,0.500,51761,38174,3.292,4.500,14.814
64909,0,2,1,0.500,25359,15494,3.292,4.500,14.814
64949,0,2,1,0.500,25717,15795,3.292,4.500,14.814
64988,0,2,1,0.500,45535,33545,3.292,4.600,15.143
65029,0,2,1,0.500,73548,64526,3.292,4.600,15.143
65069,0,2,1,0.500,67207,55013,3.292,4.500,14.814
65109,0,2,1,0.500,54770,41687,3.292,4.500,14.814
65149,0,2,1,0.500,57242,45226,3.292,4.500,14.814
65189,0,2,1,0.500,56647,48065,3.292,4.500,14.814
65229,0,2,1,0.500,48420,38056,3.292,4.500,14.814
65269,0,2,1,0.500,43502,32501,3.288,4.600,15.125
65309,0,2,1,0.500,36949,25969,3.288,4.600,15.125
65349,0,2,1,0.500,34377,23291,3.288,4.600,15.125
65389,0,2,1,0.500,26966,16326,3.288,4.600,15.125
65429,0,2,1,0.500,26064,15625,3.288,4.600,15.125
65469,0,2,1,0.500,35577,23878,3.288,4.400,14.467
65509,0,2,1,0.500,55795,42975,3.288,4.400,14.467
65549,0,2,1,0.500,62193,51871,3.288,4.400,14.467
65589,0,2,1,0.500,72935,67689,3.288,4.600,15.125
65629,0,2,1,0.500,61602,61856,3.288,4.600,15.125
65669,0,2,1,0.500,34872,39601,3.292,4.200,13.826
65709,0,2,1,0.500,27909,32498,3.292,4.200,13.826
65749,0,2,1,0.500,28678,33738,3.292,4.200,13.826
65789,0,2,1,0.500,40135,43325,3.292,4.500,14.814
65829,0,2,1,0.500,67111,63271,3.292,4.500,14.814
65869,0,2,1,0.500,73319,64522,3.288,4.300,14.138
65909,0,2,1,0.500,46725,38748,3.288,4.300,14.138
65949,0,2,1,0.500,20006,15244,3.288,4.300,14.138
65989,0,2,1,0.500,4695,3033,3.288,4.600,15.125
66029,0,2,1,0.500,1489,911,3.288,4.600,15.125
66069,0,2,1,0.500,1836,1175,3.292,4.700,15.472
66109,0,2,1,0.500,2802,1901,3.292,4.700,15.472
66149,0,2,1,0.500,4557,3331,3.292,4.700,15.472
66189,0,2,1,0.500,10971,8441,3.292,4.700,15.472
66229,0,2,1,0.500,18002,13491,3.292,4.700,15.472
66269,0,2,1,0.500,21265,15398,3.292,4.500,14.814
66309,0,2,1,0.500,17838,11036,3.292,4.500,14.814
66349,0,2,1,0.500,13035,7659,3.292,4.500,14.814
66389,0,2,1,0.500,10865,6948,3.288,4.500,14.796
66429,0,2,1,0.500,14244,10437,3.288,4.500,14.796
66469,0,2,1,0.500,20042,17133,3.288,4.400,14.467
66509,0,2,1,0.500,17684,17722,3.288,4.400,14.467
66549,0,2,1,0.500,14828,15823,3.288,4.400,14.467
66589,0,2,1,0.500,17161,18331,3.292,4.400,14.485
66629,0,2,1,0.500,18031,19225,3.292,4.400,14.485
66669,0,2,1,0.500,26343,25932,3.292,4.600,15.143
66709,0,2,1,0.500,45505,39047,3.292,4.600,15.143
66749,0,2,1,0.500,59538,49716,3.292,4.600,15.143
66789,0,2,1,0.500,64927,55304,3.292,4.700,15.472
66829,0,2,1,0.500,69898,62456,3.292,4.700,15.472
66869,0,2,1,0.500,77640,70617,3.292,4.500,14.814
66909,0,2,1,0.500,55410,49290,3.292,4.500,14.814
66949,0,2,1,0.500,44328,40958,3.292,4.500,14.814
66989,0,2,1,0.500,60090,57152,3.292,4.800,15.802
67029,0,2,1,0.500,59488,58824,3.292,4.800,15.802
67069,0,2,1,0.500,54004,57985,3.292,4.400,14.485
67109,0,2,1,0.500,57529,61973,3.292,4.400,14.485
67149,0,2,1,0.500,54113,59637,3.292,4.400,14.485
67189,0,2,1,0.500,40699,46964,3.296,4.500,14.832
67229,0,2,1,0.500,33486,38871,3.296,4.500,14.832
67269,0,2,1,0.500,34964,39830,3.292,4.700,15.472
67309,0,2,1,0.500,40978,44716,3.292,4.700,15.472
67349,0,2,1,0.500,49999,50376,3.292,4.700,15.472
67389,0,2,1,0.500,48177,46269,3.288,4.300,14.138
67429,0,2,1,0.500,43773,41816,3.288,4.300,14.138
67469,0,2,1,0.500,62244,56192,3.292,4.600,15.143
67509,0,2,1,0.500,76458,68840,3.292,4.600,15.143
67549,0,2,1,0.500,80712,75860,3.292,4.600,15.143
67589,0,2,1,0.500,77925,74847,3.292,4.600,15.143
67629,0,2,1,0.500,62273,61531,3.292,4.600,15.143
67669,0,2,1,0.500,44287,47741,3.292,4.700,15.472
67709,0,2,1,0.500,40358,43321,3.292,4.700,15.472
67749,0,2,1,0.500,48217,48846,3.292,4.700,15.472
67789,0,2,1,0.500,71177,66629,3.288,4.500,14.796
67829,0,2,1,0.500,69332,62684,3.288,4.500,14.796
67869,0,2,1,0.500,75010,66089,3.292,4.600,15.143
67909,0,2,1,0.500,77746,69750,3.292,4.600,15.143
67949,0,2,1,0.500,72477,71844,3.292,4.600,15.143
67989,0,2,1,0.500,72620,73706,3.292,4.200,13.826
68029,0,2,1,0.500,75893,70717,3.292,4.200,13.826
68069,0,2,1,0.500,55987,47516,3.292,4.700,15.472
68109,0,2,1,0.500,69230,64012,3.292,4.700,15.472
68149,0,2,1,0.500,79641,79075,3.292,4.700,15.472
68189,0,2,1,0.500,80697,81510,3.292,4.200,13.826
68229,0,2,1,0.500,81929,84241,3.292,4.200,13.826
68269,0,2,1,0.500,83367,87682,3.296,4.500,14.832
68309,0,2,1,0.500,83514,87853,3.296,4.500,14.832
68349,0,2,1,0.500,81349,83474,3.296,4.500,14.832
68389,0,2,1,0.500,78148,76390,3.296,4.500,14.832
68429,0,2,1,0.500,64191,53881,3.296,4.500,14.832
68469,0,2,1,0.500,56336,48332,3.292,4.200,13.826
68509,0,2,1,0.500,64799,56793,3.292,4.200,13.826
68549,0,2,1,0.500,70547,63417,3.292,4.200,13.826
68589,0,2,1,0.500,70696,63321,3.284,4.700,15.435
68629,0,2,1,0.500,74466,67051,3.284,4.700,15.435
68669,0,2,1,0.500,73165,70582,3.292,4.700,15.472
68709,0,2,1,0.500,73795,73530,3.292,4.700,15.472
68749,0,2,1,0.500,73795,72584,3.292,4.700,15.472
68789,0,2,1,0.500,73122,65950,3.288,4.500,14.796
68829,0,2,1,0.500,70587,59706,3.288,4.500,14.796
68869,0,2,1,0.500,71763,60466,3.296,4.600,15.162
68909,0,2,1,0.500,78792,69158,3.296,4.600,15.162
68949,0,2,1,0.500,79654,70291,3.296,4.600,15.162
68989,0,2,1,0.500,74900,73740,3.292,4.700,15.472
69029,0,2,1,0.500,74595,76321,3.292,4.700,15.472
69069,0,2,1,0.500,74161,75895,3.292,4.900,16.131
69109,0,2,1,0.500,73211,73469,3.292,4.900,16.131
69149,0,2,1,0.500,75346,69524,3.292,4.900,16.131
69189,0,2,1,0.500,72799,67488,3.292,4.400,14.485
69229,0,2,1,0.500,71054,72568,3.292,4.400,14.485
69269,0,2,1,0.500,72521,75570,3.296,4.300,14.173
69309,0,2,1,0.500,78272,86647,3.296,4.300,14.173
69349,0,2,1,0.500,79074,89433,3.296,4.300,14.173
69389,0,2,1,0.500,79622,90770,3.292,4.500,14.814
69429,0,2,1,0.500,80519,92317,3.292,4.500,14.814
69469,0,2,1,0.500,81322,93524,3.292,4.600,15.143
69509,0,2,1,0.500,81849,94037,3.292,4.600,15.143
69549,0,2,1,0.500,81769,94341,3.292,4.600,15.143
69589,0,2,1,0.500,81845,94514,3.292,4.500,14.814
69629,0,2,1,0.500,81959,94589,3.292,4.500,14.814
69669,0,2,1,0.500,82025,94607,3.292,4.600,15.143
69709,0,2,1,0.500,82184,94767,3.292,4.600,15.143
69749,0,2,1,0.500,82158,94833,3.292,4.600,15.143
69789,0,2,1,0.500,82161,94939,3.288,4.500,14.796
69829,0,2,1,0.500,82104,94919,3.288,4.500,14.796
69869,0,2,1,0.500,81965,94832,3.292,4.300,14.156
69909,0,2,1,0.500,82028,94843,3.292,4.300,14.156
69949,0,2,1,0.500,82000,94749,3.292,4.300,14.156
69989,0,2,1,0.500,81956,94755,3.292,4.700,15.472
70029,0,2,1,0.500,82093,94983,3.292,4.700,15.472
70069,0,2,1,0.500,82139,95061,3.292,4.600,15.143
70109,0,2,1,0.500,82086,95019,3.292,4.600,15.143
70149,0,2,1,0.500,82002,94950,3.292,4.600,15.143
70189,0,2,1,0.500,81947,94820,3.292,4.500,14.814
70229,0,2,1,0.500,81963,94792,3.292,4.500,14.814
70269,0,2,1,0.500,81903,94690,3.292,4.600,15.143
70309,0,2,1,0.500,81818,94548,3.292,4.600,15.143
70349,0,2,1,0.500,81785,94539,3.292,4.600,15.143
70389,0,2,1,0.500,81492,94242,3.292,4.700,15.472
70429,0,2,1,0.500,80999,93550,3.292,4.700,15.472
70469,0,2,1,0.500,80333,92495,3.292,4.500,14.814
70509,0,2,1,0.500,79762,91445,3.292,4.500,14.814
70549,0,2,1,0.500,79173,90426,3.292,4.500,14.814
70589,0,2,1,0.500,78358,88652,3.292,4.600,15.143
70629,0,2,1,0.500,77445,86843,3.292,4.600,15.143
70669,0,2,1,0.500,74997,82366,3.292,4.500,14.814
70709,0,2,1,0.500,73908,80279,3.292,4.500,14.814
70749,0,2,1,0.500,74801,81481,3.292,4.500,14.814
70789,0,2,1,0.500,74059,79898,3.292,4.500,14.814
70829,0,2,1,0.500,71613,75389,3.292,4.500,14.814
70869,0,2,1,0.500,67251,61272,3.292,4.800,15.802
70909,0,2,1,0.500,66999,58360,3.292,4.800,15.802
70949,0,2,1,0.500,77065,79470,3.292,4.800,15.802
70989,0,2,1,0.500,80406,86655,3.292,4.500,14.814
71029,0,2,1,0.500,81718,89960,3.292,4.500,14.814
71069,0,2,1,0.500,81998,91905,3.296,4.700,15.491
71109,0,2,1,0.500,82328,92888,3.296,4.700,15.491
71149,0,2,1,0.500,82735,93854,3.296,4.700,15.491
71189,0,2,1,0.500,82881,94302,3.292,4.500,14.814
71229,0,2,1,0.500,82868,94486,3.292,4.500,14.814
71269,0,2,1,0.500,82882,94672,3.292,4.600,15.143
71309,0,2,1,0.500,82885,94856,3.292,4.600,15.143
71349,0,2,1,0.500,82875,94915,3.292,4.600,15.143
71389,0,2,1,0.500,82876,94878,3.292,4.800,15.802
71429,0,2,1,0.500,82740,94656,3.292,4.800,15.802
71469,0,2,1,0.500,82721,94611,3.292,4.800,15.802
71509,0,2,1,0.500,82485,94273,3.292,4.800,15.802
71549,0,2,1,0.500,81907,93323,3.292,4.800,15.802
71589,0,2,1,0.500,81327,92047,3.292,4.400,14.485
71629,0,2,1,0.500,80708,90409,3.292,4.400,14.485
71669,0,2,1,0.500,79826,88101,3.292,4.600,15.143
71709,0,2,1,0.500,78332,85028,3.292,4.600,15.143
71749,0,2,1,0.500,79592,77312,3.292,4.600,15.143
71789,0,2,1,0.500,58981,49583,3.292,4.600,15.143
71829,0,2,1,0.500,58145,45991,3.292,4.600,15.143
71869,0,2,1,0.500,51356,38101,3.296,4.400,14.502
71909,0,2,1,0.500,59452,48415,3.296,4.400,14.502
71949,0,2,1,0.500,74441,76043,3.296,4.400,14.502
71989,0,2,1,0.500,80708,87045,3.292,4.500,14.814
72029,0,2,1,0.500,82318,92083,3.292,4.500,14.814
72069,0,2,1,0.500,83545,95059,3.296,4.500,14.832
72109,0,2,1,0.500,84118,96096,3.296,4.500,14.832
72149,0,2,1,0.500,84222,96263,3.296,4.500,14.832
72189,0,2,1,0.500,84184,96161,3.292,4.600,15.143
72229,0,2,1,0.500,84005,95727,3.292,4.600,15.143
72269,0,2,1,0.500,83406,94256,3.292,4.800,15.802
72309,0,2,1,0.500,79831,87818,3.292,4.800,15.802
72349,0,2,1,0.500,47370,39426,3.292,4.800,15.802
72389,0,2,1,0.500,40937,35453,3.296,4.800,15.821
72429,0,2,1,0.500,70672,69825,3.296,4.800,15.821
72469,0,2,1,0.500,75943,81043,3.292,4.700,15.472
72509,0,2,1,0.500,74125,78501,3.292,4.700,15.472
72549,0,2,1,0.500,71369,73296,3.292,4.700,15.472
72589,0,2,1,0.500,75641,79958,3.292,4.700,15.472
72629,0,2,1,0.500,77631,83334,3.292,4.700,15.472
72670,0,2,1,0.500,77377,82942,3.296,4.700,15.491
72709,0,2,1,0.500,78549,85501,3.296,4.700,15.491
72749,0,2,1,0.500,81150,91058,3.296,4.700,15.491
72790,0,2,1,0.500,81989,93636,3.292,4.600,15.143
72829,0,2,1,0.500,82487,94955,3.292,4.600,15.143
72870,0,2,1,0.500,82789,95535,3.292,4.700,15.472
72909,0,2,1,0.500,83250,96275,3.292,4.700,15.472
72949,0,2,1,0.500,83483,96671,3.292,4.700,15.472
72990,0,2,1,0.500,83650,96931,3.292,4.600,15.143
73029,0,2,1,0.500,83711,97007,3.292,4.600,15.143
73069,0,2,1,0.500,83537,96694,3.296,4.700,15.491
73110,0,2,1,0.500,83195,96134,3.296,4.700,15.491
73149,0,2,1,0.500,80931,92984,3.296,4.700,15.491
73190,0,2,1,0.500,56600,50125,3.292,4.700,15.472
73230,0,2,1,0.500,37068,27669,3.292,4.700,15.472
73269,0,2,1,0.500,43899,39039,3.288,4.500,14.796
73310,0,2,1,0.500,64444,69528,3.288,4.500,14.796
73349,0,2,1,0.500,72485,83130,3.288,4.500,14.796
73390,0,2,1,0.500,74830,87939,3.288,4.800,15.782
73430,0,2,1,0.500,75596,90266,3.288,4.800,15.782
73469,0,2,1,0.500,76211,92231,3.288,4.700,15.454
73510,0,2,1,0.500,77177,93949,3.288,4.700,15.454
73550,0,2,1,0.500,77100,94127,3.288,4.700,15.454
73590,0,2,1,0.500,76957,94154,3.288,4.800,15.782
73630,0,2,1,0.500,76749,93762,3.288,4.800,15.782
73669,0,2,1,0.500,76593,93190,3.292,4.500,14.814
73710,0,2,1,0.500,73299,87378,3.292,4.500,14.814
73750,0,2,1,0.500,67924,76200,3.292,4.500,14.814
73789,0,2,1,0.500,67715,74803,3.292,4.500,14.814
73830,0,2,1,0.500,67044,63731,3.292,4.500,14.814
73869,0,2,1,0.500,65066,56987,3.292,4.500,14.814
73910,0,2,1,0.500,66028,67181,3.292,4.500,14.814
73950,0,2,1,0.500,71514,79434,3.292,4.500,14.814
73989,0,2,1,0.500,74746,85828,3.292,4.800,15.802
74030,0,2,1,0.500,75547,88512,3.292,4.800,15.802
74070,0,2,1,0.500,75868,89765,3.296,4.900,16.150
74109,0,2,1,0.500,76164,90767,3.296,4.900,16.150
74150,0,2,1,0.500,76400,90858,3.296,4.900,16.150
74190,0,2,1,0.500,76728,91625,3.292,4.300,14.156
74229,0,2,1,0.500,77006,92268,3.292,4.300,14.156
74270,0,2,1,0.500,77117,92444,3.292,4.600,15.143
74310,0,2,1,0.500,77329,92627,3.292,4.600,15.143
74350,0,2,1,0.500,77359,92719,3.292,4.600,15.143
74390,0,2,1,0.500,77277,92137,3.292,4.900,16.131
74430,0,2,1,0.500,77100,91534,3.292,4.900,16.131
74470,0,2,1,0.500,76322,90042,3.292,4.700,15.472
74510,0,2,1,0.500,74619,87237,3.292,4.700,15.472
74549,0,2,1,0.500,73016,84729,3.292,4.700,15.472
74590,0,2,1,0.500,71067,79377,3.292,4.400,14.485
74630,0,2,1,0.500,70281,66634,3.292,4.400,14.485
74670,0,2,1,0.500,72516,69630,3.288,4.400,14.467
74710,0,2,1,0.500,71026,74514,3.288,4.400,14.467
74750,0,2,1,0.500,71009,72569,3.288,4.400,14.467
74790,0,2,1,0.500,71316,70016,3.288,4.700,15.454
74830,0,2,1,0.500,73033,69623,3.288,4.700,15.454
74870,0,2,1,0.500,73844,74794,3.288,4.600,15.125
74910,0,2,1,0.500,80155,85796,3.288,4.600,15.125
74950,0,2,1,0.500,81858,89911,3.288,4.600,15.125
74990,0,2,1,0.500,82391,91661,3.288,4.600,15.125
75030,0,2,1,0.500,82711,92502,3.288,4.600,15.125
75070,0,2,1,0.500,82852,92910,3.288,4.700,15.454
75110,0,2,1,0.500,82893,93032,3.288,4.700,15.454
75150,0,2,1,0.500,82835,92943,3.288,4.700,15.454
75190,0,2,1,0.500,82603,92436,3.288,4.400,14.467
75230,0,2,1,0.500,80805,89470,3.288,4.400,14.467
75270,0,2,1,0.500,57476,54439,3.292,4.500,14.814
75310,0,2,1,0.500,42274,37716,3.292,4.500,14.814
75350,0,2,1,0.500,52115,44109,3.292,4.500,14.814
75390,0,2,1,0.500,72276,68324,3.284,4.800,15.763
75430,0,2,1,0.500,77360,77596,3.284,4.800,15.763
75470,0,2,1,0.500,77684,76069,3.288,4.500,14.796
75510,0,2,1,0.500,76721,72285,3.288,4.500,14.796
75550,0,2,1,0.500,63182,58571,3.288,4.500,14.796
75590,0,2,1,0.500,60338,57738,3.272,4.600,15.051
75630,0,2,1,0.500,77538,83909,3.272,4.600,15.051
75670,0,2,1,0.500,79344,87972,3.284,4.600,15.106
75710,0,2,1,0.500,79371,88234,3.284,4.600,15.106
75750,0,2,1,0.500,79661,88770,3.284,4.600,15.106
75790,0,2,1,0.500,79757,88999,3.288,4.600,15.125
75830,0,2,1,0.500,79975,88924,3.288,4.600,15.125
75870,0,2,1,0.500,78384,84787,3.284,4.500,14.778
75910,0,2,1,0.500,46378,38980,3.284,4.500,14.778
75950,0,2,1,0.500,75514,74207,3.284,4.500,14.778
75990,0,2,1,0.500,79331,85443,3.284,4.500,14.778
76030,0,2,1,0.500,79933,86702,3.284,4.500,14.778
76070,0,2,1,0.500,79553,85654,3.284,4.300,14.121
76110,0,2,1,0.500,76471,77417,3.284,4.300,14.121
76150,0,2,1,0.500,38585,31261,3.284,4.300,14.121
76190,0,2,1,0.500,47402,38356,3.288,4.500,14.796
76230,0,2,1,0.500,74593,75968,3.288,4.500,14.796
76270,0,2,1,0.500,78048,83763,3.284,4.400,14.450
76310,0,2,1,0.500,79204,86015,3.284,4.400,14.450
76350,0,2,1,0.500,60938,57887,3.284,4.400,14.450
76390,0,2,1,0.500,30220,20935,3.292,4.300,14.156
76430,0,2,1,0.500,50728,42593,3.292,4.300,14.156
76470,0,2,1,0.500,71756,70709,3.284,4.700,15.435
76510,0,2,1,0.500,67002,63803,3.284,4.700,15.435
76550,0,2,1,0.500,44218,34123,3.284,4.700,15.435
76590,0,2,1,0.500,34184,24028,3.288,4.600,15.125
76630,0,2,1,0.500,63374,54433,3.288,4.600,15.125
76670,0,2,1,0.500,79225,79684,3.292,4.500,14.814
76710,0,2,1,0.500,79552,80505,3.292,4.500,14.814
76750,0,2,1,0.500,73406,69859,3.292,4.500,14.814
76790,0,2,1,0.500,27099,21665,3.292,4.700,15.472
76830,0,2,1,0.500,36248,34391,3.292,4.700,15.472
76870,0,2,1,0.500,76545,75418,3.288,4.600,15.125
76910,0,2,1,0.500,79760,81364,3.288,4.600,15.125
76950,0,2,1,0.500,74820,71777,3.288,4.600,15.125
76990,0,2,1,0.500,16596,15759,3.292,4.700,15.472
77030,0,2,1,0.500,4069,4418,3.292,4.700,15.472
77070,0,2,1,0.500,14134,16292,3.292,4.600,15.143
77110,0,2,1,0.500,49668,53646,3.292,4.600,15.143
77150,0,2,1,0.500,78059,78393,3.292,4.600,15.143
77190,0,2,1,0.500,78375,77590,3.296,4.700,15.491
77230,0,2,1,0.500,34177,32653,3.296,4.700,15.491
77270,0,2,1,0.500,12619,10891,3.288,4.500,14.796
77310,0,2,1,0.500,33815,28913,3.288,4.500,14.796
77350,0,2,1,0.500,74954,70308,3.288,4.500,14.796
77390,0,2,1,0.500,75130,74356,3.288,4.400,14.467
77430,0,2,1,0.500,60518,53193,3.288,4.400,14.467
77470,0,2,1,0.500,14896,12939,3.292,4.400,14.485
77510,0,2,1,0.500,9449,8313,3.292,4.400,14.485
77550,0,2,1,0.500,14369,12762,3.292,4.400,14.485
77590,0,2,1,0.500,18605,16390,3.292,4.500,14.814
77630,0,2,1,0.500,13442,11964,3.292,4.500,14.814
77670,0,2,1,0.500,8881,8188,3.292,4.700,15.472
77710,0,2,1,0.500,6491,6058,3.292,4.700,15.472
77750,0,2,1,0.500,4860,4544,3.292,4.700,15.472
77790,0,2,1,0.500,4594,4298,3.288,4.600,15.125
77830,0,2,1,0.500,4899,4530,3.288,4.600,15.125
77870,0,2,1,0.500,4552,4183,3.292,4.300,14.156
77910,0,2,1,0.500,4617,4270,3.292,4.300,14.156
77950,0,2,1,0.500,4785,4384,3.292,4.300,14.156
77990,0,2,1,0.500,4755,4257,3.288,4.600,15.125
78030,0,2,1,0.500,9829,8462,3.288,4.600,15.125
78070,0,2,1,0.500,44900,36766,3.292,4.400,14.485
78110,0,2,1,0.500,75475,76464,3.292,4.400,14.485
78150,0,2,1,0.500,75540,76432,3.292,4.400,14.485
78190,0,2,1,0.500,53298,44567,3.292,4.300,14.156
78230,0,2,1,0.500,14808,12341,3.292,4.300,14.156
78270,0,2,1,0.500,29717,26502,3.292,4.800,15.802
78310,0,2,1,0.500,70280,67386,3.292,4.800,15.802
78350,0,2,1,0.500,74435,73581,3.292,4.800,15.802
78390,0,2,1,0.500,73944,72688,3.288,4.400,14.467
78430,0,2,1,0.500,68532,58913,3.288,4.400,14.467
78470,0,2,1,0.500,59860,53553,3.288,4.600,15.125
78510,0,2,1,0.500,76237,72062,3.288,4.600,15.125
78550,0,2,1,0.500,70174,68241,3.288,4.600,15.125
78590,0,2,1,0.500,71827,69747,3.288,4.500,14.796
78630,0,2,1,0.500,71168,66270,3.288,4.500,14.796
78670,0,2,1,0.500,53421,50010,3.288,4.600,15.125
78710,0,2,1,0.500,75817,70062,3.288,4.600,15.125
78750,0,2,1,0.500,73732,71603,3.288,4.600,15.125
78790,0,2,1,0.500,74727,69681,3.280,4.700,15.416
78830,0,2,1,0.500,69249,64023,3.280,4.700,15.416
78870,0,2,1,0.500,51345,49254,3.284,4.400,14.450
78910,0,2,1,0.500,67506,59728,3.284,4.400,14.450
78950,0,2,1,0.500,67983,63899,3.284,4.400,14.450
78990,0,2,1,0.500,71532,68719,3.296,4.400,14.502
79030,0,2,1,0.500,77833,73593,3.296,4.400,14.502
79070,0,2,1,0.500,75904,72767,3.276,4.300,14.087
79110,0,2,1,0.500,75405,75206,3.276,4.300,14.087
79150,0,2,1,0.500,77800,78607,3.276,4.300,14.087
79190,0,2,1,0.500,76509,76342,3.296,4.600,15.162
79230,0,2,1,0.500,73594,64677,3.296,4.600,15.162
79270,0,2,1,0.500,70200,58996,3.232,4.300,13.898
79310,0,2,1,0.500,60725,49998,3.232,4.300,13.898
79350,0,2,1,0.500,76274,68805,3.232,4.300,13.898
79390,0,2,1,0.500,69635,59469,3.292,4.300,14.156
79430,0,2,1,0.500,62264,52951,3.292,4.300,14.156
79470,0,2,1,0.500,63941,56292,3.292,4.400,14.485
79510,0,2,1,0.500,74824,69285,3.292,4.400,14.485
79550,0,2,1,0.500,72953,70819,3.292,4.400,14.485
79590,0,2,1,0.500,71410,62862,3.272,4.400,14.397
79630,0,2,1,0.500,29458,24624,3.272,4.400,14.397
79670,0,2,1,0.500,32270,30714,3.284,4.400,14.450
79710,0,2,1,0.500,48892,42003,3.284,4.400,14.450
79750,0,2,1,0.500,30194,19170,3.284,4.400,14.450
79790,0,2,1,0.500,34872,23654,3.292,4.500,14.814
79830,0,2,1,0.500,46006,34784,3.292,4.500,14.814
79870,0,2,1,0.500,67422,62963,3.288,4.300,14.138
79910,0,2,1,0.500,79002,78607,3.288,4.300,14.138
79950,0,2,1,0.500,80041,80624,3.288,4.300,14.138
79990,0,2,1,0.500,81299,83032,3.288,4.800,15.782
80030,0,2,1,0.500,83309,88105,3.288,4.800,15.782
80070,0,2,1,0.500,85068,92173,3.292,4.600,15.143
80110,0,2,1,0.500,86060,94703,3.292,4.600,15.143
80150,0,2,1,0.500,86824,96512,3.292,4.600,15.143
80190,0,2,1,0.500,87409,97738,3.292,4.800,15.802
80230,0,2,1,0.500,87728,98192,3.292,4.800,15.802
80270,0,2,1,0.500,87698,97970,3.292,4.600,15.143
80310,0,2,1,0.500,87448,97291,3.292,4.600,15.143
80350,0,2,1,0.500,86809,95515,3.292,4.600,15.143
80390,0,2,1,0.500,57790,58600,3.288,4.400,14.467
80430,0,2,1,0.500,10517,11103,3.288,4.400,14.467
80470,0,2,1,0.500,27925,27967,3.292,4.500,14.814
80510,0,2,1,0.500,73796,68848,3.292,4.500,14.814
80550,0,2,1,0.500,75941,79139,3.292,4.500,14.814
80590,0,2,1,0.500,75866,79445,3.292,4.600,15.143
80630,0,2,1,0.500,75550,78781,3.292,4.600,15.143
80670,0,2,1,0.500,75157,77883,3.292,4.300,14.156
80710,0,2,1,0.500,72584,74496,3.292,4.300,14.156
80750,0,2,1,0.500,73708,67024,3.292,4.300,14.156
80790,0,2,1,0.500,46617,34968,3.292,4.700,15.472
80830,0,2,1,0.500,61768,50428,3.292,4.700,15.472
80870,0,2,1,0.500,74144,72428,3.292,4.700,15.472
80910,0,2,1,0.500,71298,70696,3.292,4.700,15.472
80950,0,2,1,0.500,73220,72147,3.292,4.700,15.472
80990,0,2,1,0.500,75663,75561,3.296,4.600,15.162
81030,0,2,1,0.500,78352,80049,3.296,4.600,15.162
81070,0,2,1,0.500,80309,84057,3.292,4.300,14.156
81110,0,2,1,0.500,81805,87615,3.292,4.300,14.156
81150,0,2,1,0.500,82031,89050,3.292,4.300,14.156
81190,0,2,1,0.500,82236,89629,3.292,4.600,15.143
81230,0,2,1,0.500,81712,88348,3.292,4.600,15.143
81270,0,2,1,0.500,79040,82863,3.288,4.600,15.125
81310,0,2,1,0.500,69252,63670,3.288,4.600,15.125
81350,0,2,1,0.500,37204,31530,3.288,4.600,15.125
81390,0,2,1,0.500,44186,36315,3.292,4.500,14.814
81430,0,2,1,0.500,47174,36390,3.292,4.500,14.814
81470,0,2,1,0.500,36485,28139,3.292,4.500,14.814
81510,0,2,1,0.500,71569,70572,3.292,4.500,14.814
81550,0,2,1,0.500,76668,76328,3.292,4.500,14.814
81590,0,2,1,0.500,79540,82917,3.288,4.700,15.454
81630,0,2,1,0.500,81367,87256,3.288,4.700,15.454
81670,0,2,1,0.500,82051,89921,3.288,4.600,15.125
81710,0,2,1,0.500,82547,91519,3.288,4.600,15.125
81750,0,2,1,0.500,82702,92031,3.288,4.600,15.125
81790,0,2,1,0.500,82584,91865,3.292,4.800,15.802
81830,0,2,1,0.500,82228,91188,3.292,4.800,15.802
81870,0,2,1,0.500,81862,90299,3.288,4.600,15.125
81910,0,2,1,0.500,68228,64468,3.288,4.600,15.125
81950,0,2,1,0.500,15633,12430,3.288,4.600,15.125
81990,0,2,1,0.500,11709,9502,3.288,4.700,15.454
82030,0,2,1,0.500,19602,15128,3.288,4.700,15.454
82070,0,2,1,0.500,31744,23721,3.292,4.400,14.485
82110,0,2,1,0.500,30770,23010,3.292,4.400,14.485
82150,0,2,1,0.500,28617,21541,3.292,4.400,14.485
82190,0,2,1,0.500,31120,23644,3.292,4.600,15.143
82230,0,2,1,0.500,31901,24124,3.292,4.600,15.143
82270,0,2,1,0.500,31455,23340,3.292,4.400,14.485
82310,0,2,1,0.500,34377,25457,3.292,4.400,14.485
82350,0,2,1,0.500,36961,27209,3.292,4.400,14.485
82390,0,2,1,0.500,38535,28313,3.292,4.700,15.472
82430,0,2,1,0.500,37690,27577,3.292,4.700,15.472
82470,0,2,1,0.500,43331,32251,3.288,4.400,14.467
82511,0,2,1,0.500,49365,37516,3.288,4.400,14.467
82550,0,2,1,0.500,48831,37049,3.288,4.400,14.467
82590,0,2,1,0.500,60872,48580,3.292,4.400,14.485
82630,0,2,1,0.500,69049,59268,3.292,4.400,14.485
82670,0,2,1,0.500,71154,64730,3.292,4.600,15.143
82711,0,2,1,0.500,78388,77665,3.292,4.600,15.143
82750,0,2,1,0.500,79429,79637,3.292,4.600,15.143
82790,0,2,1,0.500,81925,84643,3.288,4.500,14.796
82831,0,2,1,0.500,84389,90481,3.288,4.500,14.796
82870,0,2,1,0.500,86118,94343,3.292,4.800,15.802
82910,0,2,1,0.500,87103,96480,3.292,4.800,15.802
82951,0,2,1,0.500,87514,97367,3.292,4.800,15.802
82990,0,2,1,0.500,87648,97717,3.292,4.700,15.472
83030,0,2,1,0.500,87806,98045,3.292,4.700,15.472
83070,0,2,1,0.500,87892,98215,3.292,4.600,15.143
83110,0,2,1,0.500,87893,98235,3.292,4.600,15.143
83151,0,2,1,0.500,87769,98057,3.292,4.600,15.143
83190,0,2,1,0.500,87459,97518,3.292,4.700,15.472
83230,0,2,1,0.500,86762,96108,3.292,4.700,15.472
83270,0,2,1,0.500,86126,94694,3.292,4.500,14.814
83310,0,2,1,0.500,84194,91881,3.292,4.500,14.814
83351,0,2,1,0.500,70484,67798,3.292,4.500,14.814
83390,0,2,1,0.500,57592,46478,3.292,4.400,14.485
83430,0,2,1,0.500,46841,35048,3.292,4.400,14.485
83470,0,2,1,0.500,34310,24060,3.292,4.700,15.472
83510,0,2,1,0.500,48639,36529,3.292,4.700,15.472
83550,0,2,1,0.500,60868,49255,3.292,4.700,15.472
83590,0,2,1,0.500,55450,42550,3.292,4.700,15.472
83630,0,2,1,0.500,45188,33091,3.292,4.700,15.472
83671,0,2,1,0.500,55606,42981,3.292,4.700,15.472
83710,0,2,1,0.500,71352,66131,3.292,4.700,15.472
83751,0,2,1,0.500,77856,79567,3.292,4.700,15.472
83790,0,2,1,0.500,81464,87477,3.288,4.700,15.454
83830,0,2,1,0.500,83101,91721,3.288,4.700,15.454
83871,0,2,1,0.500,83920,93520,3.292,4.400,14.485
83910,0,2,1,0.500,84602,94961,3.292,4.400,14.485
83950,0,2,1,0.500,85187,96273,3.292,4.400,14.485
83990,0,2,1,0.500,85818,97491,3.292,4.800,15.802
84030,0,2,1,0.500,86248,98164,3.292,4.800,15.802
84071,0,2,1,0.500,86590,98566,3.292,4.800,15.802
84110,0,2,1,0.500,86728,98804,3.292,4.800,15.802
84150,0,2,1,0.500,86813,98983,3.292,4.800,15.802
84191,0,2,1,0.500,86890,99135,3.292,4.400,14.485
84230,0,2,1,0.500,86898,99115,3.292,4.400,14.485
84271,0,2,1,0.500,86819,98956,3.292,4.500,14.814
84310,0,2,1,0.500,86792,98950,3.292,4.500,14.814
84350,0,2,1,0.500,86805,99037,3.292,4.500,14.814
84391,0,2,1,0.500,86902,99242,3.292,4.900,16.131
84430,0,2,1,0.500,86909,99276,3.292,4.900,16.131
84471,0,2,1,0.500,86898,99320,3.292,4.700,15.472
84511,0,2,1,0.500,86891,99317,3.292,4.700,15.472
84550,0,2,1,0.500,86845,99274,3.292,4.700,15.472
84591,0,2,1,0.500,86718,99030,3.292,4.800,15.802
84631,0,2,1,0.500,86307,98237,3.292,4.800,15.802
84671,0,2,1,0.500,85521,96503,3.292,4.700,15.472
84711,0,2,1,0.500,84341,94258,3.292,4.700,15.472
84750,0,2,1,0.500,77828,80793,3.292,4.700,15.472
84791,0,2,1,0.500,58352,51829,3.292,4.600,15.143
84831,0,2,1,0.500,61773,56591,3.292,4.600,15.143
84871,0,2,1,0.500,79731,79858,3.292,4.300,14.156
84911,0,2,1,0.500,74531,78711,3.292,4.300,14.156
84951,0,2,1,0.500,72929,76431,3.292,4.300,14.156
84991,0,2,1,0.500,71673,74057,3.292,4.800,15.802
85031,0,2,1,0.500,72316,76400,3.292,4.800,15.802
85070,0,2,1,0.500,73464,79640,3.292,4.500,14.814
85111,0,2,1,0.500,75833,83873,3.292,4.500,14.814
85151,0,2,1,0.500,77352,87220,3.292,4.500,14.814
85191,0,2,1,0.500,77934,88550,3.292,4.500,14.814
85231,0,2,1,0.500,78406,89413,3.292,4.500,14.814
85270,0,2,1,0.500,78754,90017,3.292,4.600,15.143
85311,0,2,1,0.500,78879,90314,3.292,4.600,15.143
85351,0,2,1,0.500,78804,90274,3.292,4.600,15.143
85391,0,2,1,0.500,78489,89881,3.292,4.500,14.814
85431,0,2,1,0.500,78137,89262,3.292,4.500,14.814
85470,0,2,1,0.500,77136,87313,3.296,4.500,14.832
85511,0,2,1,0.500,77120,81561,3.296,4.500,14.832
85551,0,2,1,0.500,74409,64147,3.296,4.500,14.832
85591,0,2,1,0.500,73202,65541,3.292,4.500,14.814
85631,0,2,1,0.500,74130,76025,3.292,4.500,14.814
85671,0,2,1,0.500,74507,75602,3.292,4.400,14.485
85711,0,2,1,0.500,73475,74579,3.292,4.400,14.485
85751,0,2,1,0.500,75024,75372,3.292,4.400,14.485
85790,0,2,1,0.500,76005,75047,3.292,4.400,14.485
85831,0,2,1,0.500,73515,66604,3.292,4.400,14.485
85871,0,2,1,0.500,49407,36649,3.292,4.200,13.826
85911,0,2,1,0.500,34736,23263,3.292,4.200,13.826
85951,0,2,1,0.500,23353,13545,3.292,4.200,13.826
85991,0,2,1,0.500,32565,21070,3.292,4.600,15.143
86031,0,2,1,0.500,41191,29689,3.292,4.600,15.143
86071,0,2,1,0.500,41636,30416,3.292,4.600,15.143
86111,0,2,1,0.500,40282,28682,3.292,4.600,15.143
86151,0,2,1,0.500,44077,32606,3.292,4.600,15.143
86191,0,2,1,0.500,45926,34420,3.288,4.700,15.454
86231,0,2,1,0.500,50499,39508,3.288,4.700,15.454
86271,0,2,1,0.500,60076,52001,3.292,4.700,15.472
86311,0,2,1,0.500,58206,49559,3.292,4.700,15.472
86351,0,2,1,0.500,59515,49824,3.292,4.700,15.472
86391,0,2,1,0.500,68062,64057,3.292,4.800,15.802
86431,0,2,1,0.500,75925,78924,3.292,4.800,15.802
86471,0,2,1,0.500,79691,85524,3.292,4.400,14.485
86511,0,2,1,0.500,81233,88820,3.292,4.400,14.485
86551,0,2,1,0.500,81942,91012,3.292,4.400,14.485
86591,0,2,1,0.500,82229,92428,3.288,4.500,14.796
86631,0,2,1,0.500,82412,93206,3.288,4.500,14.796
86671,0,2,1,0.500,82433,93426,3.292,4.700,15.472
86711,0,2,1,0.500,81873,92116,3.292,4.700,15.472
86751,0,2,1,0.500,80805,89256,3.292,4.700,15.472
86791,0,2,1,0.500,74470,72413,3.292,4.500,14.814
86831,0,2,1,0.500,55801,46546,3.292,4.500,14.814
86871,0,2,1,0.500,35353,28437,3.292,4.500,14.814
86911,0,2,1,0.500,40430,33978,3.292,4.500,14.814
86951,0,2,1,0.500,58542,51214,3.292,4.500,14.814
86991,0,2,1,0.500,59494,51010,3.288,4.500,14.796
87031,0,2,1,0.500,44078,36516,3.288,4.500,14.796
87071,0,2,1,0.500,36969,30252,3.292,4.600,15.143
87111,0,2,1,0.500,26124,21071,3.292,4.600,15.143
87151,0,2,1,0.500,48358,40994,3.292,4.600,15.143
87191,0,2,1,0.500,68722,58030,3.288,4.400,14.467
87231,0,2,1,0.500,70974,64260,3.288,4.400,14.467
87271,0,2,1,0.500,75361,74662,3.292,4.700,15.472
87311,0,2,1,0.500,74847,74219,3.292,4.700,15.472
87351,0,2,1,0.500,73710,71382,3.292,4.700,15.472
87391,0,2,1,0.500,69131,59653,3.292,4.500,14.814
87431,0,2,1,0.500,68437,60662,3.292,4.500,14.814
87471,0,2,1,0.500,64998,57105,3.292,4.400,14.485
87511,0,2,1,0.500,57692,50486,3.292,4.400,14.485
87551,0,2,1,0.500,53467,44683,3.292,4.400,14.485
87591,0,2,1,0.500,58004,46819,3.292,4.600,15.143
87631,0,2,1,0.500,53784,47376,3.292,4.600,15.143
87671,0,2,1,0.500,64582,55837,3.288,4.400,14.467
87711,0,2,1,0.500,72717,71334,3.288,4.400,14.467
87751,0,2,1,0.500,76480,69280,3.288,4.400,14.467
87791,0,2,1,0.500,61081,54098,3.292,4.500,14.814
87831,0,2,1,0.500,56630,54033,3.292,4.500,14.814
87871,0,2,1,0.500,74756,72567,3.288,4.500,14.796
87911,0,2,1,0.500,73701,72273,3.288,4.500,14.796
87951,0,2,1,0.500,72926,71539,3.288,4.500,14.796
87991,0,2,1,0.500,76066,72079,3.292,4.400,14.485
88031,0,2,1,0.500,63682,56185,3.292,4.400,14.485
88071,0,2,1,0.500,48744,41874,3.288,4.500,14.796
88111,0,2,1,0.500,60757,50560,3.288,4.500,14.796
88151,0,2,1,0.500,70975,69232,3.288,4.500,14.796
88191,0,2,1,0.500,70094,67937,3.292,4.500,14.814
88231,0,2,1,0.500,77235,71410,3.292,4.500,14.814
88271,0,2,1,0.500,79086,74319,3.292,4.500,14.814
88311,0,2,1,0.500,78958,73966,3.292,4.500,14.814
88351,0,2,1,0.500,79483,73735,3.292,4.500,14.814
88391,0,2,1,0.500,74645,72344,3.292,4.500,14.814
88431,0,2,1,0.500,75310,72663,3.292,4.500,14.814
88471,0,2,1,0.500,73864,68466,3.292,4.400,14.485
88511,0,2,1,0.500,53152,50205,3.292,4.400,14.485
88551,0,2,1,0.500,73222,63822,3.292,4.400,14.485
88591,0,2,1,0.500,52835,39980,3.292,4.400,14.485
88631,0,2,1,0.500,54896,41936,3.292,4.400,14.485
88671,0,2,1,0.500,65643,52400,3.292,4.700,15.472
88711,0,2,1,0.500,73957,63136,3.292,4.700,15.472
88751,0,2,1,0.500,73348,64291,3.292,4.700,15.472
88791,0,2,1,0.500,73293,65638,3.292,4.300,14.156
88831,0,2,1,0.500,71608,60642,3.292,4.300,14.156
88871,0,2,1,0.500,64928,51658,3.292,4.500,14.814
88911,0,2,1,0.500,64562,52708,3.292,4.500,14.814
88951,0,2,1,0.500,67934,57523,3.292,4.500,14.814
88991,0,2,1,0.500,72837,62935,3.292,4.500,14.814
89031,0,2,1,0.500,69824,61448,3.292,4.500,14.814
89071,0,2,1,0.500,62654,54355,3.288,4.400,14.467
89111,0,2,1,0.500,51399,40490,3.288,4.400,14.467
89151,0,2,1,0.500,53798,40889,3.288,4.400,14.467
89191,0,2,1,0.500,64589,52179,3.292,4.800,15.802
89231,0,2,1,0.500,72151,63108,3.292,4.800,15.802
89271,0,2,1,0.500,72183,65642,3.288,4.800,15.782
89311,0,2,1,0.500,67137,61150,3.288,4.800,15.782
89351,0,2,1,0.500,62364,54447,3.288,4.800,15.782
89391,0,2,1,0.500,55156,48136,3.292,4.300,14.156
89431,0,2,1,0.500,57750,50655,3.292,4.300,14.156
89471,0,2,1,0.500,62364,55047,3.288,4.800,15.782
89511,0,2,1,0.500,70543,61411,3.288,4.800,15.782
89551,0,2,1,0.500,70379,62750,3.288,4.800,15.782
89591,0,2,1,0.500,57478,44332,3.292,4.400,14.485
89631,0,2,1,0.500,62879,50014,3.292,4.400,14.485
89671,0,2,1,0.500,58012,45012,3.292,4.500,14.814
89711,0,2,1,0.500,69007,62868,3.292,4.500,14.814
89751,0,2,1,0.500,74014,70412,3.292,4.500,14.814
89791,0,2,1,0.500,76848,70774,3.288,4.600,15.125
89831,0,2,1,0.500,69009,60030,3.288,4.600,15.125
89871,0,2,1,0.500,57152,47368,3.288,4.500,14.796
89911,0,2,1,0.500,49629,39411,3.288,4.500,14.796
89951,0,2,1,0.500,57466,48370,3.288,4.500,14.796
89991,0,2,1,0.500,49678,36686,3.288,4.700,15.454
90031,0,2,1,0.500,34071,23749,3.288,4.700,15.454
90071,0,2,1,0.500,31377,19893,3.292,4.500,14.814
90111,0,2,1,0.500,35279,23586,3.292,4.500,14.814
90151,0,2,1,0.500,29261,18578,3.292,4.500,14.814
90191,0,2,1,0.500,27008,16675,3.292,4.200,13.826
90231,0,2,1,0.500,25801,16238,3.292,4.200,13.826
90271,0,2,1,0.500,46260,35490,3.288,4.600,15.125
90311,0,2,1,0.500,61976,51117,3.288,4.600,15.125
90351,0,2,1,0.500,65644,57064,3.288,4.600,15.125
90391,0,2,1,0.500,50315,38537,3.288,4.700,15.454
90431,0,2,1,0.500,46862,34716,3.288,4.700,15.454
90471,0,2,1,0.500,40156,27805,3.288,4.800,15.782
90511,0,2,1,0.500,53928,43730,3.288,4.800,15.782
90551,0,2,1,0.500,48815,43928,3.288,4.800,15.782
90591,0,2,1,0.500,43361,38662,3.288,4.700,15.454
90631,0,2,1,0.500,29754,24593,3.288,4.700,15.454
90671,0,2,1,0.500,19368,15042,3.288,4.300,14.138
90711,0,2,1,0.500,10845,8065,3.288,4.300,14.138
90751,0,2,1,0.500,7537,5511,3.288,4.300,14.138
90791,0,2,1,0.500,5634,3893,3.288,4.600,15.125
