190,0,2,1,0.500,74234,78641,3.284,3.700,12.151
230,0,2,1,0.500,81845,90545,3.284,3.700,12.151
270,0,2,1,0.500,81866,90592,3.276,4.700,15.397
310,0,2,1,0.500,81657,90115,3.276,4.700,15.397
350,0,2,1,0.500,81400,89544,3.276,4.700,15.397
390,0,2,1,0.500,81261,89268,3.276,4.700,15.397
430,0,2,1,0.500,81299,89310,3.276,4.700,15.397
470,0,2,1,0.500,81333,89449,3.276,4.700,15.397
510,0,2,1,0.500,81418,89579,3.276,4.700,15.397
550,0,2,1,0.500,81452,89683,3.276,4.700,15.397
590,0,2,1,0.500,81491,89776,3.276,4.700,15.397
630,0,2,1,0.500,81504,89823,3.276,4.700,15.397
670,0,2,1,0.500,81549,89910,3.272,4.800,15.706
710,0,2,1,0.500,81554,89966,3.272,4.800,15.706
750,0,2,1,0.500,81621,90092,3.272,4.800,15.706
790,0,2,1,0.500,81669,90211,3.276,4.900,16.052
830,0,2,1,0.500,81678,90252,3.276,4.900,16.052
870,0,2,1,0.500,81777,90441,3.276,4.600,15.070
910,0,2,1,0.500,81813,90548,3.276,4.600,15.070
950,0,2,1,0.500,81849,90644,3.276,4.600,15.070
990,0,2,1,0.500,81717,90368,3.276,4.600,15.070
1030,0,2,1,0.500,81448,89768,3.276,4.600,15.070
1070,0,2,1,0.500,81243,89329,3.276,4.700,15.397
1110,0,2,1,0.500,81268,89411,3.276,4.700,15.397
1150,0,2,1,0.500,81344,89535,3.276,4.700,15.397
1190,0,2,1,0.500,81464,89775,3.276,4.600,15.070
1230,0,2,1,0.500,81552,89969,3.276,4.600,15.070
1270,0,2,1,0.500,81656,90151,3.272,4.800,15.706
1310,0,2,1,0.500,81671,90237,3.272,4.800,15.706
1350,0,2,1,0.500,81729,90347,3.272,4.800,15.706
1390,0,2,1,0.500,81800,90500,3.276,4.800,15.725
1430,0,2,1,0.500,81880,90656,3.276,4.800,15.725
1470,0,2,1,0.500,81725,90746,3.276,4.900,16.052
1510,0,2,1,0.500,81580,90868,3.276,4.900,16.052
1550,0,2,1,0.500,81639,90998,3.276,4.900,16.052
1590,0,2,1,0.500,81662,91036,3.276,4.700,15.397
1630,0,2,1,0.500,81671,91123,3.276,4.700,15.397
1670,0,2,1,0.500,81651,91076,3.272,4.700,15.378
1710,0,2,1,0.500,81412,90502,3.272,4.700,15.378
1750,0,2,1,0.500,81064,89786,3.272,4.700,15.378
1790,0,2,1,0.500,80888,89412,3.272,4.800,15.706
1830,0,2,1,0.500,80921,89505,3.272,4.800,15.706
1870,0,2,1,0.500,81007,89701,3.272,4.700,15.378
1910,0,2,1,0.500,81130,89880,3.272,4.700,15.378
1950,0,2,1,0.500,81187,90073,3.272,4.700,15.378
1990,0,2,1,0.500,81163,90071,3.276,4.600,15.070
2030,0,2,1,0.500,81076,89885,3.276,4.600,15.070
2070,0,2,1,0.500,81047,89875,3.272,4.600,15.051
2110,0,2,1,0.500,81001,89781,3.272,4.600,15.051
2150,0,2,1,0.500,81005,89824,3.272,4.600,15.051
2190,0,2,1,0.500,81024,89856,3.276,4.700,15.397
2230,0,2,1,0.500,81040,89944,3.276,4.700,15.397
2270,0,2,1,0.500,81039,89990,3.276,4.500,14.742
2310,0,2,1,0.500,81115,90125,3.276,4.500,14.742
2350,0,2,1,0.500,81069,90050,3.276,4.500,14.742
2390,0,2,1,0.500,80755,89378,3.276,4.900,16.052
2430,0,2,1,0.500,80429,88678,3.276,4.900,16.052
2470,0,2,1,0.500,80373,88518,3.272,4.700,15.378
2510,0,2,1,0.500,80458,88685,3.272,4.700,15.378
2550,0,2,1,0.500,80523,88899,3.272,4.700,15.378
2590,0,2,1,0.500,80743,89331,3.276,4.500,14.742
2630,0,2,1,0.500,80957,89733,3.276,4.500,14.742
2670,0,2,1,0.500,81012,89816,3.276,4.700,15.397
2710,0,2,1,0.500,80916,89663,3.276,4.700,15.397
2750,0,2,1,0.500,80824,89502,3.276,4.700,15.397
2790,0,2,1,0.500,80858,89568,3.276,4.800,15.725
2830,0,2,1,0.500,80964,89779,3.276,4.800,15.725
2870,0,2,1,0.500,81043,89993,3.276,4.800,15.725
2910,0,2,1,0.500,81085,90128,3.276,4.800,15.725
2950,0,2,1,0.500,81111,90205,3.276,4.800,15.725
2990,0,2,1,0.500,81097,90178,3.276,4.500,14.742
3030,0,2,1,0.500,80963,89861,3.276,4.500,14.742
3070,0,2,1,0.500,80589,89017,3.276,4.700,15.397
3110,0,2,1,0.500,80283,88344,3.276,4.700,15.397
3150,0,2,1,0.500,80190,88121,3.276,4.700,15.397
3190,0,2,1,0.500,80194,88159,3.276,4.900,16.052
3230,0,2,1,0.500,80276,88315,3.276,4.900,16.052
3270,0,2,1,0.500,80371,88553,3.272,4.800,15.706
3310,0,2,1,0.500,80525,88859,3.272,4.800,15.706
3350,0,2,1,0.500,80662,89124,3.272,4.800,15.706
3390,0,2,1,0.500,80630,89062,3.272,4.800,15.706
3430,0,2,1,0.500,80629,89054,3.272,4.800,15.706
3470,0,2,1,0.500,80718,89219,3.276,4.800,15.725
3510,0,2,1,0.500,80777,89388,3.276,4.800,15.725
3550,0,2,1,0.500,80836,89509,3.276,4.800,15.725
3590,0,2,1,0.500,80924,89675,3.276,4.600,15.070
3630,0,2,1,0.500,80897,89703,3.276,4.600,15.070
3670,0,2,1,0.500,80927,89728,3.276,4.600,15.070
3710,0,2,1,0.500,80785,89446,3.276,4.600,15.070
3750,0,2,1,0.500,80410,88576,3.276,4.600,15.070
3790,0,2,1,0.500,80133,88037,3.272,5.100,16.687
3830,0,2,1,0.500,80250,88250,3.272,5.100,16.687
3870,0,2,1,0.500,80403,88612,3.276,4.700,15.397
3910,0,2,1,0.500,80605,89028,3.276,4.700,15.397
3950,0,2,1,0.500,80739,89314,3.276,4.700,15.397
3990,0,2,1,0.500,80787,89418,3.272,4.800,15.706
4030,0,2,1,0.500,80781,89352,3.272,4.800,15.706
4070,0,2,1,0.500,80741,89313,3.272,4.800,15.706
4110,0,2,1,0.500,80731,89279,3.272,4.800,15.706
4150,0,2,1,0.500,80744,89351,3.272,4.800,15.706
4190,0,2,1,0.500,80793,89416,3.272,4.800,15.706
4230,0,2,1,0.500,80781,89418,3.272,4.800,15.706
4270,0,2,1,0.500,80739,89359,3.272,4.800,15.706
4310,0,2,1,0.500,80692,89274,3.272,4.800,15.706
4350,0,2,1,0.500,80726,89400,3.272,4.800,15.706
4390,0,2,1,0.500,80704,89363,3.272,4.600,15.051
4430,0,2,1,0.500,80544,88985,3.272,4.600,15.051
4470,0,2,1,0.500,80452,88809,3.276,4.600,15.070
4510,0,2,1,0.500,80633,89120,3.276,4.600,15.070
4550,0,2,1,0.500,80750,89349,3.276,4.600,15.070
4590,0,2,1,0.500,80759,89357,3.276,4.500,14.742
4630,0,2,1,0.500,80832,89521,3.276,4.500,14.742
4670,0,2,1,0.500,80941,89756,3.276,4.600,15.070
4710,0,2,1,0.500,81044,89979,3.276,4.600,15.070
4750,0,2,1,0.500,81164,90222,3.276,4.600,15.070
4790,0,2,1,0.500,81275,90483,3.272,4.700,15.378
4830,0,2,1,0.500,81365,90660,3.272,4.700,15.378
4870,0,2,1,0.500,81463,90855,3.276,4.800,15.725
4910,0,2,1,0.500,81487,90933,3.276,4.800,15.725
4950,0,2,1,0.500,81551,91070,3.276,4.800,15.725
4990,0,2,1,0.500,81591,91222,3.276,4.700,15.397
5030,0,2,1,0.500,81645,91322,3.276,4.700,15.397
5070,0,2,1,0.500,81728,91481,3.272,4.800,15.706
5110,0,2,1,0.500,81639,91255,3.272,4.800,15.706
5150,0,2,1,0.500,81425,90757,3.272,4.800,15.706
5190,0,2,1,0.500,81314,90541,3.276,4.600,15.070
5230,0,2,1,0.500,81382,90677,3.276,4.600,15.070
5270,0,2,1,0.500,81410,90743,3.276,4.800,15.725
5310,0,2,1,0.500,81432,90821,3.276,4.800,15.725
5350,0,2,1,0.500,81473,90909,3.276,4.800,15.725
5390,0,2,1,0.500,81463,90863,3.272,4.900,16.033
5430,0,2,1,0.500,81414,90783,3.272,4.900,16.033
5470,0,2,1,0.500,81461,90860,3.276,4.700,15.397
5510,0,2,1,0.500,81476,90930,3.276,4.700,15.397
5550,0,2,1,0.500,81522,91000,3.276,4.700,15.397
5590,0,2,1,0.500,81537,91038,3.272,4.500,14.724
5630,0,2,1,0.500,81554,91075,3.272,4.500,14.724
5670,0,2,1,0.500,81510,91050,3.276,4.800,15.725
5710,0,2,1,0.500,81566,91145,3.276,4.800,15.725
5750,0,2,1,0.500,81549,91089,3.276,4.800,15.725
5790,0,2,1,0.500,81311,90580,3.272,5.000,16.360
5830,0,2,1,0.500,81050,90010,3.272,5.000,16.360
5870,0,2,1,0.500,80962,89788,3.276,4.800,15.725
5910,0,2,1,0.500,80952,89782,3.276,4.800,15.725
5950,0,2,1,0.500,80933,89724,3.276,4.800,15.725
5990,0,2,1,0.500,80888,89638,3.276,4.600,15.070
6030,0,2,1,0.500,80786,89485,3.276,4.600,15.070
6070,0,2,1,0.500,80717,89322,3.272,4.600,15.051
6110,0,2,1,0.500,80629,89123,3.272,4.600,15.051
6150,0,2,1,0.500,80524,88919,3.272,4.600,15.051
6190,0,2,1,0.500,80513,88950,3.272,4.500,14.724
6230,0,2,1,0.500,80605,89113,3.272,4.500,14.724
6270,0,2,1,0.500,80716,89376,3.272,4.700,15.378
6311,0,2,1,0.500,80845,89673,3.272,4.700,15.378
6350,0,2,1,0.500,80935,89834,3.272,4.700,15.378
6390,0,2,1,0.500,81035,90033,3.272,4.700,15.378
6431,0,2,1,0.500,80960,89903,3.272,4.700,15.378
6470,0,2,1,0.500,80690,89239,3.276,4.600,15.070
6510,0,2,1,0.500,80428,88627,3.276,4.600,15.070
6551,0,2,1,0.500,80380,88614,3.276,4.600,15.070
6590,0,2,1,0.500,80466,88763,3.272,4.900,16.033
6630,0,2,1,0.500,80575,88990,3.272,4.900,16.033
6670,0,2,1,0.500,80633,89164,3.272,4.700,15.378
6710,0,2,1,0.500,80759,89345,3.272,4.700,15.378
6750,0,2,1,0.500,80819,89492,3.272,4.700,15.378
6790,0,2,1,0.500,80843,89602,3.272,4.800,15.706
6830,0,2,1,0.500,80958,89774,3.272,4.800,15.706
6870,0,2,1,0.500,81009,89943,3.272,4.900,16.033
6910,0,2,1,0.500,81124,90149,3.272,4.900,16.033
6950,0,2,1,0.500,81210,90333,3.272,4.900,16.033
6990,0,2,1,0.500,81308,90510,3.272,4.600,15.051
7030,0,2,1,0.500,81386,90721,3.272,4.600,15.051
7070,0,2,1,0.500,81494,90902,3.272,5.000,16.360
7110,0,2,1,0.500,81454,90848,3.272,5.000,16.360
7150,0,2,1,0.500,81214,90289,3.272,5.000,16.360
7190,0,2,1,0.500,80926,89656,3.276,4.700,15.397
7230,0,2,1,0.500,80839,89488,3.276,4.700,15.397
7271,0,2,1,0.500,80933,89632,3.272,5.100,16.687
7310,0,2,1,0.500,80986,89779,3.272,5.100,16.687
7350,0,2,1,0.500,81018,89850,3.272,5.100,16.687
7391,0,2,1,0.500,81103,89996,3.268,4.800,15.686
7430,0,2,1,0.500,81158,90134,3.268,4.800,15.686
7470,0,2,1,0.500,81262,90289,3.272,4.600,15.051
7511,0,2,1,0.500,81354,90511,3.272,4.600,15.051
7550,0,2,1,0.500,81443,90662,3.272,4.600,15.051
7591,0,2,1,0.500,81495,90799,3.272,4.700,15.378
7630,0,2,1,0.500,81604,90967,3.272,4.700,15.378
7670,0,2,1,0.500,81653,91079,3.272,4.700,15.378
7711,0,2,1,0.500,81685,91161,3.272,4.700,15.378
7750,0,2,1,0.500,81697,91214,3.272,4.700,15.378
7790,0,2,1,0.500,81741,91290,3.276,4.800,15.725
7831,0,2,1,0.500,81659,91092,3.276,4.800,15.725
7870,0,2,1,0.500,81348,90408,3.276,4.600,15.070
7910,0,2,1,0.500,81077,89794,3.276,4.600,15.070
7951,0,2,1,0.500,81012,89679,3.276,4.600,15.070
7990,0,2,1,0.500,81058,89797,3.272,4.900,16.033
8030,0,2,1,0.500,81115,89866,3.272,4.900,16.033
8070,0,2,1,0.500,81146,89940,3.272,4.600,15.051
8110,0,2,1,0.500,81161,90024,3.272,4.600,15.051
8151,0,2,1,0.500,81267,90269,3.272,4.600,15.051
8190,0,2,1,0.500,81431,90508,3.268,4.800,15.686
8230,0,2,1,0.500,81479,90628,3.268,4.800,15.686
8271,0,2,1,0.500,81555,90759,3.268,4.800,15.686
8310,0,2,1,0.500,81576,90845,3.268,4.800,15.686
8350,0,2,1,0.500,81603,90899,3.268,4.800,15.686
8391,0,2,1,0.500,81660,90995,3.272,4.800,15.706
8430,0,2,1,0.500,81692,91050,3.272,4.800,15.706
8471,0,2,1,0.500,81707,91114,3.268,4.700,15.360
8511,0,2,1,0.500,81784,91227,3.268,4.700,15.360
8550,0,2,1,0.500,81790,91267,3.268,4.700,15.360
8591,0,2,1,0.500,81571,90786,3.276,4.600,15.070
8631,0,2,1,0.500,81235,90033,3.276,4.600,15.070
8671,0,2,1,0.500,81154,89824,3.272,4.600,15.051
8711,0,2,1,0.500,81206,89888,3.272,4.600,15.051
8751,0,2,1,0.500,81198,89943,3.272,4.600,15.051
8791,0,2,1,0.500,81251,90011,3.272,4.500,14.724
8831,0,2,1,0.500,81303,90146,3.272,4.500,14.724
8870,0,2,1,0.500,81316,90190,3.272,4.500,14.724
8911,0,2,1,0.500,81327,90204,3.272,4.500,14.724
8951,0,2,1,0.500,81341,90239,3.272,4.500,14.724
8991,0,2,1,0.500,81394,90337,3.272,4.600,15.051
9031,0,2,1,0.500,81395,90354,3.272,4.600,15.051
9070,0,2,1,0.500,81402,90354,3.272,4.900,16.033
9111,0,2,1,0.500,81410,90407,3.272,4.900,16.033
9151,0,2,1,0.500,81446,90432,3.272,4.900,16.033
9190,0,2,1,0.500,81459,90472,3.276,4.300,14.087
9231,0,2,1,0.500,81434,90456,3.276,4.300,14.087
9271,0,2,1,0.500,81164,89858,3.268,4.600,15.033
9310,0,2,1,0.500,80765,88999,3.268,4.600,15.033
9351,0,2,1,0.500,80551,88539,3.268,4.600,15.033
9391,0,2,1,0.500,80494,88459,3.276,4.800,15.725
9430,0,2,1,0.500,80529,88484,3.276,4.800,15.725
9471,0,2,1,0.500,80610,88735,3.272,4.500,14.724
9511,0,2,1,0.500,80722,88971,3.272,4.500,14.724
9551,0,2,1,0.500,80795,89135,3.272,4.500,14.724
9591,0,2,1,0.500,80852,89273,3.272,4.700,15.378
9631,0,2,1,0.500,80828,89280,3.272,4.700,15.378
9671,0,2,1,0.500,80917,89399,3.276,4.800,15.725
9711,0,2,1,0.500,80986,89592,3.276,4.800,15.725
9751,0,2,1,0.500,81039,89757,3.276,4.800,15.725
9791,0,2,1,0.500,81199,90063,3.272,4.600,15.051
9831,0,2,1,0.500,81342,90422,3.272,4.600,15.051
9871,0,2,1,0.500,81488,90699,3.272,4.700,15.378
9911,0,2,1,0.500,81451,90671,3.272,4.700,15.378
9951,0,2,1,0.500,81200,90108,3.272,4.700,15.378
9991,0,2,1,0.500,80940,89532,3.272,5.000,16.360
10031,0,2,1,0.500,80910,89478,3.272,5.000,16.360
10071,0,2,1,0.500,80950,89605,3.276,4.700,15.397
10111,0,2,1,0.500,81037,89780,3.276,4.700,15.397
10151,0,2,1,0.500,81113,89961,3.276,4.700,15.397
10191,0,2,1,0.500,81184,90140,3.272,4.700,15.378
10231,0,2,1,0.500,81229,90205,3.272,4.700,15.378
10271,0,2,1,0.500,81281,90312,3.272,4.700,15.378
10311,0,2,1,0.500,81324,90387,3.272,4.700,15.378
10351,0,2,1,0.500,81412,90554,3.272,4.700,15.378
10391,0,2,1,0.500,81527,90734,3.268,4.800,15.686
10431,0,2,1,0.500,81581,90866,3.268,4.800,15.686
10471,0,2,1,0.500,81645,90962,3.272,4.800,15.706
10511,0,2,1,0.500,81645,90987,3.272,4.800,15.706
10551,0,2,1,0.500,81671,91028,3.272,4.800,15.706
10591,0,2,1,0.500,81611,90886,3.272,4.700,15.378
10631,0,2,1,0.500,81334,90246,3.272,4.700,15.378
10671,0,2,1,0.500,80979,89529,3.272,4.700,15.378
10711,0,2,1,0.500,80916,89306,3.272,4.700,15.378
10751,0,2,1,0.500,80969,89415,3.272,4.700,15.378
10791,0,2,1,0.500,81014,89560,3.272,4.600,15.051
10831,0,2,1,0.500,81070,89670,3.272,4.600,15.051
10871,0,2,1,0.500,81132,89829,3.272,4.900,16.033
10911,0,2,1,0.500,81171,89933,3.272,4.900,16.033
10951,0,2,1,0.500,81205,89963,3.272,4.900,16.033
10991,0,2,1,0.500,81231,89994,3.276,4.900,16.052
11031,0,2,1,0.500,81309,90173,3.276,4.900,16.052
11071,0,2,1,0.500,81392,90346,3.272,4.700,15.378
11111,0,2,1,0.500,81423,90480,3.272,4.700,15.378
11151,0,2,1,0.500,81504,90622,3.272,4.700,15.378
11191,0,2,1,0.500,81566,90784,3.272,4.600,15.051
11231,0,2,1,0.500,81633,90922,3.272,4.600,15.051
11271,0,2,1,0.500,81738,91155,3.272,4.600,15.051
11311,0,2,1,0.500,81623,90882,3.272,4.600,15.051
11351,0,2,1,0.500,81343,90270,3.272,4.600,15.051
11391,0,2,1,0.500,81216,89895,3.272,4.800,15.706
11431,0,2,1,0.500,81186,89868,3.272,4.800,15.706
11471,0,2,1,0.500,81259,89948,3.272,4.600,15.051
11511,0,2,1,0.500,81256,90018,3.272,4.600,15.051
11551,0,2,1,0.500,81298,90104,3.272,4.600,15.051
11591,0,2,1,0.500,81310,90126,3.276,4.700,15.397
11631,0,2,1,0.500,81250,90085,3.276,4.700,15.397
11671,0,2,1,0.500,81286,90102,3.268,4.800,15.686
11711,0,2,1,0.500,81309,90177,3.268,4.800,15.686
11751,0,2,1,0.500,81350,90211,3.268,4.800,15.686
11791,0,2,1,0.500,81371,90291,3.276,4.800,15.725
11831,0,2,1,0.500,81431,90405,3.276,4.800,15.725
11871,0,2,1,0.500,81466,90550,3.272,4.500,14.724
11911,0,2,1,0.500,81566,90761,3.272,4.500,14.724
11951,0,2,1,0.500,81630,90895,3.272,4.500,14.724
11991,0,2,1,0.500,81500,90591,3.272,4.600,15.051
12031,0,2,1,0.500,81133,89791,3.272,4.600,15.051
12071,0,2,1,0.500,80887,89267,3.272,4.700,15.378
12111,0,2,1,0.500,80910,89271,3.272,4.700,15.378
12151,0,2,1,0.500,80888,89217,3.272,4.700,15.378
12191,0,2,1,0.500,80900,89302,3.272,4.900,16.033
12231,0,2,1,0.500,80928,89383,3.272,4.900,16.033
12271,0,2,1,0.500,80971,89467,3.272,4.700,15.378
12311,0,2,1,0.500,81070,89657,3.272,4.700,15.378
12351,0,2,1,0.500,81161,89867,3.272,4.700,15.378
12391,0,2,1,0.500,81225,90062,3.276,4.800,15.725
12431,0,2,1,0.500,81312,90219,3.276,4.800,15.725
12471,0,2,1,0.500,81366,90349,3.272,4.700,15.378
12511,0,2,1,0.500,81428,90429,3.272,4.700,15.378
12551,0,2,1,0.500,81428,90470,3.272,4.700,15.378
12591,0,2,1,0.500,81425,90478,3.272,4.900,16.033
12631,0,2,1,0.500,81456,90501,3.272,4.900,16.033
12671,0,2,1,0.500,81448,90502,3.272,4.700,15.378
12711,0,2,1,0.500,81179,89908,3.272,4.700,15.378
12751,0,2,1,0.500,80881,89283,3.272,4.700,15.378
12791,0,2,1,0.500,80812,89099,3.276,4.700,15.397
12831,0,2,1,0.500,80838,89120,3.276,4.700,15.397
12871,0,2,1,0.500,80856,89144,3.276,4.700,15.397
12911,0,2,1,0.500,80874,89222,3.276,4.700,15.397
12951,0,2,1,0.500,80907,89304,3.276,4.700,15.397
12991,0,2,1,0.500,80928,89367,3.272,5.000,16.360
13031,0,2,1,0.500,80913,89290,3.272,5.000,16.360
13071,0,2,1,0.500,80916,89278,3.272,4.800,15.706
13111,0,2,1,0.500,80924,89319,3.272,4.800,15.706
13151,0,2,1,0.500,80909,89298,3.272,4.800,15.706
13191,0,2,1,0.500,80929,89349,3.276,4.600,15.070
13231,0,2,1,0.500,81005,89479,3.276,4.600,15.070
13271,0,2,1,0.500,81022,89582,3.276,4.500,14.742
13311,0,2,1,0.500,81086,89665,3.276,4.500,14.742
13351,0,2,1,0.500,81122,89764,3.276,4.500,14.742
13391,0,2,1,0.500,81112,89758,3.272,4.700,15.378
13431,0,2,1,0.500,80875,89189,3.272,4.700,15.378
13471,0,2,1,0.500,80489,88350,3.276,4.900,16.052
13511,0,2,1,0.500,80318,87958,3.276,4.900,16.052
13551,0,2,1,0.500,80244,87759,3.276,4.900,16.052
13591,0,2,1,0.500,80149,87588,3.276,4.700,15.397
13631,0,2,1,0.500,80117,87551,3.276,4.700,15.397
13671,0,2,1,0.500,80178,87631,3.272,4.400,14.397
13711,0,2,1,0.500,80157,87584,3.272,4.400,14.397
13751,0,2,1,0.500,80176,87626,3.272,4.400,14.397
13791,0,2,1,0.500,80222,87716,3.272,4.800,15.706
13831,0,2,1,0.500,80290,87831,3.272,4.800,15.706
13871,0,2,1,0.500,80387,88084,3.276,4.700,15.397
13911,0,2,1,0.500,80467,88244,3.276,4.700,15.397
13951,0,2,1,0.500,80583,88439,3.276,4.700,15.397
13991,0,2,1,0.500,80676,88623,3.276,4.700,15.397
14031,0,2,1,0.500,80728,88757,3.276,4.700,15.397
14071,0,2,1,0.500,80799,88949,3.276,4.700,15.397
14111,0,2,1,0.500,80874,89110,3.276,4.700,15.397
14151,0,2,1,0.500,80950,89248,3.276,4.700,15.397
14191,0,2,1,0.500,80710,88761,3.276,4.600,15.070
14231,0,2,1,0.500,80302,87826,3.276,4.600,15.070
14271,0,2,1,0.500,80048,87315,3.272,4.800,15.706
14311,0,2,1,0.500,80119,87398,3.272,4.800,15.706
14351,0,2,1,0.500,80255,87673,3.272,4.800,15.706
14391,0,2,1,0.500,80323,87832,3.268,4.700,15.360
14431,0,2,1,0.500,80369,87949,3.268,4.700,15.360
14471,0,2,1,0.500,80510,88217,3.276,4.700,15.397
14511,0,2,1,0.500,80654,88534,3.276,4.700,15.397
14551,0,2,1,0.500,80792,88816,3.276,4.700,15.397
14591,0,2,1,0.500,80914,89024,3.272,4.600,15.051
14631,0,2,1,0.500,81035,89316,3.272,4.600,15.051
14671,0,2,1,0.500,81135,89522,3.272,4.700,15.378
14711,0,2,1,0.500,81210,89675,3.272,4.700,15.378
14751,0,2,1,0.500,81253,89799,3.272,4.700,15.378
14791,0,2,1,0.500,81311,89954,3.272,4.600,15.051
14831,0,2,1,0.500,81381,90107,3.272,4.600,15.051
14871,0,2,1,0.500,81430,90228,3.272,4.500,14.724
14911,0,2,1,0.500,81532,90424,3.272,4.500,14.724
14951,0,2,1,0.500,81605,90566,3.272,4.500,14.724
14991,0,2,1,0.500,81453,90166,3.272,4.900,16.033
15031,0,2,1,0.500,81113,89498,3.272,4.900,16.033
15071,0,2,1,0.500,81070,89298,3.272,4.700,15.378
15111,0,2,1,0.500,81115,89406,3.272,4.700,15.378
15152,0,2,1,0.500,81174,89592,3.272,4.700,15.378
15191,0,2,1,0.500,81294,89797,3.276,5.000,16.380
15231,0,2,1,0.500,81374,89952,3.276,5.000,16.380
15271,0,2,1,0.500,81382,89973,3.272,4.600,15.051
15311,0,2,1,0.500,81383,89980,3.272,4.600,15.051
15352,0,2,1,0.500,81413,90037,3.272,4.600,15.051
15391,0,2,1,0.500,81494,90210,3.272,4.700,15.378
15431,0,2,1,0.500,81570,90364,3.272,4.700,15.378
15471,0,2,1,0.500,81592,90436,3.272,4.500,14.724
15511,0,2,1,0.500,81618,90530,3.272,4.500,14.724
15551,0,2,1,0.500,81651,90558,3.272,4.500,14.724
15591,0,2,1,0.500,81714,90673,3.272,4.900,16.033
15631,0,2,1,0.500,81753,90816,3.272,4.900,16.033
15671,0,2,1,0.500,81824,90963,3.272,5.000,16.360
15711,0,2,1,0.500,81649,90598,3.272,5.000,16.360
15751,0,2,1,0.500,81363,89947,3.272,5.000,16.360
15791,0,2,1,0.500,81256,89646,3.276,4.800,15.725
15831,0,2,1,0.500,81225,89700,3.276,4.800,15.725
15872,0,2,1,0.500,81295,89811,3.272,4.900,16.033
15911,0,2,1,0.500,81375,89976,3.272,4.900,16.033
15951,0,2,1,0.500,81414,90063,3.272,4.900,16.033
15992,0,2,1,0.500,81400,90070,3.272,4.500,14.724
16031,0,2,1,0.500,81418,90111,3.272,4.500,14.724
16072,0,2,1,0.500,81467,90197,3.276,4.600,15.070
16112,0,2,1,0.500,81513,90323,3.276,4.600,15.070
16151,0,2,1,0.500,81579,90468,3.276,4.600,15.070
16192,0,2,1,0.500,81627,90567,3.276,4.700,15.397
16232,0,2,1,0.500,81665,90667,3.276,4.700,15.397
16272,0,2,1,0.500,81711,90799,3.272,4.600,15.051
16312,0,2,1,0.500,81766,90853,3.272,4.600,15.051
16352,0,2,1,0.500,81802,90976,3.272,4.600,15.051
16392,0,2,1,0.500,81778,90959,3.272,4.800,15.706
16432,0,2,1,0.500,81525,90387,3.272,4.800,15.706
16472,0,2,1,0.500,81226,89694,3.272,4.700,15.378
16512,0,2,1,0.500,81157,89585,3.272,4.700,15.378
16552,0,2,1,0.500,81183,89602,3.272,4.700,15.378
16592,0,2,1,0.500,81210,89682,3.276,4.900,16.052
16632,0,2,1,0.500,81292,89830,3.276,4.900,16.052
16672,0,2,1,0.500,81348,90015,3.276,4.700,15.397
16712,0,2,1,0.500,81411,90107,3.276,4.700,15.397
16752,0,2,1,0.500,81412,90148,3.276,4.700,15.397
16792,0,2,1,0.500,81443,90224,3.276,4.700,15.397
16832,0,2,1,0.500,81515,90402,3.276,4.700,15.397
16872,0,2,1,0.500,81573,90512,3.276,4.700,15.397
16912,0,2,1,0.500,81616,90640,3.276,4.700,15.397
16952,0,2,1,0.500,81655,90711,3.276,4.700,15.397
16992,0,2,1,0.500,81715,90884,3.276,4.900,16.052
17032,0,2,1,0.500,81768,90995,3.276,4.900,16.052
17072,0,2,1,0.500,81821,91121,3.272,5.100,16.687
17112,0,2,1,0.500,81792,91039,3.272,5.100,16.687
17152,0,2,1,0.500,81502,90389,3.272,5.100,16.687
17192,0,2,1,0.500,81194,89710,3.272,4.900,16.033
17232,0,2,1,0.500,81120,89523,3.272,4.900,16.033
17272,0,2,1,0.500,81171,89620,3.276,4.600,15.070
17312,0,2,1,0.500,81171,89663,3.276,4.600,15.070
17352,0,2,1,0.500,81247,89796,3.276,4.600,15.070
17392,0,2,1,0.500,81294,89926,3.272,4.800,15.706
17432,0,2,1,0.500,81316,89922,3.272,4.800,15.706
17472,0,2,1,0.500,81339,90021,3.272,4.700,15.378
17512,0,2,1,0.500,81379,90106,3.272,4.700,15.378
17552,0,2,1,0.500,81412,90203,3.272,4.700,15.378
17592,0,2,1,0.500,81460,90302,3.272,4.400,14.397
17632,0,2,1,0.500,81515,90435,3.272,4.400,14.397
17672,0,2,1,0.500,81550,90526,3.276,4.700,15.397
17712,0,2,1,0.500,81615,90680,3.276,4.700,15.397
17752,0,2,1,0.500,81674,90860,3.276,4.700,15.397
17792,0,2,1,0.500,81769,91037,3.272,4.900,16.033
17832,0,2,1,0.500,81881,91271,3.272,4.900,16.033
17872,0,2,1,0.500,81777,91052,3.276,4.500,14.742
17912,0,2,1,0.500,81464,90357,3.276,4.500,14.742
17952,0,2,1,0.500,81245,89864,3.276,4.500,14.742
17992,0,2,1,0.500,81216,89789,3.276,4.700,15.397
18032,0,2,1,0.500,81282,89876,3.276,4.700,15.397
18072,0,2,1,0.500,81326,90055,3.276,4.400,14.414
18112,0,2,1,0.500,81407,90197,3.276,4.400,14.414
18152,0,2,1,0.500,81484,90362,3.276,4.400,14.414
18192,0,2,1,0.500,81538,90464,3.276,4.600,15.070
18232,0,2,1,0.500,81537,90502,3.276,4.600,15.070
18272,0,2,1,0.500,81632,90716,3.272,4.700,15.378
18312,0,2,1,0.500,81723,90869,3.272,4.700,15.378
18352,0,2,1,0.500,81780,91011,3.272,4.700,15.378
18392,0,2,1,0.500,81777,91093,3.272,4.800,15.706
18432,0,2,1,0.500,81847,91191,3.272,4.800,15.706
18472,0,2,1,0.500,81845,91264,3.272,4.800,15.706
18512,0,2,1,0.500,81911,91408,3.272,4.800,15.706
18552,0,2,1,0.500,81990,91564,3.272,4.800,15.706
18592,0,2,1,0.500,82002,91572,3.276,4.600,15.070
18632,0,2,1,0.500,81752,91013,3.276,4.600,15.070
18672,0,2,1,0.500,81490,90397,3.276,5.000,16.380
18712,0,2,1,0.500,81399,90189,3.276,5.000,16.380
18752,0,2,1,0.500,81451,90318,3.276,5.000,16.380
18792,0,2,1,0.500,81573,90528,3.272,4.800,15.706
18832,0,2,1,0.500,81639,90760,3.272,4.800,15.706
18872,0,2,1,0.500,81723,90902,3.276,4.800,15.725
18912,0,2,1,0.500,81721,90899,3.276,4.800,15.725
18952,0,2,1,0.500,81707,90870,3.276,4.800,15.725
18992,0,2,1,0.500,81691,90837,3.272,4.600,15.051
19032,0,2,1,0.500,81732,90943,3.272,4.600,15.051
19072,0,2,1,0.500,81758,91030,3.276,4.700,15.397
19112,0,2,1,0.500,81811,91153,3.276,4.700,15.397
19152,0,2,1,0.500,81845,91259,3.276,4.700,15.397
19192,0,2,1,0.500,81885,91366,3.272,4.500,14.724
19232,0,2,1,0.500,81998,91529,3.272,4.500,14.724
19272,0,2,1,0.500,81997,91613,3.276,4.800,15.725
19312,0,2,1,0.500,81806,91187,3.276,4.800,15.725
19352,0,2,1,0.500,81479,90441,3.276,4.800,15.725
19392,0,2,1,0.500,81349,90071,3.272,4.600,15.051
19432,0,2,1,0.500,81313,90059,3.272,4.600,15.051
19472,0,2,1,0.500,81400,90171,3.276,4.700,15.397
19512,0,2,1,0.500,81447,90369,3.276,4.700,15.397
19552,0,2,1,0.500,81540,90550,3.276,4.700,15.397
19592,0,2,1,0.500,81568,90645,3.276,4.600,15.070
19632,0,2,1,0.500,81581,90626,3.276,4.600,15.070
19672,0,2,1,0.500,81565,90613,3.272,4.700,15.378
19712,0,2,1,0.500,81593,90702,3.272,4.700,15.378
19752,0,2,1,0.500,81646,90835,3.272,4.700,15.378
19792,0,2,1,0.500,81706,90990,3.272,4.600,15.051
19832,0,2,1,0.500,81784,91142,3.272,4.600,15.051
19872,0,2,1,0.500,81822,91274,3.272,4.800,15.706
19912,0,2,1,0.500,81855,91299,3.272,4.800,15.706
19952,0,2,1,0.500,81894,91367,3.272,4.800,15.706
19992,0,2,1,0.500,81787,91146,3.272,4.800,15.706
20032,0,2,1,0.500,81458,90404,3.272,4.800,15.706
20072,0,2,1,0.500,81185,89757,3.276,4.800,15.725
20112,0,2,1,0.500,81093,89568,3.276,4.800,15.725
20152,0,2,1,0.500,81101,89636,3.276,4.800,15.725
20192,0,2,1,0.500,81182,89727,3.272,4.900,16.033
20232,0,2,1,0.500,81207,89802,3.272,4.900,16.033
20272,0,2,1,0.500,81259,89905,3.272,4.800,15.706
20312,0,2,1,0.500,81269,89965,3.272,4.800,15.706
20352,0,2,1,0.500,81245,89960,3.272,4.800,15.706
20392,0,2,1,0.500,81308,90072,3.272,4.700,15.378
20432,0,2,1,0.500,81357,90173,3.272,4.700,15.378
20472,0,2,1,0.500,81400,90294,3.272,4.600,15.051
20512,0,2,1,0.500,81451,90445,3.272,4.600,15.051
20552,0,2,1,0.500,81496,90523,3.272,4.600,15.051
20592,0,2,1,0.500,81527,90612,3.272,4.600,15.051
20632,0,2,1,0.500,81571,90693,3.272,4.600,15.051
20672,0,2,1,0.500,81564,90691,3.272,5.000,16.360
20712,0,2,1,0.500,81397,90310,3.272,5.000,16.360
20752,0,2,1,0.500,80992,89382,3.272,5.000,16.360
20792,0,2,1,0.500,80708,88804,3.272,4.800,15.706
20832,0,2,1,0.500,80665,88691,3.272,4.800,15.706
20872,0,2,1,0.500,80664,88779,3.272,4.500,14.724
20912,0,2,1,0.500,80764,88965,3.272,4.500,14.724
20952,0,2,1,0.500,80824,89121,3.272,4.500,14.724
20992,0,2,1,0.500,80829,89134,3.268,4.900,16.013
21032,0,2,1,0.500,80761,89084,3.268,4.900,16.013
21072,0,2,1,0.500,80785,89108,3.268,4.600,15.033
21112,0,2,1,0.500,80801,89187,3.268,4.600,15.033
21152,0,2,1,0.500,80888,89384,3.268,4.600,15.033
21192,0,2,1,0.500,80981,89564,3.268,4.700,15.360
21232,0,2,1,0.500,81000,89655,3.268,4.700,15.360
21272,0,2,1,0.500,81035,89725,3.264,4.900,15.994
21312,0,2,1,0.500,81007,89699,3.264,4.900,15.994
21352,0,2,1,0.500,81004,89697,3.264,4.900,15.994
21392,0,2,1,0.500,81009,89680,3.268,4.600,15.033
21432,0,2,1,0.500,80881,89397,3.268,4.600,15.033
21472,0,2,1,0.500,80490,88548,3.268,4.700,15.360
21512,0,2,1,0.500,80299,88094,3.268,4.700,15.360
21552,0,2,1,0.500,80308,88112,3.268,4.700,15.360
21592,0,2,1,0.500,80398,88321,3.268,4.600,15.033
21632,0,2,1,0.500,80524,88584,3.268,4.600,15.033
21672,0,2,1,0.500,80679,88919,3.272,4.700,15.378
21712,0,2,1,0.500,80835,89179,3.272,4.700,15.378
21752,0,2,1,0.500,80897,89343,3.272,4.700,15.378
21792,0,2,1,0.500,80973,89476,3.268,4.700,15.360
21832,0,2,1,0.500,81028,89613,3.268,4.700,15.360
21872,0,2,1,0.500,81146,89826,3.268,4.700,15.360
21912,0,2,1,0.500,81196,89959,3.268,4.700,15.360
21952,0,2,1,0.500,81256,90088,3.268,4.700,15.360
21992,0,2,1,0.500,81342,90229,3.268,4.500,14.706
22032,0,2,1,0.500,81384,90318,3.268,4.500,14.706
22072,0,2,1,0.500,81394,90389,3.268,4.700,15.360
22112,0,2,1,0.500,81424,90425,3.268,4.700,15.360
22152,0,2,1,0.500,81480,90531,3.268,4.700,15.360
22192,0,2,1,0.500,81411,90364,3.268,4.700,15.360
22232,0,2,1,0.500,81130,89712,3.268,4.700,15.360
22272,0,2,1,0.500,80847,89078,3.268,4.900,16.013
22312,0,2,1,0.500,80836,89065,3.268,4.900,16.013
22352,0,2,1,0.500,80900,89185,3.268,4.900,16.013
22392,0,2,1,0.500,80971,89361,3.272,4.700,15.378
22432,0,2,1,0.500,81091,89640,3.272,4.700,15.378
22472,0,2,1,0.500,81154,89721,3.272,5.000,16.360
22512,0,2,1,0.500,81158,89720,3.272,5.000,16.360
22552,0,2,1,0.500,81136,89662,3.272,5.000,16.360
22592,0,2,1,0.500,81164,89663,3.268,4.700,15.360
22632,0,2,1,0.500,81167,89666,3.268,4.700,15.360
22672,0,2,1,0.500,81222,89771,3.272,4.600,15.051
22712,0,2,1,0.500,81229,89797,3.272,4.600,15.051
22752,0,2,1,0.500,81282,89902,3.272,4.600,15.051
22792,0,2,1,0.500,81337,90053,3.276,4.900,16.052
22832,0,2,1,0.500,81425,90228,3.276,4.900,16.052
22872,0,2,1,0.500,81463,90282,3.272,4.500,14.724
22912,0,2,1,0.500,81282,89847,3.272,4.500,14.724
22952,0,2,1,0.500,80829,88846,3.272,4.500,14.724
22992,0,2,1,0.500,80566,88280,3.272,4.500,14.724
23032,0,2,1,0.500,80577,88335,3.272,4.500,14.724
23072,0,2,1,0.500,80690,88601,3.272,4.600,15.051
23112,0,2,1,0.500,80874,88964,3.272,4.600,15.051
23152,0,2,1,0.500,81023,89347,3.272,4.600,15.051
23192,0,2,1,0.500,81092,89472,3.272,4.800,15.706
23232,0,2,1,0.500,81070,89498,3.272,4.800,15.706
23273,0,2,1,0.500,81076,89457,3.272,4.900,16.033
23312,0,2,1,0.500,81109,89571,3.272,4.900,16.033
23352,0,2,1,0.500,81216,89776,3.272,4.900,16.033
23393,0,2,1,0.500,81259,89940,3.272,4.800,15.706
23432,0,2,1,0.500,81341,90059,3.272,4.800,15.706
23472,0,2,1,0.500,81349,90088,3.268,4.600,15.033
23512,0,2,1,0.500,81372,90188,3.268,4.600,15.033
23552,0,2,1,0.500,81401,90220,3.268,4.600,15.033
23593,0,2,1,0.500,81248,89888,3.272,4.700,15.378
23632,0,2,1,0.500,80883,89078,3.272,4.700,15.378
23672,0,2,1,0.500,80672,88664,3.272,4.500,14.724
23713,0,2,1,0.500,80704,88711,3.272,4.500,14.724
23752,0,2,1,0.500,80751,88807,3.272,4.500,14.724
23792,0,2,1,0.500,80777,88854,3.272,4.800,15.706
23833,0,2,1,0.500,80795,88916,3.272,4.800,15.706
23872,0,2,1,0.500,80834,88995,3.272,4.800,15.706
23913,0,2,1,0.500,80817,89018,3.272,4.800,15.706
23953,0,2,1,0.500,80834,89056,3.272,4.800,15.706
23992,0,2,1,0.500,80894,89135,3.272,4.500,14.724
24033,0,2,1,0.500,80921,89223,3.272,4.500,14.724
24072,0,2,1,0.500,80953,89306,3.276,4.800,15.725
24112,0,2,1,0.500,81021,89425,3.276,4.800,15.725
24153,0,2,1,0.500,81078,89600,3.276,4.800,15.725
24192,0,2,1,0.500,81153,89760,3.268,4.800,15.686
24233,0,2,1,0.500,81214,89901,3.268,4.800,15.686
24272,0,2,1,0.500,81147,89778,3.276,4.800,15.725
24312,0,2,1,0.500,80780,88941,3.276,4.800,15.725
24353,0,2,1,0.500,80444,88161,3.276,4.800,15.725
24392,0,2,1,0.500,80341,87982,3.272,4.700,15.378
24432,0,2,1,0.500,80370,88090,3.272,4.700,15.378
24473,0,2,1,0.500,80437,88175,3.272,4.700,15.378
24512,0,2,1,0.500,80417,88206,3.272,4.700,15.378
24553,0,2,1,0.500,80500,88375,3.272,4.700,15.378
24592,0,2,1,0.500,80539,88515,3.272,4.500,14.724
24632,0,2,1,0.500,80575,88564,3.272,4.500,14.724
24673,0,2,1,0.500,80664,88766,3.272,4.800,15.706
24712,0,2,1,0.500,80791,89024,3.272,4.800,15.706
24753,0,2,1,0.500,80875,89214,3.272,4.800,15.706
24793,0,2,1,0.500,80896,89277,3.272,4.600,15.051
24832,0,2,1,0.500,80958,89366,3.272,4.600,15.051
24873,0,2,1,0.500,80945,89424,3.268,4.900,16.013
24913,0,2,1,0.500,81023,89563,3.268,4.900,16.013
24953,0,2,1,0.500,81057,89647,3.268,4.900,16.013
24993,0,2,1,0.500,81055,89557,3.272,4.600,15.051
25032,0,2,1,0.500,80740,88886,3.272,4.600,15.051
25073,0,2,1,0.500,80480,88245,3.272,4.900,16.033
25113,0,2,1,0.500,80418,88141,3.272,4.900,16.033
25153,0,2,1,0.500,80479,88292,3.272,4.900,16.033
25193,0,2,1,0.500,80533,88424,3.272,4.600,15.051
25233,0,2,1,0.500,80622,88612,3.272,4.600,15.051
25273,0,2,1,0.500,80742,88843,3.272,4.700,15.378
25313,0,2,1,0.500,80782,88950,3.272,4.700,15.378
25353,0,2,1,0.500,80829,89067,3.272,4.700,15.378
25393,0,2,1,0.500,80881,89211,3.272,4.600,15.051
25433,0,2,1,0.500,80982,89377,3.272,4.600,15.051
25473,0,2,1,0.500,81022,89446,3.272,4.800,15.706
25513,0,2,1,0.500,81013,89401,3.272,4.800,15.706
25553,0,2,1,0.500,80964,89331,3.272,4.800,15.706
25593,0,2,1,0.500,81021,89434,3.272,4.800,15.706
25633,0,2,1,0.500,81104,89557,3.272,4.800,15.706
25673,0,2,1,0.500,81110,89614,3.272,4.900,16.033
25713,0,2,1,0.500,81145,89718,3.272,4.900,16.033
25753,0,2,1,0.500,81154,89706,3.272,4.900,16.033
25793,0,2,1,0.500,80814,89022,3.272,4.800,15.706
25833,0,2,1,0.500,80504,88308,3.272,4.800,15.706
25873,0,2,1,0.500,80382,88065,3.268,4.500,14.706
25913,0,2,1,0.500,80432,88144,3.268,4.500,14.706
25953,0,2,1,0.500,80499,88295,3.268,4.500,14.706
25993,0,2,1,0.500,80554,88400,3.268,4.700,15.360
26033,0,2,1,0.500,80649,88594,3.268,4.700,15.360
26073,0,2,1,0.500,80756,88880,3.272,4.400,14.397
26113,0,2,1,0.500,80800,88910,3.272,4.400,14.397
26153,0,2,1,0.500,80762,88825,3.272,4.400,14.397
26193,0,2,1,0.500,80808,88915,3.272,4.800,15.706
26233,0,2,1,0.500,80857,89045,3.272,4.800,15.706
26273,0,2,1,0.500,80932,89175,3.268,4.700,15.360
26313,0,2,1,0.500,80972,89287,3.268,4.700,15.360
26353,0,2,1,0.500,80993,89308,3.268,4.700,15.360
26393,0,2,1,0.500,81045,89397,3.272,4.700,15.378
26433,0,2,1,0.500,81150,89578,3.272,4.700,15.378
26473,0,2,1,0.500,81238,89768,3.268,4.700,15.360
26513,0,2,1,0.500,81283,89767,3.268,4.700,15.360
26553,0,2,1,0.500,81172,89492,3.268,4.700,15.360
26593,0,2,1,0.500,80735,88446,3.272,4.800,15.706
26633,0,2,1,0.500,80280,87464,3.272,4.800,15.706
26673,0,2,1,0.500,80170,87230,3.272,4.700,15.378
26713,0,2,1,0.500,80351,87550,3.272,4.700,15.378
26753,0,2,1,0.500,80535,87917,3.272,4.700,15.378
26793,0,2,1,0.500,80667,88226,3.272,4.800,15.706
26833,0,2,1,0.500,80710,88333,3.272,4.800,15.706
26873,0,2,1,0.500,80743,88398,3.268,4.700,15.360
26913,0,2,1,0.500,80767,88459,3.268,4.700,15.360
26953,0,2,1,0.500,80807,88554,3.268,4.700,15.360
26993,0,2,1,0.500,80846,88663,3.276,4.400,14.414
27033,0,2,1,0.500,80940,88859,3.276,4.400,14.414
27073,0,2,1,0.500,80972,89005,3.272,4.800,15.706
27113,0,2,1,0.500,81093,89232,3.272,4.800,15.706
27153,0,2,1,0.500,81159,89317,3.272,4.800,15.706
27193,0,2,1,0.500,81177,89382,3.276,4.600,15.070
27233,0,2,1,0.500,81185,89379,3.276,4.600,15.070
27273,0,2,1,0.500,81011,88969,3.276,4.500,14.742
27313,0,2,1,0.500,80518,87898,3.276,4.500,14.742
27353,0,2,1,0.500,80173,87182,3.276,4.500,14.742
27393,0,2,1,0.500,80160,87107,3.272,4.800,15.706
27433,0,2,1,0.500,80155,87119,3.272,4.800,15.706
27473,0,2,1,0.500,80218,87266,3.276,4.800,15.725
27513,0,2,1,0.500,80305,87435,3.276,4.800,15.725
27553,0,2,1,0.500,80410,87716,3.276,4.800,15.725
27593,0,2,1,0.500,80468,87861,3.272,4.800,15.706
27633,0,2,1,0.500,80441,87762,3.272,4.800,15.706
27673,0,2,1,0.500,80372,87628,3.276,4.600,15.070
27713,0,2,1,0.500,80399,87666,3.276,4.600,15.070
27753,0,2,1,0.500,80509,87892,3.276,4.600,15.070
27793,0,2,1,0.500,80617,88178,3.272,4.700,15.378
27833,0,2,1,0.500,80757,88445,3.272,4.700,15.378
27873,0,2,1,0.500,80861,88692,3.276,4.700,15.397
27913,0,2,1,0.500,80978,88943,3.276,4.700,15.397
27953,0,2,1,0.500,81067,89123,3.276,4.700,15.397
27993,0,2,1,0.500,80907,88782,3.276,4.800,15.725
28033,0,2,1,0.500,80586,88087,3.276,4.800,15.725
28073,0,2,1,0.500,80506,87876,3.276,4.700,15.397
28113,0,2,1,0.500,80485,87850,3.276,4.700,15.397
28153,0,2,1,0.500,80410,87741,3.276,4.700,15.397
28193,0,2,1,0.500,80450,87777,3.272,4.900,16.033
28233,0,2,1,0.500,80528,87944,3.272,4.900,16.033
28273,0,2,1,0.500,80550,88053,3.272,4.800,15.706
28313,0,2,1,0.500,80654,88288,3.272,4.800,15.706
28353,0,2,1,0.500,80745,88435,3.272,4.800,15.706
28393,0,2,1,0.500,80867,88695,3.272,4.800,15.706
28433,0,2,1,0.500,80995,88992,3.272,4.800,15.706
28473,0,2,1,0.500,81142,89245,3.268,4.700,15.360
28513,0,2,1,0.500,81246,89495,3.268,4.700,15.360
28553,0,2,1,0.500,81270,89636,3.268,4.700,15.360
28593,0,2,1,0.500,81283,89649,3.272,4.600,15.051
28633,0,2,1,0.500,81336,89735,3.272,4.600,15.051
28673,0,2,1,0.500,81326,89735,3.272,4.900,16.033
28713,0,2,1,0.500,81104,89233,3.272,4.900,16.033
28753,0,2,1,0.500,80715,88360,3.272,4.900,16.033
28793,0,2,1,0.500,80516,87939,3.272,4.700,15.378
28833,0,2,1,0.500,80534,87961,3.272,4.700,15.378
28873,0,2,1,0.500,80538,88042,3.268,4.500,14.706
28913,0,2,1,0.500,80676,88280,3.268,4.500,14.706
28953,0,2,1,0.500,80734,88458,3.268,4.500,14.706
28993,0,2,1,0.500,80886,88745,3.272,4.800,15.706
29033,0,2,1,0.500,81041,89081,3.272,4.800,15.706
29073,0,2,1,0.500,81131,89171,3.272,4.600,15.051
29113,0,2,1,0.500,81122,89106,3.272,4.600,15.051
29153,0,2,1,0.500,81177,89121,3.272,4.600,15.051
29193,0,2,1,0.500,81161,89052,3.272,4.800,15.706
29233,0,2,1,0.500,80976,88613,3.272,4.800,15.706
29273,0,2,1,0.500,80532,87681,3.272,4.400,14.397
29313,0,2,1,0.500,80141,86830,3.272,4.400,14.397
29353,0,2,1,0.500,79943,86453,3.272,4.400,14.397
29393,0,2,1,0.500,79944,86476,3.272,4.700,15.378
29433,0,2,1,0.500,79936,86468,3.272,4.700,15.378
29473,0,2,1,0.500,79575,85683,3.268,4.700,15.360
29514,0,2,1,0.500,79109,84713,3.268,4.700,15.360
29553,0,2,1,0.500,78982,84502,3.268,4.700,15.360
29593,0,2,1,0.500,79089,84718,3.272,4.900,16.033
29634,0,2,1,0.500,79291,85139,3.272,4.900,16.033
29673,0,2,1,0.500,79759,86068,3.272,4.800,15.706
29713,0,2,1,0.500,80126,86813,3.272,4.800,15.706
29754,0,2,1,0.500,80214,86966,3.272,4.800,15.706
29793,0,2,1,0.500,80086,86715,3.272,4.800,15.706
29834,0,2,1,0.500,79996,86527,3.272,4.800,15.706
29873,0,2,1,0.500,79980,86511,3.272,4.800,15.706
29913,0,2,1,0.500,79912,86449,3.272,4.800,15.706
29954,0,2,1,0.500,79813,86260,3.272,4.800,15.706
29993,0,2,1,0.500,79698,86023,3.268,4.800,15.686
30033,0,2,1,0.500,79732,85983,3.268,4.800,15.686
30073,0,2,1,0.500,79660,85809,3.272,4.600,15.051
30113,0,2,1,0.500,79603,85722,3.272,4.600,15.051
30154,0,2,1,0.500,79602,85731,3.272,4.600,15.051
30193,0,2,1,0.500,79573,85640,3.272,4.900,16.033
30233,0,2,1,0.500,79268,85009,3.272,4.900,16.033
30274,0,2,1,0.500,78822,84122,3.268,4.700,15.360
30313,0,2,1,0.500,78579,83706,3.268,4.700,15.360
30353,0,2,1,0.500,78692,84025,3.268,4.700,15.360
30394,0,2,1,0.500,78827,84269,3.272,4.800,15.706
30433,0,2,1,0.500,78978,84501,3.272,4.800,15.706
30474,0,2,1,0.500,79129,84812,3.272,4.800,15.706
30514,0,2,1,0.500,79272,85016,3.272,4.800,15.706
30553,0,2,1,0.500,79318,85044,3.272,4.800,15.706
30594,0,2,1,0.500,79320,85021,3.272,4.700,15.378
30633,0,2,1,0.500,79246,84851,3.272,4.700,15.378
30674,0,2,1,0.500,79194,84760,3.268,4.800,15.686
30714,0,2,1,0.500,79248,84834,3.268,4.800,15.686
30753,0,2,1,0.500,79340,85074,3.268,4.800,15.686
30794,0,2,1,0.500,79489,85373,3.272,4.700,15.378
30834,0,2,1,0.500,79654,85755,3.272,4.700,15.378
30874,0,2,1,0.500,79832,86148,3.272,4.700,15.378
30914,0,2,1,0.500,79946,86354,3.272,4.700,15.378
30954,0,2,1,0.500,79961,86362,3.272,4.700,15.378
30994,0,2,1,0.500,79767,85920,3.268,4.700,15.360
31034,0,2,1,0.500,79153,84605,3.268,4.700,15.360
31074,0,2,1,0.500,78532,83324,3.272,4.800,15.706
31114,0,2,1,0.500,78493,83231,3.272,4.800,15.706
31154,0,2,1,0.500,78785,83855,3.272,4.800,15.706
31194,0,2,1,0.500,79127,84500,3.272,4.800,15.706
31234,0,2,1,0.500,79347,84977,3.272,4.800,15.706
31274,0,2,1,0.500,79567,85368,3.272,4.600,15.051
31314,0,2,1,0.500,79537,85303,3.272,4.600,15.051
31354,0,2,1,0.500,79162,84480,3.272,4.600,15.051
31394,0,2,1,0.500,79014,84166,3.272,4.900,16.033
31434,0,2,1,0.500,79091,84352,3.272,4.900,16.033
31474,0,2,1,0.500,79127,84444,3.272,4.500,14.724
31514,0,2,1,0.500,79133,84462,3.272,4.500,14.724
31554,0,2,1,0.500,79066,84322,3.272,4.500,14.724
31594,0,2,1,0.500,78885,84009,3.272,4.800,15.706
31600,0,2,1,0.500,78692,84025,3.272,4.800,15.706
31634,0,2,1,0.500,78971,84163,3.272,4.800,15.706
31674,0,2,1,0.500,79138,84520,3.268,4.900,16.013
31714,0,2,1,0.500,79026,84265,3.268,4.900,16.013
31754,0,2,1,0.500,78882,83971,3.268,4.900,16.013
31794,0,2,1,0.500,78976,84190,3.272,4.800,15.706
31834,0,2,1,0.500,79157,84516,3.272,4.800,15.706
31874,0,2,1,0.500,79141,84520,3.268,4.900,16.013
31914,0,2,1,0.500,79139,84454,3.268,4.900,16.013
31954,0,2,1,0.500,79089,84419,3.268,4.900,16.013
31994,0,2,1,0.500,79178,84570,3.268,4.500,14.706
32034,0,2,1,0.500,79323,84867,3.268,4.500,14.706
32074,0,2,1,0.500,79490,85217,3.272,4.600,15.051
32114,0,2,1,0.500,79699,85677,3.272,4.600,15.051
32154,0,2,1,0.500,80005,86382,3.272,4.600,15.051
32194,0,2,1,0.500,80190,86726,3.268,4.900,16.013
32234,0,2,1,0.500,80207,86740,3.268,4.900,16.013
32274,0,2,1,0.500,80109,86547,3.272,5.200,17.014
32314,0,2,1,0.500,79965,86233,3.272,5.200,17.014
32354,0,2,1,0.500,79786,85852,3.272,5.200,17.014
32394,0,2,1,0.500,79601,85538,3.272,5.000,16.360
32434,0,2,1,0.500,79241,84791,3.272,5.000,16.360
32474,0,2,1,0.500,78979,84254,3.256,4.700,15.303
32514,0,2,1,0.500,79026,84391,3.256,4.700,15.303
32554,0,2,1,0.500,79309,85001,3.256,4.700,15.303
32594,0,2,1,0.500,79614,85615,3.268,4.800,15.686
32634,0,2,1,0.500,79858,86201,3.268,4.800,15.686
32674,0,2,1,0.500,80113,86707,3.272,5.000,16.360
32714,0,2,1,0.500,80077,86672,3.272,5.000,16.360
32754,0,2,1,0.500,79981,86468,3.272,5.000,16.360
32794,0,2,1,0.500,80048,86739,3.272,4.700,15.378
32834,0,2,1,0.500,80273,87150,3.272,4.700,15.378
32874,0,2,1,0.500,80438,87516,3.256,4.400,14.326
32914,0,2,1,0.500,80569,87806,3.256,4.400,14.326
32954,0,2,1,0.500,80660,88016,3.256,4.400,14.326
32994,0,2,1,0.500,80771,88291,3.268,4.800,15.686
33034,0,2,1,0.500,80901,88560,3.268,4.800,15.686
33074,0,2,1,0.500,81027,88792,3.268,4.800,15.686
33114,0,2,1,0.500,80874,88452,3.268,4.800,15.686
33154,0,2,1,0.500,80368,87337,3.268,4.800,15.686
33194,0,2,1,0.500,79948,86467,3.268,4.800,15.686
33234,0,2,1,0.500,79867,86423,3.268,4.800,15.686
33274,0,2,1,0.500,79967,86669,3.268,4.800,15.686
33314,0,2,1,0.500,80117,87029,3.268,4.800,15.686
33354,0,2,1,0.500,80281,87436,3.268,4.800,15.686
33394,0,2,1,0.500,80359,87569,3.264,4.800,15.667
33434,0,2,1,0.500,80367,87543,3.264,4.800,15.667
33474,0,2,1,0.500,80418,87595,3.268,4.900,16.013
33514,0,2,1,0.500,80466,87742,3.268,4.900,16.013
33554,0,2,1,0.500,80589,87971,3.268,4.900,16.013
33594,0,2,1,0.500,80697,88134,3.268,5.000,16.340
33634,0,2,1,0.500,80669,88092,3.268,5.000,16.340
33674,0,2,1,0.500,80604,87961,3.272,5.100,16.687
33714,0,2,1,0.500,80593,87975,3.272,5.100,16.687
33754,0,2,1,0.500,80648,88171,3.272,5.100,16.687
33794,0,2,1,0.500,80766,88425,3.256,4.800,15.629
33834,0,2,1,0.500,80876,88712,3.256,4.800,15.629
33874,0,2,1,0.500,80850,88673,3.268,4.800,15.686
33914,0,2,1,0.500,80596,88079,3.268,4.800,15.686
33954,0,2,1,0.500,80460,87783,3.268,4.800,15.686
33994,0,2,1,0.500,80540,88036,3.272,4.800,15.706
34034,0,2,1,0.500,80704,88326,3.272,4.800,15.706
34074,0,2,1,0.500,80738,88398,3.268,4.900,16.013
34114,0,2,1,0.500,80710,88306,3.268,4.900,16.013
34154,0,2,1,0.500,80632,88185,3.268,4.900,16.013
34194,0,2,1,0.500,80578,88094,3.256,4.800,15.629
34234,0,2,1,0.500,80603,88156,3.256,4.800,15.629
34274,0,2,1,0.500,80705,88394,3.268,4.700,15.360
34314,0,2,1,0.500,80870,88682,3.268,4.700,15.360
34354,0,2,1,0.500,80983,88994,3.268,4.700,15.360
34394,0,2,1,0.500,81070,89181,3.268,4.800,15.686
34434,0,2,1,0.500,81109,89252,3.268,4.800,15.686
34474,0,2,1,0.500,81137,89291,3.268,5.700,18.628
34514,0,2,1,0.500,81077,89216,3.268,5.700,18.628
34554,0,2,1,0.500,81073,89265,3.268,5.700,18.628
34594,0,2,1,0.500,81075,89178,3.256,4.800,15.629
34634,0,2,1,0.500,80805,88660,3.256,4.800,15.629
34675,0,2,1,0.500,80669,88325,3.260,4.900,15.974
34714,0,2,1,0.500,80684,88382,3.260,4.900,15.974
34754,0,2,1,0.500,80796,88595,3.260,4.900,15.974
34794,0,2,1,0.500,80872,88812,3.268,5.000,16.340
34834,0,2,1,0.500,80979,88988,3.268,5.000,16.340
34875,0,2,1,0.500,80993,89013,3.268,6.800,22.222
34914,0,2,1,0.500,80969,88982,3.268,6.800,22.222
34954,0,2,1,0.500,80914,88849,3.268,6.800,22.222
34995,0,2,1,0.500,80864,88835,3.260,4.700,15.322
35034,0,2,1,0.500,80947,88943,3.260,4.700,15.322
35075,0,2,1,0.500,80963,89038,3.256,4.900,15.954
35115,0,2,1,0.500,81062,89226,3.256,4.900,15.954
35154,0,2,1,0.500,81178,89486,3.256,4.900,15.954
35195,0,2,1,0.500,81290,89761,3.268,5.000,16.340
35234,0,2,1,0.500,81428,90057,3.268,5.000,16.340
35275,0,2,1,0.500,81490,90297,3.276,7.000,22.932
35315,0,2,1,0.500,81336,89859,3.276,7.000,22.932
35354,0,2,1,0.500,80938,88936,3.276,7.000,22.932
35395,0,2,1,0.500,80655,88290,3.264,5.000,16.320
35435,0,2,1,0.500,80567,88168,3.264,5.000,16.320
35475,0,2,1,0.500,80607,88187,3.264,5.000,16.320
35515,0,2,1,0.500,80594,88207,3.264,5.000,16.320
35554,0,2,1,0.500,80634,88313,3.264,5.000,16.320
35595,0,2,1,0.500,80724,88430,3.268,4.700,15.360
35635,0,2,1,0.500,80720,88525,3.268,4.700,15.360
35675,0,2,1,0.500,80781,88650,3.276,6.900,22.604
35715,0,2,1,0.500,80858,88800,3.276,6.900,22.604
35755,0,2,1,0.500,80892,88894,3.276,6.900,22.604
35795,0,2,1,0.500,80900,88917,3.276,6.900,22.604
35835,0,2,1,0.500,80909,88956,3.276,6.900,22.604
35875,0,2,1,0.500,80936,88991,3.264,5.000,16.320
35915,0,2,1,0.500,80957,89046,3.264,5.000,16.320
35955,0,2,1,0.500,81023,89248,3.264,5.000,16.320
35995,0,2,1,0.500,81095,89465,3.268,4.600,15.033
36035,0,2,1,0.500,81022,89232,3.268,4.600,15.033
36075,0,2,1,0.500,80774,88688,3.268,4.900,16.013
36115,0,2,1,0.500,80709,88569,3.268,4.900,16.013
36155,0,2,1,0.500,80808,88851,3.268,4.900,16.013
36195,0,2,1,0.500,80940,89186,3.272,6.700,21.922
36235,0,2,1,0.500,80938,89072,3.272,6.700,21.922
36275,0,2,1,0.500,80761,88763,3.260,6.700,21.842
36315,0,2,1,0.500,80691,88568,3.260,6.700,21.842
36355,0,2,1,0.500,80743,88739,3.260,6.700,21.842
36395,0,2,1,0.500,80864,88884,3.264,5.000,16.320
36435,0,2,1,0.500,80924,89090,3.264,5.000,16.320
36475,0,2,1,0.500,81050,89352,3.264,4.800,15.667
36515,0,2,1,0.500,81012,89266,3.264,4.800,15.667
36555,0,2,1,0.500,80889,89000,3.264,4.800,15.667
36595,0,2,1,0.500,80850,88903,3.276,6.700,21.949
36635,0,2,1,0.500,80871,88952,3.276,6.700,21.949
36675,0,2,1,0.500,80958,89126,3.272,6.900,22.577
36715,0,2,1,0.500,81033,89381,3.272,6.900,22.577
36755,0,2,1,0.500,81092,89459,3.272,6.900,22.577
36795,0,2,1,0.500,80814,88850,3.264,5.100,16.646
36835,0,2,1,0.500,80473,88151,3.264,5.100,16.646
36875,0,2,1,0.500,80452,88114,3.264,5.000,16.320
36915,0,2,1,0.500,80650,88527,3.264,5.000,16.320
36955,0,2,1,0.500,80803,88868,3.264,5.000,16.320
36995,0,2,1,0.500,80894,89168,3.264,7.000,22.848
37035,0,2,1,0.500,81007,89390,3.264,7.000,22.848
37075,0,2,1,0.500,81029,89435,3.276,6.800,22.277
37115,0,2,1,0.500,80997,89421,3.276,6.800,22.277
37155,0,2,1,0.500,80967,89344,3.276,6.800,22.277
37195,0,2,1,0.500,80962,89250,3.260,6.700,21.842
37235,0,2,1,0.500,80923,89131,3.260,6.700,21.842
37275,0,2,1,0.500,80955,89225,3.264,4.900,15.994
37315,0,2,1,0.500,81009,89395,3.264,4.900,15.994
37355,0,2,1,0.500,81057,89506,3.264,4.900,15.994
37395,0,2,1,0.500,81073,89502,3.264,7.000,22.848
37435,0,2,1,0.500,81089,89570,3.264,7.000,22.848
37475,0,2,1,0.500,81182,89812,3.268,7.000,22.876
37515,0,2,1,0.500,81236,89909,3.268,7.000,22.876
37555,0,2,1,0.500,81007,89497,3.268,7.000,22.876
37595,0,2,1,0.500,80843,89092,3.260,6.700,21.842
37635,0,2,1,0.500,80765,88903,3.260,6.700,21.842
37675,0,2,1,0.500,80746,88841,3.260,6.900,22.494
37715,0,2,1,0.500,80719,88816,3.260,6.900,22.494
37755,0,2,1,0.500,80735,88885,3.260,6.900,22.494
37795,0,2,1,0.500,80669,88732,3.260,7.000,22.820
37835,0,2,1,0.500,80603,88592,3.260,7.000,22.820
37875,0,2,1,0.500,80557,88615,3.260,7.200,23.472
37915,0,2,1,0.500,80680,88861,3.260,7.200,23.472
37955,0,2,1,0.500,80821,89145,3.260,7.200,23.472
37995,0,2,1,0.500,80917,89396,3.268,7.100,23.203
38035,0,2,1,0.500,80978,89535,3.268,7.100,23.203
38075,0,2,1,0.500,80994,89569,3.264,7.200,23.501
38115,0,2,1,0.500,80889,89399,3.264,7.200,23.501
38155,0,2,1,0.500,80861,89337,3.264,7.200,23.501
38195,0,2,1,0.500,80868,89278,3.260,6.600,21.516
38235,0,2,1,0.500,80679,88963,3.260,6.600,21.516
38275,0,2,1,0.500,80471,88491,3.264,4.900,15.994
38315,0,2,1,0.500,80448,88476,3.264,4.900,15.994
38355,0,2,1,0.500,80568,88743,3.264,4.900,15.994
38395,0,2,1,0.500,80663,88960,3.264,7.200,23.501
38435,0,2,1,0.500,80634,88897,3.264,7.200,23.501
38475,0,2,1,0.500,80607,88832,3.264,6.800,22.195
38515,0,2,1,0.500,80563,88725,3.264,6.800,22.195
38555,0,2,1,0.500,80512,88627,3.264,6.800,22.195
38595,0,2,1,0.500,80563,88700,3.264,6.700,21.869
38635,0,2,1,0.500,80593,88839,3.264,6.700,21.869
38675,0,2,1,0.500,80649,88979,3.260,6.100,19.886
38715,0,2,1,0.500,80727,89159,3.260,6.100,19.886
38755,0,2,1,0.500,80841,89314,3.260,6.100,19.886
38795,0,2,1,0.500,80842,89407,3.264,7.000,22.848
38835,0,2,1,0.500,80912,89516,3.264,7.000,22.848
38875,0,2,1,0.500,80895,89585,3.264,7.200,23.501
38915,0,2,1,0.500,80893,89520,3.264,7.200,23.501
38955,0,2,1,0.500,80578,88783,3.264,7.200,23.501
38995,0,2,1,0.500,80198,87997,3.264,6.700,21.869
39035,0,2,1,0.500,80149,87891,3.264,6.700,21.869
39075,0,2,1,0.500,80258,88092,3.260,6.900,22.494
39115,0,2,1,0.500,80287,88202,3.260,6.900,22.494
39155,0,2,1,0.500,80333,88280,3.260,6.900,22.494
39195,0,2,1,0.500,80363,88279,3.264,5.100,16.646
39235,0,2,1,0.500,80343,88262,3.264,5.100,16.646
39275,0,2,1,0.500,80273,88146,3.264,6.900,22.522
39315,0,2,1,0.500,80295,88183,3.264,6.900,22.522
39355,0,2,1,0.500,80345,88262,3.264,6.900,22.522
39395,0,2,1,0.500,80377,88367,3.276,7.000,22.932
39435,0,2,1,0.500,80412,88450,3.276,7.000,22.932
39475,0,2,1,0.500,80476,88585,3.264,6.800,22.195
39515,0,2,1,0.500,80534,88714,3.264,6.800,22.195
39555,0,2,1,0.500,80579,88845,3.264,6.800,22.195
39595,0,2,1,0.500,80680,89037,3.260,4.400,14.344
39635,0,2,1,0.500,80725,89126,3.260,4.400,14.344
39675,0,2,1,0.500,80440,88450,3.260,5.300,17.278
39715,0,2,1,0.500,80030,87589,3.260,5.300,17.278
39755,0,2,1,0.500,79873,87245,3.260,5.300,17.278
39795,0,2,1,0.500,79883,87257,3.276,6.800,22.277
39835,0,2,1,0.500,79981,87466,3.276,6.800,22.277
39875,0,2,1,0.500,80147,87884,3.276,7.200,23.587
39915,0,2,1,0.500,80210,87958,3.276,7.200,23.587
39955,0,2,1,0.500,80144,87810,3.276,7.200,23.587
39995,0,2,1,0.500,80078,87683,3.268,6.700,21.896
40035,0,2,1,0.500,80089,87747,3.268,6.700,21.896
40075,0,2,1,0.500,80195,87970,3.260,4.800,15.648
40115,0,2,1,0.500,80286,88215,3.260,4.800,15.648
40156,0,2,1,0.500,80382,88470,3.260,4.800,15.648
40195,0,2,1,0.500,80499,88700,3.276,5.300,17.363
40235,0,2,1,0.500,80607,88944,3.276,5.300,17.363
40275,0,2,1,0.500,80713,89217,3.276,7.100,23.260
40315,0,2,1,0.500,80821,89401,3.276,7.100,23.260
40356,0,2,1,0.500,80834,89467,3.276,7.100,23.260
40395,0,2,1,0.500,80910,89600,3.276,7.100,23.260
40435,0,2,1,0.500,80795,89319,3.276,7.100,23.260
40475,0,2,1,0.500,80519,88621,3.260,4.700,15.322
40515,0,2,1,0.500,80488,88599,3.260,4.700,15.322
40555,0,2,1,0.500,80638,88922,3.260,4.700,15.322
40595,0,2,1,0.500,80727,89083,3.276,4.600,15.070
40635,0,2,1,0.500,80732,89128,3.276,4.600,15.070
40676,0,2,1,0.500,80737,89166,3.276,5.700,18.673
40716,0,2,1,0.500,80766,89188,3.276,5.700,18.673
40755,0,2,1,0.500,80760,89163,3.276,5.700,18.673
40796,0,2,1,0.500,80776,89182,3.272,7.000,22.904
40836,0,2,1,0.500,80803,89227,3.272,7.000,22.904
40876,0,2,1,0.500,80816,89292,3.272,7.000,22.904
40916,0,2,1,0.500,80840,89380,3.272,7.000,22.904
40956,0,2,1,0.500,80893,89503,3.272,7.000,22.904
40996,0,2,1,0.500,80946,89622,3.264,4.700,15.341
41036,0,2,1,0.500,81014,89754,3.264,4.700,15.341
41076,0,2,1,0.500,81094,89946,3.260,4.700,15.322
41116,0,2,1,0.500,81181,90144,3.260,4.700,15.322
41156,0,2,1,0.500,81085,89892,3.260,4.700,15.322
41196,0,2,1,0.500,80814,89286,3.276,5.500,18.018
41236,0,2,1,0.500,80674,88982,3.276,5.500,18.018
41276,0,2,1,0.500,80748,89077,3.276,7.000,22.932
41316,0,2,1,0.500,80819,89297,3.276,7.000,22.932
41356,0,2,1,0.500,80899,89456,3.276,7.000,22.932
41396,0,2,1,0.500,80916,89468,3.272,7.100,23.231
41436,0,2,1,0.500,80827,89325,3.272,7.100,23.231
41476,0,2,1,0.500,80758,89128,3.264,4.800,15.667
41516,0,2,1,0.500,80724,89052,3.264,4.800,15.667
41556,0,2,1,0.500,80717,89059,3.264,4.800,15.667
41596,0,2,1,0.500,80741,89143,3.272,4.400,14.397
41636,0,2,1,0.500,80801,89234,3.272,4.400,14.397
41676,0,2,1,0.500,80806,89344,3.276,6.200,20.311
41716,0,2,1,0.500,80886,89439,3.276,6.200,20.311
41756,0,2,1,0.500,80913,89529,3.276,6.200,20.311
41796,0,2,1,0.500,80933,89600,3.276,6.900,22.604
41836,0,2,1,0.500,80991,89711,3.276,6.900,22.604
41876,0,2,1,0.500,80812,89325,3.276,4.400,14.414
41916,0,2,1,0.500,80452,88453,3.276,4.400,14.414
41956,0,2,1,0.500,80293,88105,3.276,4.400,14.414
41996,0,2,1,0.500,80372,88241,3.264,4.800,15.667
42036,0,2,1,0.500,80436,88463,3.264,4.800,15.667
42076,0,2,1,0.500,80539,88633,3.276,4.700,15.397
42116,0,2,1,0.500,80593,88805,3.276,4.700,15.397
42156,0,2,1,0.500,80610,88878,3.276,4.700,15.397
42196,0,2,1,0.500,80616,88871,3.272,6.600,21.595
42236,0,2,1,0.500,80616,88883,3.272,6.600,21.595
42276,0,2,1,0.500,80654,88953,3.276,7.200,23.587
42316,0,2,1,0.500,80704,89086,3.276,7.200,23.587
42356,0,2,1,0.500,80695,89071,3.276,7.200,23.587
42396,0,2,1,0.500,80658,89060,3.276,4.700,15.397
42436,0,2,1,0.500,80708,89136,3.276,4.700,15.397
42476,0,2,1,0.500,80701,89212,3.276,4.700,15.397
42516,0,2,1,0.500,80775,89259,3.276,4.700,15.397
42556,0,2,1,0.500,80802,89349,3.276,4.700,15.397
42596,0,2,1,0.500,80670,89101,3.276,4.600,15.070
42636,0,2,1,0.500,80363,88320,3.276,4.600,15.070
42676,0,2,1,0.500,80108,87725,3.272,6.900,22.577
42716,0,2,1,0.500,80104,87719,3.272,6.900,22.577
42756,0,2,1,0.500,80232,87998,3.272,6.900,22.577
42796,0,2,1,0.500,80346,88240,3.276,4.800,15.725
42836,0,2,1,0.500,80409,88393,3.276,4.800,15.725
42876,0,2,1,0.500,80458,88482,3.268,4.600,15.033
42916,0,2,1,0.500,80395,88414,3.268,4.600,15.033
42956,0,2,1,0.500,80410,88456,3.268,4.600,15.033
42996,0,2,1,0.500,80530,88652,3.276,4.800,15.725
43036,0,2,1,0.500,80587,88842,3.276,4.800,15.725
43076,0,2,1,0.500,80662,88967,3.276,4.800,15.725
43116,0,2,1,0.500,80723,89139,3.276,4.800,15.725
43156,0,2,1,0.500,80788,89314,3.276,4.800,15.725
43196,0,2,1,0.500,80865,89510,3.276,4.600,15.070
43236,0,2,1,0.500,80911,89632,3.276,4.600,15.070
43276,0,2,1,0.500,80907,89602,3.276,4.800,15.725
43316,0,2,1,0.500,80931,89639,3.276,4.800,15.725
43356,0,2,1,0.500,80918,89721,3.276,4.800,15.725
43396,0,2,1,0.500,80823,89369,3.276,4.800,15.725
43436,0,2,1,0.500,80451,88544,3.276,4.800,15.725
43476,0,2,1,0.500,80287,88142,3.276,4.800,15.725
43516,0,2,1,0.500,80327,88306,3.276,4.800,15.725
43556,0,2,1,0.500,80454,88537,3.276,4.800,15.725
43596,0,2,1,0.500,80531,88725,3.272,4.900,16.033
43636,0,2,1,0.500,80591,88836,3.272,4.900,16.033
43676,0,2,1,0.500,80601,88869,3.276,4.500,14.742
43716,0,2,1,0.500,80582,88841,3.276,4.500,14.742
43756,0,2,1,0.500,80591,88930,3.276,4.500,14.742
43796,0,2,1,0.500,80678,89062,3.276,4.800,15.725
43836,0,2,1,0.500,80748,89232,3.276,4.800,15.725
43876,0,2,1,0.500,80769,89343,3.276,4.700,15.397
43916,0,2,1,0.500,80821,89425,3.276,4.700,15.397
43956,0,2,1,0.500,80816,89436,3.276,4.700,15.397
43996,0,2,1,0.500,80776,89379,3.276,4.700,15.397
44036,0,2,1,0.500,80748,89332,3.276,4.700,15.397
44076,0,2,1,0.500,80791,89474,3.268,4.600,15.033
44116,0,2,1,0.500,80816,89538,3.268,4.600,15.033
44156,0,2,1,0.500,80715,89382,3.268,4.600,15.033
44196,0,2,1,0.500,80433,88757,3.276,4.700,15.397
44236,0,2,1,0.500,80193,88181,3.276,4.700,15.397
44276,0,2,1,0.500,80165,88045,3.276,4.600,15.070
44316,0,2,1,0.500,80216,88195,3.276,4.600,15.070
44356,0,2,1,0.500,80258,88298,3.276,4.600,15.070
44396,0,2,1,0.500,80290,88382,3.244,4.600,14.922
44436,0,2,1,0.500,80287,88411,3.244,4.600,14.922
44476,0,2,1,0.500,80290,88409,3.244,4.500,14.598
44516,0,2,1,0.500,80349,88505,3.244,4.500,14.598
44556,0,2,1,0.500,80411,88654,3.244,4.500,14.598
44597,0,2,1,0.500,80509,88828,3.244,4.400,14.274
44636,0,2,1,0.500,80609,89011,3.244,4.400,14.274
44676,0,2,1,0.500,80741,89310,3.244,4.600,14.922
44717,0,2,1,0.500,80815,89518,3.244,4.600,14.922
44756,0,2,1,0.500,80882,89648,3.244,4.600,14.922
44796,0,2,1,0.500,80885,89636,3.244,4.600,14.922
44837,0,2,1,0.500,80826,89550,3.244,4.600,14.922
44876,0,2,1,0.500,80798,89535,3.248,4.800,15.590
44916,0,2,1,0.500,80739,89402,3.248,4.800,15.590
44957,0,2,1,0.500,80415,88644,3.248,4.800,15.590
44996,0,2,1,0.500,80096,87935,3.248,4.500,14.616
45036,0,2,1,0.500,80109,87871,3.248,4.500,14.616
45076,0,2,1,0.500,80211,88103,3.248,4.800,15.590
45116,0,2,1,0.500,80257,88217,3.248,4.800,15.590
45157,0,2,1,0.500,80304,88336,3.248,4.800,15.590
45196,0,2,1,0.500,80335,88381,3.252,4.600,14.959
45236,0,2,1,0.500,80304,88370,3.252,4.600,14.959
45277,0,2,1,0.500,80247,88263,3.252,4.700,15.284
45316,0,2,1,0.500,80258,88207,3.252,4.700,15.284
45357,0,2,1,0.500,80245,88306,3.252,4.700,15.284
45397,0,2,1,0.500,80343,88511,3.252,4.700,15.284
45436,0,2,1,0.500,80459,88743,3.252,4.700,15.284
45477,0,2,1,0.500,80562,88987,3.252,4.700,15.284
45517,0,2,1,0.500,80632,89123,3.252,4.700,15.284
45556,0,2,1,0.500,80675,89280,3.252,4.700,15.284
45597,0,2,1,0.500,80740,89393,3.252,4.700,15.284
45637,0,2,1,0.500,80795,89500,3.252,4.700,15.284
45677,0,2,1,0.500,80825,89624,3.252,4.600,14.959
45717,0,2,1,0.500,80790,89549,3.252,4.600,14.959
45757,0,2,1,0.500,80485,88798,3.252,4.600,14.959
45797,0,2,1,0.500,80178,88082,3.252,4.800,15.610
45837,0,2,1,0.500,80177,88005,3.252,4.800,15.610
45877,0,2,1,0.500,80263,88208,3.248,4.800,15.590
45917,0,2,1,0.500,80305,88340,3.248,4.800,15.590
45957,0,2,1,0.500,80344,88451,3.248,4.800,15.590
45997,0,2,1,0.500,80355,88533,3.252,4.900,15.935
46037,0,2,1,0.500,80376,88566,3.252,4.900,15.935
46077,0,2,1,0.500,80353,88532,3.248,4.400,14.291
46117,0,2,1,0.500,80413,88589,3.248,4.400,14.291
46157,0,2,1,0.500,80450,88721,3.248,4.400,14.291
46197,0,2,1,0.500,80515,88817,3.248,4.700,15.266
46237,0,2,1,0.500,80542,88926,3.248,4.700,15.266
46277,0,2,1,0.500,80613,89051,3.252,4.800,15.610
46317,0,2,1,0.500,80622,89107,3.252,4.800,15.610
46357,0,2,1,0.500,80659,89210,3.252,4.800,15.610
46397,0,2,1,0.500,80716,89319,3.252,4.700,15.284
46437,0,2,1,0.500,80779,89464,3.252,4.700,15.284
46477,0,2,1,0.500,80823,89639,3.252,4.700,15.284
46517,0,2,1,0.500,80937,89816,3.252,4.700,15.284
46557,0,2,1,0.500,80893,89755,3.252,4.700,15.284
46597,0,2,1,0.500,80550,88992,3.252,5.000,16.260
46637,0,2,1,0.500,80174,88069,3.252,5.000,16.260
46677,0,2,1,0.500,80086,87806,3.252,4.700,15.284
46717,0,2,1,0.500,80154,87992,3.252,4.700,15.284
46757,0,2,1,0.500,80269,88246,3.252,4.700,15.284
46797,0,2,1,0.500,80398,88590,3.252,4.800,15.610
46837,0,2,1,0.500,80515,88885,3.252,4.800,15.610
46877,0,2,1,0.500,80574,89000,3.248,4.400,14.291
46917,0,2,1,0.500,80566,88965,3.248,4.400,14.291
46957,0,2,1,0.500,80474,88735,3.248,4.400,14.291
46997,0,2,1,0.500,80398,88531,3.248,4.700,15.266
47037,0,2,1,0.500,80396,88550,3.248,4.700,15.266
47077,0,2,1,0.500,80394,88614,3.248,4.800,15.590
47117,0,2,1,0.500,80498,88850,3.248,4.800,15.590
47157,0,2,1,0.500,80582,89039,3.248,4.800,15.590
47197,0,2,1,0.500,80588,89065,3.252,4.500,14.634
47237,0,2,1,0.500,80552,88964,3.252,4.500,14.634
47277,0,2,1,0.500,80536,88900,3.252,4.700,15.284
47317,0,2,1,0.500,80458,88851,3.252,4.700,15.284
47357,0,2,1,0.500,80494,88993,3.252,4.700,15.284
47397,0,2,1,0.500,80428,88868,3.252,4.600,14.959
47437,0,2,1,0.500,80170,88317,3.252,4.600,14.959
47477,0,2,1,0.500,80035,88011,3.252,4.700,15.284
47517,0,2,1,0.500,80102,88202,3.252,4.700,15.284
47557,0,2,1,0.500,80295,88613,3.252,4.700,15.284
47597,0,2,1,0.500,80424,88963,3.252,4.600,14.959
47637,0,2,1,0.500,80523,89253,3.252,4.600,14.959
47677,0,2,1,0.500,80596,89418,3.252,4.700,15.284
47717,0,2,1,0.500,80588,89367,3.252,4.700,15.284
47757,0,2,1,0.500,80567,89342,3.252,4.700,15.284
47797,0,2,1,0.500,80597,89405,3.252,4.800,15.610
47837,0,2,1,0.500,80628,89536,3.252,4.800,15.610
47877,0,2,1,0.500,80751,89731,3.248,4.800,15.590
47917,0,2,1,0.500,80842,89969,3.248,4.800,15.590
47957,0,2,1,0.500,80895,90083,3.248,4.800,15.590
47997,0,2,1,0.500,80905,90137,3.252,4.800,15.610
48037,0,2,1,0.500,80957,90224,3.252,4.800,15.610
48077,0,2,1,0.500,81000,90402,3.252,4.800,15.610
48117,0,2,1,0.500,81079,90528,3.252,4.800,15.610
48157,0,2,1,0.500,80951,90185,3.252,4.800,15.610
48197,0,2,1,0.500,80573,89275,3.252,4.900,15.935
48237,0,2,1,0.500,80262,88529,3.252,4.900,15.935
48277,0,2,1,0.500,80213,88349,3.252,4.600,14.959
48317,0,2,1,0.500,80259,88573,3.252,4.600,14.959
48357,0,2,1,0.500,80436,88963,3.252,4.600,14.959
48397,0,2,1,0.500,80591,89357,3.252,4.600,14.959
48437,0,2,1,0.500,80617,89426,3.252,4.600,14.959
48477,0,2,1,0.500,80548,89336,3.252,4.700,15.284
48517,0,2,1,0.500,80546,89271,3.252,4.700,15.284
48557,0,2,1,0.500,80516,89264,3.252,4.700,15.284
48597,0,2,1,0.500,80529,89362,3.252,4.600,14.959
48637,0,2,1,0.500,80590,89505,3.252,4.600,14.959
48677,0,2,1,0.500,80681,89677,3.252,4.400,14.309
48717,0,2,1,0.500,80691,89756,3.252,4.400,14.309
48757,0,2,1,0.500,80751,89904,3.252,4.400,14.309
48797,0,2,1,0.500,80813,90061,3.252,4.800,15.610
48837,0,2,1,0.500,80898,90265,3.252,4.800,15.610
48878,0,2,1,0.500,80927,90408,3.252,4.800,15.610
48917,0,2,1,0.500,80928,90281,3.252,4.800,15.610
48957,0,2,1,0.500,80601,89569,3.252,4.800,15.610
48998,0,2,1,0.500,80430,89048,3.256,4.500,14.652
49037,0,2,1,0.500,80384,88960,3.256,4.500,14.652
49078,0,2,1,0.500,80484,89149,3.256,4.500,14.652
49118,0,2,1,0.500,80522,89244,3.256,4.500,14.652
49157,0,2,1,0.500,80539,89299,3.256,4.500,14.652
49198,0,2,1,0.500,80538,89320,3.256,4.700,15.303
49238,0,2,1,0.500,80556,89364,3.256,4.700,15.303
49277,0,2,1,0.500,80576,89433,3.256,4.400,14.326
49318,0,2,1,0.500,80668,89637,3.256,4.400,14.326
49358,0,2,1,0.500,80771,89879,3.256,4.400,14.326
49398,0,2,1,0.500,80858,90124,3.264,4.600,15.014
49438,0,2,1,0.500,80962,90332,3.264,4.600,15.014
49477,0,2,1,0.500,80995,90439,3.248,4.700,15.266
49518,0,2,1,0.500,81031,90500,3.248,4.700,15.266
49558,0,2,1,0.500,81028,90475,3.248,4.700,15.266
49598,0,2,1,0.500,80986,90409,3.256,4.500,14.652
49638,0,2,1,0.500,80988,90416,3.256,4.500,14.652
49678,0,2,1,0.500,80941,90346,3.256,4.700,15.303
49718,0,2,1,0.500,80721,89698,3.256,4.700,15.303
49758,0,2,1,0.500,80346,88872,3.256,4.700,15.303
49798,0,2,1,0.500,80179,88403,3.252,4.700,15.284
49838,0,2,1,0.500,80138,88324,3.252,4.700,15.284
49878,0,2,1,0.500,80121,88344,3.264,4.700,15.341
49918,0,2,1,0.500,80206,88522,3.264,4.700,15.341
49958,0,2,1,0.500,80311,88736,3.264,4.700,15.341
49998,0,2,1,0.500,80349,88848,3.256,4.700,15.303
50038,0,2,1,0.500,80332,88815,3.256,4.700,15.303
50078,0,2,1,0.500,80329,88826,3.260,4.600,14.996
50118,0,2,1,0.500,80381,88938,3.260,4.600,14.996
50158,0,2,1,0.500,80462,89110,3.260,4.600,14.996
50198,0,2,1,0.500,80517,89298,3.256,4.700,15.303
50238,0,2,1,0.500,80609,89467,3.256,4.700,15.303
50278,0,2,1,0.500,80688,89696,3.252,5.000,16.260
50318,0,2,1,0.500,80800,89991,3.252,5.000,16.260
50358,0,2,1,0.500,80914,90218,3.252,5.000,16.260
50398,0,2,1,0.500,80956,90291,3.248,4.700,15.266
50438,0,2,1,0.500,80937,90250,3.248,4.700,15.266
50478,0,2,1,0.500,80798,89966,3.252,4.900,15.935
50518,0,2,1,0.500,80448,89173,3.252,4.900,15.935
50558,0,2,1,0.500,80134,88360,3.252,4.900,15.935
50598,0,2,1,0.500,80042,88168,3.256,4.900,15.954
50638,0,2,1,0.500,80155,88437,3.256,4.900,15.954
50678,0,2,1,0.500,80269,88748,3.256,4.900,15.954
50718,0,2,1,0.500,80409,89049,3.256,4.900,15.954
50758,0,2,1,0.500,80565,89431,3.256,4.900,15.954
50798,0,2,1,0.500,80663,89709,3.248,4.500,14.616
50838,0,2,1,0.500,80748,89866,3.248,4.500,14.616
50878,0,2,1,0.500,80786,89963,3.256,4.600,14.978
50918,0,2,1,0.500,80731,89791,3.256,4.600,14.978
50958,0,2,1,0.500,80575,89435,3.256,4.600,14.978
50998,0,2,1,0.500,80452,89171,3.280,4.800,15.744
51038,0,2,1,0.500,80427,89169,3.280,4.800,15.744
51078,0,2,1,0.500,80492,89306,3.276,4.600,15.070
51118,0,2,1,0.500,80527,89446,3.276,4.600,15.070
51158,0,2,1,0.500,80610,89659,3.276,4.600,15.070
51198,0,2,1,0.500,80683,89816,3.276,4.600,15.070
51238,0,2,1,0.500,80524,89402,3.276,4.600,15.070
51278,0,2,1,0.500,80262,88813,3.276,4.700,15.397
51318,0,2,1,0.500,80193,88607,3.276,4.700,15.397
51358,0,2,1,0.500,80219,88667,3.276,4.700,15.397
51398,0,2,1,0.500,80293,88863,3.276,4.800,15.725
51438,0,2,1,0.500,80418,89194,3.276,4.800,15.725
51478,0,2,1,0.500,80428,89242,3.276,4.700,15.397
51518,0,2,1,0.500,80380,89176,3.276,4.700,15.397
51558,0,2,1,0.500,80375,89134,3.276,4.700,15.397
51598,0,2,1,0.500,80393,89203,3.276,4.800,15.725
51638,0,2,1,0.500,80489,89388,3.276,4.800,15.725
51678,0,2,1,0.500,80597,89650,3.272,4.700,15.378
51718,0,2,1,0.500,80713,89930,3.272,4.700,15.378
51758,0,2,1,0.500,80785,90118,3.272,4.700,15.378
51798,0,2,1,0.500,80863,90241,3.276,4.900,16.052
51838,0,2,1,0.500,80887,90316,3.276,4.900,16.052
51878,0,2,1,0.500,80843,90258,3.272,4.800,15.706
51918,0,2,1,0.500,80816,90196,3.272,4.800,15.706
51958,0,2,1,0.500,80600,89731,3.272,4.800,15.706
51998,0,2,1,0.500,80243,88894,3.276,4.800,15.725
52038,0,2,1,0.500,80067,88386,3.276,4.800,15.725
52078,0,2,1,0.500,80122,88407,3.272,4.700,15.378
52118,0,2,1,0.500,80136,88550,3.272,4.700,15.378
52158,0,2,1,0.500,80205,88733,3.272,4.700,15.378
52198,0,2,1,0.500,80295,88948,3.272,4.600,15.051
52238,0,2,1,0.500,80394,89177,3.272,4.600,15.051
52278,0,2,1,0.500,80393,89192,3.268,4.600,15.033
52318,0,2,1,0.500,80416,89211,3.268,4.600,15.033
52358,0,2,1,0.500,80431,89275,3.268,4.600,15.033
52398,0,2,1,0.500,80499,89445,3.276,4.900,16.052
52438,0,2,1,0.500,80558,89583,3.276,4.900,16.052
52478,0,2,1,0.500,80591,89689,3.276,4.600,15.070
52519,0,2,1,0.500,80583,89664,3.276,4.600,15.070
52558,0,2,1,0.500,80609,89719,3.276,4.600,15.070
52598,0,2,1,0.500,80677,89878,3.276,4.900,16.052
52639,0,2,1,0.500,80734,90031,3.276,4.900,16.052
52678,0,2,1,0.500,80735,89991,3.276,4.800,15.725
52718,0,2,1,0.500,80490,89449,3.276,4.800,15.725
52759,0,2,1,0.500,80118,88553,3.276,4.800,15.725
52798,0,2,1,0.500,79951,88122,3.276,4.700,15.397
52839,0,2,1,0.500,80015,88288,3.276,4.700,15.397
52878,0,2,1,0.500,80126,88547,3.272,4.600,15.051
52918,0,2,1,0.500,80191,88690,3.272,4.600,15.051
52959,0,2,1,0.500,80249,88813,3.272,4.600,15.051
52998,0,2,1,0.500,80279,88885,3.276,4.700,15.397
53038,0,2,1,0.500,80279,88882,3.276,4.700,15.397
53078,0,2,1,0.500,80311,88959,3.272,4.500,14.724
53118,0,2,1,0.500,80344,89022,3.272,4.500,14.724
53159,0,2,1,0.500,80378,89129,3.272,4.500,14.724
53199,0,2,1,0.500,80406,89222,3.272,4.500,14.724
53238,0,2,1,0.500,80488,89369,3.272,4.500,14.724
53279,0,2,1,0.500,80575,89621,3.276,4.500,14.742
53319,0,2,1,0.500,80656,89816,3.276,4.500,14.742
53358,0,2,1,0.500,80701,89908,3.276,4.500,14.742
53399,0,2,1,0.500,80698,89914,3.276,4.700,15.397
53439,0,2,1,0.500,80644,89855,3.276,4.700,15.397
53479,0,2,1,0.500,80564,89674,3.272,4.700,15.378
53519,0,2,1,0.500,80268,88964,3.272,4.700,15.378
53559,0,2,1,0.500,79959,88243,3.272,4.700,15.378
53599,0,2,1,0.500,79921,88148,3.268,4.400,14.379
53639,0,2,1,0.500,80012,88395,3.268,4.400,14.379
53679,0,2,1,0.500,80120,88656,3.268,4.500,14.706
53719,0,2,1,0.500,80206,88898,3.268,4.500,14.706
53759,0,2,1,0.500,80276,89102,3.268,4.500,14.706
53799,0,2,1,0.500,80315,89178,3.272,4.800,15.706
53839,0,2,1,0.500,80328,89194,3.272,4.800,15.706
53879,0,2,1,0.500,80337,89285,3.272,4.800,15.706
53919,0,2,1,0.500,80425,89488,3.272,4.800,15.706
53959,0,2,1,0.500,80507,89699,3.272,4.800,15.706
53999,0,2,1,0.500,80618,89882,3.272,4.900,16.033
54039,0,2,1,0.500,80650,90004,3.272,4.900,16.033
54079,0,2,1,0.500,80709,90102,3.272,4.700,15.378
54119,0,2,1,0.500,80677,89995,3.272,4.700,15.378
54159,0,2,1,0.500,80652,89960,3.272,4.700,15.378
54199,0,2,1,0.500,80626,89877,3.268,4.400,14.379
54239,0,2,1,0.500,80523,89725,3.268,4.400,14.379
54279,0,2,1,0.500,80324,89224,3.268,4.800,15.686
54319,0,2,1,0.500,80182,88833,3.268,4.800,15.686
54359,0,2,1,0.500,80127,88719,3.268,4.800,15.686
54399,0,2,1,0.500,80132,88709,3.268,4.600,15.033
54439,0,2,1,0.500,80160,88765,3.268,4.600,15.033
54479,0,2,1,0.500,80253,88970,3.272,4.400,14.397
54519,0,2,1,0.500,80291,89064,3.272,4.400,14.397
54559,0,2,1,0.500,80258,89006,3.272,4.400,14.397
54599,0,2,1,0.500,80194,88836,3.272,4.700,15.378
54639,0,2,1,0.500,80198,88889,3.272,4.700,15.378
54679,0,2,1,0.500,80289,89063,3.272,5.000,16.360
54719,0,2,1,0.500,80361,89235,3.272,5.000,16.360
54759,0,2,1,0.500,80476,89498,3.272,5.000,16.360
54799,0,2,1,0.500,80580,89735,3.272,5.000,16.360
54839,0,2,1,0.500,80634,89937,3.272,5.000,16.360
54879,0,2,1,0.500,80672,90042,3.272,4.900,16.033
54919,0,2,1,0.500,80732,90147,3.272,4.900,16.033
54959,0,2,1,0.500,80740,90186,3.272,4.900,16.033
54999,0,2,1,0.500,80736,90192,3.268,4.800,15.686
55039,0,2,1,0.500,80524,89685,3.268,4.800,15.686
55079,0,2,1,0.500,80154,88842,3.268,5.000,16.340
55119,0,2,1,0.500,79986,88385,3.268,5.000,16.340
55159,0,2,1,0.500,80011,88422,3.268,5.000,16.340
55199,0,2,1,0.500,80097,88584,3.268,4.600,15.033
55239,0,2,1,0.500,80126,88735,3.268,4.600,15.033
55279,0,2,1,0.500,80182,88807,3.268,4.600,15.033
55319,0,2,1,0.500,80114,88670,3.268,4.600,15.033
55359,0,2,1,0.500,79996,88494,3.268,4.600,15.033
55399,0,2,1,0.500,79978,88456,3.216,4.900,15.758
55439,0,2,1,0.500,80131,88833,3.216,4.900,15.758
55479,0,2,1,0.500,80330,89292,3.212,4.500,14.454
55519,0,2,1,0.500,80465,89616,3.212,4.500,14.454
55559,0,2,1,0.500,80527,89740,3.212,4.500,14.454
55599,0,2,1,0.500,80507,89736,3.220,4.700,15.134
55639,0,2,1,0.500,80503,89728,3.220,4.700,15.134
55679,0,2,1,0.500,80546,89791,3.216,4.800,15.437
55719,0,2,1,0.500,80574,89855,3.216,4.800,15.437
55759,0,2,1,0.500,80583,89909,3.216,4.800,15.437
55799,0,2,1,0.500,80536,89798,3.236,4.500,14.562
55839,0,2,1,0.500,80239,89048,3.236,4.500,14.562
55879,0,2,1,0.500,79863,88142,3.236,4.800,15.533
55919,0,2,1,0.500,79662,87769,3.236,4.800,15.533
55959,0,2,1,0.500,79789,88023,3.236,4.800,15.533
55999,0,2,1,0.500,79937,88327,3.252,4.700,15.284
56039,0,2,1,0.500,80044,88604,3.252,4.700,15.284
56079,0,2,1,0.500,80118,88782,3.252,4.800,15.610
56119,0,2,1,0.500,80141,88799,3.252,4.800,15.610
56159,0,2,1,0.500,80080,88640,3.252,4.800,15.610
56199,0,2,1,0.500,80034,88509,3.248,4.600,14.941
56239,0,2,1,0.500,80041,88578,3.248,4.600,14.941
56279,0,2,1,0.500,80127,88792,3.252,4.800,15.610
56320,0,2,1,0.500,80205,88965,3.252,4.800,15.610
56359,0,2,1,0.500,80235,89088,3.252,4.800,15.610
56399,0,2,1,0.500,80336,89327,3.228,4.600,14.849
56440,0,2,1,0.500,80427,89550,3.228,4.600,14.849
56479,0,2,1,0.500,80411,89569,3.216,4.500,14.472
56520,0,2,1,0.500,80453,89626,3.216,4.500,14.472
56560,0,2,1,0.500,80458,89600,3.216,4.500,14.472
56599,0,2,1,0.500,80473,89664,3.208,4.800,15.398
56640,0,2,1,0.500,80342,89404,3.208,4.800,15.398
56679,0,2,1,0.500,79960,88464,3.216,4.600,14.794
56719,0,2,1,0.500,79553,87542,3.216,4.600,14.794
56760,0,2,1,0.500,79530,87491,3.216,4.600,14.794
56799,0,2,1,0.500,79666,87836,3.220,4.600,14.812
56839,0,2,1,0.500,79812,88113,3.220,4.600,14.812
56880,0,2,1,0.500,79802,88136,3.220,4.700,15.134
56919,0,2,1,0.500,79813,88160,3.220,4.700,15.134
56960,0,2,1,0.500,79851,88208,3.220,4.700,15.134
57000,0,2,1,0.500,79844,88258,3.220,4.900,15.778
57039,0,2,1,0.500,79888,88389,3.220,4.900,15.778
57080,0,2,1,0.500,80010,88622,3.212,4.800,15.418
57120,0,2,1,0.500,80126,88891,3.212,4.800,15.418
57160,0,2,1,0.500,80217,89091,3.212,4.800,15.418
57200,0,2,1,0.500,80300,89264,3.248,4.400,14.291
57240,0,2,1,0.500,80281,89221,3.248,4.400,14.291
57280,0,2,1,0.500,80221,89087,3.260,4.700,15.322
57320,0,2,1,0.500,80189,89068,3.260,4.700,15.322
57360,0,2,1,0.500,80243,89173,3.260,4.700,15.322
57400,0,2,1,0.500,80213,89111,3.196,4.800,15.341
57440,0,2,1,0.500,79999,88593,3.196,4.800,15.341
57480,0,2,1,0.500,79851,88131,3.208,4.900,15.719
57520,0,2,1,0.500,79798,88026,3.208,4.900,15.719
57560,0,2,1,0.500,79872,88170,3.208,4.900,15.719
57600,0,2,1,0.500,79936,88284,3.248,4.800,15.590
57640,0,2,1,0.500,79927,88287,3.248,4.800,15.590
57680,0,2,1,0.500,79755,87926,3.244,4.500,14.598
57720,0,2,1,0.500,79638,87649,3.244,4.500,14.598
57760,0,2,1,0.500,79626,87612,3.244,4.500,14.598
57800,0,2,1,0.500,79648,87685,3.208,4.600,14.757
57840,0,2,1,0.500,79666,87796,3.208,4.600,14.757
57880,0,2,1,0.500,79748,87986,3.212,4.600,14.775
57920,0,2,1,0.500,79810,88202,3.212,4.600,14.775
57960,0,2,1,0.500,79932,88572,3.212,4.600,14.775
58000,0,2,1,0.500,80109,88928,3.228,4.400,14.203
58040,0,2,1,0.500,80144,88999,3.228,4.400,14.203
58080,0,2,1,0.500,80015,88696,3.240,4.900,15.876
58120,0,2,1,0.500,79936,88421,3.240,4.900,15.876
58160,0,2,1,0.500,79618,87602,3.240,4.900,15.876
58200,0,2,1,0.500,79140,86468,3.248,4.600,14.941
58240,0,2,1,0.500,78961,85972,3.248,4.600,14.941
58280,0,2,1,0.500,78972,86001,3.212,4.700,15.096
58320,0,2,1,0.500,78980,85977,3.212,4.700,15.096
58360,0,2,1,0.500,78984,85993,3.212,4.700,15.096
58400,0,2,1,0.500,79094,86186,3.216,4.600,14.794
58440,0,2,1,0.500,79014,85961,3.216,4.600,14.794
58480,0,2,1,0.500,78863,85570,3.208,5.000,16.040
58520,0,2,1,0.500,78745,85366,3.208,5.000,16.040
58560,0,2,1,0.500,78821,85579,3.208,5.000,16.040
58600,0,2,1,0.500,79106,86196,3.212,4.700,15.096
58640,0,2,1,0.500,79346,86724,3.212,4.700,15.096
58680,0,2,1,0.500,79551,87127,3.208,4.600,14.757
58720,0,2,1,0.500,79591,87213,3.208,4.600,14.757
58760,0,2,1,0.500,79564,87174,3.208,4.600,14.757
58800,0,2,1,0.500,79612,87205,3.208,4.700,15.078
58840,0,2,1,0.500,79702,87396,3.208,4.700,15.078
58880,0,2,1,0.500,79643,87256,3.212,4.600,14.775
58920,0,2,1,0.500,79278,86412,3.212,4.600,14.775
58960,0,2,1,0.500,79050,85921,3.212,4.600,14.775
59000,0,2,1,0.500,79133,86136,3.212,4.600,14.775
59040,0,2,1,0.500,79338,86595,3.212,4.600,14.775
59080,0,2,1,0.500,79428,86833,3.212,4.700,15.096
59120,0,2,1,0.500,79552,87021,3.212,4.700,15.096
59160,0,2,1,0.500,79566,87093,3.212,4.700,15.096
59200,0,2,1,0.500,79534,86978,3.208,4.700,15.078
59240,0,2,1,0.500,79536,86943,3.208,4.700,15.078
59280,0,2,1,0.500,79617,87143,3.208,4.700,15.078
59320,0,2,1,0.500,79778,87507,3.208,4.700,15.078
59360,0,2,1,0.500,79914,87796,3.208,4.700,15.078
59400,0,2,1,0.500,80042,88072,3.208,4.900,15.719
59440,0,2,1,0.500,80097,88239,3.208,4.900,15.719
59480,0,2,1,0.500,80175,88354,3.208,4.900,15.719
59520,0,2,1,0.500,80257,88519,3.208,4.900,15.719
59560,0,2,1,0.500,80300,88616,3.208,4.900,15.719
59600,0,2,1,0.500,80354,88779,3.208,4.400,14.115
59640,0,2,1,0.500,80283,88624,3.208,4.400,14.115
59680,0,2,1,0.500,79978,87820,3.204,4.500,14.418
59720,0,2,1,0.500,79666,87081,3.204,4.500,14.418
59760,0,2,1,0.500,79669,87018,3.204,4.500,14.418
59800,0,2,1,0.500,79788,87266,3.212,4.800,15.418
59840,0,2,1,0.500,79883,87472,3.212,4.800,15.418
59880,0,2,1,0.500,79944,87503,3.216,4.700,15.115
59920,0,2,1,0.500,79831,87258,3.216,4.700,15.115
59961,0,2,1,0.500,79739,87016,3.216,4.700,15.115
60000,0,2,1,0.500,79815,87160,3.216,4.800,15.437
60040,0,2,1,0.500,79922,87441,3.216,4.800,15.437
60080,0,2,1,0.500,80030,87766,3.212,4.600,14.775
60120,0,2,1,0.500,80144,88034,3.212,4.600,14.775
60161,0,2,1,0.500,80276,88291,3.212,4.600,14.775
60200,0,2,1,0.500,80297,88396,3.208,4.700,15.078
60240,0,2,1,0.500,80294,88339,3.208,4.700,15.078
60281,0,2,1,0.500,80271,88269,3.212,4.600,14.775
60320,0,2,1,0.500,80271,88302,3.212,4.600,14.775
60360,0,2,1,0.500,80312,88404,3.212,4.600,14.775
60401,0,2,1,0.500,80374,88506,3.212,4.800,15.418
60440,0,2,1,0.500,80143,87930,3.212,4.800,15.418
60481,0,2,1,0.500,79769,87052,3.212,4.800,15.418
60521,0,2,1,0.500,79572,86601,3.212,4.800,15.418
60560,0,2,1,0.500,79627,86757,3.212,4.800,15.418
60601,0,2,1,0.500,79835,87274,3.212,4.800,15.418
60641,0,2,1,0.500,80022,87769,3.212,4.800,15.418
60681,0,2,1,0.500,80095,87902,3.212,4.500,14.454
60721,0,2,1,0.500,80081,87840,3.212,4.500,14.454
60761,0,2,1,0.500,80008,87647,3.212,4.500,14.454
60801,0,2,1,0.500,79948,87499,3.216,4.600,14.794
60841,0,2,1,0.500,79879,87301,3.216,4.600,14.794
60881,0,2,1,0.500,79772,86994,3.216,4.800,15.437
60921,0,2,1,0.500,79566,86591,3.216,4.800,15.437
60961,0,2,1,0.500,79340,86096,3.216,4.800,15.437
61001,0,2,1,0.500,79379,86158,3.216,4.500,14.472
61041,0,2,1,0.500,79645,86741,3.216,4.500,14.472
61081,0,2,1,0.500,79920,87432,3.216,4.400,14.150
61121,0,2,1,0.500,80173,87935,3.216,4.400,14.150
61161,0,2,1,0.500,80015,87521,3.216,4.400,14.150
61201,0,2,1,0.500,79582,86446,3.216,4.500,14.472
61241,0,2,1,0.500,79276,85781,3.216,4.500,14.472
61281,0,2,1,0.500,79244,85672,3.216,4.600,14.794
61321,0,2,1,0.500,79269,85756,3.216,4.600,14.794
61361,0,2,1,0.500,79374,85996,3.216,4.600,14.794
61401,0,2,1,0.500,79388,86041,3.216,4.700,15.115
61441,0,2,1,0.500,79432,86123,3.216,4.700,15.115
61481,0,2,1,0.500,79460,86212,3.216,4.700,15.115
61521,0,2,1,0.500,79567,86428,3.216,4.700,15.115
61561,0,2,1,0.500,79660,86683,3.216,4.700,15.115
61601,0,2,1,0.500,79774,86792,3.220,4.600,14.812
61641,0,2,1,0.500,79800,86871,3.220,4.600,14.812
61681,0,2,1,0.500,79827,86930,3.216,4.700,15.115
61721,0,2,1,0.500,79793,86862,3.216,4.700,15.115
61761,0,2,1,0.500,79818,86939,3.216,4.700,15.115
61801,0,2,1,0.500,79935,87229,3.220,4.700,15.134
61841,0,2,1,0.500,79907,87182,3.220,4.700,15.134
61881,0,2,1,0.500,79516,86226,3.220,4.900,15.778
61921,0,2,1,0.500,79153,85414,3.220,4.900,15.778
61961,0,2,1,0.500,78972,85055,3.220,4.900,15.778
62001,0,2,1,0.500,78951,84950,3.220,4.600,14.812
62041,0,2,1,0.500,78924,84943,3.220,4.600,14.812
62081,0,2,1,0.500,79004,85005,3.220,4.600,14.812
62121,0,2,1,0.500,79061,85198,3.220,4.600,14.812
62161,0,2,1,0.500,79262,85664,3.220,4.600,14.812
62201,0,2,1,0.500,79591,86386,3.220,4.400,14.168
62241,0,2,1,0.500,79961,87159,3.220,4.400,14.168
62281,0,2,1,0.500,80223,87777,3.220,5.000,16.100
62321,0,2,1,0.500,80437,88258,3.220,5.000,16.100
62361,0,2,1,0.500,80573,88555,3.220,5.000,16.100
62401,0,2,1,0.500,80650,88754,3.220,4.800,15.456
62441,0,2,1,0.500,80704,88896,3.220,4.800,15.456
62481,0,2,1,0.500,80797,89050,3.220,4.500,14.490
62521,0,2,1,0.500,80769,89059,3.220,4.500,14.490
62561,0,2,1,0.500,80616,88681,3.220,4.500,14.490
62601,0,2,1,0.500,80212,87732,3.224,4.800,15.475
62641,0,2,1,0.500,79980,87134,3.224,4.800,15.475
62681,0,2,1,0.500,79924,87099,3.224,4.600,14.830
62721,0,2,1,0.500,80043,87371,3.224,4.600,14.830
62761,0,2,1,0.500,80126,87503,3.224,4.600,14.830
62801,0,2,1,0.500,80126,87492,3.224,4.600,14.830
62841,0,2,1,0.500,80102,87462,3.224,4.600,14.830
62881,0,2,1,0.500,80105,87424,3.224,4.600,14.830
62921,0,2,1,0.500,80058,87345,3.224,4.600,14.830
62961,0,2,1,0.500,80107,87449,3.224,4.600,14.830
63001,0,2,1,0.500,80157,87614,3.224,4.800,15.475
63041,0,2,1,0.500,80213,87729,3.224,4.800,15.475
63081,0,2,1,0.500,80189,87729,3.224,4.600,14.830
63121,0,2,1,0.500,80230,87815,3.224,4.600,14.830
63161,0,2,1,0.500,80316,87985,3.224,4.600,14.830
63201,0,2,1,0.500,80392,88170,3.224,4.900,15.798
63241,0,2,1,0.500,80434,88308,3.224,4.900,15.798
63282,0,2,1,0.500,80519,88451,3.228,4.700,15.172
63321,0,2,1,0.500,80326,88088,3.228,4.700,15.172
63361,0,2,1,0.500,79906,87033,3.228,4.700,15.172
63402,0,2,1,0.500,79621,86404,3.224,4.700,15.153
63441,0,2,1,0.500,79619,86443,3.224,4.700,15.153
63482,0,2,1,0.500,79676,86633,3.224,4.600,14.830
63522,0,2,1,0.500,79763,86793,3.224,4.600,14.830
63561,0,2,1,0.500,79777,86788,3.224,4.600,14.830
63602,0,2,1,0.500,79694,86669,3.228,4.700,15.172
63642,0,2,1,0.500,79676,86572,3.228,4.700,15.172
63682,0,2,1,0.500,79649,86491,3.224,4.800,15.475
63722,0,2,1,0.500,79629,86485,3.224,4.800,15.475
63761,0,2,1,0.500,79653,86578,3.224,4.800,15.475
63802,0,2,1,0.500,79686,86658,3.224,4.700,15.153
63842,0,2,1,0.500,79770,86814,3.224,4.700,15.153
63882,0,2,1,0.500,79806,86920,3.224,4.600,14.830
63922,0,2,1,0.500,79858,86995,3.224,4.600,14.830
63962,0,2,1,0.500,79840,86997,3.224,4.600,14.830
64002,0,2,1,0.500,79844,86991,3.228,4.700,15.172
64042,0,2,1,0.500,79891,87099,3.228,4.700,15.172
64082,0,2,1,0.500,80019,87314,3.224,4.700,15.153
64122,0,2,1,0.500,79973,87261,3.224,4.700,15.153
64162,0,2,1,0.500,79638,86441,3.224,4.700,15.153
64202,0,2,1,0.500,79240,85570,3.224,4.600,14.830
64242,0,2,1,0.500,79162,85433,3.224,4.600,14.830
64282,0,2,1,0.500,79351,85822,3.224,4.800,15.475
64322,0,2,1,0.500,79548,86279,3.224,4.800,15.475
64362,0,2,1,0.500,79759,86742,3.224,4.800,15.475
64402,0,2,1,0.500,79948,87137,3.228,4.800,15.494
64442,0,2,1,0.500,80047,87366,3.228,4.800,15.494
64482,0,2,1,0.500,80084,87458,3.224,4.800,15.475
64522,0,2,1,0.500,80192,87637,3.224,4.800,15.475
64562,0,2,1,0.500,80303,87847,3.224,4.800,15.475
64602,0,2,1,0.500,80383,88070,3.224,4.500,14.508
64642,0,2,1,0.500,80480,88288,3.224,4.500,14.508
64682,0,2,1,0.500,80578,88496,3.224,4.500,14.508
64722,0,2,1,0.500,80626,88611,3.224,4.500,14.508
64762,0,2,1,0.500,80628,88593,3.224,4.500,14.508
64802,0,2,1,0.500,80598,88527,3.228,4.700,15.172
64842,0,2,1,0.500,80541,88368,3.228,4.700,15.172
64882,0,2,1,0.500,80556,88406,3.220,4.800,15.456
64922,0,2,1,0.500,80511,88330,3.220,4.800,15.456
64962,0,2,1,0.500,80227,87603,3.220,4.800,15.456
65002,0,2,1,0.500,79797,86609,3.224,4.700,15.153
65042,0,2,1,0.500,79599,86215,3.224,4.700,15.153
65082,0,2,1,0.500,79619,86341,3.224,4.900,15.798
65122,0,2,1,0.500,79776,86654,3.224,4.900,15.798
65162,0,2,1,0.500,79957,87060,3.224,4.900,15.798
65202,0,2,1,0.500,80049,87317,3.220,4.500,14.490
65242,0,2,1,0.500,80048,87275,3.220,4.500,14.490
65282,0,2,1,0.500,80036,87233,3.220,4.500,14.490
65322,0,2,1,0.500,80021,87227,3.220,4.500,14.490
65362,0,2,1,0.500,80040,87246,3.220,4.500,14.490
65402,0,2,1,0.500,80066,87280,3.212,4.800,15.418
65442,0,2,1,0.500,80091,87377,3.212,4.800,15.418
65482,0,2,1,0.500,80098,87404,3.216,4.700,15.115
65522,0,2,1,0.500,80111,87430,3.216,4.700,15.115
65562,0,2,1,0.500,80141,87521,3.216,4.700,15.115
65602,0,2,1,0.500,80161,87562,3.216,4.800,15.437
65642,0,2,1,0.500,80213,87643,3.216,4.800,15.437
65682,0,2,1,0.500,80293,87794,3.216,4.800,15.437
65722,0,2,1,0.500,80092,87370,3.216,4.800,15.437
65762,0,2,1,0.500,79679,86429,3.216,4.800,15.437
65802,0,2,1,0.500,79416,85856,3.220,4.800,15.456
65842,0,2,1,0.500,79445,85924,3.220,4.800,15.456
65882,0,2,1,0.500,79538,86115,3.220,5.100,16.422
65922,0,2,1,0.500,79581,86271,3.220,5.100,16.422
65962,0,2,1,0.500,79655,86424,3.220,5.100,16.422
66002,0,2,1,0.500,79632,86482,3.224,4.800,15.475
66042,0,2,1,0.500,79620,86375,3.224,4.800,15.475
66082,0,2,1,0.500,79546,86272,3.220,4.700,15.134
66122,0,2,1,0.500,79619,86429,3.220,4.700,15.134
66162,0,2,1,0.500,79799,86793,3.220,4.700,15.134
66202,0,2,1,0.500,79957,87179,3.220,4.600,14.812
66242,0,2,1,0.500,80111,87533,3.220,4.600,14.812
66282,0,2,1,0.500,80248,87733,3.216,4.600,14.794
66322,0,2,1,0.500,80228,87748,3.216,4.600,14.794
66362,0,2,1,0.500,80211,87745,3.216,4.600,14.794
66402,0,2,1,0.500,80268,87830,3.224,4.400,14.186
66443,0,2,1,0.500,80337,87983,3.224,4.400,14.186
66482,0,2,1,0.500,80197,87692,3.220,4.800,15.456
66522,0,2,1,0.500,79726,86538,3.220,4.800,15.456
66563,0,2,1,0.500,79141,85251,3.220,4.800,15.456
66602,0,2,1,0.500,78900,84731,3.228,4.600,14.849
66642,0,2,1,0.500,79089,85143,3.228,4.600,14.849
66682,0,2,1,0.500,79419,85891,3.232,4.900,15.837
66722,0,2,1,0.500,79505,86043,3.232,4.900,15.837
66763,0,2,1,0.500,79326,85654,3.232,4.900,15.837
66803,0,2,1,0.500,79177,85276,3.232,4.800,15.514
66842,0,2,1,0.500,79068,85006,3.232,4.800,15.514
66883,0,2,1,0.500,79014,84928,3.228,4.700,15.172
66923,0,2,1,0.500,79095,85132,3.228,4.700,15.172
66963,0,2,1,0.500,79119,85232,3.228,4.700,15.172
67003,0,2,1,0.500,79116,85199,3.240,5.000,16.200
67043,0,2,1,0.500,79105,85182,3.240,5.000,16.200
67083,0,2,1,0.500,79138,85272,3.236,4.900,15.856
67123,0,2,1,0.500,79233,85431,3.236,4.900,15.856
67163,0,2,1,0.500,79275,85548,3.236,4.900,15.856
67203,0,2,1,0.500,79387,85807,3.236,4.800,15.533
67243,0,2,1,0.500,79563,86151,3.236,4.800,15.533
67283,0,2,1,0.500,79427,85821,3.236,4.600,14.886
67323,0,2,1,0.500,78948,84819,3.236,4.600,14.886
67363,0,2,1,0.500,78666,84151,3.236,4.600,14.886
67403,0,2,1,0.500,78623,84094,3.236,4.800,15.533
67443,0,2,1,0.500,78716,84312,3.236,4.800,15.533
67483,0,2,1,0.500,78760,84425,3.236,4.500,14.562
67523,0,2,1,0.500,78830,84550,3.236,4.500,14.562
67563,0,2,1,0.500,78911,84704,3.236,4.500,14.562
67603,0,2,1,0.500,78914,84709,3.236,4.400,14.238
67643,0,2,1,0.500,78915,84669,3.236,4.400,14.238
67683,0,2,1,0.500,78972,84781,3.232,4.700,15.190
67723,0,2,1,0.500,79084,85012,3.232,4.700,15.190
67763,0,2,1,0.500,79099,85059,3.232,4.700,15.190
67803,0,2,1,0.500,79107,85063,3.236,5.000,16.180
67843,0,2,1,0.500,79209,85310,3.236,5.000,16.180
67883,0,2,1,0.500,79291,85604,3.236,4.400,14.238
67923,0,2,1,0.500,79519,86014,3.236,4.400,14.238
67963,0,2,1,0.500,79717,86460,3.236,4.400,14.238
68003,0,2,1,0.500,79922,86901,3.236,4.500,14.562
68043,0,2,1,0.500,80053,87219,3.236,4.500,14.562
68083,0,2,1,0.500,79954,86930,3.240,4.700,15.228
68123,0,2,1,0.500,79541,86050,3.240,4.700,15.228
68163,0,2,1,0.500,79328,85522,3.240,4.700,15.228
68203,0,2,1,0.500,79400,85680,3.236,4.700,15.209
68243,0,2,1,0.500,79534,86023,3.236,4.700,15.209
68283,0,2,1,0.500,79562,86113,3.236,4.800,15.533
68323,0,2,1,0.500,79656,86280,3.236,4.800,15.533
68363,0,2,1,0.500,79757,86485,3.236,4.800,15.533
68403,0,2,1,0.500,79761,86527,3.236,4.700,15.209
68443,0,2,1,0.500,79795,86558,3.236,4.700,15.209
68483,0,2,1,0.500,79891,86787,3.240,4.700,15.228
68523,0,2,1,0.500,80004,87082,3.240,4.700,15.228
68563,0,2,1,0.500,80156,87379,3.240,4.700,15.228
68603,0,2,1,0.500,80244,87601,3.240,4.800,15.552
68643,0,2,1,0.500,80319,87761,3.240,4.800,15.552
68683,0,2,1,0.500,80387,87894,3.240,4.800,15.552
68723,0,2,1,0.500,80460,88062,3.240,4.800,15.552
68763,0,2,1,0.500,80488,88142,3.240,4.800,15.552
68803,0,2,1,0.500,80488,88148,3.236,4.600,14.886
68843,0,2,1,0.500,80542,88231,3.236,4.600,14.886
68883,0,2,1,0.500,80435,87978,3.236,4.800,15.533
68923,0,2,1,0.500,80003,86987,3.236,4.800,15.533
68963,0,2,1,0.500,79660,86218,3.236,4.800,15.533
69003,0,2,1,0.500,79648,86235,3.240,4.600,14.904
69043,0,2,1,0.500,79788,86512,3.240,4.600,14.904
69083,0,2,1,0.500,79857,86713,3.232,4.700,15.190
69123,0,2,1,0.500,79982,86958,3.232,4.700,15.190
69163,0,2,1,0.500,80034,87098,3.232,4.700,15.190
69203,0,2,1,0.500,80030,87098,3.240,4.800,15.552
69243,0,2,1,0.500,80036,87143,3.240,4.800,15.552
69283,0,2,1,0.500,80150,87306,3.236,4.800,15.533
69323,0,2,1,0.500,80173,87442,3.236,4.800,15.533
69363,0,2,1,0.500,80265,87618,3.236,4.800,15.533
69403,0,2,1,0.500,80342,87770,3.232,4.300,13.898
69443,0,2,1,0.500,80371,87905,3.232,4.300,13.898
69483,0,2,1,0.500,80417,87985,3.236,4.700,15.209
69523,0,2,1,0.500,80465,88106,3.236,4.700,15.209
69564,0,2,1,0.500,80504,88182,3.236,4.700,15.209
69603,0,2,1,0.500,80535,88319,3.236,4.700,15.209
69643,0,2,1,0.500,80569,88318,3.236,4.700,15.209
69683,0,2,1,0.500,80281,87661,3.236,4.800,15.533
69723,0,2,1,0.500,79924,86864,3.236,4.800,15.533
69764,0,2,1,0.500,79826,86652,3.236,4.800,15.533
69803,0,2,1,0.500,79865,86761,3.240,4.600,14.904
69843,0,2,1,0.500,79934,86898,3.240,4.600,14.904
69884,0,2,1,0.500,79975,87065,3.232,4.800,15.514
69923,0,2,1,0.500,80069,87239,3.232,4.800,15.514
69963,0,2,1,0.500,80042,87167,3.232,4.800,15.514
70004,0,2,1,0.500,80008,87134,3.232,4.500,14.544
70043,0,2,1,0.500,80044,87218,3.232,4.500,14.544
70084,0,2,1,0.500,80094,87307,3.236,4.800,15.533
70124,0,2,1,0.500,80112,87368,3.236,4.800,15.533
70164,0,2,1,0.500,80152,87469,3.236,4.800,15.533
70204,0,2,1,0.500,80223,87614,3.240,4.800,15.552
70244,0,2,1,0.500,80271,87772,3.240,4.800,15.552
70284,0,2,1,0.500,80285,87861,3.236,4.700,15.209
70324,0,2,1,0.500,80338,87938,3.236,4.700,15.209
70364,0,2,1,0.500,80395,88053,3.236,4.700,15.209
70404,0,2,1,0.500,80233,87657,3.240,4.800,15.552
70444,0,2,1,0.500,79788,86657,3.240,4.800,15.552
70484,0,2,1,0.500,79524,85999,3.232,4.700,15.190
70524,0,2,1,0.500,79465,85879,3.232,4.700,15.190
70564,0,2,1,0.500,79453,85981,3.232,4.700,15.190
70604,0,2,1,0.500,79519,86102,3.236,4.600,14.886
70644,0,2,1,0.500,79572,86206,3.236,4.600,14.886
70684,0,2,1,0.500,79554,86258,3.232,4.900,15.837
70724,0,2,1,0.500,79570,86285,3.232,4.900,15.837
70764,0,2,1,0.500,79595,86364,3.232,4.900,15.837
70804,0,2,1,0.500,79675,86485,3.232,3.800,12.282
70844,0,2,1,0.500,79753,86706,3.232,3.800,12.282
70884,0,2,1,0.500,79895,86996,3.232,5.000,16.160
70924,0,2,1,0.500,79971,87177,3.232,5.000,16.160
70964,0,2,1,0.500,80013,87314,3.232,5.000,16.160
71004,0,2,1,0.500,80045,87418,3.240,5.000,16.200
71044,0,2,1,0.500,80105,87494,3.240,5.000,16.200
71084,0,2,1,0.500,80122,87572,3.236,4.800,15.533
71124,0,2,1,0.500,80022,87336,3.236,4.800,15.533
71164,0,2,1,0.500,79556,86239,3.236,4.800,15.533
71204,0,2,1,0.500,79046,85102,3.236,4.700,15.209
71244,0,2,1,0.500,78822,84612,3.236,4.700,15.209
71284,0,2,1,0.500,78744,84469,3.236,4.900,15.856
71324,0,2,1,0.500,78737,84437,3.236,4.900,15.856
71364,0,2,1,0.500,78743,84487,3.236,4.900,15.856
71404,0,2,1,0.500,78751,84520,3.236,3.900,12.620
71444,0,2,1,0.500,78824,84688,3.236,3.900,12.620
71484,0,2,1,0.500,78975,84972,3.240,4.800,15.552
71524,0,2,1,0.500,79098,85295,3.240,4.800,15.552
71564,0,2,1,0.500,79228,85562,3.240,4.800,15.552
71604,0,2,1,0.500,79213,85513,3.224,4.500,14.508
71644,0,2,1,0.500,79229,85530,3.224,4.500,14.508
71684,0,2,1,0.500,79235,85592,3.236,4.800,15.533
71724,0,2,1,0.500,79215,85496,3.236,4.800,15.533
71764,0,2,1,0.500,79209,85463,3.236,4.800,15.533
71804,0,2,1,0.500,79297,85680,3.240,4.300,13.932
71844,0,2,1,0.500,79425,85957,3.240,4.300,13.932
71884,0,2,1,0.500,79382,85810,3.224,4.800,15.475
71924,0,2,1,0.500,78911,84810,3.224,4.800,15.475
71964,0,2,1,0.500,78492,83841,3.224,4.800,15.475
72004,0,2,1,0.500,78390,83617,3.232,4.100,13.251
72044,0,2,1,0.500,78525,83929,3.232,4.100,13.251
72084,0,2,1,0.500,78535,84003,3.236,6.700,21.681
72124,0,2,1,0.500,78608,84077,3.236,6.700,21.681
72164,0,2,1,0.500,78698,84272,3.236,6.700,21.681
72204,0,2,1,0.500,78802,84489,3.224,4.500,14.508
72244,0,2,1,0.500,78900,84719,3.224,4.500,14.508
72284,0,2,1,0.500,79035,84969,3.236,4.800,15.533
72325,0,2,1,0.500,79107,85170,3.236,4.800,15.533
72364,0,2,1,0.500,79177,85300,3.236,4.800,15.533
72404,0,2,1,0.500,79151,85254,3.240,5.900,19.116
72445,0,2,1,0.500,79155,85228,3.240,5.900,19.116
72484,0,2,1,0.500,79159,85274,3.224,4.600,14.830
72524,0,2,1,0.500,79233,85402,3.224,4.600,14.830
72565,0,2,1,0.500,79282,85514,3.224,4.600,14.830
72604,0,2,1,0.500,79344,85708,3.236,4.300,13.915
72644,0,2,1,0.500,79412,85817,3.236,4.300,13.915
72684,0,2,1,0.500,79506,86001,3.224,5.100,16.442
72724,0,2,1,0.500,79290,85519,3.224,5.100,16.442
72765,0,2,1,0.500,78734,84244,3.224,5.100,16.442
72805,0,2,1,0.500,78493,83698,3.224,4.300,13.863
72844,0,2,1,0.500,78557,83922,3.224,4.300,13.863
72885,0,2,1,0.500,78610,83994,3.224,6.700,21.601
72925,0,2,1,0.500,78592,83983,3.224,6.700,21.601
72965,0,2,1,0.500,78629,84020,3.224,6.700,21.601
73005,0,2,1,0.500,78705,84189,3.240,5.400,17.496
73045,0,2,1,0.500,78809,84469,3.240,5.400,17.496
73085,0,2,1,0.500,78865,84527,3.224,6.900,22.246
73125,0,2,1,0.500,78955,84762,3.224,6.900,22.246
73165,0,2,1,0.500,79090,85052,3.224,6.900,22.246
73205,0,2,1,0.500,79152,85192,3.236,4.200,13.591
73245,0,2,1,0.500,79233,85267,3.236,4.200,13.591
73285,0,2,1,0.500,79242,85341,3.224,4.900,15.798
73325,0,2,1,0.500,79279,85400,3.224,4.900,15.798
73365,0,2,1,0.500,79329,85539,3.224,4.900,15.798
73405,0,2,1,0.500,79424,85745,3.224,4.300,13.863
73445,0,2,1,0.500,79509,85964,3.224,4.300,13.863
73485,0,2,1,0.500,79546,86066,3.224,7.000,22.568
73525,0,2,1,0.500,79660,86296,3.224,7.000,22.568
73565,0,2,1,0.500,79544,86006,3.224,7.000,22.568
73605,0,2,1,0.500,79037,84858,3.240,5.000,16.200
73645,0,2,1,0.500,78794,84255,3.240,5.000,16.200
73685,0,2,1,0.500,78881,84499,3.228,7.000,22.596
73725,0,2,1,0.500,78985,84746,3.228,7.000,22.596
73765,0,2,1,0.500,79015,84819,3.228,7.000,22.596
73805,0,2,1,0.500,79157,85074,3.232,4.000,12.928
73845,0,2,1,0.500,79279,85324,3.232,4.000,12.928
73885,0,2,1,0.500,79222,85241,3.236,4.800,15.533
73925,0,2,1,0.500,79140,85071,3.236,4.800,15.533
73965,0,2,1,0.500,79135,85027,3.236,4.800,15.533
74005,0,2,1,0.500,79255,85334,3.228,4.200,13.558
74045,0,2,1,0.500,79434,85700,3.228,4.200,13.558
74085,0,2,1,0.500,79550,85985,3.240,4.600,14.904
74125,0,2,1,0.500,79643,86141,3.240,4.600,14.904
74165,0,2,1,0.500,79611,86167,3.240,4.600,14.904
74205,0,2,1,0.500,79556,85963,3.240,4.500,14.580
74245,0,2,1,0.500,79492,85822,3.240,4.500,14.580
74285,0,2,1,0.500,79536,85832,3.232,4.900,15.837
74325,0,2,1,0.500,79628,86132,3.232,4.900,15.837
74365,0,2,1,0.500,79873,86697,3.232,4.900,15.837
74405,0,2,1,0.500,79820,86537,3.240,6.800,22.032
74445,0,2,1,0.500,79504,85778,3.240,6.800,22.032
74485,0,2,1,0.500,79311,85423,3.224,4.900,15.798
74525,0,2,1,0.500,79388,85527,3.224,4.900,15.798
74565,0,2,1,0.500,79389,85592,3.224,4.900,15.798
74605,0,2,1,0.500,79473,85705,3.232,3.900,12.605
74645,0,2,1,0.500,79541,85908,3.232,3.900,12.605
74685,0,2,1,0.500,79560,85953,3.232,6.700,21.654
74725,0,2,1,0.500,79543,85957,3.232,6.700,21.654
74765,0,2,1,0.500,79560,85934,3.232,6.700,21.654
74805,0,2,1,0.500,79560,85968,3.236,4.800,15.533
74845,0,2,1,0.500,79518,85833,3.236,4.800,15.533
74885,0,2,1,0.500,79469,85725,3.236,4.600,14.886
74925,0,2,1,0.500,79440,85682,3.236,4.600,14.886
74965,0,2,1,0.500,79448,85738,3.236,4.600,14.886
75005,0,2,1,0.500,79522,85852,3.244,6.700,21.735
75045,0,2,1,0.500,79539,85929,3.244,6.700,21.735
75085,0,2,1,0.500,79537,85932,3.224,4.800,15.475
75125,0,2,1,0.500,79528,85948,3.224,4.800,15.475
75165,0,2,1,0.500,79602,86080,3.224,4.800,15.475
75205,0,2,1,0.500,79442,85746,3.236,4.300,13.915
75245,0,2,1,0.500,78924,84534,3.236,4.300,13.915
75285,0,2,1,0.500,78553,83703,3.236,6.200,20.063
75325,0,2,1,0.500,78468,83616,3.236,6.200,20.063
75365,0,2,1,0.500,78475,83590,3.236,6.200,20.063
75405,0,2,1,0.500,78448,83529,3.240,4.700,15.228
75445,0,2,1,0.500,78483,83633,3.240,4.700,15.228
75486,0,2,1,0.500,78485,83674,3.236,4.700,15.209
75526,0,2,1,0.500,78498,83641,3.236,4.700,15.209
75565,0,2,1,0.500,78460,83573,3.236,4.700,15.209
75606,0,2,1,0.500,78431,83544,3.240,5.700,18.468
75646,0,2,1,0.500,78453,83572,3.240,5.700,18.468
75686,0,2,1,0.500,78491,83667,3.224,4.900,15.798
75726,0,2,1,0.500,78429,83550,3.224,4.900,15.798
75766,0,2,1,0.500,78413,83514,3.224,4.900,15.798
75806,0,2,1,0.500,78445,83585,3.236,4.300,13.915
75846,0,2,1,0.500,78504,83672,3.236,4.300,13.915
75886,0,2,1,0.500,78449,83597,3.224,5.600,18.054
75926,0,2,1,0.500,78444,83540,3.224,5.600,18.054
75966,0,2,1,0.500,78538,83774,3.224,5.600,18.054
76006,0,2,1,0.500,78419,83468,3.240,4.700,15.228
76046,0,2,1,0.500,77938,82468,3.240,4.700,15.228
76086,0,2,1,0.500,77691,81910,3.236,7.000,22.652
76126,0,2,1,0.500,77683,81932,3.236,7.000,22.652
76166,0,2,1,0.500,77722,82024,3.236,7.000,22.652
76206,0,2,1,0.500,77731,82110,3.244,4.800,15.571
76246,0,2,1,0.500,77795,82211,3.244,4.800,15.571
76286,0,2,1,0.500,77866,82381,3.228,5.200,16.786
76326,0,2,1,0.500,77984,82648,3.228,5.200,16.786
76366,0,2,1,0.500,78072,82797,3.228,5.200,16.786
76406,0,2,1,0.500,78211,83125,3.240,4.300,13.932
76446,0,2,1,0.500,78387,83484,3.240,4.300,13.932
76486,0,2,1,0.500,78519,83688,3.224,5.000,16.120
76526,0,2,1,0.500,78556,83794,3.224,5.000,16.120
76566,0,2,1,0.500,78606,83948,3.224,5.000,16.120
76606,0,2,1,0.500,78709,84144,3.228,4.400,14.203
76646,0,2,1,0.500,78833,84425,3.228,4.400,14.203
76686,0,2,1,0.500,78913,84607,3.224,6.800,21.923
76726,0,2,1,0.500,78970,84697,3.224,6.800,21.923
76766,0,2,1,0.500,79079,84947,3.224,6.800,21.923
76806,0,2,1,0.500,78996,84725,3.244,4.800,15.571
76846,0,2,1,0.500,78454,83541,3.244,4.800,15.571
76886,0,2,1,0.500,78018,82600,3.236,4.700,15.209
76926,0,2,1,0.500,77929,82408,3.236,4.700,15.209
76966,0,2,1,0.500,77947,82407,3.236,4.700,15.209
77006,0,2,1,0.500,77897,82291,3.236,4.000,12.944
77046,0,2,1,0.500,77907,82347,3.236,4.000,12.944
77086,0,2,1,0.500,78021,82577,3.236,4.900,15.856
77126,0,2,1,0.500,78078,82773,3.236,4.900,15.856
77166,0,2,1,0.500,78212,82974,3.236,4.900,15.856
77206,0,2,1,0.500,78292,83137,3.224,4.400,14.186
77246,0,2,1,0.500,78420,83467,3.224,4.400,14.186
77286,0,2,1,0.500,78535,83742,3.240,4.800,15.552
77326,0,2,1,0.500,78596,83752,3.240,4.800,15.552
77366,0,2,1,0.500,78502,83512,3.240,4.800,15.552
77406,0,2,1,0.500,78412,83357,3.244,4.900,15.896
77446,0,2,1,0.500,78412,83364,3.244,4.900,15.896
77486,0,2,1,0.500,78467,83501,3.228,4.900,15.817
77526,0,2,1,0.500,78555,83669,3.228,4.900,15.817
77566,0,2,1,0.500,78731,84073,3.228,4.900,15.817
77606,0,2,1,0.500,78924,84504,3.240,4.300,13.932
77646,0,2,1,0.500,78733,84045,3.240,4.300,13.932
77686,0,2,1,0.500,78345,83202,3.240,4.600,14.904
77726,0,2,1,0.500,78268,83009,3.240,4.600,14.904
77766,0,2,1,0.500,78418,83363,3.240,4.600,14.904
77806,0,2,1,0.500,78569,83643,3.244,4.800,15.571
77846,0,2,1,0.500,78655,83828,3.244,4.800,15.571
77886,0,2,1,0.500,78664,83921,3.240,4.700,15.228
77926,0,2,1,0.500,78640,83865,3.240,4.700,15.228
77966,0,2,1,0.500,78647,83851,3.240,4.700,15.228
78006,0,2,1,0.500,78698,83946,3.240,4.800,15.552
78046,0,2,1,0.500,78695,83922,3.240,4.800,15.552
78086,0,2,1,0.500,78801,84076,3.228,4.900,15.817
78126,0,2,1,0.500,78929,84448,3.228,4.900,15.817
78166,0,2,1,0.500,79134,84833,3.228,4.900,15.817
78206,0,2,1,0.500,79198,84988,3.236,4.300,13.915
78246,0,2,1,0.500,79273,85167,3.236,4.300,13.915
78286,0,2,1,0.500,79323,85301,3.224,4.700,15.153
78326,0,2,1,0.500,79341,85306,3.224,4.700,15.153
78366,0,2,1,0.500,79451,85506,3.224,4.700,15.153
78406,0,2,1,0.500,79517,85683,3.224,4.200,13.541
78447,0,2,1,0.500,79192,84953,3.224,4.200,13.541
78486,0,2,1,0.500,78837,84141,3.236,6.900,22.328
78526,0,2,1,0.500,78761,83999,3.236,6.900,22.328
78567,0,2,1,0.500,78812,84141,3.236,6.900,22.328
78606,0,2,1,0.500,78872,84211,3.240,4.800,15.552
78647,0,2,1,0.500,78952,84452,3.240,4.800,15.552
78686,0,2,1,0.500,79104,84741,3.224,4.900,15.798
78726,0,2,1,0.500,79097,84751,3.224,4.900,15.798
78767,0,2,1,0.500,79098,84746,3.224,4.900,15.798
78806,0,2,1,0.500,79079,84724,3.236,4.200,13.591
78846,0,2,1,0.500,79084,84718,3.236,4.200,13.591
78887,0,2,1,0.500,79039,84659,3.220,5.100,16.422
78926,0,2,1,0.500,79080,84671,3.220,5.100,16.422
78967,0,2,1,0.500,79080,84726,3.220,5.100,16.422
79007,0,2,1,0.500,79105,84778,3.224,4.100,13.218
79047,0,2,1,0.500,79134,84837,3.224,4.100,13.218
79087,0,2,1,0.500,79091,84656,3.224,6.800,21.923
79127,0,2,1,0.500,79044,84633,3.224,6.800,21.923
79166,0,2,1,0.500,79091,84738,3.224,6.800,21.923
79207,0,2,1,0.500,78711,83889,3.240,4.900,15.876
79247,0,2,1,0.500,78208,82766,3.240,4.900,15.876
79287,0,2,1,0.500,77997,82363,3.228,4.800,15.494
79327,0,2,1,0.500,77987,82384,3.228,4.800,15.494
79367,0,2,1,0.500,77889,82129,3.228,4.800,15.494
79407,0,2,1,0.500,77786,81898,3.236,4.100,13.268
79447,0,2,1,0.500,77794,81932,3.236,4.100,13.268
79487,0,2,1,0.500,77754,81886,3.228,5.000,16.140
79527,0,2,1,0.500,77739,81852,3.228,5.000,16.140
79567,0,2,1,0.500,77764,81932,3.228,5.000,16.140
79607,0,2,1,0.500,77827,82065,3.228,4.200,13.558
79647,0,2,1,0.500,77863,82151,3.228,4.200,13.558
79687,0,2,1,0.500,77930,82305,3.224,6.900,22.246
79727,0,2,1,0.500,77925,82245,3.224,6.900,22.246
79767,0,2,1,0.500,77940,82353,3.224,6.900,22.246
79807,0,2,1,0.500,78073,82607,3.244,4.700,15.247
79847,0,2,1,0.500,78184,82844,3.244,4.700,15.247
79887,0,2,1,0.500,78195,82865,3.232,7.100,22.947
79927,0,2,1,0.500,78262,82969,3.232,7.100,22.947
79967,0,2,1,0.500,77998,82406,3.232,7.100,22.947
80007,0,2,1,0.500,77558,81544,3.240,4.200,13.608
80047,0,2,1,0.500,77433,81266,3.240,4.200,13.608
80087,0,2,1,0.500,77528,81449,3.240,4.600,14.904
80127,0,2,1,0.500,77593,81591,3.240,4.600,14.904
80167,0,2,1,0.500,77661,81713,3.240,4.600,14.904
80207,0,2,1,0.500,77705,81893,3.232,4.100,13.251
80247,0,2,1,0.500,77802,82053,3.232,4.100,13.251
80287,0,2,1,0.500,77892,82184,3.236,4.900,15.856
80327,0,2,1,0.500,77971,82388,3.236,4.900,15.856
80367,0,2,1,0.500,78171,82834,3.236,4.900,15.856
80407,0,2,1,0.500,78369,83292,3.240,4.500,14.580
80447,0,2,1,0.500,78524,83564,3.240,4.500,14.580
80487,0,2,1,0.500,78636,83803,3.236,4.700,15.209
80527,0,2,1,0.500,78632,83760,3.236,4.700,15.209
80567,0,2,1,0.500,78540,83540,3.236,4.700,15.209
80607,0,2,1,0.500,78473,83405,3.240,4.800,15.552
80647,0,2,1,0.500,78440,83351,3.240,4.800,15.552
80687,0,2,1,0.500,78464,83430,3.224,4.900,15.798
80727,0,2,1,0.500,78335,83099,3.224,4.900,15.798
80767,0,2,1,0.500,77908,82216,3.224,4.900,15.798
80807,0,2,1,0.500,77718,81817,3.236,4.300,13.915
80847,0,2,1,0.500,77757,81940,3.236,4.300,13.915
80887,0,2,1,0.500,77915,82237,3.236,6.800,22.005
80927,0,2,1,0.500,77886,82184,3.236,6.800,22.005
80967,0,2,1,0.500,77807,82055,3.236,6.800,22.005
81007,0,2,1,0.500,77826,82055,3.240,4.800,15.552
81047,0,2,1,0.500,77851,82113,3.240,4.800,15.552
81087,0,2,1,0.500,77852,82154,3.236,4.700,15.209
81127,0,2,1,0.500,77943,82345,3.236,4.700,15.209
81167,0,2,1,0.500,78039,82537,3.236,4.700,15.209
81207,0,2,1,0.500,78089,82648,3.240,6.800,22.032
81247,0,2,1,0.500,78138,82714,3.240,6.800,22.032
81287,0,2,1,0.500,78221,82939,3.228,4.900,15.817
81327,0,2,1,0.500,78386,83219,3.228,4.900,15.817
81367,0,2,1,0.500,78457,83428,3.228,4.900,15.817
81407,0,2,1,0.500,78539,83588,3.232,4.300,13.898
81447,0,2,1,0.500,78616,83749,3.232,4.300,13.898
81487,0,2,1,0.500,78744,84061,3.236,6.100,19.740
81527,0,2,1,0.500,78660,83851,3.236,6.100,19.740
81567,0,2,1,0.500,78214,82839,3.236,6.100,19.740
81607,0,2,1,0.500,77941,82305,3.240,4.600,14.904
81647,0,2,1,0.500,77995,82433,3.240,4.600,14.904
81688,0,2,1,0.500,78120,82696,3.236,4.500,14.562
81727,0,2,1,0.500,78207,82869,3.236,4.500,14.562
81767,0,2,1,0.500,78297,83038,3.236,4.500,14.562
81808,0,2,1,0.500,78371,83254,3.240,5.100,16.524
81847,0,2,1,0.500,78454,83407,3.240,5.100,16.524
81888,0,2,1,0.500,78484,83490,3.224,5.000,16.120
81928,0,2,1,0.500,78594,83660,3.224,5.000,16.120
81967,0,2,1,0.500,78664,83876,3.224,5.000,16.120
82008,0,2,1,0.500,78772,84031,3.236,4.500,14.562
82048,0,2,1,0.500,78882,84280,3.236,4.500,14.562
82088,0,2,1,0.500,78923,84383,3.224,4.600,14.830
82128,0,2,1,0.500,79000,84538,3.224,4.600,14.830
82168,0,2,1,0.500,79110,84776,3.224,4.600,14.830
82208,0,2,1,0.500,79219,85027,3.240,4.700,15.228
82248,0,2,1,0.500,79374,85410,3.240,4.700,15.228
82287,0,2,1,0.500,79625,85987,3.236,7.000,22.652
82328,0,2,1,0.500,79549,85730,3.236,7.000,22.652
82368,0,2,1,0.500,79083,84703,3.236,7.000,22.652
82408,0,2,1,0.500,78820,84088,3.240,4.900,15.876
82448,0,2,1,0.500,78731,83909,3.240,4.900,15.876
82488,0,2,1,0.500,78720,83857,3.224,7.000,22.568
82528,0,2,1,0.500,78747,83955,3.224,7.000,22.568
82568,0,2,1,0.500,78919,84290,3.224,7.000,22.568
82608,0,2,1,0.500,79074,84685,3.240,4.400,14.256
82648,0,2,1,0.500,79272,85115,3.240,4.400,14.256
82688,0,2,1,0.500,79362,85386,3.228,4.600,14.849
82728,0,2,1,0.500,79507,85631,3.228,4.600,14.849
82768,0,2,1,0.500,79527,85656,3.228,4.600,14.849
82808,0,2,1,0.500,79469,85523,3.228,4.000,12.912
82848,0,2,1,0.500,79423,85439,3.228,4.000,12.912
82888,0,2,1,0.500,79368,85352,3.224,7.000,22.568
82928,0,2,1,0.500,79392,85406,3.224,7.000,22.568
82968,0,2,1,0.500,79349,85318,3.224,7.000,22.568
83008,0,2,1,0.500,79376,85403,3.240,4.700,15.228
83048,0,2,1,0.500,79486,85587,3.240,4.700,15.228
83088,0,2,1,0.500,79162,84842,3.232,4.700,15.190
83128,0,2,1,0.500,78646,83718,3.232,4.700,15.190
83168,0,2,1,0.500,78392,83233,3.232,4.700,15.190
83208,0,2,1,0.500,78391,83245,3.240,4.600,14.904
83248,0,2,1,0.500,78497,83442,3.240,4.600,14.904
83288,0,2,1,0.500,78537,83506,3.236,4.800,15.533
83328,0,2,1,0.500,78569,83615,3.236,4.800,15.533
83368,0,2,1,0.500,78581,83685,3.236,4.800,15.533
83408,0,2,1,0.500,78605,83723,3.236,4.200,13.591
83448,0,2,1,0.500,78739,83987,3.236,4.200,13.591
83488,0,2,1,0.500,78877,84344,3.236,4.700,15.209
83528,0,2,1,0.500,79059,84713,3.236,4.700,15.209
83568,0,2,1,0.500,79125,84866,3.236,4.700,15.209
83608,0,2,1,0.500,79211,85060,3.240,5.100,16.524
83648,0,2,1,0.500,79374,85388,3.240,5.100,16.524
83688,0,2,1,0.500,79441,85606,3.236,4.900,15.856
83728,0,2,1,0.500,79517,85740,3.236,4.900,15.856
83768,0,2,1,0.500,79547,85817,3.236,4.900,15.856
83808,0,2,1,0.500,79637,86001,3.240,4.400,14.256
83848,0,2,1,0.500,79355,85343,3.240,4.400,14.256
83888,0,2,1,0.500,78801,84118,3.236,4.700,15.209
83928,0,2,1,0.500,78483,83412,3.236,4.700,15.209
83968,0,2,1,0.500,78504,83484,3.236,4.700,15.209
84008,0,2,1,0.500,78612,83776,3.236,4.300,13.915
84048,0,2,1,0.500,78689,83898,3.236,4.300,13.915
84088,0,2,1,0.500,78691,83924,3.236,5.900,19.092
84128,0,2,1,0.500,78720,83940,3.236,5.900,19.092
84168,0,2,1,0.500,78705,83980,3.236,5.900,19.092
84208,0,2,1,0.500,78770,84082,3.244,4.700,15.247
84248,0,2,1,0.500,78852,84277,3.244,4.700,15.247
84288,0,2,1,0.500,78946,84481,3.236,4.800,15.533
84328,0,2,1,0.500,78959,84515,3.236,4.800,15.533
84368,0,2,1,0.500,78930,84459,3.236,4.800,15.533
84408,0,2,1,0.500,78947,84496,3.240,4.700,15.228
84448,0,2,1,0.500,78933,84496,3.240,4.700,15.228
84488,0,2,1,0.500,78950,84539,3.224,4.700,15.153
84528,0,2,1,0.500,79003,84623,3.224,4.700,15.153
84568,0,2,1,0.500,79061,84785,3.224,4.700,15.153
84608,0,2,1,0.500,79065,84774,3.236,4.300,13.915
84648,0,2,1,0.500,78665,83875,3.236,4.300,13.915
84688,0,2,1,0.500,78263,82997,3.224,5.200,16.765
84728,0,2,1,0.500,78068,82629,3.224,5.200,16.765
84768,0,2,1,0.500,78007,82450,3.224,5.200,16.765
84808,0,2,1,0.500,77917,82258,3.224,4.300,13.863
84848,0,2,1,0.500,77830,82113,3.224,4.300,13.863
84888,0,2,1,0.500,77799,82094,3.236,4.600,14.886
84928,0,2,1,0.500,77901,82231,3.236,4.600,14.886
84968,0,2,1,0.500,77919,82307,3.236,4.600,14.886
85008,0,2,1,0.500,78024,82543,3.244,4.800,15.571
85048,0,2,1,0.500,78164,82902,3.244,4.800,15.571
85089,0,2,1,0.500,78370,83257,3.224,4.900,15.798
85128,0,2,1,0.500,78437,83476,3.224,4.900,15.798
85168,0,2,1,0.500,78526,83648,3.224,4.900,15.798
85209,0,2,1,0.500,78602,83832,3.240,4.400,14.256
85248,0,2,1,0.500,78672,83975,3.240,4.400,14.256
85289,0,2,1,0.500,78761,84154,3.224,4.800,15.475
85329,0,2,1,0.500,78782,84234,3.224,4.800,15.475
85368,0,2,1,0.500,78835,84346,3.224,4.800,15.475
85409,0,2,1,0.500,78919,84498,3.224,4.100,13.218
85425,0,2,1,0.500,78705,83980,3.224,4.100,13.218
85449,0,2,1,0.500,78598,83754,3.224,4.100,13.218
85488,0,2,1,0.500,78141,82803,3.240,6.800,22.032
85529,0,2,1,0.500,78041,82584,3.240,6.800,22.032
85569,0,2,1,0.500,78128,82767,3.240,6.800,22.032
85608,0,2,1,0.500,78161,82896,3.244,4.800,15.571
85649,0,2,1,0.500,78190,82933,3.244,4.800,15.571
85689,0,2,1,0.500,78301,83163,3.228,7.200,23.242
85728,0,2,1,0.500,78404,83377,3.228,7.200,23.242
85769,0,2,1,0.500,78367,83331,3.228,7.200,23.242
85809,0,2,1,0.500,78430,83469,3.236,4.400,14.238
85849,0,2,1,0.500,78587,83806,3.236,4.400,14.238
85889,0,2,1,0.500,78654,83879,3.224,5.000,16.120
85929,0,2,1,0.500,78600,83758,3.224,5.000,16.120
85969,0,2,1,0.500,78549,83669,3.224,5.000,16.120
86009,0,2,1,0.500,78587,83717,3.228,4.300,13.880
86049,0,2,1,0.500,78626,83822,3.228,4.300,13.880
86089,0,2,1,0.500,78676,83957,3.224,6.900,22.246
86129,0,2,1,0.500,78884,84384,3.224,6.900,22.246
86169,0,2,1,0.500,79036,84755,3.224,6.900,22.246
86209,0,2,1,0.500,79295,85298,3.244,4.900,15.896
86249,0,2,1,0.500,79379,85480,3.244,4.900,15.896
86289,0,2,1,0.500,78980,84558,3.232,7.200,23.270
86329,0,2,1,0.500,78506,83509,3.232,7.200,23.270
86369,0,2,1,0.500,78519,83567,3.232,7.200,23.270
86409,0,2,1,0.500,78680,83909,3.240,4.200,13.608
86449,0,2,1,0.500,78663,83865,3.240,4.200,13.608
86489,0,2,1,0.500,78618,83790,3.224,5.000,16.120
86529,0,2,1,0.500,78736,84017,3.224,5.000,16.120
86569,0,2,1,0.500,78804,84206,3.224,5.000,16.120
86609,0,2,1,0.500,78822,84211,3.236,4.200,13.591
86649,0,2,1,0.500,78881,84331,3.236,4.200,13.591
86689,0,2,1,0.500,79019,84591,3.220,6.800,21.896
86729,0,2,1,0.500,79107,84813,3.220,6.800,21.896
86769,0,2,1,0.500,79227,85050,3.220,6.800,21.896
86809,0,2,1,0.500,79295,85219,3.240,4.800,15.552
86849,0,2,1,0.500,79384,85462,3.240,4.800,15.552
86889,0,2,1,0.500,79466,85681,3.236,4.800,15.533
86929,0,2,1,0.500,79576,85880,3.236,4.800,15.533
86969,0,2,1,0.500,79674,86087,3.236,4.800,15.533
87009,0,2,1,0.500,79825,86430,3.240,4.600,14.904
87049,0,2,1,0.500,79726,86274,3.240,4.600,14.904
87089,0,2,1,0.500,79338,85291,3.236,4.700,15.209
87129,0,2,1,0.500,78947,84486,3.236,4.700,15.209
87169,0,2,1,0.500,78922,84407,3.236,4.700,15.209
87209,0,2,1,0.500,78922,84403,3.232,4.000,12.928
87249,0,2,1,0.500,78902,84387,3.232,4.000,12.928
87289,0,2,1,0.500,78896,84374,3.236,4.800,15.533
87329,0,2,1,0.500,78996,84573,3.236,4.800,15.533
87369,0,2,1,0.500,79073,84748,3.236,4.800,15.533
87409,0,2,1,0.500,79093,84843,3.224,4.800,15.475
87449,0,2,1,0.500,79188,85024,3.224,4.800,15.475
87489,0,2,1,0.500,79256,85128,3.236,5.000,16.180
87529,0,2,1,0.500,79203,85032,3.236,5.000,16.180
87569,0,2,1,0.500,79131,84870,3.236,5.000,16.180
87609,0,2,1,0.500,79072,84771,3.236,4.500,14.562
87649,0,2,1,0.500,79099,84815,3.236,4.500,14.562
87689,0,2,1,0.500,79093,84779,3.224,4.800,15.475
87729,0,2,1,0.500,79161,84960,3.224,4.800,15.475
87769,0,2,1,0.500,79278,85265,3.224,4.800,15.475
87809,0,2,1,0.500,79062,84767,3.236,4.000,12.944
87849,0,2,1,0.500,78557,83645,3.236,4.000,12.944
87889,0,2,1,0.500,78216,82932,3.240,5.300,17.172
87929,0,2,1,0.500,78210,82888,3.240,5.300,17.172
87969,0,2,1,0.500,78229,82998,3.240,5.300,17.172
88009,0,2,1,0.500,78244,83026,3.224,3.900,12.574
88049,0,2,1,0.500,78358,83253,3.224,3.900,12.574
88089,0,2,1,0.500,78490,83526,3.236,6.900,22.328
88129,0,2,1,0.500,78517,83573,3.236,6.900,22.328
88169,0,2,1,0.500,78547,83687,3.236,6.900,22.328
88209,0,2,1,0.500,78638,83918,3.244,5.300,17.193
88249,0,2,1,0.500,78749,84107,3.244,5.300,17.193
88289,0,2,1,0.500,78798,84267,3.220,4.800,15.456
88329,0,2,1,0.500,78872,84375,3.220,4.800,15.456
88369,0,2,1,0.500,78835,84281,3.220,4.800,15.456
88409,0,2,1,0.500,78929,84480,3.236,3.900,12.620
88449,0,2,1,0.500,79145,84976,3.236,3.900,12.620
88489,0,2,1,0.500,79540,85900,3.236,4.700,15.209
88529,0,2,1,0.500,79741,86413,3.236,4.700,15.209
88569,0,2,1,0.500,79493,85840,3.236,4.700,15.209
88610,0,2,1,0.500,79149,84971,3.224,4.400,14.186
88649,0,2,1,0.500,79026,84730,3.224,4.400,14.186
88690,0,2,1,0.500,78945,84536,3.236,7.200,23.299
88730,0,2,1,0.500,78883,84365,3.236,7.200,23.299
88769,0,2,1,0.500,78752,84089,3.236,7.200,23.299
88810,0,2,1,0.500,78639,83810,3.240,4.900,15.876
88850,0,2,1,0.500,78614,83778,3.240,4.900,15.876
88890,0,2,1,0.500,78558,83744,3.224,4.900,15.798
88930,0,2,1,0.500,78527,83678,3.224,4.900,15.798
88970,0,2,1,0.500,78774,84301,3.224,4.900,15.798
89010,0,2,1,0.500,79387,85687,3.236,4.100,13.268
89050,0,2,1,0.500,79534,85934,3.236,4.100,13.268
89090,0,2,1,0.500,79208,85219,3.228,4.900,15.817
89130,0,2,1,0.500,78793,84294,3.228,4.900,15.817
89170,0,2,1,0.500,78604,83983,3.228,4.900,15.817
89210,0,2,1,0.500,78638,84073,3.244,4.800,15.571
89250,0,2,1,0.500,78811,84536,3.244,4.800,15.571
89290,0,2,1,0.500,78741,84370,3.244,6.700,21.735
89330,0,2,1,0.500,78344,83487,3.244,6.700,21.735
89370,0,2,1,0.500,78223,83250,3.244,6.700,21.735
89410,0,2,1,0.500,78302,83490,3.256,5.700,18.559
89450,0,2,1,0.500,78376,83669,3.256,5.700,18.559
89490,0,2,1,0.500,78398,83763,3.236,5.400,17.474
89530,0,2,1,0.500,78462,83983,3.236,5.400,17.474
89570,0,2,1,0.500,78569,84285,3.236,5.400,17.474
89610,0,2,1,0.500,78668,84517,3.244,4.200,13.625
89650,0,2,1,0.500,78779,84736,3.244,4.200,13.625
89690,0,2,1,0.500,78870,84872,3.228,6.700,21.628
89730,0,2,1,0.500,78960,85125,3.228,6.700,21.628
89770,0,2,1,0.500,79176,85630,3.228,6.700,21.628
89810,0,2,1,0.500,79444,86190,3.248,5.100,16.565
89850,0,2,1,0.500,79616,86528,3.248,5.100,16.565
89890,0,2,1,0.500,79704,86678,3.236,4.700,15.209
89930,0,2,1,0.500,79711,86728,3.236,4.700,15.209
89970,0,2,1,0.500,79761,86855,3.236,4.700,15.209
90010,0,2,1,0.500,79811,87012,3.236,4.800,15.533
90050,0,2,1,0.500,79683,86644,3.236,4.800,15.533
90090,0,2,1,0.500,79316,85845,3.236,4.900,15.856
90130,0,2,1,0.500,79117,85319,3.236,4.900,15.856
90170,0,2,1,0.500,78925,84834,3.236,4.900,15.856
90210,0,2,1,0.500,79065,85117,3.236,4.200,13.591
90250,0,2,1,0.500,79407,85806,3.236,4.200,13.591
90290,0,2,1,0.500,79436,85693,3.248,4.800,15.590
90330,0,2,1,0.500,79056,84777,3.248,4.800,15.590
90370,0,2,1,0.500,78684,83933,3.248,4.800,15.590
90410,0,2,1,0.500,78402,83325,3.260,5.000,16.300
90450,0,2,1,0.500,78178,82922,3.260,5.000,16.300
90490,0,2,1,0.500,78172,82934,3.252,4.800,15.610
90530,0,2,1,0.500,78543,83789,3.252,4.800,15.610
90570,0,2,1,0.500,79119,85080,3.252,4.800,15.610
90610,0,2,1,0.500,79899,86852,3.244,4.200,13.625
90650,0,2,1,0.500,80402,87967,3.244,4.200,13.625
90690,0,2,1,0.500,80543,88276,3.232,5.100,16.483
90730,0,2,1,0.500,80554,88338,3.232,5.100,16.483
90770,0,2,1,0.500,80503,88177,3.232,5.100,16.483
90810,0,2,1,0.500,80215,87473,3.232,4.500,14.544
90850,0,2,1,0.500,79725,86355,3.232,4.500,14.544
90890,0,2,1,0.500,79534,85967,3.248,6.800,22.086
90930,0,2,1,0.500,79660,86267,3.248,6.800,22.086
90970,0,2,1,0.500,79857,86742,3.248,6.800,22.086
91010,0,2,1,0.500,80089,87266,3.256,5.000,16.280
91050,0,2,1,0.500,80200,87540,3.256,5.000,16.280
91090,0,2,1,0.500,80246,87561,3.240,4.900,15.876
91130,0,2,1,0.500,80195,87524,3.240,4.900,15.876
91171,0,2,1,0.500,80258,87672,3.240,4.900,15.876
91210,0,2,1,0.500,80338,87801,3.256,4.400,14.326
91250,0,2,1,0.500,80389,87957,3.256,4.400,14.326
91290,0,2,1,0.500,80466,88127,3.256,7.000,22.792
91330,0,2,1,0.500,80509,88249,3.256,7.000,22.792
91370,0,2,1,0.500,80546,88332,3.256,7.000,22.792
91410,0,2,1,0.500,80547,88351,3.260,5.000,16.300
91450,0,2,1,0.500,80567,88361,3.260,5.000,16.300
91491,0,2,1,0.500,80576,88498,3.244,4.900,15.896
91530,0,2,1,0.500,80571,88408,3.244,4.900,15.896
91570,0,2,1,0.500,80241,87665,3.244,4.900,15.896
91611,0,2,1,0.500,80034,87138,3.260,4.300,14.018
91651,0,2,1,0.500,80043,87196,3.260,4.300,14.018
91691,0,2,1,0.500,80168,87434,3.260,6.600,21.516
91731,0,2,1,0.500,80202,87544,3.260,6.600,21.516
91771,0,2,1,0.500,80227,87625,3.260,6.600,21.516
91811,0,2,1,0.500,80219,87614,3.268,4.900,16.013
91851,0,2,1,0.500,80177,87488,3.268,4.900,16.013
91891,0,2,1,0.500,80109,87378,3.252,4.800,15.610
91931,0,2,1,0.500,80125,87392,3.252,4.800,15.610
91971,0,2,1,0.500,80223,87625,3.252,4.800,15.610
92011,0,2,1,0.500,80307,87802,3.260,3.900,12.714
92051,0,2,1,0.500,80335,87854,3.260,3.900,12.714
92091,0,2,1,0.500,80328,87865,3.248,6.700,21.762
92131,0,2,1,0.500,80369,87954,3.248,6.700,21.762
92171,0,2,1,0.500,80425,88095,3.248,6.700,21.762
92211,0,2,1,0.500,80484,88286,3.272,5.100,16.687
92251,0,2,1,0.500,80454,88240,3.272,5.100,16.687
92291,0,2,1,0.500,80177,87566,3.252,6.800,22.114
92331,0,2,1,0.500,79916,87057,3.252,6.800,22.114
92371,0,2,1,0.500,79960,87141,3.252,6.800,22.114
92411,0,2,1,0.500,80103,87463,3.264,4.300,14.035
92451,0,2,1,0.500,80221,87773,3.264,4.300,14.035
92491,0,2,1,0.500,80208,87746,3.252,7.300,23.740
92531,0,2,1,0.500,80134,87547,3.252,7.300,23.740
92571,0,2,1,0.500,80047,87348,3.252,7.300,23.740
92611,0,2,1,0.500,79984,87204,3.268,4.900,16.013
92651,0,2,1,0.500,80049,87346,3.268,4.900,16.013
92691,0,2,1,0.500,80178,87623,3.264,4.800,15.667
92731,0,2,1,0.500,80228,87780,3.264,4.800,15.667
92771,0,2,1,0.500,80274,87933,3.264,4.800,15.667
92811,0,2,1,0.500,80327,88075,3.256,4.300,14.001
92851,0,2,1,0.500,80358,88125,3.256,4.300,14.001
92891,0,2,1,0.500,80328,88108,3.264,4.700,15.341
92931,0,2,1,0.500,80373,88183,3.264,4.700,15.341
92971,0,2,1,0.500,80420,88279,3.264,4.700,15.341
