190,0,2,1,0.500,71190,71344,3.276,3.200,10.483
230,0,2,1,0.500,75463,75320,3.276,3.200,10.483
270,0,2,1,0.500,75096,74690,3.268,4.300,14.052
310,0,2,1,0.500,74445,73965,3.268,4.300,14.052
350,0,2,1,0.500,73879,72945,3.268,4.300,14.052
390,0,2,1,0.500,73438,72089,3.264,4.500,14.688
430,0,2,1,0.500,73808,72417,3.264,4.500,14.688
470,0,2,1,0.500,74024,72867,3.268,4.400,14.379
510,0,2,1,0.500,75900,76492,3.268,4.400,14.379
550,0,2,1,0.500,78424,81659,3.268,4.400,14.379
590,0,2,1,0.500,78329,81158,3.268,4.800,15.686
630,0,2,1,0.500,78011,75905,3.268,4.800,15.686
670,0,2,1,0.500,68597,57978,3.268,4.900,16.013
710,0,2,1,0.500,76994,70487,3.268,4.900,16.013
750,0,2,1,0.500,74196,73613,3.268,4.900,16.013
790,0,2,1,0.500,74827,74821,3.268,4.300,14.052
830,0,2,1,0.500,75935,76940,3.268,4.300,14.052
870,0,2,1,0.500,77090,79238,3.264,4.300,14.035
910,0,2,1,0.500,76303,77865,3.264,4.300,14.035
950,0,2,1,0.500,74351,74540,3.264,4.300,14.035
990,0,2,1,0.500,73922,73649,3.268,4.300,14.052
1030,0,2,1,0.500,73227,70903,3.268,4.300,14.052
1070,0,2,1,0.500,72815,70376,3.264,4.600,15.014
1110,0,2,1,0.500,75519,74440,3.264,4.600,15.014
1150,0,2,1,0.500,79048,80790,3.264,4.600,15.014
1190,0,2,1,0.500,81200,84808,3.268,4.400,14.379
1230,0,2,1,0.500,81441,85504,3.268,4.400,14.379
1270,0,2,1,0.500,80042,79644,3.268,4.500,14.706
1310,0,2,1,0.500,28948,23570,3.268,4.500,14.706
1350,0,2,1,0.500,15737,12645,3.268,4.500,14.706
1390,0,2,1,0.500,65265,64492,3.264,4.400,14.362
1430,0,2,1,0.500,81076,86546,3.264,4.400,14.362
1470,0,2,1,0.500,81090,86620,3.264,4.700,15.341
1510,0,2,1,0.500,79972,80909,3.264,4.700,15.341
1550,0,2,1,0.500,54634,45423,3.264,4.700,15.341
1590,0,2,1,0.500,71752,68455,3.268,4.700,15.360
1630,0,2,1,0.500,77400,80139,3.268,4.700,15.360
1670,0,2,1,0.500,77111,79827,3.268,4.700,15.360
1710,0,2,1,0.500,70856,63975,3.268,4.700,15.360
1750,0,2,1,0.500,33620,25478,3.268,4.700,15.360
1790,0,2,1,0.500,37433,29277,3.264,4.600,15.014
1830,0,2,1,0.500,63013,52633,3.264,4.600,15.014
1870,0,2,1,0.500,71285,68392,3.268,4.600,15.033
1910,0,2,1,0.500,59294,49095,3.268,4.600,15.033
1950,0,2,1,0.500,54388,43819,3.268,4.600,15.033
1990,0,2,1,0.500,62499,54374,3.268,4.400,14.379
2030,0,2,1,0.500,66330,60206,3.268,4.400,14.379
2070,0,2,1,0.500,45444,34452,3.268,4.500,14.706
2110,0,2,1,0.500,50956,43721,3.268,4.500,14.706
2150,0,2,1,0.500,76711,70603,3.268,4.500,14.706
2190,0,2,1,0.500,77050,74193,3.268,4.700,15.360
2230,0,2,1,0.500,75457,72987,3.268,4.700,15.360
2270,0,2,1,0.500,42009,43512,3.272,4.500,14.724
2310,0,2,1,0.500,51733,45331,3.272,4.500,14.724
2350,0,2,1,0.500,69561,57607,3.272,4.500,14.724
2390,0,2,1,0.500,70015,62333,3.268,4.400,14.379
2430,0,2,1,0.500,72476,67078,3.268,4.400,14.379
2470,0,2,1,0.500,72178,70622,3.268,4.700,15.360
2510,0,2,1,0.500,72608,71921,3.268,4.700,15.360
2550,0,2,1,0.500,71149,67028,3.268,4.700,15.360
2590,0,2,1,0.500,70778,68375,3.268,4.600,15.033
2630,0,2,1,0.500,70156,67257,3.268,4.600,15.033
2670,0,2,1,0.500,68568,64165,3.268,4.700,15.360
2710,0,2,1,0.500,71125,69048,3.268,4.700,15.360
2750,0,2,1,0.500,73546,72903,3.268,4.700,15.360
2790,0,2,1,0.500,74899,74205,3.272,4.600,15.051
2830,0,2,1,0.500,76408,71327,3.272,4.600,15.051
2870,0,2,1,0.500,55569,53251,3.268,4.400,14.379
2910,0,2,1,0.500,62312,56428,3.268,4.400,14.379
2950,0,2,1,0.500,64620,55010,3.268,4.400,14.379
2990,0,2,1,0.500,64652,54916,3.268,4.600,15.033
3030,0,2,1,0.500,60484,53986,3.268,4.600,15.033
3070,0,2,1,0.500,80545,73908,3.268,4.400,14.379
3110,0,2,1,0.500,74981,73115,3.268,4.400,14.379
3150,0,2,1,0.500,73635,72729,3.268,4.400,14.379
3190,0,2,1,0.500,75440,76080,3.268,4.400,14.379
3230,0,2,1,0.500,78290,81812,3.268,4.400,14.379
3270,0,2,1,0.500,81416,88268,3.264,4.700,15.341
3310,0,2,1,0.500,82477,91117,3.264,4.700,15.341
3350,0,2,1,0.500,82907,92364,3.264,4.700,15.341
3390,0,2,1,0.500,83211,93103,3.268,4.700,15.360
3430,0,2,1,0.500,83503,93775,3.268,4.700,15.360
3470,0,2,1,0.500,83540,93939,3.268,5.000,16.340
3510,0,2,1,0.500,83184,93158,3.268,5.000,16.340
3550,0,2,1,0.500,82471,91159,3.268,5.000,16.340
3590,0,2,1,0.500,81723,89181,3.268,4.600,15.033
3630,0,2,1,0.500,79205,74870,3.268,4.600,15.033
3670,0,2,1,0.500,53134,40745,3.272,4.500,14.724
3710,0,2,1,0.500,44916,33048,3.272,4.500,14.724
3749,0,2,1,0.500,45319,33637,3.272,4.500,14.724
3790,0,2,1,0.500,46947,35200,3.268,4.600,15.033
3830,0,2,1,0.500,41723,30757,3.268,4.600,15.033
3870,0,2,1,0.500,37229,27395,3.268,4.600,15.033
3910,0,2,1,0.500,26335,19274,3.268,4.600,15.033
3950,0,2,1,0.500,56628,48974,3.268,4.600,15.033
3990,0,2,1,0.500,76675,79239,3.268,4.400,14.379
4030,0,2,1,0.500,79997,86039,3.268,4.400,14.379
4070,0,2,1,0.500,81506,90004,3.268,4.500,14.706
4110,0,2,1,0.500,81903,91994,3.268,4.500,14.706
4150,0,2,1,0.500,82130,92967,3.268,4.500,14.706
4190,0,2,1,0.500,82352,93575,3.268,4.800,15.686
4230,0,2,1,0.500,82331,93690,3.268,4.800,15.686
4269,0,2,1,0.500,82210,93585,3.268,4.700,15.360
4310,0,2,1,0.500,82093,93373,3.268,4.700,15.360
4350,0,2,1,0.500,81803,92783,3.268,4.700,15.360
4390,0,2,1,0.500,81431,91558,3.272,4.800,15.706
4430,0,2,1,0.500,81046,89844,3.272,4.800,15.706
4469,0,2,1,0.500,80249,87723,3.268,4.600,15.033
4510,0,2,1,0.500,72872,70418,3.268,4.600,15.033
4550,0,2,1,0.500,52526,42453,3.268,4.600,15.033
4589,0,2,1,0.500,50665,41433,3.272,4.600,15.051
4630,0,2,1,0.500,40443,33853,3.272,4.600,15.051
4669,0,2,1,0.500,43819,39101,3.268,4.500,14.706
4709,0,2,1,0.500,65102,59850,3.268,4.500,14.706
4750,0,2,1,0.500,70783,69039,3.268,4.500,14.706
4789,0,2,1,0.500,71309,70158,3.264,4.400,14.362
4829,0,2,1,0.500,72714,71951,3.264,4.400,14.362
4870,0,2,1,0.500,76574,77817,3.264,4.400,14.362
4909,0,2,1,0.500,81080,86149,3.264,4.400,14.362
4950,0,2,1,0.500,82856,90960,3.264,4.400,14.362
4989,0,2,1,0.500,84074,93464,3.264,4.800,15.667
5029,0,2,1,0.500,84598,94396,3.264,4.800,15.667
5070,0,2,1,0.500,84627,94567,3.264,4.600,15.014
5109,0,2,1,0.500,84434,94358,3.264,4.600,15.014
5149,0,2,1,0.500,83925,93349,3.264,4.600,15.014
5189,0,2,1,0.500,82712,90958,3.260,4.800,15.648
5229,0,2,1,0.500,81047,87766,3.260,4.800,15.648
5270,0,2,1,0.500,79847,84105,3.268,4.800,15.686
5309,0,2,1,0.500,66164,56064,3.268,4.800,15.686
5349,0,2,1,0.500,54225,43428,3.268,4.800,15.686
5390,0,2,1,0.500,51484,41530,3.268,4.700,15.360
5429,0,2,1,0.500,64395,54082,3.268,4.700,15.360
5470,0,2,1,0.500,68485,60425,3.268,4.400,14.379
5510,0,2,1,0.500,68852,67427,3.268,4.400,14.379
5549,0,2,1,0.500,74997,78244,3.268,4.400,14.379
5590,0,2,1,0.500,77750,83920,3.264,4.900,15.994
5629,0,2,1,0.500,79064,86873,3.264,4.900,15.994
5670,0,2,1,0.500,79717,88658,3.264,4.500,14.688
5710,0,2,1,0.500,80490,90510,3.264,4.500,14.688
5749,0,2,1,0.500,81431,92299,3.264,4.500,14.688
5790,0,2,1,0.500,81957,93634,3.264,4.600,15.014
5829,0,2,1,0.500,82336,94262,3.264,4.600,15.014
5869,0,2,1,0.500,82765,94775,3.268,4.800,15.686
5910,0,2,1,0.500,82970,95065,3.268,4.800,15.686
5949,0,2,1,0.500,83004,95099,3.268,4.800,15.686
5989,0,2,1,0.500,82818,94769,3.268,4.800,15.686
6030,0,2,1,0.500,82410,94164,3.268,4.800,15.686
6069,0,2,1,0.500,82009,93367,3.268,4.900,16.013
6109,0,2,1,0.500,81013,91250,3.268,4.900,16.013
6150,0,2,1,0.500,79343,87264,3.268,4.900,16.013
6189,0,2,1,0.500,73547,69287,3.268,4.600,15.033
6229,0,2,1,0.500,62013,53014,3.268,4.600,15.033
6269,0,2,1,0.500,53375,46344,3.268,4.500,14.706
6309,0,2,1,0.500,73543,68992,3.268,4.500,14.706
6349,0,2,1,0.500,75846,73855,3.268,4.500,14.706
6389,0,2,1,0.500,60083,55008,3.272,4.600,15.051
6429,0,2,1,0.500,39276,37096,3.272,4.600,15.051
6469,0,2,1,0.500,59875,54505,3.268,4.400,14.379
6509,0,2,1,0.500,74619,74170,3.268,4.400,14.379
6549,0,2,1,0.500,76255,77027,3.268,4.400,14.379
6589,0,2,1,0.500,77198,79052,3.268,4.500,14.706
6629,0,2,1,0.500,78399,81569,3.268,4.500,14.706
6670,0,2,1,0.500,79200,82883,3.268,4.700,15.360
6709,0,2,1,0.500,79604,83806,3.268,4.700,15.360
6749,0,2,1,0.500,79886,84453,3.268,4.700,15.360
6789,0,2,1,0.500,79683,83924,3.272,4.400,14.397
6829,0,2,1,0.500,77133,78603,3.272,4.400,14.397
6870,0,2,1,0.500,76545,70307,3.268,4.500,14.706
6909,0,2,1,0.500,57518,49830,3.268,4.500,14.706
6949,0,2,1,0.500,44940,39856,3.268,4.500,14.706
6990,0,2,1,0.500,41778,36962,3.268,4.600,15.033
7029,0,2,1,0.500,43825,37953,3.268,4.600,15.033
7069,0,2,1,0.500,46538,39719,3.272,4.800,15.706
7109,0,2,1,0.500,62558,53000,3.272,4.800,15.706
7149,0,2,1,0.500,73052,62343,3.272,4.800,15.706
7190,0,2,1,0.500,74641,69191,3.268,4.500,14.706
7229,0,2,1,0.500,75794,75530,3.268,4.500,14.706
7269,0,2,1,0.500,76840,77599,3.268,4.300,14.052
7310,0,2,1,0.500,76993,77906,3.268,4.300,14.052
7349,0,2,1,0.500,77597,79153,3.268,4.300,14.052
7389,0,2,1,0.500,78336,80597,3.268,4.400,14.379
7429,0,2,1,0.500,78797,81500,3.268,4.400,14.379
7469,0,2,1,0.500,79354,82379,3.268,4.600,15.033
7509,0,2,1,0.500,80168,84032,3.268,4.600,15.033
7549,0,2,1,0.500,80135,83805,3.268,4.600,15.033
7589,0,2,1,0.500,79836,83204,3.268,4.800,15.686
7629,0,2,1,0.500,79511,82468,3.268,4.800,15.686
7669,0,2,1,0.500,78686,80656,3.272,4.300,14.070
7709,0,2,1,0.500,77497,78256,3.272,4.300,14.070
7750,0,2,1,0.500,76828,76904,3.272,4.300,14.070
7789,0,2,1,0.500,76133,75530,3.272,4.300,14.070
7829,0,2,1,0.500,75426,74185,3.272,4.300,14.070
7869,0,2,1,0.500,74654,72938,3.272,4.600,15.051
7909,0,2,1,0.500,73652,70953,3.272,4.600,15.051
7949,0,2,1,0.500,78878,69557,3.272,4.600,15.051
7989,0,2,1,0.500,73153,61072,3.272,4.500,14.724
8029,0,2,1,0.500,68039,56832,3.272,4.500,14.724
8069,0,2,1,0.500,71707,60177,3.268,4.700,15.360
8109,0,2,1,0.500,73649,62233,3.268,4.700,15.360
8149,0,2,1,0.500,75561,64845,3.268,4.700,15.360
8189,0,2,1,0.500,75048,65924,3.268,4.500,14.706
8229,0,2,1,0.500,74012,66101,3.268,4.500,14.706
8269,0,2,1,0.500,73270,68139,3.268,4.700,15.360
8309,0,2,1,0.500,72282,69758,3.268,4.700,15.360
8349,0,2,1,0.500,72420,72215,3.268,4.700,15.360
8389,0,2,1,0.500,74816,77518,3.268,4.600,15.033
8429,0,2,1,0.500,75014,77593,3.268,4.600,15.033
8470,0,2,1,0.500,73536,74636,3.268,4.500,14.706
8509,0,2,1,0.500,73344,71927,3.268,4.500,14.706
8549,0,2,1,0.500,76442,70558,3.268,4.500,14.706
8589,0,2,1,0.500,75391,67176,3.272,4.600,15.051
8629,0,2,1,0.500,67365,55302,3.272,4.600,15.051
8669,0,2,1,0.500,59189,47537,3.268,4.700,15.360
8709,0,2,1,0.500,42163,33320,3.268,4.700,15.360
8749,0,2,1,0.500,47166,36692,3.268,4.700,15.360
8790,0,2,1,0.500,58291,45933,3.268,4.500,14.706
8829,0,2,1,0.500,64818,55832,3.268,4.500,14.706
8869,0,2,1,0.500,61723,51783,3.268,4.500,14.706
8909,0,2,1,0.500,63618,55128,3.268,4.500,14.706
8949,0,2,1,0.500,63908,55345,3.268,4.500,14.706
8989,0,2,1,0.500,66581,59269,3.268,4.600,15.033
9029,0,2,1,0.500,70856,66411,3.268,4.600,15.033
9069,0,2,1,0.500,66053,58905,3.264,4.600,15.014
9109,0,2,1,0.500,45775,33774,3.264,4.600,15.014
9149,0,2,1,0.500,56039,44109,3.264,4.600,15.014
9189,0,2,1,0.500,56061,43577,3.264,4.500,14.688
9229,0,2,1,0.500,69496,56772,3.264,4.500,14.688
9269,0,2,1,0.500,73018,61098,3.264,4.300,14.035
9309,0,2,1,0.500,71688,59527,3.264,4.300,14.035
9349,0,2,1,0.500,68620,56234,3.264,4.300,14.035
9389,0,2,1,0.500,66779,53841,3.268,4.400,14.379
9429,0,2,1,0.500,69524,58492,3.268,4.400,14.379
9469,0,2,1,0.500,71502,68111,3.272,4.700,15.378
9509,0,2,1,0.500,72087,69239,3.272,4.700,15.378
9549,0,2,1,0.500,71913,63146,3.272,4.700,15.378
9589,0,2,1,0.500,59918,51434,3.268,4.600,15.033
9629,0,2,1,0.500,68059,57885,3.268,4.600,15.033
9669,0,2,1,0.500,77582,68654,3.264,4.500,14.688
9709,0,2,1,0.500,74831,64495,3.264,4.500,14.688
9749,0,2,1,0.500,73247,61493,3.264,4.500,14.688
9789,0,2,1,0.500,74408,62815,3.268,4.500,14.706
9829,0,2,1,0.500,74021,63055,3.268,4.500,14.706
9869,0,2,1,0.500,74085,71135,3.264,4.700,15.341
9909,0,2,1,0.500,73905,73717,3.264,4.700,15.341
9949,0,2,1,0.500,73402,73162,3.264,4.700,15.341
9989,0,2,1,0.500,76157,72962,3.268,4.700,15.360
10029,0,2,1,0.500,75625,66772,3.268,4.700,15.360
10069,0,2,1,0.500,62118,48929,3.268,4.300,14.052
10109,0,2,1,0.500,59763,47334,3.268,4.300,14.052
10149,0,2,1,0.500,65992,53361,3.268,4.300,14.052
10189,0,2,1,0.500,72827,67965,3.272,4.400,14.397
10229,0,2,1,0.500,73555,73304,3.272,4.400,14.397
10269,0,2,1,0.500,74047,74818,3.260,4.600,14.996
10309,0,2,1,0.500,72625,72995,3.260,4.600,14.996
10349,0,2,1,0.500,74044,65756,3.260,4.600,14.996
10389,0,2,1,0.500,70665,59314,3.268,4.400,14.379
10429,0,2,1,0.500,72794,64920,3.268,4.400,14.379
10469,0,2,1,0.500,70940,59561,3.264,4.400,14.362
10509,0,2,1,0.500,64617,51011,3.264,4.400,14.362
10549,0,2,1,0.500,67412,55516,3.264,4.400,14.362
10589,0,2,1,0.500,75897,65487,3.260,4.500,14.670
10629,0,2,1,0.500,73695,71508,3.260,4.500,14.670
10669,0,2,1,0.500,74248,72780,3.264,4.700,15.341
10709,0,2,1,0.500,74725,73384,3.264,4.700,15.341
10749,0,2,1,0.500,74894,69071,3.264,4.700,15.341
10789,0,2,1,0.500,76699,65239,3.268,4.500,14.706
10829,0,2,1,0.500,77021,70252,3.268,4.500,14.706
10869,0,2,1,0.500,78627,71694,3.256,4.600,14.978
10909,0,2,1,0.500,75731,72596,3.256,4.600,14.978
10949,0,2,1,0.500,75443,71420,3.256,4.600,14.978
10989,0,2,1,0.500,58785,50007,3.268,4.300,14.052
11029,0,2,1,0.500,66921,58429,3.268,4.300,14.052
11069,0,2,1,0.500,76639,77644,3.268,4.600,15.033
11109,0,2,1,0.500,76390,77492,3.268,4.600,15.033
11149,0,2,1,0.500,75046,76689,3.268,4.600,15.033
11189,0,2,1,0.500,77135,78072,3.272,4.600,15.051
11229,0,2,1,0.500,75584,77099,3.272,4.600,15.051
11269,0,2,1,0.500,73700,74201,3.268,4.500,14.706
11309,0,2,1,0.500,77365,73012,3.268,4.500,14.706
11349,0,2,1,0.500,63606,54261,3.268,4.500,14.706
11389,0,2,1,0.500,71618,61670,3.268,4.600,15.033
11429,0,2,1,0.500,73357,71719,3.268,4.600,15.033
11469,0,2,1,0.500,73427,72692,3.268,4.500,14.706
11509,0,2,1,0.500,72726,72076,3.268,4.500,14.706
11549,0,2,1,0.500,73598,72670,3.268,4.500,14.706
11589,0,2,1,0.500,53459,49269,3.268,4.400,14.379
11629,0,2,1,0.500,24720,23360,3.268,4.400,14.379
11669,0,2,1,0.500,33588,32386,3.264,4.400,14.362
11709,0,2,1,0.500,25622,23750,3.264,4.400,14.362
11749,0,2,1,0.500,20542,15877,3.264,4.400,14.362
11789,0,2,1,0.500,29968,21030,3.268,4.600,15.033
11829,0,2,1,0.500,42589,30852,3.268,4.600,15.033
11869,0,2,1,0.500,46104,34550,3.272,4.500,14.724
11909,0,2,1,0.500,47059,34502,3.272,4.500,14.724
11949,0,2,1,0.500,64271,57385,3.272,4.500,14.724
11989,0,2,1,0.500,72718,70953,3.268,4.400,14.379
12029,0,2,1,0.500,70541,68019,3.268,4.400,14.379
12069,0,2,1,0.500,76839,72033,3.268,4.600,15.033
12109,0,2,1,0.500,78978,73712,3.268,4.600,15.033
12149,0,2,1,0.500,77568,69626,3.268,4.600,15.033
12189,0,2,1,0.500,54331,43227,3.268,4.400,14.379
12229,0,2,1,0.500,61058,51344,3.268,4.400,14.379
12269,0,2,1,0.500,66492,62484,3.268,4.600,15.033
12309,0,2,1,0.500,67386,64050,3.268,4.600,15.033
12349,0,2,1,0.500,68533,65346,3.268,4.600,15.033
12389,0,2,1,0.500,68910,65606,3.272,4.400,14.397
12429,0,2,1,0.500,72586,70630,3.272,4.400,14.397
12469,0,2,1,0.500,72465,70079,3.268,4.600,15.033
12509,0,2,1,0.500,74249,72126,3.268,4.600,15.033
12549,0,2,1,0.500,81262,75906,3.268,4.600,15.033
12589,0,2,1,0.500,73559,72174,3.268,4.600,15.033
12629,0,2,1,0.500,71918,71496,3.268,4.600,15.033
12669,0,2,1,0.500,72482,72430,3.268,4.600,15.033
12709,0,2,1,0.500,71044,71316,3.268,4.600,15.033
12749,0,2,1,0.500,70951,71581,3.268,4.600,15.033
12789,0,2,1,0.500,71712,72307,3.272,4.500,14.724
12829,0,2,1,0.500,72215,71872,3.272,4.500,14.724
12869,0,2,1,0.500,61885,54444,3.268,4.500,14.706
12909,0,2,1,0.500,39387,32037,3.268,4.500,14.706
12949,0,2,1,0.500,47434,39866,3.268,4.500,14.706
12989,0,2,1,0.500,77557,71792,3.268,4.500,14.706
13029,0,2,1,0.500,76800,72409,3.268,4.500,14.706
13069,0,2,1,0.500,71633,63761,3.268,4.300,14.052
13109,0,2,1,0.500,66912,58332,3.268,4.300,14.052
13149,0,2,1,0.500,72182,61931,3.268,4.300,14.052
13189,0,2,1,0.500,71494,60321,3.268,4.600,15.033
13229,0,2,1,0.500,65640,54463,3.268,4.600,15.033
13269,0,2,1,0.500,57380,47824,3.268,4.500,14.706
13309,0,2,1,0.500,55870,46666,3.268,4.500,14.706
13349,0,2,1,0.500,51866,43873,3.268,4.500,14.706
13389,0,2,1,0.500,62860,54500,3.268,4.300,14.052
13429,0,2,1,0.500,62742,54419,3.268,4.300,14.052
13469,0,2,1,0.500,62354,53750,3.264,4.600,15.014
13509,0,2,1,0.500,61781,52374,3.264,4.600,15.014
13549,0,2,1,0.500,62956,52735,3.264,4.600,15.014
13589,0,2,1,0.500,61628,50726,3.268,4.500,14.706
13629,0,2,1,0.500,60350,48860,3.268,4.500,14.706
13669,0,2,1,0.500,61274,49866,3.264,4.100,13.382
13709,0,2,1,0.500,61956,50056,3.264,4.100,13.382
13749,0,2,1,0.500,72901,70053,3.264,4.100,13.382
13789,0,2,1,0.500,71867,71213,3.264,4.400,14.362
13829,0,2,1,0.500,71054,70514,3.264,4.400,14.362
13869,0,2,1,0.500,75177,71691,3.268,4.500,14.706
13909,0,2,1,0.500,68853,58450,3.268,4.500,14.706
13949,0,2,1,0.500,58683,49590,3.268,4.500,14.706
13989,0,2,1,0.500,55567,47243,3.268,4.500,14.706
14029,0,2,1,0.500,55337,46904,3.268,4.500,14.706
14069,0,2,1,0.500,59065,49503,3.268,4.700,15.360
14109,0,2,1,0.500,57731,47391,3.268,4.700,15.360
14149,0,2,1,0.500,59062,48994,3.268,4.700,15.360
14189,0,2,1,0.500,70845,61417,3.260,4.600,14.996
14229,0,2,1,0.500,77271,67766,3.260,4.600,14.996
14269,0,2,1,0.500,74755,64906,3.268,4.600,15.033
14309,0,2,1,0.500,68545,58089,3.268,4.600,15.033
14349,0,2,1,0.500,63821,53148,3.268,4.600,15.033
14389,0,2,1,0.500,56165,45530,3.264,4.500,14.688
14429,0,2,1,0.500,50141,39416,3.264,4.500,14.688
14469,0,2,1,0.500,52725,41198,3.268,4.300,14.052
14509,0,2,1,0.500,61613,49146,3.268,4.300,14.052
14549,0,2,1,0.500,74589,63406,3.268,4.300,14.052
14589,0,2,1,0.500,77634,67293,3.268,4.800,15.686
14629,0,2,1,0.500,75673,63948,3.268,4.800,15.686
14669,0,2,1,0.500,70619,57172,3.268,4.600,15.033
14709,0,2,1,0.500,59073,45794,3.268,4.600,15.033
14749,0,2,1,0.500,47278,35412,3.268,4.600,15.033
14789,0,2,1,0.500,41842,31000,3.272,4.200,13.742
14829,0,2,1,0.500,38270,27999,3.272,4.200,13.742
14869,0,2,1,0.500,39508,28944,3.268,4.500,14.706
14909,0,2,1,0.500,43634,32454,3.268,4.500,14.706
14949,0,2,1,0.500,49884,37997,3.268,4.500,14.706
14989,0,2,1,0.500,56770,44364,3.268,4.600,15.033
15029,0,2,1,0.500,56909,44875,3.268,4.600,15.033
15069,0,2,1,0.500,54259,42822,3.264,4.400,14.362
15109,0,2,1,0.500,50657,39992,3.264,4.400,14.362
15149,0,2,1,0.500,48471,38381,3.264,4.400,14.362
15189,0,2,1,0.500,46985,37284,3.264,4.500,14.688
15229,0,2,1,0.500,52153,42516,3.264,4.500,14.688
15269,0,2,1,0.500,56133,46488,3.260,4.600,14.996
15309,0,2,1,0.500,69723,63945,3.260,4.600,14.996
15349,0,2,1,0.500,73763,71781,3.260,4.600,14.996
15390,0,2,1,0.500,72825,70513,3.264,4.300,14.035
15429,0,2,1,0.500,76480,68473,3.264,4.300,14.035
15469,0,2,1,0.500,67465,56988,3.264,4.600,15.014
15509,0,2,1,0.500,59657,50135,3.264,4.600,15.014
15549,0,2,1,0.500,53443,44869,3.264,4.600,15.014
15590,0,2,1,0.500,52677,44214,3.264,4.500,14.688
15629,0,2,1,0.500,57201,48205,3.264,4.500,14.688
15669,0,2,1,0.500,65882,56267,3.252,4.600,14.959
15710,0,2,1,0.500,74661,69336,3.252,4.600,14.959
15749,0,2,1,0.500,72247,69931,3.252,4.600,14.959
15789,0,2,1,0.500,71936,69745,3.260,4.600,14.996
15829,0,2,1,0.500,74899,72046,3.260,4.600,14.996
15869,0,2,1,0.500,77560,69096,3.256,4.400,14.326
15910,0,2,1,0.500,68441,58777,3.256,4.400,14.326
15949,0,2,1,0.500,57035,47298,3.256,4.400,14.326
15989,0,2,1,0.500,46938,37688,3.252,4.500,14.634
16030,0,2,1,0.500,45614,36167,3.252,4.500,14.634
16069,0,2,1,0.500,46445,36017,3.256,4.600,14.978
16109,0,2,1,0.500,55083,43231,3.256,4.600,14.978
16149,0,2,1,0.500,59673,47174,3.256,4.600,14.978
16189,0,2,1,0.500,62543,50044,3.260,4.600,14.996
16229,0,2,1,0.500,62638,50414,3.260,4.600,14.996
16269,0,2,1,0.500,57463,46294,3.260,4.500,14.670
16309,0,2,1,0.500,51390,41021,3.260,4.500,14.670
16350,0,2,1,0.500,51677,41601,3.260,4.500,14.670
16389,0,2,1,0.500,54782,44685,3.268,4.600,15.033
16429,0,2,1,0.500,57164,46775,3.268,4.600,15.033
16469,0,2,1,0.500,60130,49424,3.268,4.600,15.033
16509,0,2,1,0.500,64532,53820,3.268,4.600,15.033
16550,0,2,1,0.500,59794,50249,3.268,4.600,15.033
16589,0,2,1,0.500,47489,38419,3.264,4.500,14.688
16629,0,2,1,0.500,42396,33162,3.264,4.500,14.688
16669,0,2,1,0.500,43854,34363,3.268,4.500,14.706
16709,0,2,1,0.500,42841,33354,3.268,4.500,14.706
16749,0,2,1,0.500,44251,34513,3.268,4.500,14.706
16789,0,2,1,0.500,50453,40018,3.268,4.600,15.033
16829,0,2,1,0.500,59678,48999,3.268,4.600,15.033
16869,0,2,1,0.500,64841,53971,3.264,4.500,14.688
16909,0,2,1,0.500,60279,49501,3.264,4.500,14.688
16949,0,2,1,0.500,51700,41164,3.264,4.500,14.688
16989,0,2,1,0.500,41995,32616,3.264,4.500,14.688
17029,0,2,1,0.500,40896,31804,3.264,4.500,14.688
17069,0,2,1,0.500,41083,31562,3.260,4.700,15.322
17109,0,2,1,0.500,41855,32178,3.260,4.700,15.322
17149,0,2,1,0.500,52143,41381,3.260,4.700,15.322
17189,0,2,1,0.500,57978,46671,3.264,4.100,13.382
17229,0,2,1,0.500,44158,35009,3.264,4.100,13.382
17270,0,2,1,0.500,44390,36067,3.256,4.500,14.652
17309,0,2,1,0.500,46766,38139,3.256,4.500,14.652
17349,0,2,1,0.500,47190,38229,3.256,4.500,14.652
17390,0,2,1,0.500,45006,36245,3.268,4.600,15.033
17429,0,2,1,0.500,45248,36244,3.268,4.600,15.033
17469,0,2,1,0.500,44789,35746,3.252,4.600,14.959
17509,0,2,1,0.500,55544,45606,3.252,4.600,14.959
17549,0,2,1,0.500,68977,58165,3.252,4.600,14.959
17590,0,2,1,0.500,71285,60169,3.264,4.300,14.035
17629,0,2,1,0.500,58885,47827,3.264,4.300,14.035
17670,0,2,1,0.500,43624,33579,3.272,4.500,14.724
17709,0,2,1,0.500,43192,32981,3.272,4.500,14.724
17749,0,2,1,0.500,52190,40558,3.272,4.500,14.724
17790,0,2,1,0.500,48754,37123,3.264,4.500,14.688
17829,0,2,1,0.500,58917,47741,3.264,4.500,14.688
17869,0,2,1,0.500,71546,66476,3.268,4.500,14.706
17909,0,2,1,0.500,72463,70005,3.268,4.500,14.706
17949,0,2,1,0.500,73629,71717,3.268,4.500,14.706
17990,0,2,1,0.500,72461,70583,3.268,4.400,14.379
18029,0,2,1,0.500,75162,66016,3.268,4.400,14.379
18069,0,2,1,0.500,62735,51629,3.264,4.600,15.014
18109,0,2,1,0.500,61977,51974,3.264,4.600,15.014
18149,0,2,1,0.500,69818,61631,3.264,4.600,15.014
18190,0,2,1,0.500,68083,61286,3.260,4.500,14.670
18229,0,2,1,0.500,62985,52058,3.260,4.500,14.670
18269,0,2,1,0.500,59967,48751,3.260,4.800,15.648
18310,0,2,1,0.500,67323,58024,3.260,4.800,15.648
18349,0,2,1,0.500,64999,55917,3.260,4.800,15.648
18390,0,2,1,0.500,52647,45009,3.256,4.500,14.652
18429,0,2,1,0.500,57307,49840,3.256,4.500,14.652
18469,0,2,1,0.500,56620,48171,3.264,4.500,14.688
18510,0,2,1,0.500,51257,41632,3.264,4.500,14.688
18549,0,2,1,0.500,61016,50757,3.264,4.500,14.688
18589,0,2,1,0.500,54229,43503,3.264,4.400,14.362
18630,0,2,1,0.500,40980,31239,3.264,4.400,14.362
18669,0,2,1,0.500,40003,30784,3.268,4.600,15.033
18709,0,2,1,0.500,42559,32823,3.268,4.600,15.033
18749,0,2,1,0.500,42737,32732,3.268,4.600,15.033
18789,0,2,1,0.500,51958,40798,3.268,4.500,14.706
18830,0,2,1,0.500,44637,34651,3.268,4.500,14.706
18869,0,2,1,0.500,25862,19857,3.264,4.400,14.362
18909,0,2,1,0.500,19430,15527,3.264,4.400,14.362
18950,0,2,1,0.500,22103,17568,3.264,4.400,14.362
18989,0,2,1,0.500,22542,17641,3.268,4.600,15.033
19029,0,2,1,0.500,23959,18315,3.268,4.600,15.033
19069,0,2,1,0.500,23975,17985,3.264,4.600,15.014
19109,0,2,1,0.500,24904,18545,3.264,4.600,15.014
19150,0,2,1,0.500,25817,19566,3.264,4.600,15.014
19189,0,2,1,0.500,23731,18054,3.268,4.500,14.706
19229,0,2,1,0.500,23137,17495,3.268,4.500,14.706
19269,0,2,1,0.500,23171,17410,3.268,4.600,15.033
19309,0,2,1,0.500,26198,19865,3.268,4.600,15.033
19350,0,2,1,0.500,32269,24834,3.268,4.600,15.033
19389,0,2,1,0.500,33946,26337,3.264,4.600,15.014
19429,0,2,1,0.500,32189,25085,3.264,4.600,15.014
19469,0,2,1,0.500,30923,24345,3.264,4.600,15.014
19509,0,2,1,0.500,28450,22060,3.264,4.600,15.014
19549,0,2,1,0.500,26898,20762,3.264,4.600,15.014
19589,0,2,1,0.500,28322,21829,3.248,4.500,14.616
19629,0,2,1,0.500,30668,23250,3.248,4.500,14.616
19669,0,2,1,0.500,42856,33697,3.264,4.300,14.035
19709,0,2,1,0.500,55530,46028,3.264,4.300,14.035
19749,0,2,1,0.500,59078,49595,3.264,4.300,14.035
19789,0,2,1,0.500,51190,42786,3.264,4.500,14.688
19829,0,2,1,0.500,40983,34089,3.264,4.500,14.688
19869,0,2,1,0.500,35054,29341,3.264,4.400,14.362
19909,0,2,1,0.500,31448,25880,3.264,4.400,14.362
19949,0,2,1,0.500,32182,26301,3.264,4.400,14.362
19989,0,2,1,0.500,36873,30166,3.268,4.500,14.706
20029,0,2,1,0.500,41531,33802,3.268,4.500,14.706
20070,0,2,1,0.500,54091,44113,3.264,4.500,14.688
20109,0,2,1,0.500,56699,46193,3.264,4.500,14.688
20149,0,2,1,0.500,50892,41546,3.264,4.500,14.688
20190,0,2,1,0.500,39243,31086,3.264,4.900,15.994
20229,0,2,1,0.500,32302,24723,3.264,4.900,15.994
20269,0,2,1,0.500,27643,20493,3.268,4.400,14.379
20309,0,2,1,0.500,17476,12629,3.268,4.400,14.379
20349,0,2,1,0.500,12740,8248,3.268,4.400,14.379
20390,0,2,1,0.500,18879,12143,3.268,4.300,14.052
20429,0,2,1,0.500,59132,51495,3.268,4.300,14.052
20469,0,2,1,0.500,67098,61068,3.272,4.400,14.397
20510,0,2,1,0.500,40483,31568,3.272,4.400,14.397
20549,0,2,1,0.500,22893,16811,3.272,4.400,14.397
20589,0,2,1,0.500,25252,18744,3.264,4.500,14.688
20630,0,2,1,0.500,29331,22202,3.264,4.500,14.688
20669,0,2,1,0.500,45758,37057,3.264,4.500,14.688
20709,0,2,1,0.500,71767,67232,3.264,4.500,14.688
20750,0,2,1,0.500,77587,77152,3.264,4.500,14.688
20789,0,2,1,0.500,78382,78531,3.268,4.300,14.052
20830,0,2,1,0.500,79360,80615,3.268,4.300,14.052
20869,0,2,1,0.500,80604,83091,3.264,4.300,14.035
20909,0,2,1,0.500,82914,88710,3.264,4.300,14.035
20950,0,2,1,0.500,84400,92415,3.264,4.300,14.035
20989,0,2,1,0.500,84710,93384,3.264,4.700,15.341
21029,0,2,1,0.500,84255,92501,3.264,4.700,15.341
21069,0,2,1,0.500,83239,90170,3.268,4.400,14.379
21109,0,2,1,0.500,81381,81679,3.268,4.400,14.379
21150,0,2,1,0.500,63170,50603,3.268,4.400,14.379
21189,0,2,1,0.500,66243,57934,3.268,4.600,15.033
21229,0,2,1,0.500,66821,58224,3.268,4.600,15.033
21269,0,2,1,0.500,47868,36881,3.268,4.600,15.033
21309,0,2,1,0.500,55832,44112,3.268,4.600,15.033
21350,0,2,1,0.500,54657,42699,3.268,4.600,15.033
21389,0,2,1,0.500,60256,49562,3.268,4.400,14.379
21429,0,2,1,0.500,65985,59173,3.268,4.400,14.379
21469,0,2,1,0.500,66026,62342,3.264,4.400,14.362
21509,0,2,1,0.500,50245,39503,3.264,4.400,14.362
21549,0,2,1,0.500,48268,35631,3.264,4.400,14.362
21589,0,2,1,0.500,65953,62040,3.268,4.500,14.706
21629,0,2,1,0.500,72541,71367,3.268,4.500,14.706
21669,0,2,1,0.500,56105,47834,3.272,4.500,14.724
21709,0,2,1,0.500,42052,29492,3.272,4.500,14.724
21749,0,2,1,0.500,48779,38423,3.272,4.500,14.724
21789,0,2,1,0.500,58497,51008,3.272,4.600,15.051
21829,0,2,1,0.500,56195,48029,3.272,4.600,15.051
21870,0,2,1,0.500,40748,30637,3.268,4.600,15.033
21909,0,2,1,0.500,43806,34868,3.268,4.600,15.033
21949,0,2,1,0.500,44827,34862,3.268,4.600,15.033
21990,0,2,1,0.500,50132,37858,3.268,4.700,15.360
22029,0,2,1,0.500,44439,31459,3.268,4.700,15.360
22070,0,2,1,0.500,41874,29610,3.272,4.600,15.051
22109,0,2,1,0.500,48352,35560,3.272,4.600,15.051
22149,0,2,1,0.500,61046,48880,3.272,4.600,15.051
22190,0,2,1,0.500,59387,46531,3.268,4.700,15.360
22229,0,2,1,0.500,44910,32501,3.268,4.700,15.360
22269,0,2,1,0.500,45341,36740,3.276,4.500,14.742
22310,0,2,1,0.500,63586,59759,3.276,4.500,14.742
22349,0,2,1,0.500,63669,59364,3.276,4.500,14.742
22390,0,2,1,0.500,52690,45965,3.272,4.800,15.706
22429,0,2,1,0.500,48512,37484,3.272,4.800,15.706
22469,0,2,1,0.500,53291,40496,3.268,4.600,15.033
22510,0,2,1,0.500,69062,60128,3.268,4.600,15.033
22549,0,2,1,0.500,77530,74612,3.268,4.600,15.033
22590,0,2,1,0.500,74447,65196,3.268,4.800,15.686
22630,0,2,1,0.500,63369,54370,3.268,4.800,15.686
22669,0,2,1,0.500,69444,65987,3.268,4.700,15.360
22710,0,2,1,0.500,78717,79419,3.268,4.700,15.360
22749,0,2,1,0.500,75479,73678,3.268,4.700,15.360
22790,0,2,1,0.500,72752,61573,3.264,4.600,15.014
22830,0,2,1,0.500,68438,57412,3.264,4.600,15.014
22869,0,2,1,0.500,75290,70306,3.264,4.500,14.688
22910,0,2,1,0.500,71003,70419,3.264,4.500,14.688
22949,0,2,1,0.500,71027,70408,3.264,4.500,14.688
22989,0,2,1,0.500,72311,72215,3.268,4.800,15.686
23030,0,2,1,0.500,70379,70237,3.268,4.800,15.686
23069,0,2,1,0.500,69483,69428,3.268,4.500,14.706
23110,0,2,1,0.500,69916,69966,3.268,4.500,14.706
23150,0,2,1,0.500,69368,69184,3.268,4.500,14.706
23189,0,2,1,0.500,70429,70213,3.268,4.500,14.706
23230,0,2,1,0.500,72547,71591,3.268,4.500,14.706
23269,0,2,1,0.500,74827,72394,3.272,4.600,15.051
23309,0,2,1,0.500,77425,78241,3.272,4.600,15.051
23350,0,2,1,0.500,81574,85108,3.272,4.600,15.051
23389,0,2,1,0.500,83937,90888,3.272,4.600,15.051
23429,0,2,1,0.500,85156,93804,3.272,4.600,15.051
23469,0,2,1,0.500,85588,94793,3.268,4.600,15.033
23509,0,2,1,0.500,85505,94592,3.268,4.600,15.033
23550,0,2,1,0.500,84267,92031,3.268,4.600,15.033
23589,0,2,1,0.500,62971,60363,3.268,4.500,14.706
23629,0,2,1,0.500,25815,24853,3.268,4.500,14.706
23669,0,2,1,0.500,64994,64726,3.268,4.500,14.706
23709,0,2,1,0.500,83483,87102,3.268,4.500,14.706
23750,0,2,1,0.500,84384,89732,3.268,4.500,14.706
23789,0,2,1,0.500,82016,85549,3.264,4.900,15.994
23829,0,2,1,0.500,48790,46467,3.264,4.900,15.994
23869,0,2,1,0.500,48583,47968,3.264,4.600,15.014
23909,0,2,1,0.500,79256,80573,3.264,4.600,15.014
23949,0,2,1,0.500,82228,86918,3.264,4.600,15.014
23989,0,2,1,0.500,82763,88460,3.268,4.800,15.686
24029,0,2,1,0.500,83178,88963,3.268,4.800,15.686
24069,0,2,1,0.500,80959,84630,3.268,4.500,14.706
24109,0,2,1,0.500,77424,78619,3.268,4.500,14.706
24150,0,2,1,0.500,75070,74616,3.268,4.500,14.706
24189,0,2,1,0.500,76067,72475,3.268,4.500,14.706
24229,0,2,1,0.500,77560,73453,3.268,4.500,14.706
24270,0,2,1,0.500,71644,68656,3.252,4.600,14.959
24309,0,2,1,0.500,69228,66949,3.252,4.600,14.959
24349,0,2,1,0.500,73092,71009,3.252,4.600,14.959
24389,0,2,1,0.500,73065,70783,3.260,4.300,14.018
24429,0,2,1,0.500,71469,68935,3.260,4.300,14.018
24470,0,2,1,0.500,70347,67104,3.216,4.400,14.150
24509,0,2,1,0.500,70077,63397,3.216,4.400,14.150
24550,0,2,1,0.500,72327,63133,3.216,4.400,14.150
24590,0,2,1,0.500,69916,68749,3.208,4.500,14.436
24629,0,2,1,0.500,53756,58586,3.208,4.500,14.436
24670,0,2,1,0.500,74936,74465,3.220,4.300,13.846
24709,0,2,1,0.500,72580,71032,3.220,4.300,13.846
24749,0,2,1,0.500,70491,65416,3.220,4.300,13.846
24790,0,2,1,0.500,56829,55580,3.240,4.600,14.904
24829,0,2,1,0.500,56030,48581,3.240,4.600,14.904
24870,0,2,1,0.500,57893,48806,3.264,4.300,14.035
24909,0,2,1,0.500,70749,67233,3.264,4.300,14.035
24949,0,2,1,0.500,74238,73104,3.264,4.300,14.035
24990,0,2,1,0.500,73053,66268,3.252,4.600,14.959
25029,0,2,1,0.500,67293,60129,3.252,4.600,14.959
25070,0,2,1,0.500,74255,73094,3.260,4.500,14.670
25110,0,2,1,0.500,76076,75996,3.260,4.500,14.670
25149,0,2,1,0.500,78241,80517,3.260,4.500,14.670
25190,0,2,1,0.500,81090,85667,3.256,4.800,15.629
25230,0,2,1,0.500,76537,75155,3.256,4.800,15.629
25270,0,2,1,0.500,18740,16402,3.260,4.500,14.670
25310,0,2,1,0.500,26500,27024,3.260,4.500,14.670
25350,0,2,1,0.500,78311,81891,3.260,4.500,14.670
25390,0,2,1,0.500,79972,85731,3.260,4.400,14.344
25430,0,2,1,0.500,52166,53181,3.260,4.400,14.344
25469,0,2,1,0.500,13535,10796,3.264,4.500,14.688
25510,0,2,1,0.500,72600,65902,3.264,4.500,14.688
25550,0,2,1,0.500,82470,89964,3.264,4.500,14.688
25590,0,2,1,0.500,69741,65533,3.264,4.800,15.667
25630,0,2,1,0.500,4230,3299,3.264,4.800,15.667
25669,0,2,1,0.500,14980,11741,3.260,4.600,14.996
25710,0,2,1,0.500,74549,78363,3.260,4.600,14.996
25750,0,2,1,0.500,82340,89824,3.260,4.600,14.996
25790,0,2,1,0.500,36010,28622,3.260,4.800,15.648
25830,0,2,1,0.500,28540,25493,3.260,4.800,15.648
25870,0,2,1,0.500,80607,83570,3.252,4.700,15.284
25910,0,2,1,0.500,83087,88171,3.252,4.700,15.284
25950,0,2,1,0.500,35423,32979,3.252,4.700,15.284
25990,0,2,1,0.500,14475,12764,3.264,4.500,14.688
26030,0,2,1,0.500,74825,76688,3.264,4.500,14.688
26070,0,2,1,0.500,84429,90640,3.260,4.600,14.996
26110,0,2,1,0.500,85623,93693,3.260,4.600,14.996
26150,0,2,1,0.500,86394,95662,3.260,4.600,14.996
26190,0,2,1,0.500,86889,96719,3.260,5.000,16.300
26230,0,2,1,0.500,87449,97758,3.260,5.000,16.300
26270,0,2,1,0.500,87814,98360,3.260,4.900,15.974
26310,0,2,1,0.500,88088,98802,3.260,4.900,15.974
26350,0,2,1,0.500,88129,98993,3.260,4.900,15.974
26390,0,2,1,0.500,88164,99056,3.260,4.800,15.648
26430,0,2,1,0.500,88275,99226,3.260,4.800,15.648
26470,0,2,1,0.500,88424,99424,3.264,5.000,16.320
26510,0,2,1,0.500,88544,99547,3.264,5.000,16.320
26550,0,2,1,0.500,88419,99316,3.264,5.000,16.320
26590,0,2,1,0.500,87849,98407,3.260,5.000,16.300
26630,0,2,1,0.500,86876,96378,3.260,5.000,16.300
26670,0,2,1,0.500,84429,91019,3.260,4.500,14.670
26710,0,2,1,0.500,84650,82165,3.260,4.500,14.670
26750,0,2,1,0.500,82479,78485,3.260,4.500,14.670
26790,0,2,1,0.500,78206,77281,3.260,4.500,14.670
26830,0,2,1,0.500,76281,77970,3.260,4.500,14.670
26870,0,2,1,0.500,75752,77330,3.264,4.400,14.362
26910,0,2,1,0.500,76136,76996,3.264,4.400,14.362
26950,0,2,1,0.500,76902,83349,3.264,4.400,14.362
26990,0,2,1,0.500,78712,87329,3.264,4.300,14.035
27030,0,2,1,0.500,80796,90959,3.264,4.300,14.035
27070,0,2,1,0.500,81779,92845,3.264,4.700,15.341
27110,0,2,1,0.500,82379,94031,3.264,4.700,15.341
27150,0,2,1,0.500,82834,94868,3.264,4.700,15.341
27190,0,2,1,0.500,83365,95711,3.260,4.500,14.670
27230,0,2,1,0.500,83720,96196,3.260,4.500,14.670
27270,0,2,1,0.500,83705,96169,3.264,4.600,15.014
27310,0,2,1,0.500,83806,96253,3.264,4.600,15.014
27350,0,2,1,0.500,83844,96326,3.264,4.600,15.014
27390,0,2,1,0.500,83855,96413,3.264,4.700,15.341
27430,0,2,1,0.500,83844,96414,3.264,4.700,15.341
27470,0,2,1,0.500,83646,96102,3.268,4.600,15.033
27510,0,2,1,0.500,83031,95083,3.268,4.600,15.033
27550,0,2,1,0.500,81820,92738,3.268,4.600,15.033
27590,0,2,1,0.500,80347,89594,3.268,4.400,14.379
27630,0,2,1,0.500,78934,82876,3.268,4.400,14.379
27670,0,2,1,0.500,59590,51701,3.268,4.200,13.726
27710,0,2,1,0.500,46452,40137,3.268,4.200,13.726
27750,0,2,1,0.500,74723,72053,3.268,4.200,13.726
27790,0,2,1,0.500,74340,76171,3.264,4.500,14.688
27830,0,2,1,0.500,73432,74646,3.264,4.500,14.688
27870,0,2,1,0.500,71002,69719,3.268,4.600,15.033
27910,0,2,1,0.500,72427,64364,3.268,4.600,15.033
27950,0,2,1,0.500,69358,65879,3.268,4.600,15.033
27990,0,2,1,0.500,74312,78600,3.268,4.200,13.726
28030,0,2,1,0.500,79185,87434,3.268,4.200,13.726
28070,0,2,1,0.500,81062,91105,3.268,4.500,14.706
28110,0,2,1,0.500,81373,91894,3.268,4.500,14.706
28150,0,2,1,0.500,81636,92366,3.268,4.500,14.706
28190,0,2,1,0.500,81786,92805,3.268,4.400,14.379
28230,0,2,1,0.500,81943,93210,3.268,4.400,14.379
28270,0,2,1,0.500,82108,93350,3.264,4.500,14.688
28310,0,2,1,0.500,82165,93402,3.264,4.500,14.688
28350,0,2,1,0.500,82330,93559,3.264,4.500,14.688
28390,0,2,1,0.500,82501,93769,3.268,4.400,14.379
28430,0,2,1,0.500,82558,93847,3.268,4.400,14.379
28470,0,2,1,0.500,82642,93973,3.264,4.600,15.014
28510,0,2,1,0.500,82621,93914,3.264,4.600,15.014
28550,0,2,1,0.500,82607,93903,3.264,4.600,15.014
28590,0,2,1,0.500,82450,93642,3.264,4.500,14.688
28630,0,2,1,0.500,81803,92679,3.264,4.500,14.688
28670,0,2,1,0.500,80286,90441,3.264,4.600,15.014
28710,0,2,1,0.500,78087,86068,3.264,4.600,15.014
28750,0,2,1,0.500,48522,46436,3.264,4.600,15.014
28790,0,2,1,0.500,16716,15169,3.264,4.400,14.362
28830,0,2,1,0.500,62353,60619,3.264,4.400,14.362
28870,0,2,1,0.500,76811,79708,3.264,4.600,15.014
28910,0,2,1,0.500,78619,83481,3.264,4.600,15.014
28950,0,2,1,0.500,78772,83853,3.264,4.600,15.014
28990,0,2,1,0.500,80288,86900,3.264,4.600,15.014
29030,0,2,1,0.500,83043,92898,3.264,4.600,15.014
29070,0,2,1,0.500,84701,96138,3.268,4.800,15.686
29110,0,2,1,0.500,85329,97184,3.268,4.800,15.686
29150,0,2,1,0.500,85691,97803,3.268,4.800,15.686
29190,0,2,1,0.500,85645,97742,3.264,4.700,15.341
29230,0,2,1,0.500,85528,97618,3.264,4.700,15.341
29270,0,2,1,0.500,85489,97622,3.264,4.900,15.994
29310,0,2,1,0.500,85545,97663,3.264,4.900,15.994
29350,0,2,1,0.500,85409,97455,3.264,4.900,15.994
29390,0,2,1,0.500,85189,97107,3.260,4.500,14.670
29430,0,2,1,0.500,84843,96588,3.260,4.500,14.670
29470,0,2,1,0.500,84378,95873,3.264,4.800,15.667
29510,0,2,1,0.500,83565,94695,3.264,4.800,15.667
29550,0,2,1,0.500,81825,91590,3.264,4.800,15.667
29590,0,2,1,0.500,79648,81248,3.268,4.500,14.706
29630,0,2,1,0.500,62628,59398,3.268,4.500,14.706
29670,0,2,1,0.500,77394,73330,3.268,4.900,16.013
29710,0,2,1,0.500,79982,78519,3.268,4.900,16.013
29750,0,2,1,0.500,77876,80740,3.268,4.900,16.013
29790,0,2,1,0.500,78527,83886,3.268,4.600,15.033
29830,0,2,1,0.500,76953,82425,3.268,4.600,15.033
29870,0,2,1,0.500,75987,77897,3.264,4.500,14.688
29910,0,2,1,0.500,69901,67278,3.264,4.500,14.688
29950,0,2,1,0.500,63411,62493,3.264,4.500,14.688
29990,0,2,1,0.500,77210,85567,3.264,4.600,15.014
30030,0,2,1,0.500,78287,88207,3.264,4.600,15.014
30070,0,2,1,0.500,79740,90835,3.264,4.800,15.667
30110,0,2,1,0.500,81735,94032,3.264,4.800,15.667
30150,0,2,1,0.500,82668,95726,3.264,4.800,15.667
30190,0,2,1,0.500,83220,96273,3.264,4.800,15.667
30230,0,2,1,0.500,83511,96457,3.264,4.800,15.667
30270,0,2,1,0.500,83619,96653,3.264,4.700,15.341
30310,0,2,1,0.500,83437,96477,3.264,4.700,15.341
30350,0,2,1,0.500,83281,96224,3.264,4.700,15.341
30390,0,2,1,0.500,83280,95997,3.264,4.500,14.688
30430,0,2,1,0.500,82992,95314,3.264,4.500,14.688
30470,0,2,1,0.500,82069,93724,3.264,4.500,14.688
30510,0,2,1,0.500,79227,88592,3.264,4.500,14.688
30550,0,2,1,0.500,69612,69197,3.264,4.500,14.688
30590,0,2,1,0.500,28401,22517,3.264,4.700,15.341
30630,0,2,1,0.500,10232,8862,3.264,4.700,15.341
30670,0,2,1,0.500,7999,6915,3.264,4.400,14.362
30710,0,2,1,0.500,10188,8332,3.264,4.400,14.362
30750,0,2,1,0.500,16189,13121,3.264,4.400,14.362
30790,0,2,1,0.500,31126,24972,3.264,4.600,15.014
30830,0,2,1,0.500,68403,63602,3.264,4.600,15.014
30870,0,2,1,0.500,80905,85450,3.264,4.800,15.667
30910,0,2,1,0.500,84513,93211,3.264,4.800,15.667
30950,0,2,1,0.500,86396,96799,3.264,4.800,15.667
30990,0,2,1,0.500,87280,98220,3.264,4.800,15.667
31030,0,2,1,0.500,87747,98828,3.264,4.800,15.667
31070,0,2,1,0.500,87953,99295,3.260,5.200,16.952
31110,0,2,1,0.500,88067,99491,3.260,5.200,16.952
31150,0,2,1,0.500,87975,99441,3.260,5.200,16.952
31190,0,2,1,0.500,87789,99130,3.260,5.100,16.626
31230,0,2,1,0.500,86912,97411,3.260,5.100,16.626
31270,0,2,1,0.500,85265,94146,3.264,4.600,15.014
31310,0,2,1,0.500,70130,67943,3.264,4.600,15.014
31350,0,2,1,0.500,26324,22244,3.264,4.600,15.014
31390,0,2,1,0.500,36508,31359,3.264,4.300,14.035
31430,0,2,1,0.500,55979,46244,3.264,4.300,14.035
31470,0,2,1,0.500,70296,63418,3.264,4.600,15.014
31510,0,2,1,0.500,71922,74876,3.264,4.600,15.014
31550,0,2,1,0.500,76122,82919,3.264,4.600,15.014
31590,0,2,1,0.500,78036,86252,3.268,4.500,14.706
31630,0,2,1,0.500,78830,87856,3.268,4.500,14.706
31670,0,2,1,0.500,79515,89012,3.264,4.700,15.341
31710,0,2,1,0.500,79941,89734,3.264,4.700,15.341
31750,0,2,1,0.500,80198,90125,3.264,4.700,15.341
31790,0,2,1,0.500,80343,90369,3.272,4.800,15.706
31830,0,2,1,0.500,80397,90415,3.272,4.800,15.706
31870,0,2,1,0.500,80307,90341,3.268,4.500,14.706
31910,0,2,1,0.500,80145,90219,3.268,4.500,14.706
31950,0,2,1,0.500,79831,89685,3.268,4.500,14.706
31990,0,2,1,0.500,79710,89099,3.264,4.700,15.341
32030,0,2,1,0.500,76440,74790,3.264,4.700,15.341
32070,0,2,1,0.500,62460,50502,3.268,4.500,14.706
32110,0,2,1,0.500,69165,62712,3.268,4.500,14.706
32150,0,2,1,0.500,72483,73449,3.268,4.500,14.706
32190,0,2,1,0.500,76893,82055,3.268,4.500,14.706
32230,0,2,1,0.500,80023,88065,3.268,4.500,14.706
32270,0,2,1,0.500,81384,90875,3.268,4.400,14.379
32310,0,2,1,0.500,81868,92094,3.268,4.400,14.379
32350,0,2,1,0.500,82230,93036,3.268,4.400,14.379
32390,0,2,1,0.500,82511,93543,3.268,4.700,15.360
32430,0,2,1,0.500,82473,93570,3.268,4.700,15.360
32470,0,2,1,0.500,82355,93470,3.268,4.700,15.360
32510,0,2,1,0.500,82348,93521,3.268,4.700,15.360
32550,0,2,1,0.500,82328,93580,3.268,4.700,15.360
32590,0,2,1,0.500,82351,93646,3.268,5.100,16.667
32630,0,2,1,0.500,82349,93613,3.268,5.100,16.667
32670,0,2,1,0.500,82308,93588,3.264,5.000,16.320
32710,0,2,1,0.500,82307,93587,3.264,5.000,16.320
32750,0,2,1,0.500,82209,93450,3.264,5.000,16.320
32790,0,2,1,0.500,81979,93173,3.268,4.700,15.360
32830,0,2,1,0.500,81037,91789,3.268,4.700,15.360
32870,0,2,1,0.500,73798,73198,3.268,4.600,15.033
32910,0,2,1,0.500,30914,25208,3.268,4.600,15.033
32950,0,2,1,0.500,15130,12421,3.268,4.600,15.033
32990,0,2,1,0.500,14368,12793,3.264,4.600,15.014
33030,0,2,1,0.500,14106,16001,3.264,4.600,15.014
33070,0,2,1,0.500,56848,57910,3.268,4.700,15.360
33110,0,2,1,0.500,75080,78053,3.268,4.700,15.360
33150,0,2,1,0.500,76477,80040,3.268,4.700,15.360
33190,0,2,1,0.500,75611,78356,3.272,4.600,15.051
33230,0,2,1,0.500,78257,82881,3.272,4.600,15.051
33270,0,2,1,0.500,80479,86524,3.272,4.600,15.051
33310,0,2,1,0.500,81809,89626,3.272,4.600,15.051
33350,0,2,1,0.500,82084,90878,3.272,4.600,15.051
33390,0,2,1,0.500,81971,90480,3.268,4.500,14.706
33430,0,2,1,0.500,81009,88556,3.268,4.500,14.706
33470,0,2,1,0.500,81427,88863,3.268,4.300,14.052
33510,0,2,1,0.500,81894,89633,3.268,4.300,14.052
33550,0,2,1,0.500,82005,89465,3.268,4.300,14.052
33591,0,2,1,0.500,82490,90291,3.268,4.300,14.052
33630,0,2,1,0.500,83478,92800,3.268,4.300,14.052
33670,0,2,1,0.500,83808,93741,3.268,4.500,14.706
33710,0,2,1,0.500,83828,93826,3.268,4.500,14.706
33750,0,2,1,0.500,83513,93092,3.268,4.500,14.706
33790,0,2,1,0.500,82041,90734,3.272,4.800,15.706
33830,0,2,1,0.500,80576,87819,3.272,4.800,15.706
33870,0,2,1,0.500,77252,77552,3.268,4.500,14.706
33911,0,2,1,0.500,42695,32971,3.268,4.500,14.706
33950,0,2,1,0.500,27249,19856,3.268,4.500,14.706
33990,0,2,1,0.500,58224,47084,3.268,4.700,15.360
34031,0,2,1,0.500,69195,64739,3.268,4.700,15.360
34070,0,2,1,0.500,72474,71518,3.268,4.400,14.379
34110,0,2,1,0.500,78072,81808,3.268,4.400,14.379
34151,0,2,1,0.500,80988,87213,3.268,4.400,14.379
34190,0,2,1,0.500,81886,89907,3.268,4.500,14.706
34230,0,2,1,0.500,82358,91875,3.268,4.500,14.706
34270,0,2,1,0.500,82401,92298,3.268,4.700,15.360
34310,0,2,1,0.500,82545,92790,3.268,4.700,15.360
34351,0,2,1,0.500,82675,93141,3.268,4.700,15.360
34390,0,2,1,0.500,82816,93561,3.268,4.700,15.360
34430,0,2,1,0.500,83039,94110,3.268,4.700,15.360
34470,0,2,1,0.500,83169,94406,3.268,4.900,16.013
34510,0,2,1,0.500,83271,94492,3.268,4.900,16.013
34551,0,2,1,0.500,83224,94411,3.268,4.900,16.013
34590,0,2,1,0.500,82751,93176,3.268,4.600,15.033
34630,0,2,1,0.500,81251,89759,3.268,4.600,15.033
34671,0,2,1,0.500,57263,48889,3.268,4.800,15.686
34710,0,2,1,0.500,20434,15412,3.268,4.800,15.686
34751,0,2,1,0.500,24120,19037,3.268,4.800,15.686
34790,0,2,1,0.500,39250,29599,3.268,4.600,15.033
34830,0,2,1,0.500,67351,63306,3.268,4.600,15.033
34871,0,2,1,0.500,78881,82875,3.268,4.600,15.033
34910,0,2,1,0.500,81849,88766,3.268,4.600,15.033
34951,0,2,1,0.500,82823,91318,3.268,4.600,15.033
34991,0,2,1,0.500,83700,93328,3.260,4.800,15.648
35030,0,2,1,0.500,84158,94348,3.260,4.800,15.648
35071,0,2,1,0.500,84379,94911,3.260,5.000,16.300
35110,0,2,1,0.500,84544,95331,3.260,5.000,16.300
35151,0,2,1,0.500,84706,95691,3.260,5.000,16.300
35191,0,2,1,0.500,84761,95969,3.260,4.900,15.974
35230,0,2,1,0.500,84904,96228,3.260,4.900,15.974
35271,0,2,1,0.500,84695,95666,3.264,4.500,14.688
35311,0,2,1,0.500,83872,93675,3.264,4.500,14.688
35350,0,2,1,0.500,83080,91931,3.264,4.500,14.688
35391,0,2,1,0.500,78891,83624,3.268,4.800,15.686
35431,0,2,1,0.500,63899,52606,3.268,4.800,15.686
35471,0,2,1,0.500,62207,50196,3.260,4.500,14.670
35511,0,2,1,0.500,67239,63121,3.260,4.500,14.670
35551,0,2,1,0.500,76945,82183,3.260,4.500,14.670
35591,0,2,1,0.500,78751,85780,3.264,4.800,15.667
35631,0,2,1,0.500,79717,88093,3.264,4.800,15.667
35671,0,2,1,0.500,80471,89671,3.264,4.500,14.688
35711,0,2,1,0.500,80909,90574,3.264,4.500,14.688
35751,0,2,1,0.500,81140,91083,3.264,4.500,14.688
35791,0,2,1,0.500,81310,91421,3.264,4.600,15.014
35831,0,2,1,0.500,81307,91421,3.264,4.600,15.014
35870,0,2,1,0.500,80882,90963,3.268,4.700,15.360
35911,0,2,1,0.500,79903,89531,3.268,4.700,15.360
35951,0,2,1,0.500,78612,86811,3.268,4.700,15.360
35991,0,2,1,0.500,76005,67969,3.268,4.300,14.052
36031,0,2,1,0.500,58060,46195,3.268,4.300,14.052
36071,0,2,1,0.500,42039,33545,3.260,4.600,14.996
36111,0,2,1,0.500,62220,51824,3.260,4.600,14.996
36151,0,2,1,0.500,75378,76915,3.260,4.600,14.996
36191,0,2,1,0.500,80646,87017,3.256,4.600,14.978
36231,0,2,1,0.500,82125,90827,3.256,4.600,14.978
36271,0,2,1,0.500,82892,92813,3.260,4.800,15.648
36311,0,2,1,0.500,83190,93657,3.260,4.800,15.648
36351,0,2,1,0.500,83295,93776,3.260,4.800,15.648
36391,0,2,1,0.500,83128,93289,3.260,4.600,14.996
36431,0,2,1,0.500,82336,88005,3.260,4.600,14.996
36471,0,2,1,0.500,54066,45072,3.268,4.900,16.013
36511,0,2,1,0.500,15341,11247,3.268,4.900,16.013
36551,0,2,1,0.500,7967,5274,3.268,4.900,16.013
36591,0,2,1,0.500,13691,10745,3.260,4.300,14.018
36631,0,2,1,0.500,61208,59584,3.260,4.300,14.018
36671,0,2,1,0.500,77814,80323,3.264,4.600,15.014
36711,0,2,1,0.500,80910,86780,3.264,4.600,15.014
36751,0,2,1,0.500,82513,91385,3.264,4.600,15.014
36791,0,2,1,0.500,83338,93456,3.264,4.900,15.994
36831,0,2,1,0.500,83660,94130,3.264,4.900,15.994
36871,0,2,1,0.500,83750,94325,3.264,5.100,16.646
36911,0,2,1,0.500,83786,94406,3.264,5.100,16.646
36951,0,2,1,0.500,83733,94223,3.264,5.100,16.646
36991,0,2,1,0.500,83184,93066,3.260,4.600,14.996
37031,0,2,1,0.500,82402,90858,3.260,4.600,14.996
37071,0,2,1,0.500,82066,89124,3.260,4.600,14.996
37111,0,2,1,0.500,76129,68751,3.260,4.600,14.996
37151,0,2,1,0.500,64553,55929,3.260,4.600,14.996
37191,0,2,1,0.500,70564,71069,3.260,4.400,14.344
37231,0,2,1,0.500,73719,76282,3.260,4.400,14.344
37271,0,2,1,0.500,76939,80840,3.268,4.300,14.052
37311,0,2,1,0.500,78277,83727,3.268,4.300,14.052
37351,0,2,1,0.500,79937,87579,3.268,4.300,14.052
37391,0,2,1,0.500,81162,90011,3.264,4.800,15.667
37431,0,2,1,0.500,81833,91426,3.264,4.800,15.667
37471,0,2,1,0.500,82146,92348,3.268,4.600,15.033
37511,0,2,1,0.500,82237,92518,3.268,4.600,15.033
37551,0,2,1,0.500,82008,92185,3.268,4.600,15.033
37591,0,2,1,0.500,81479,91383,3.268,4.500,14.706
37631,0,2,1,0.500,80679,90037,3.268,4.500,14.706
37671,0,2,1,0.500,79380,87430,3.264,4.500,14.688
37711,0,2,1,0.500,78268,84863,3.264,4.500,14.688
37751,0,2,1,0.500,75651,73503,3.264,4.500,14.688
37791,0,2,1,0.500,64921,59515,3.268,4.600,15.033
37831,0,2,1,0.500,71924,72535,3.268,4.600,15.033
37871,0,2,1,0.500,73260,78341,3.260,4.700,15.322
37911,0,2,1,0.500,78119,86407,3.260,4.700,15.322
37951,0,2,1,0.500,81347,91881,3.260,4.700,15.322
37991,0,2,1,0.500,81869,93405,3.264,4.500,14.688
38031,0,2,1,0.500,81110,92274,3.264,4.500,14.688
38071,0,2,1,0.500,75588,84322,3.264,4.800,15.667
38111,0,2,1,0.500,71540,75085,3.264,4.800,15.667
38151,0,2,1,0.500,18925,21673,3.264,4.800,15.667
38191,0,2,1,0.500,28113,30303,3.260,4.600,14.996
38231,0,2,1,0.500,74558,75951,3.260,4.600,14.996
38271,0,2,1,0.500,76482,78210,3.216,4.200,13.507
38311,0,2,1,0.500,76163,76250,3.216,4.200,13.507
38351,0,2,1,0.500,74035,69852,3.216,4.200,13.507
38391,0,2,1,0.500,29183,25305,3.264,4.500,14.688
38431,0,2,1,0.500,49776,43980,3.264,4.500,14.688
38471,0,2,1,0.500,52416,42025,3.268,4.600,15.033
38511,0,2,1,0.500,26548,15807,3.268,4.600,15.033
38551,0,2,1,0.500,39773,28223,3.268,4.600,15.033
38591,0,2,1,0.500,54198,47241,3.268,4.800,15.686
38631,0,2,1,0.500,46211,43333,3.268,4.800,15.686
38671,0,2,1,0.500,70275,65208,3.272,4.600,15.051
38711,0,2,1,0.500,72324,70395,3.272,4.600,15.051
38751,0,2,1,0.500,72444,69250,3.272,4.600,15.051
38791,0,2,1,0.500,52983,49620,3.268,4.500,14.706
38831,0,2,1,0.500,59459,57288,3.268,4.500,14.706
38871,0,2,1,0.500,72084,70047,3.268,4.700,15.360
38911,0,2,1,0.500,73171,69857,3.268,4.700,15.360
38951,0,2,1,0.500,42765,37695,3.268,4.700,15.360
38991,0,2,1,0.500,24039,26592,3.268,4.700,15.360
39031,0,2,1,0.500,53132,53500,3.268,4.700,15.360
39071,0,2,1,0.500,70291,69793,3.272,4.800,15.706
39111,0,2,1,0.500,69978,69640,3.272,4.800,15.706
39151,0,2,1,0.500,74939,71718,3.272,4.800,15.706
39191,0,2,1,0.500,48595,47715,3.268,4.300,14.052
39231,0,2,1,0.500,34044,34328,3.268,4.300,14.052
39271,0,2,1,0.500,58936,54114,3.268,4.700,15.360
39311,0,2,1,0.500,50389,45382,3.268,4.700,15.360
39351,0,2,1,0.500,33650,33846,3.268,4.700,15.360
39391,0,2,1,0.500,25509,29502,3.264,4.500,14.688
39431,0,2,1,0.500,22768,27383,3.264,4.500,14.688
39471,0,2,1,0.500,40282,42458,3.268,4.500,14.706
39511,0,2,1,0.500,68535,63270,3.268,4.500,14.706
39551,0,2,1,0.500,61358,55825,3.268,4.500,14.706
39591,0,2,1,0.500,42681,42579,3.268,4.400,14.379
39631,0,2,1,0.500,23385,27668,3.268,4.400,14.379
39671,0,2,1,0.500,27059,31924,3.264,4.700,15.341
39711,0,2,1,0.500,30429,32544,3.264,4.700,15.341
39751,0,2,1,0.500,39743,37130,3.264,4.700,15.341
39791,0,2,1,0.500,63526,53171,3.268,4.400,14.379
39831,0,2,1,0.500,59361,48079,3.268,4.400,14.379
39871,0,2,1,0.500,49043,41566,3.268,4.700,15.360
39911,0,2,1,0.500,45618,42709,3.268,4.700,15.360
39951,0,2,1,0.500,63376,60091,3.268,4.700,15.360
39991,0,2,1,0.500,70772,65553,3.268,4.600,15.033
40031,0,2,1,0.500,76307,72189,3.268,4.600,15.033
40071,0,2,1,0.500,70029,69071,3.268,4.400,14.379
40111,0,2,1,0.500,77415,72315,3.268,4.400,14.379
40151,0,2,1,0.500,59530,58285,3.268,4.400,14.379
40191,0,2,1,0.500,62531,63910,3.268,4.700,15.360
40231,0,2,1,0.500,75056,72241,3.268,4.700,15.360
40271,0,2,1,0.500,72540,70722,3.272,4.500,14.724
40311,0,2,1,0.500,71833,70705,3.272,4.500,14.724
40351,0,2,1,0.500,76480,69740,3.272,4.500,14.724
40391,0,2,1,0.500,66221,61121,3.268,4.500,14.706
40431,0,2,1,0.500,41701,42602,3.268,4.500,14.706
40471,0,2,1,0.500,56580,54040,3.268,4.800,15.686
40511,0,2,1,0.500,76582,69847,3.268,4.800,15.686
40551,0,2,1,0.500,71766,65677,3.268,4.800,15.686
40591,0,2,1,0.500,72067,68369,3.268,4.500,14.706
40631,0,2,1,0.500,74199,71091,3.268,4.500,14.706
40671,0,2,1,0.500,76383,72613,3.268,4.500,14.706
40711,0,2,1,0.500,72898,70661,3.268,4.500,14.706
40751,0,2,1,0.500,73739,68900,3.268,4.500,14.706
40791,0,2,1,0.500,77037,70299,3.268,4.600,15.033
40831,0,2,1,0.500,76428,71467,3.268,4.600,15.033
40871,0,2,1,0.500,74786,73217,3.268,4.500,14.706
40911,0,2,1,0.500,73119,71573,3.268,4.500,14.706
40951,0,2,1,0.500,64193,59792,3.268,4.500,14.706
40992,0,2,1,0.500,70050,66750,3.272,4.600,15.051
41031,0,2,1,0.500,69707,58795,3.272,4.600,15.051
41072,0,2,1,0.500,48310,37911,3.272,4.500,14.724
41111,0,2,1,0.500,44452,35691,3.272,4.500,14.724
41151,0,2,1,0.500,52501,45287,3.272,4.500,14.724
41192,0,2,1,0.500,69692,65985,3.272,4.800,15.706
41231,0,2,1,0.500,76705,75358,3.272,4.800,15.706
41272,0,2,1,0.500,73748,71820,3.264,4.700,15.341
41312,0,2,1,0.500,68501,64236,3.264,4.700,15.341
41351,0,2,1,0.500,68472,63100,3.264,4.700,15.341
41392,0,2,1,0.500,40129,27559,3.268,4.500,14.706
41431,0,2,1,0.500,37788,25316,3.268,4.500,14.706
41471,0,2,1,0.500,44551,30940,3.268,4.800,15.686
41512,0,2,1,0.500,45959,33601,3.268,4.800,15.686
41551,0,2,1,0.500,38769,33100,3.268,4.800,15.686
41592,0,2,1,0.500,43897,41509,3.268,4.300,14.052
41632,0,2,1,0.500,63719,58301,3.268,4.300,14.052
41671,0,2,1,0.500,54775,44804,3.268,4.400,14.379
41712,0,2,1,0.500,47427,36699,3.268,4.400,14.379
41752,0,2,1,0.500,72131,60826,3.268,4.400,14.379
41792,0,2,1,0.500,79088,68726,3.268,4.300,14.052
41832,0,2,1,0.500,74862,62805,3.268,4.300,14.052
41871,0,2,1,0.500,78460,67136,3.272,4.800,15.706
41912,0,2,1,0.500,77932,75816,3.272,4.800,15.706
41952,0,2,1,0.500,74227,75145,3.272,4.800,15.706
41992,0,2,1,0.500,81432,77516,3.268,4.400,14.379
42032,0,2,1,0.500,81294,75166,3.268,4.400,14.379
42071,0,2,1,0.500,80220,72108,3.264,4.500,14.688
42112,0,2,1,0.500,59140,47338,3.264,4.500,14.688
42152,0,2,1,0.500,70823,63804,3.264,4.500,14.688
42191,0,2,1,0.500,76602,72419,3.260,4.300,14.018
42232,0,2,1,0.500,58345,49342,3.260,4.300,14.018
42272,0,2,1,0.500,50847,43704,3.272,4.600,15.051
42312,0,2,1,0.500,63884,60621,3.272,4.600,15.051
42352,0,2,1,0.500,53609,55838,3.272,4.600,15.051
42392,0,2,1,0.500,79669,76750,3.268,4.700,15.360
42432,0,2,1,0.500,75474,72675,3.268,4.700,15.360
42472,0,2,1,0.500,73752,73356,3.268,4.600,15.033
42512,0,2,1,0.500,72646,70206,3.268,4.600,15.033
42552,0,2,1,0.500,63139,55570,3.268,4.600,15.033
42592,0,2,1,0.500,71381,60974,3.256,4.700,15.303
42632,0,2,1,0.500,77466,68927,3.256,4.700,15.303
42672,0,2,1,0.500,57569,51160,3.268,4.600,15.033
42712,0,2,1,0.500,69819,64279,3.268,4.600,15.033
42752,0,2,1,0.500,73722,73413,3.268,4.600,15.033
42792,0,2,1,0.500,73531,73444,3.268,4.600,15.033
42832,0,2,1,0.500,68052,67559,3.268,4.600,15.033
42872,0,2,1,0.500,70375,69858,3.268,4.600,15.033
42912,0,2,1,0.500,70602,70542,3.268,4.600,15.033
42952,0,2,1,0.500,68486,64546,3.268,4.600,15.033
42992,0,2,1,0.500,73844,69848,3.272,4.600,15.051
43032,0,2,1,0.500,73834,72722,3.272,4.600,15.051
43072,0,2,1,0.500,67416,64206,3.244,4.700,15.247
43112,0,2,1,0.500,32152,32934,3.244,4.700,15.247
43152,0,2,1,0.500,78162,74832,3.244,4.700,15.247
43192,0,2,1,0.500,71888,71312,3.260,4.500,14.670
43232,0,2,1,0.500,12873,14331,3.260,4.500,14.670
43272,0,2,1,0.500,33966,38695,3.264,4.600,15.014
43312,0,2,1,0.500,75771,74469,3.264,4.600,15.014
43352,0,2,1,0.500,67332,67079,3.264,4.600,15.014
43392,0,2,1,0.500,23146,28911,3.212,4.500,14.454
43432,0,2,1,0.500,64409,63007,3.212,4.500,14.454
43472,0,2,1,0.500,75863,73365,3.256,4.500,14.652
43512,0,2,1,0.500,73822,73387,3.256,4.500,14.652
43552,0,2,1,0.500,74755,71732,3.256,4.500,14.652
43592,0,2,1,0.500,78418,71789,3.236,4.500,14.562
43632,0,2,1,0.500,38487,38427,3.236,4.500,14.562
43672,0,2,1,0.500,47392,47082,3.236,4.200,13.591
43712,0,2,1,0.500,66203,60631,3.236,4.200,13.591
43752,0,2,1,0.500,44898,41214,3.236,4.200,13.591
43792,0,2,1,0.500,60811,50631,3.268,4.400,14.379
43832,0,2,1,0.500,65825,62419,3.268,4.400,14.379
43872,0,2,1,0.500,57277,49684,3.272,4.600,15.051
43912,0,2,1,0.500,33800,22664,3.272,4.600,15.051
43952,0,2,1,0.500,57854,46965,3.272,4.600,15.051
43992,0,2,1,0.500,75835,72546,3.256,4.300,14.001
44032,0,2,1,0.500,76694,73111,3.256,4.300,14.001
44072,0,2,1,0.500,60357,52611,3.272,4.500,14.724
44112,0,2,1,0.500,9292,9198,3.272,4.500,14.724
44152,0,2,1,0.500,66899,59654,3.272,4.500,14.724
44192,0,2,1,0.500,28109,31117,3.268,4.800,15.686
44232,0,2,1,0.500,18722,23358,3.268,4.800,15.686
44272,0,2,1,0.500,13338,15356,3.272,4.700,15.378
44312,0,2,1,0.500,3129,3095,3.272,4.700,15.378
44352,0,2,1,0.500,7831,9386,3.272,4.700,15.378
44392,0,2,1,0.500,20141,18873,3.276,4.600,15.070
44432,0,2,1,0.500,15828,13160,3.276,4.600,15.070
44472,0,2,1,0.500,27634,22715,3.276,4.600,15.070
44512,0,2,1,0.500,65803,55543,3.276,4.600,15.070
44552,0,2,1,0.500,51001,41938,3.276,4.600,15.070
44592,0,2,1,0.500,28160,24370,3.284,4.400,14.450
44632,0,2,1,0.500,20901,16837,3.284,4.400,14.450
44672,0,2,1,0.500,50694,42241,3.280,4.700,15.416
44712,0,2,1,0.500,49286,38759,3.280,4.700,15.416
44752,0,2,1,0.500,50483,41163,3.280,4.700,15.416
44792,0,2,1,0.500,74360,70997,3.260,4.700,15.322
44832,0,2,1,0.500,70570,60378,3.260,4.700,15.322
44872,0,2,1,0.500,78181,68881,3.288,4.400,14.467
44912,0,2,1,0.500,77466,69407,3.288,4.400,14.467
44952,0,2,1,0.500,74398,70555,3.288,4.400,14.467
44992,0,2,1,0.500,75113,75719,3.284,4.800,15.763
45032,0,2,1,0.500,74268,73669,3.284,4.800,15.763
45072,0,2,1,0.500,58388,49521,3.284,4.700,15.435
45112,0,2,1,0.500,35904,31929,3.284,4.700,15.435
45152,0,2,1,0.500,43408,39812,3.284,4.700,15.435
45192,0,2,1,0.500,75317,70968,3.276,4.500,14.742
45232,0,2,1,0.500,77007,69062,3.276,4.500,14.742
45272,0,2,1,0.500,71153,64860,3.284,4.500,14.778
45312,0,2,1,0.500,65534,57085,3.284,4.500,14.778
45352,0,2,1,0.500,64219,56663,3.284,4.500,14.778
45392,0,2,1,0.500,75246,71537,3.280,4.600,15.088
45432,0,2,1,0.500,70844,68938,3.280,4.600,15.088
45472,0,2,1,0.500,76282,71509,3.276,4.700,15.397
45512,0,2,1,0.500,55737,50679,3.276,4.700,15.397
45552,0,2,1,0.500,61941,55665,3.276,4.700,15.397
45592,0,2,1,0.500,70395,65956,3.284,4.400,14.450
45632,0,2,1,0.500,73068,70334,3.284,4.400,14.450
45672,0,2,1,0.500,73608,75258,3.288,4.500,14.796
45712,0,2,1,0.500,79770,85879,3.288,4.500,14.796
45752,0,2,1,0.500,78811,84357,3.288,4.500,14.796
45792,0,2,1,0.500,61678,57666,3.288,4.500,14.796
45832,0,2,1,0.500,11372,9483,3.288,4.500,14.796
45872,0,2,1,0.500,24444,18110,3.284,4.600,15.106
45912,0,2,1,0.500,73173,75528,3.284,4.600,15.106
45952,0,2,1,0.500,81431,87878,3.284,4.600,15.106
45992,0,2,1,0.500,81415,88046,3.284,4.800,15.763
46032,0,2,1,0.500,61366,58286,3.284,4.800,15.763
46072,0,2,1,0.500,12174,8106,3.288,4.500,14.796
46112,0,2,1,0.500,41940,32390,3.288,4.500,14.796
46152,0,2,1,0.500,80522,83503,3.288,4.500,14.796
46192,0,2,1,0.500,82198,88707,3.288,4.600,15.125
46232,0,2,1,0.500,58830,53356,3.288,4.600,15.125
46272,0,2,1,0.500,13291,9042,3.288,4.600,15.125
46312,0,2,1,0.500,26122,21562,3.288,4.600,15.125
46352,0,2,1,0.500,77143,73844,3.288,4.600,15.125
46392,0,2,1,0.500,80732,85758,3.288,4.700,15.454
46432,0,2,1,0.500,80857,85411,3.288,4.700,15.454
46472,0,2,1,0.500,53761,47525,3.284,4.500,14.778
46512,0,2,1,0.500,7928,7068,3.284,4.500,14.778
46552,0,2,1,0.500,9954,9712,3.284,4.500,14.778
46592,0,2,1,0.500,51444,50494,3.268,4.600,15.033
46632,0,2,1,0.500,79012,71746,3.268,4.600,15.033
46672,0,2,1,0.500,55300,41725,3.284,4.600,15.106
46712,0,2,1,0.500,61403,48710,3.284,4.600,15.106
46752,0,2,1,0.500,72392,64419,3.284,4.600,15.106
46792,0,2,1,0.500,74521,70963,3.280,4.600,15.088
46832,0,2,1,0.500,73692,63395,3.280,4.600,15.088
46872,0,2,1,0.500,78756,72878,3.288,4.600,15.125
46912,0,2,1,0.500,78572,73676,3.288,4.600,15.125
46952,0,2,1,0.500,60062,56691,3.288,4.600,15.125
46992,0,2,1,0.500,34573,31748,3.280,4.500,14.760
47032,0,2,1,0.500,35193,24736,3.280,4.500,14.760
47072,0,2,1,0.500,8676,3491,3.284,4.600,15.106
47112,0,2,1,0.500,7325,2926,3.284,4.600,15.106
47152,0,2,1,0.500,35604,24902,3.284,4.600,15.106
47192,0,2,1,0.500,62971,51029,3.280,4.400,14.432
47232,0,2,1,0.500,26992,17937,3.280,4.400,14.432
47272,0,2,1,0.500,17336,8966,3.288,4.600,15.125
47312,0,2,1,0.500,25984,15596,3.288,4.600,15.125
47352,0,2,1,0.500,30131,20872,3.288,4.600,15.125
47392,0,2,1,0.500,26107,20507,3.284,4.600,15.106
47432,0,2,1,0.500,25990,18856,3.284,4.600,15.106
47472,0,2,1,0.500,46486,34494,3.284,4.500,14.778
47512,0,2,1,0.500,53134,40639,3.284,4.500,14.778
47552,0,2,1,0.500,42631,34048,3.284,4.500,14.778
47592,0,2,1,0.500,46553,42303,3.280,4.700,15.416
47632,0,2,1,0.500,52864,50411,3.280,4.700,15.416
47672,0,2,1,0.500,75143,72506,3.280,4.400,14.432
47712,0,2,1,0.500,74145,73801,3.280,4.400,14.432
47752,0,2,1,0.500,74652,71532,3.280,4.400,14.432
47792,0,2,1,0.500,59356,51195,3.280,4.500,14.760
47832,0,2,1,0.500,53437,48253,3.280,4.500,14.760
47872,0,2,1,0.500,65241,61901,3.284,4.600,15.106
47912,0,2,1,0.500,72859,72670,3.284,4.600,15.106
47952,0,2,1,0.500,72699,73405,3.284,4.600,15.106
47992,0,2,1,0.500,71786,71589,3.288,4.400,14.467
48032,0,2,1,0.500,74207,72158,3.288,4.400,14.467
48072,0,2,1,0.500,57731,54720,3.292,4.300,14.156
48112,0,2,1,0.500,27027,25830,3.292,4.300,14.156
48152,0,2,1,0.500,50862,46642,3.292,4.300,14.156
48192,0,2,1,0.500,73685,73537,3.288,4.700,15.454
48232,0,2,1,0.500,77751,81398,3.288,4.700,15.454
48272,0,2,1,0.500,78266,81747,3.288,4.400,14.467
48312,0,2,1,0.500,66064,63206,3.288,4.400,14.467
48352,0,2,1,0.500,13216,12832,3.288,4.400,14.467
48393,0,2,1,0.500,10023,10188,3.288,4.600,15.125
48432,0,2,1,0.500,31531,31369,3.288,4.600,15.125
48472,0,2,1,0.500,42240,41924,3.288,4.700,15.454
48512,0,2,1,0.500,58136,57320,3.288,4.700,15.454
48552,0,2,1,0.500,53162,49974,3.288,4.700,15.454
48592,0,2,1,0.500,67675,62698,3.284,4.700,15.435
48632,0,2,1,0.500,69891,63955,3.284,4.700,15.435
48672,0,2,1,0.500,81123,73752,3.288,4.500,14.796
48713,0,2,1,0.500,77832,69049,3.288,4.500,14.796
48752,0,2,1,0.500,41816,36239,3.288,4.500,14.796
48792,0,2,1,0.500,47525,44718,3.288,4.100,13.481
48833,0,2,1,0.500,64375,59235,3.288,4.100,13.481
48872,0,2,1,0.500,78577,70120,3.288,4.600,15.125
48912,0,2,1,0.500,79996,69383,3.288,4.600,15.125
48953,0,2,1,0.500,78299,67452,3.288,4.600,15.125
48992,0,2,1,0.500,77457,70754,3.288,4.700,15.454
49033,0,2,1,0.500,57683,54982,3.288,4.700,15.454
49072,0,2,1,0.500,55620,51377,3.288,4.800,15.782
49112,0,2,1,0.500,69078,58749,3.288,4.800,15.782
49153,0,2,1,0.500,65808,55384,3.288,4.800,15.782
49192,0,2,1,0.500,56109,49683,3.288,4.200,13.810
49232,0,2,1,0.500,49131,46433,3.288,4.200,13.810
49272,0,2,1,0.500,28934,29695,3.288,4.400,14.467
49312,0,2,1,0.500,24910,24706,3.288,4.400,14.467
49353,0,2,1,0.500,29120,26289,3.288,4.400,14.467
49392,0,2,1,0.500,33212,30217,3.284,4.600,15.106
49432,0,2,1,0.500,32112,31685,3.284,4.600,15.106
49472,0,2,1,0.500,26084,27668,3.276,4.500,14.742
49512,0,2,1,0.500,12390,14374,3.276,4.500,14.742
49553,0,2,1,0.500,28198,26996,3.276,4.500,14.742
49592,0,2,1,0.500,60718,49123,3.284,4.700,15.435
49632,0,2,1,0.500,45091,31292,3.284,4.700,15.435
49673,0,2,1,0.500,47930,34363,3.284,4.600,15.106
49712,0,2,1,0.500,60841,48303,3.284,4.600,15.106
49753,0,2,1,0.500,75832,71682,3.284,4.600,15.106
49792,0,2,1,0.500,73858,71889,3.284,4.700,15.435
49832,0,2,1,0.500,76959,77550,3.284,4.700,15.435
49873,0,2,1,0.500,79156,82523,3.288,4.500,14.796
49912,0,2,1,0.500,78616,81176,3.288,4.500,14.796
49953,0,2,1,0.500,52095,44171,3.288,4.500,14.796
49993,0,2,1,0.500,18544,15586,3.284,4.300,14.121
50032,0,2,1,0.500,62206,60841,3.284,4.300,14.121
50073,0,2,1,0.500,76821,80469,3.288,4.700,15.454
50113,0,2,1,0.500,79111,84935,3.288,4.700,15.454
50152,0,2,1,0.500,77996,82264,3.288,4.700,15.454
50193,0,2,1,0.500,30802,24828,3.288,4.800,15.782
50233,0,2,1,0.500,4837,4273,3.288,4.800,15.782
50273,0,2,1,0.500,18379,17530,3.288,4.600,15.125
50313,0,2,1,0.500,71372,73306,3.288,4.600,15.125
50353,0,2,1,0.500,76232,79427,3.288,4.600,15.125
50393,0,2,1,0.500,77090,69916,3.288,4.600,15.125
50433,0,2,1,0.500,53396,44554,3.288,4.600,15.125
50473,0,2,1,0.500,74979,69659,3.276,4.300,14.087
50513,0,2,1,0.500,71770,70554,3.276,4.300,14.087
50553,0,2,1,0.500,74030,74174,3.276,4.300,14.087
50593,0,2,1,0.500,78225,82197,3.276,4.400,14.414
50633,0,2,1,0.500,80376,86224,3.276,4.400,14.414
50673,0,2,1,0.500,81008,87531,3.288,4.300,14.138
50713,0,2,1,0.500,79870,85056,3.288,4.300,14.138
50753,0,2,1,0.500,36884,34370,3.288,4.300,14.138
50793,0,2,1,0.500,4285,4176,3.284,4.600,15.106
50833,0,2,1,0.500,26888,24263,3.284,4.600,15.106
50873,0,2,1,0.500,78251,81502,3.288,4.500,14.796
50913,0,2,1,0.500,80238,85417,3.288,4.500,14.796
50953,0,2,1,0.500,68056,65588,3.288,4.500,14.796
50993,0,2,1,0.500,10753,7261,3.284,4.200,13.793
51033,0,2,1,0.500,4120,3391,3.284,4.200,13.793
51073,0,2,1,0.500,27277,26076,3.288,4.700,15.454
51113,0,2,1,0.500,74563,73612,3.288,4.700,15.454
51153,0,2,1,0.500,74273,72215,3.288,4.700,15.454
51193,0,2,1,0.500,74318,64108,3.288,4.500,14.796
51233,0,2,1,0.500,41034,33271,3.288,4.500,14.796
51273,0,2,1,0.500,23492,18394,3.272,4.400,14.397
51313,0,2,1,0.500,27999,22725,3.272,4.400,14.397
51353,0,2,1,0.500,39091,33474,3.272,4.400,14.397
51393,0,2,1,0.500,26257,24300,3.272,4.500,14.724
51433,0,2,1,0.500,24162,23624,3.272,4.500,14.724
51473,0,2,1,0.500,32021,27110,3.284,4.600,15.106
51513,0,2,1,0.500,44334,35371,3.284,4.600,15.106
51553,0,2,1,0.500,71607,65717,3.284,4.600,15.106
51593,0,2,1,0.500,73577,70903,3.280,4.500,14.760
51633,0,2,1,0.500,77615,71421,3.280,4.500,14.760
51673,0,2,1,0.500,77525,66903,3.288,4.600,15.125
51713,0,2,1,0.500,60882,47457,3.288,4.600,15.125
51753,0,2,1,0.500,47484,34229,3.288,4.600,15.125
51793,0,2,1,0.500,57354,45323,3.288,4.300,14.138
51833,0,2,1,0.500,62664,51608,3.288,4.300,14.138
51873,0,2,1,0.500,49751,38006,3.284,4.500,14.778
51913,0,2,1,0.500,62986,50171,3.284,4.500,14.778
51953,0,2,1,0.500,75981,64690,3.284,4.500,14.778
51993,0,2,1,0.500,64720,57636,3.280,4.600,15.088
52033,0,2,1,0.500,56589,50529,3.280,4.600,15.088
52073,0,2,1,0.500,62155,51872,3.284,4.900,16.092
52113,0,2,1,0.500,74355,62411,3.284,4.900,16.092
52153,0,2,1,0.500,42688,35384,3.284,4.900,16.092
52193,0,2,1,0.500,4832,4684,3.288,4.600,15.125
52233,0,2,1,0.500,6390,5678,3.288,4.600,15.125
52273,0,2,1,0.500,18312,14394,3.284,4.400,14.450
52313,0,2,1,0.500,51874,44822,3.284,4.400,14.450
52353,0,2,1,0.500,72343,63494,3.284,4.400,14.450
52393,0,2,1,0.500,40296,40203,3.280,4.200,13.776
52433,0,2,1,0.500,58445,53263,3.280,4.200,13.776
52473,0,2,1,0.500,76881,66849,3.284,4.500,14.778
52513,0,2,1,0.500,75517,64959,3.284,4.500,14.778
52553,0,2,1,0.500,71410,60004,3.284,4.500,14.778
52593,0,2,1,0.500,71883,61514,3.288,4.400,14.467
52633,0,2,1,0.500,52297,41580,3.288,4.400,14.467
52673,0,2,1,0.500,58120,46416,3.284,4.700,15.435
52713,0,2,1,0.500,73933,63492,3.284,4.700,15.435
52753,0,2,1,0.500,75260,66034,3.284,4.700,15.435
52793,0,2,1,0.500,75776,71768,3.284,4.700,15.435
52833,0,2,1,0.500,73329,72401,3.284,4.700,15.435
52873,0,2,1,0.500,74435,74731,3.284,4.700,15.435
52913,0,2,1,0.500,73058,71877,3.284,4.700,15.435
52953,0,2,1,0.500,63562,52342,3.284,4.700,15.435
52993,0,2,1,0.500,51178,39305,3.288,4.700,15.454
53033,0,2,1,0.500,56971,46472,3.288,4.700,15.454
53073,0,2,1,0.500,61550,58158,3.288,4.700,15.454
53113,0,2,1,0.500,24893,30754,3.288,4.700,15.454
53153,0,2,1,0.500,22106,27754,3.288,4.700,15.454
53193,0,2,1,0.500,69205,70407,3.292,4.500,14.814
53233,0,2,1,0.500,74115,75402,3.292,4.500,14.814
53273,0,2,1,0.500,54392,56350,3.284,4.300,14.121
53313,0,2,1,0.500,40845,40972,3.284,4.300,14.121
53353,0,2,1,0.500,44861,37662,3.284,4.300,14.121
53393,0,2,1,0.500,30812,24221,3.284,4.700,15.435
53433,0,2,1,0.500,28624,24962,3.284,4.700,15.435
53473,0,2,1,0.500,38252,36229,3.288,4.400,14.467
53513,0,2,1,0.500,21669,20435,3.288,4.400,14.467
53553,0,2,1,0.500,23477,19265,3.288,4.400,14.467
53593,0,2,1,0.500,43494,35399,3.284,4.500,14.778
53633,0,2,1,0.500,47843,39644,3.284,4.500,14.778
53673,0,2,1,0.500,59121,56415,3.284,4.500,14.778
53713,0,2,1,0.500,35697,39885,3.284,4.500,14.778
53753,0,2,1,0.500,57720,58147,3.284,4.500,14.778
53793,0,2,1,0.500,83320,77171,3.288,4.400,14.467
53833,0,2,1,0.500,83026,74038,3.288,4.400,14.467
53873,0,2,1,0.500,68721,60060,3.288,4.600,15.125
53913,0,2,1,0.500,46775,42983,3.288,4.600,15.125
53953,0,2,1,0.500,40506,40298,3.288,4.600,15.125
53993,0,2,1,0.500,47313,43555,3.288,4.600,15.125
54033,0,2,1,0.500,46588,38921,3.288,4.600,15.125
54073,0,2,1,0.500,39861,32938,3.284,4.600,15.106
54113,0,2,1,0.500,28358,24914,3.284,4.600,15.106
54153,0,2,1,0.500,17687,17550,3.284,4.600,15.106
54193,0,2,1,0.500,15016,14600,3.288,4.700,15.454
54233,0,2,1,0.500,23505,18986,3.288,4.700,15.454
54273,0,2,1,0.500,34593,26487,3.288,4.600,15.125
54313,0,2,1,0.500,40090,31794,3.288,4.600,15.125
54353,0,2,1,0.500,52680,45102,3.288,4.600,15.125
54393,0,2,1,0.500,54218,45428,3.288,4.600,15.125
54433,0,2,1,0.500,53121,41246,3.288,4.600,15.125
54473,0,2,1,0.500,69445,67404,3.288,4.600,15.125
54513,0,2,1,0.500,80929,84449,3.288,4.600,15.125
54553,0,2,1,0.500,82112,87656,3.288,4.600,15.125
54593,0,2,1,0.500,81316,86113,3.284,4.500,14.778
54633,0,2,1,0.500,58235,51180,3.284,4.500,14.778
54673,0,2,1,0.500,15711,13370,3.288,4.500,14.796
54713,0,2,1,0.500,42073,34535,3.288,4.500,14.796
54753,0,2,1,0.500,78680,80233,3.288,4.500,14.796
54793,0,2,1,0.500,82853,89889,3.288,4.800,15.782
54833,0,2,1,0.500,83783,92375,3.288,4.800,15.782
54873,0,2,1,0.500,83853,92426,3.288,4.700,15.454
54913,0,2,1,0.500,80198,82585,3.288,4.700,15.454
54953,0,2,1,0.500,35977,28874,3.288,4.700,15.454
54993,0,2,1,0.500,17636,12574,3.292,4.800,15.802
55033,0,2,1,0.500,55121,48040,3.292,4.800,15.802
55073,0,2,1,0.500,78374,82875,3.288,4.400,14.467
55113,0,2,1,0.500,80860,88402,3.288,4.400,14.467
55153,0,2,1,0.500,81836,90559,3.288,4.400,14.467
55193,0,2,1,0.500,83085,93605,3.288,4.600,15.125
55233,0,2,1,0.500,84075,95578,3.288,4.600,15.125
55273,0,2,1,0.500,84804,96971,3.288,4.800,15.782
55313,0,2,1,0.500,85075,97450,3.288,4.800,15.782
55353,0,2,1,0.500,84861,97262,3.288,4.800,15.782
55393,0,2,1,0.500,84971,97509,3.288,4.500,14.796
55433,0,2,1,0.500,85157,97815,3.288,4.500,14.796
55473,0,2,1,0.500,85334,98118,3.284,4.900,16.092
55513,0,2,1,0.500,85149,97963,3.284,4.900,16.092
55553,0,2,1,0.500,84913,97611,3.284,4.900,16.092
55593,0,2,1,0.500,84115,96267,3.284,4.600,15.106
55633,0,2,1,0.500,82844,93592,3.284,4.600,15.106
55673,0,2,1,0.500,76240,77731,3.284,4.400,14.450
55713,0,2,1,0.500,37160,32206,3.284,4.400,14.450
55753,0,2,1,0.500,52918,50266,3.284,4.400,14.450
55793,0,2,1,0.500,76633,82868,3.284,4.400,14.450
55833,0,2,1,0.500,80330,90780,3.284,4.400,14.450
55873,0,2,1,0.500,81565,93450,3.284,4.800,15.763
55913,0,2,1,0.500,82038,94866,3.284,4.800,15.763
55953,0,2,1,0.500,82331,95267,3.284,4.800,15.763
55993,0,2,1,0.500,82365,95316,3.288,4.900,16.111
56033,0,2,1,0.500,82100,94986,3.288,4.900,16.111
56073,0,2,1,0.500,82014,94841,3.284,4.700,15.435
56113,0,2,1,0.500,81800,94501,3.284,4.700,15.435
56153,0,2,1,0.500,81363,93714,3.284,4.700,15.435
56193,0,2,1,0.500,80703,92413,3.284,4.500,14.778
56233,0,2,1,0.500,79942,89632,3.284,4.500,14.778
56273,0,2,1,0.500,77721,75740,3.284,4.500,14.778
56313,0,2,1,0.500,55500,46473,3.284,4.500,14.778
56354,0,2,1,0.500,37135,30629,3.284,4.500,14.778
56393,0,2,1,0.500,16743,15959,3.284,4.400,14.450
56433,0,2,1,0.500,17183,17340,3.284,4.400,14.450
56473,0,2,1,0.500,21721,21585,3.284,4.800,15.763
56513,0,2,1,0.500,28476,27555,3.284,4.800,15.763
56553,0,2,1,0.500,33756,32594,3.284,4.800,15.763
56593,0,2,1,0.500,33842,32614,3.284,4.700,15.435
56633,0,2,1,0.500,30939,29991,3.284,4.700,15.435
56673,0,2,1,0.500,31348,30460,3.284,4.900,16.092
56713,0,2,1,0.500,34104,33104,3.284,4.900,16.092
56753,0,2,1,0.500,33896,32624,3.284,4.900,16.092
56793,0,2,1,0.500,33975,31841,3.288,4.500,14.796
56833,0,2,1,0.500,52759,47465,3.288,4.500,14.796
56874,0,2,1,0.500,65154,63526,3.284,4.500,14.778
56913,0,2,1,0.500,78919,88099,3.284,4.500,14.778
56953,0,2,1,0.500,81059,92288,3.284,4.500,14.778
56994,0,2,1,0.500,82549,95288,3.288,4.700,15.454
57033,0,2,1,0.500,83507,96929,3.288,4.700,15.454
57074,0,2,1,0.500,83744,97248,3.288,4.800,15.782
57114,0,2,1,0.500,84041,97468,3.288,4.800,15.782
57153,0,2,1,0.500,83919,97142,3.288,4.800,15.782
57194,0,2,1,0.500,83274,95798,3.284,4.900,16.092
57234,0,2,1,0.500,80689,91322,3.284,4.900,16.092
57273,0,2,1,0.500,62686,59374,3.284,4.700,15.435
57314,0,2,1,0.500,39881,30322,3.284,4.700,15.435
57354,0,2,1,0.500,72735,71727,3.284,4.700,15.435
57393,0,2,1,0.500,78246,84053,3.284,4.700,15.435
57434,0,2,1,0.500,81502,90414,3.284,4.700,15.435
57473,0,2,1,0.500,81866,92010,3.288,4.600,15.125
57514,0,2,1,0.500,81974,92474,3.288,4.600,15.125
57554,0,2,1,0.500,81677,92044,3.288,4.600,15.125
57593,0,2,1,0.500,80925,90604,3.288,4.600,15.125
57634,0,2,1,0.500,79864,87942,3.288,4.600,15.125
57673,0,2,1,0.500,39597,31499,3.288,4.500,14.796
57713,0,2,1,0.500,16483,13616,3.288,4.500,14.796
57754,0,2,1,0.500,59384,51193,3.288,4.500,14.796
57794,0,2,1,0.500,79972,82000,3.284,4.600,15.106
57833,0,2,1,0.500,84206,90931,3.284,4.600,15.106
57874,0,2,1,0.500,85520,93810,3.280,4.900,16.072
57913,0,2,1,0.500,85825,94550,3.280,4.900,16.072
57954,0,2,1,0.500,85145,93121,3.280,4.900,16.072
57994,0,2,1,0.500,70857,66284,3.280,4.700,15.416
58033,0,2,1,0.500,30587,26667,3.280,4.700,15.416
58074,0,2,1,0.500,77874,76184,3.276,4.700,15.397
58114,0,2,1,0.500,80381,87373,3.276,4.700,15.397
58154,0,2,1,0.500,80422,87878,3.276,4.700,15.397
58194,0,2,1,0.500,76163,75704,3.280,4.800,15.744
58234,0,2,1,0.500,56948,52665,3.280,4.800,15.744
58274,0,2,1,0.500,75525,80334,3.280,4.800,15.744
58314,0,2,1,0.500,78131,85695,3.280,4.800,15.744
58354,0,2,1,0.500,78525,86817,3.280,4.800,15.744
58394,0,2,1,0.500,77518,85301,3.280,4.800,15.744
58434,0,2,1,0.500,77427,74432,3.280,4.800,15.744
58474,0,2,1,0.500,74207,73192,3.284,4.800,15.763
58514,0,2,1,0.500,77746,84384,3.284,4.800,15.763
58554,0,2,1,0.500,80758,90155,3.284,4.800,15.763
58594,0,2,1,0.500,81665,91942,3.280,4.900,16.072
58634,0,2,1,0.500,81158,90919,3.280,4.900,16.072
58674,0,2,1,0.500,70627,70811,3.276,4.300,14.087
58714,0,2,1,0.500,62368,60682,3.276,4.300,14.087
58754,0,2,1,0.500,75680,82555,3.276,4.300,14.087
58794,0,2,1,0.500,77847,86462,3.280,4.800,15.744
58834,0,2,1,0.500,78839,88447,3.280,4.800,15.744
58874,0,2,1,0.500,79110,89251,3.280,4.800,15.744
58914,0,2,1,0.500,77096,86010,3.280,4.800,15.744
58954,0,2,1,0.500,54399,49422,3.280,4.800,15.744
58994,0,2,1,0.500,69570,67845,3.288,4.600,15.125
59034,0,2,1,0.500,78456,85290,3.288,4.600,15.125
59074,0,2,1,0.500,80789,89316,3.280,4.800,15.744
59114,0,2,1,0.500,81527,90650,3.280,4.800,15.744
59154,0,2,1,0.500,81189,90167,3.280,4.800,15.744
59194,0,2,1,0.500,69135,66330,3.280,4.700,15.416
59234,0,2,1,0.500,43035,33664,3.280,4.700,15.416
59274,0,2,1,0.500,72373,73733,3.284,4.600,15.106
59314,0,2,1,0.500,78704,86342,3.284,4.600,15.106
59354,0,2,1,0.500,79810,88436,3.284,4.600,15.106
59394,0,2,1,0.500,78881,86786,3.284,4.600,15.106
59434,0,2,1,0.500,73583,75629,3.284,4.600,15.106
59474,0,2,1,0.500,69235,60996,3.288,4.600,15.125
59514,0,2,1,0.500,63176,51173,3.288,4.600,15.125
59554,0,2,1,0.500,54286,41097,3.288,4.600,15.125
59594,0,2,1,0.500,53109,40737,3.280,4.700,15.416
59634,0,2,1,0.500,60531,47786,3.280,4.700,15.416
59674,0,2,1,0.500,69773,64538,3.288,4.500,14.796
59714,0,2,1,0.500,72265,63329,3.288,4.500,14.796
59754,0,2,1,0.500,60842,52929,3.288,4.500,14.796
59794,0,2,1,0.500,75607,64971,3.284,4.700,15.435
59834,0,2,1,0.500,48538,40967,3.284,4.700,15.435
59874,0,2,1,0.500,50590,47222,3.284,4.600,15.106
59914,0,2,1,0.500,72563,69704,3.284,4.600,15.106
59954,0,2,1,0.500,69595,68205,3.284,4.600,15.106
59994,0,2,1,0.500,69863,68869,3.288,5.000,16.440
60034,0,2,1,0.500,73875,68024,3.288,5.000,16.440
60074,0,2,1,0.500,65050,61164,3.280,4.800,15.744
60114,0,2,1,0.500,77317,69198,3.280,4.800,15.744
60154,0,2,1,0.500,68919,66265,3.280,4.800,15.744
60194,0,2,1,0.500,73683,69219,3.284,4.700,15.435
60234,0,2,1,0.500,67361,63203,3.284,4.700,15.435
60274,0,2,1,0.500,49565,50966,3.288,4.400,14.467
60314,0,2,1,0.500,54209,53099,3.288,4.400,14.467
60354,0,2,1,0.500,66756,59949,3.288,4.400,14.467
60394,0,2,1,0.500,78001,70174,3.284,4.800,15.763
60434,0,2,1,0.500,66722,62092,3.284,4.800,15.763
60474,0,2,1,0.500,54082,52630,3.284,4.700,15.435
60514,0,2,1,0.500,50319,49959,3.284,4.700,15.435
60554,0,2,1,0.500,50392,47618,3.284,4.700,15.435
60594,0,2,1,0.500,65153,59233,3.288,4.800,15.782
60634,0,2,1,0.500,79455,71110,3.288,4.800,15.782
60674,0,2,1,0.500,78977,69579,3.288,4.800,15.782
60714,0,2,1,0.500,81210,72885,3.288,4.800,15.782
60754,0,2,1,0.500,69800,68554,3.288,4.800,15.782
60794,0,2,1,0.500,68901,69247,3.288,4.600,15.125
60834,0,2,1,0.500,65795,59811,3.288,4.600,15.125
60874,0,2,1,0.500,69455,56275,3.288,4.500,14.796
60914,0,2,1,0.500,79640,70597,3.288,4.500,14.796
60954,0,2,1,0.500,79643,72234,3.288,4.500,14.796
60994,0,2,1,0.500,80367,72903,3.288,4.600,15.125
61034,0,2,1,0.500,77297,68473,3.288,4.600,15.125
61074,0,2,1,0.500,49410,40164,3.284,4.600,15.106
61114,0,2,1,0.500,47825,37343,3.284,4.600,15.106
61154,0,2,1,0.500,51651,39442,3.284,4.600,15.106
61194,0,2,1,0.500,39051,29264,3.276,4.300,14.087
61234,0,2,1,0.500,33265,25198,3.276,4.300,14.087
61274,0,2,1,0.500,37310,28674,3.288,4.500,14.796
61314,0,2,1,0.500,39859,32205,3.288,4.500,14.796
61354,0,2,1,0.500,43500,37362,3.288,4.500,14.796
61394,0,2,1,0.500,49536,44167,3.288,4.900,16.111
61434,0,2,1,0.500,49971,44458,3.288,4.900,16.111
61474,0,2,1,0.500,55832,49023,3.288,6.400,21.043
61514,0,2,1,0.500,54032,45942,3.288,6.400,21.043
61554,0,2,1,0.500,49876,40663,3.288,6.400,21.043
61594,0,2,1,0.500,45485,35984,3.288,4.900,16.111
61634,0,2,1,0.500,41265,32297,3.288,4.900,16.111
61674,0,2,1,0.500,41378,31853,3.280,4.800,15.744
61714,0,2,1,0.500,45196,35081,3.280,4.800,15.744
61754,0,2,1,0.500,44667,36168,3.280,4.800,15.744
61794,0,2,1,0.500,40546,34703,3.284,4.600,15.106
61834,0,2,1,0.500,35329,31873,3.284,4.600,15.106
61874,0,2,1,0.500,38018,34010,3.288,4.800,15.782
61914,0,2,1,0.500,47789,40380,3.288,4.800,15.782
61954,0,2,1,0.500,52698,42405,3.288,4.800,15.782
61994,0,2,1,0.500,54956,42856,3.284,4.700,15.435
62034,0,2,1,0.500,51778,39624,3.284,4.700,15.435
62074,0,2,1,0.500,46813,34856,3.284,4.500,14.778
62114,0,2,1,0.500,43551,31463,3.284,4.500,14.778
62154,0,2,1,0.500,46848,33893,3.284,4.500,14.778
62194,0,2,1,0.500,53375,39787,3.280,4.500,14.760
62234,0,2,1,0.500,52938,40391,3.280,4.500,14.760
62274,0,2,1,0.500,47912,37110,3.280,4.800,15.744
62314,0,2,1,0.500,48126,36411,3.280,4.800,15.744
62354,0,2,1,0.500,43288,31336,3.280,4.800,15.744
62394,0,2,1,0.500,37444,26278,3.284,4.600,15.106
62434,0,2,1,0.500,39216,27956,3.284,4.600,15.106
62474,0,2,1,0.500,43656,31916,3.284,4.800,15.763
62514,0,2,1,0.500,47116,35567,3.284,4.800,15.763
62554,0,2,1,0.500,54588,46049,3.284,4.800,15.763
62594,0,2,1,0.500,58038,50607,3.288,4.700,15.454
62634,0,2,1,0.500,59487,52082,3.288,4.700,15.454
62674,0,2,1,0.500,75019,75479,3.284,4.800,15.763
62714,0,2,1,0.500,79474,82230,3.284,4.800,15.763
62754,0,2,1,0.500,82298,87972,3.284,4.800,15.763
62794,0,2,1,0.500,84143,92947,3.284,4.800,15.763
62834,0,2,1,0.500,84363,94113,3.284,4.800,15.763
62874,0,2,1,0.500,84340,94583,3.288,4.700,15.454
62914,0,2,1,0.500,84455,95185,3.288,4.700,15.454
62954,0,2,1,0.500,84766,96078,3.288,4.700,15.454
62994,0,2,1,0.500,85460,97454,3.288,6.200,20.386
63034,0,2,1,0.500,85873,98062,3.288,6.200,20.386
63075,0,2,1,0.500,86090,98234,3.280,4.800,15.744
63114,0,2,1,0.500,86219,98332,3.280,4.800,15.744
63154,0,2,1,0.500,86333,98527,3.280,4.800,15.744
63194,0,2,1,0.500,86344,98488,3.280,5.100,16.728
63234,0,2,1,0.500,86203,97908,3.280,5.100,16.728
63275,0,2,1,0.500,84828,95022,3.288,4.800,15.782
63314,0,2,1,0.500,49496,48258,3.288,4.800,15.782
63354,0,2,1,0.500,9989,8343,3.288,4.800,15.782
63395,0,2,1,0.500,14937,14197,3.284,6.700,22.003
63434,0,2,1,0.500,33620,33273,3.284,6.700,22.003
63475,0,2,1,0.500,71102,72600,3.276,4.800,15.725
63514,0,2,1,0.500,79229,83237,3.276,4.800,15.725
63554,0,2,1,0.500,81642,88000,3.276,4.800,15.725
63595,0,2,1,0.500,82767,91488,3.280,4.800,15.744
63634,0,2,1,0.500,83724,93821,3.280,4.800,15.744
63675,0,2,1,0.500,84069,94836,3.284,4.900,16.092
63715,0,2,1,0.500,84134,95175,3.284,4.900,16.092
63754,0,2,1,0.500,84077,95126,3.284,4.900,16.092
63795,0,2,1,0.500,83816,94591,3.284,6.800,22.331
63835,0,2,1,0.500,83169,92877,3.284,6.800,22.331
63874,0,2,1,0.500,81979,90577,3.272,4.500,14.724
63915,0,2,1,0.500,52275,48839,3.272,4.500,14.724
63954,0,2,1,0.500,39359,31250,3.272,4.500,14.724
63995,0,2,1,0.500,67082,67128,3.272,4.800,15.706
64035,0,2,1,0.500,73293,77419,3.272,4.800,15.706
64074,0,2,1,0.500,79099,87120,3.280,4.800,15.744
64115,0,2,1,0.500,81504,91432,3.280,4.800,15.744
64155,0,2,1,0.500,82075,93256,3.280,4.800,15.744
64195,0,2,1,0.500,82541,94386,3.284,6.800,22.331
64234,0,2,1,0.500,82793,94847,3.284,6.800,22.331
64274,0,2,1,0.500,82883,94998,3.272,5.800,18.978
64314,0,2,1,0.500,82887,95036,3.272,5.800,18.978
64355,0,2,1,0.500,82927,95058,3.272,5.800,18.978
64394,0,2,1,0.500,82855,94971,3.280,5.200,17.056
64435,0,2,1,0.500,79368,88361,3.280,5.200,17.056
64474,0,2,1,0.500,40492,34120,3.280,4.800,15.744
64514,0,2,1,0.500,16595,15674,3.280,4.800,15.744
64555,0,2,1,0.500,52801,51610,3.280,4.800,15.744
64594,0,2,1,0.500,74734,77499,3.284,7.000,22.988
64635,0,2,1,0.500,78770,79213,3.284,7.000,22.988
64675,0,2,1,0.500,78992,74698,3.276,6.600,21.622
64714,0,2,1,0.500,60481,50825,3.276,6.600,21.622
64755,0,2,1,0.500,51571,42563,3.276,6.600,21.622
64794,0,2,1,0.500,65140,56434,3.276,4.600,15.070
64834,0,2,1,0.500,68211,58991,3.276,4.600,15.070
64875,0,2,1,0.500,72230,63371,3.280,4.700,15.416
64914,0,2,1,0.500,64484,57220,3.280,4.700,15.416
64955,0,2,1,0.500,74598,71775,3.280,4.700,15.416
64995,0,2,1,0.500,75183,73606,3.284,6.800,22.331
65034,0,2,1,0.500,76510,74948,3.284,6.800,22.331
65075,0,2,1,0.500,72936,69440,3.276,6.700,21.949
65115,0,2,1,0.500,68434,56377,3.276,6.700,21.949
65154,0,2,1,0.500,76946,71792,3.276,6.700,21.949
65195,0,2,1,0.500,69388,69109,3.276,5.300,17.363
65235,0,2,1,0.500,72279,72046,3.276,5.300,17.363
65275,0,2,1,0.500,73301,73393,3.284,4.700,15.435
65315,0,2,1,0.500,70954,70736,3.284,4.700,15.435
65355,0,2,1,0.500,77259,70574,3.284,4.700,15.435
65395,0,2,1,0.500,69034,68497,3.272,4.700,15.378
65435,0,2,1,0.500,72701,72935,3.272,4.700,15.378
65475,0,2,1,0.500,77679,81800,3.280,6.900,22.632
65515,0,2,1,0.500,79593,85425,3.280,6.900,22.632
65555,0,2,1,0.500,80207,86884,3.280,6.900,22.632
65595,0,2,1,0.500,80679,87930,3.284,6.800,22.331
65635,0,2,1,0.500,81116,88862,3.284,6.800,22.331
65675,0,2,1,0.500,81578,89838,3.276,6.500,21.294
65715,0,2,1,0.500,81784,90743,3.276,6.500,21.294
65755,0,2,1,0.500,81765,91159,3.276,6.500,21.294
65795,0,2,1,0.500,81871,91364,3.280,5.100,16.728
65835,0,2,1,0.500,81872,91418,3.280,5.100,16.728
65875,0,2,1,0.500,81836,91408,3.276,5.100,16.708
65915,0,2,1,0.500,81778,91332,3.276,5.100,16.708
65955,0,2,1,0.500,81201,90308,3.276,5.100,16.708
65995,0,2,1,0.500,79514,87841,3.284,7.100,23.316
66035,0,2,1,0.500,50226,45398,3.284,7.100,23.316
66075,0,2,1,0.500,25346,24672,3.280,6.800,22.304
66115,0,2,1,0.500,54793,50862,3.280,6.800,22.304
66155,0,2,1,0.500,79684,75394,3.280,6.800,22.304
66195,0,2,1,0.500,64783,53231,3.268,6.300,20.588
66235,0,2,1,0.500,68996,64332,3.268,6.300,20.588
66275,0,2,1,0.500,68957,66758,3.276,4.700,15.397
66315,0,2,1,0.500,73362,72842,3.276,4.700,15.397
66355,0,2,1,0.500,71239,72104,3.276,4.700,15.397
66395,0,2,1,0.500,72111,72708,3.280,7.000,22.960
66435,0,2,1,0.500,72128,72767,3.280,7.000,22.960
66475,0,2,1,0.500,71116,71692,3.288,6.800,22.358
66515,0,2,1,0.500,67547,68113,3.288,6.800,22.358
66555,0,2,1,0.500,68929,69077,3.288,6.800,22.358
66595,0,2,1,0.500,71485,71085,3.268,6.700,21.896
66635,0,2,1,0.500,72590,71960,3.268,6.700,21.896
66675,0,2,1,0.500,74519,67033,3.280,5.200,17.056
66715,0,2,1,0.500,63329,54594,3.280,5.200,17.056
66755,0,2,1,0.500,71669,63028,3.280,5.200,17.056
66795,0,2,1,0.500,77493,67121,3.280,4.800,15.744
66835,0,2,1,0.500,74739,65825,3.280,4.800,15.744
66875,0,2,1,0.500,77942,69129,3.280,6.700,21.976
66915,0,2,1,0.500,44647,43736,3.280,6.700,21.976
66955,0,2,1,0.500,18300,21342,3.280,6.700,21.976
66995,0,2,1,0.500,36688,37689,3.272,6.700,21.922
67035,0,2,1,0.500,55846,44844,3.272,6.700,21.922
67075,0,2,1,0.500,51336,38485,3.276,6.700,21.949
67115,0,2,1,0.500,43129,30830,3.276,6.700,21.949
67155,0,2,1,0.500,30545,21869,3.276,6.700,21.949
67195,0,2,1,0.500,34075,26110,3.280,5.000,16.400
67235,0,2,1,0.500,40011,31519,3.280,5.000,16.400
67275,0,2,1,0.500,59705,51584,3.276,6.600,21.622
67315,0,2,1,0.500,71034,69140,3.276,6.600,21.622
67355,0,2,1,0.500,48171,50947,3.276,6.600,21.622
67395,0,2,1,0.500,45787,47280,3.276,6.700,21.949
67435,0,2,1,0.500,51852,50054,3.276,6.700,21.949
67475,0,2,1,0.500,32690,34976,3.276,6.500,21.294
67515,0,2,1,0.500,30235,31834,3.276,6.500,21.294
67555,0,2,1,0.500,58083,50264,3.276,6.500,21.294
67595,0,2,1,0.500,70115,62963,3.264,6.900,22.522
67635,0,2,1,0.500,70471,61633,3.264,6.900,22.522
67675,0,2,1,0.500,73909,70990,3.272,4.600,15.051
67715,0,2,1,0.500,73300,71576,3.272,4.600,15.051
67755,0,2,1,0.500,74100,63930,3.272,4.600,15.051
67795,0,2,1,0.500,78130,70172,3.272,6.800,22.250
67835,0,2,1,0.500,70194,62934,3.272,6.800,22.250
67875,0,2,1,0.500,58473,49590,3.284,6.700,22.003
67915,0,2,1,0.500,71271,66661,3.284,6.700,22.003
67955,0,2,1,0.500,73159,66198,3.284,6.700,22.003
67995,0,2,1,0.500,53861,43665,3.284,6.700,22.003
68035,0,2,1,0.500,63779,54744,3.284,6.700,22.003
68075,0,2,1,0.500,74095,72418,3.280,6.700,21.976
68115,0,2,1,0.500,75693,76252,3.280,6.700,21.976
68155,0,2,1,0.500,74049,73800,3.280,6.700,21.976
68195,0,2,1,0.500,64221,54376,3.268,6.000,19.608
68235,0,2,1,0.500,74051,66015,3.268,6.000,19.608
68275,0,2,1,0.500,62734,55148,3.284,7.000,22.988
68315,0,2,1,0.500,30658,19458,3.284,7.000,22.988
68355,0,2,1,0.500,39994,28152,3.284,7.000,22.988
68395,0,2,1,0.500,64594,51665,3.280,7.000,22.960
68435,0,2,1,0.500,62646,54368,3.280,7.000,22.960
68475,0,2,1,0.500,68926,61001,3.276,6.600,21.622
68515,0,2,1,0.500,70862,68926,3.276,6.600,21.622
68555,0,2,1,0.500,67207,62742,3.276,6.600,21.622
68595,0,2,1,0.500,74454,73916,3.280,6.600,21.648
68635,0,2,1,0.500,79109,82336,3.280,6.600,21.648
68675,0,2,1,0.500,80361,84754,3.272,5.600,18.323
68715,0,2,1,0.500,80051,84139,3.272,5.600,18.323
68755,0,2,1,0.500,79144,82046,3.272,5.600,18.323
68795,0,2,1,0.500,75177,73067,3.272,6.700,21.922
68835,0,2,1,0.500,54482,40644,3.272,6.700,21.922
68875,0,2,1,0.500,59482,47830,3.284,7.000,22.988
68915,0,2,1,0.500,66194,59072,3.284,7.000,22.988
68955,0,2,1,0.500,67973,62199,3.284,7.000,22.988
68995,0,2,1,0.500,67172,60751,3.280,6.700,21.976
69035,0,2,1,0.500,60271,49401,3.280,6.700,21.976
69075,0,2,1,0.500,44165,31168,3.280,6.600,21.648
69115,0,2,1,0.500,31775,22763,3.280,6.600,21.648
69155,0,2,1,0.500,39076,30151,3.280,6.600,21.648
69195,0,2,1,0.500,63262,51051,3.280,4.700,15.416
69235,0,2,1,0.500,58496,46948,3.280,4.700,15.416
69275,0,2,1,0.500,54693,42935,3.280,6.900,22.632
69315,0,2,1,0.500,56644,45075,3.280,6.900,22.632
69355,0,2,1,0.500,67537,57047,3.280,6.900,22.632
69395,0,2,1,0.500,78686,68385,3.288,6.900,22.687
69435,0,2,1,0.500,78775,68424,3.288,6.900,22.687
69475,0,2,1,0.500,72872,68269,3.284,7.100,23.316
69515,0,2,1,0.500,74363,73255,3.284,7.100,23.316
69555,0,2,1,0.500,72212,68517,3.284,7.100,23.316
69595,0,2,1,0.500,73995,62731,3.280,6.800,22.304
69635,0,2,1,0.500,71535,65890,3.280,6.800,22.304
69676,0,2,1,0.500,76992,71063,3.280,4.400,14.432
69715,0,2,1,0.500,71314,68987,3.280,4.400,14.432
69755,0,2,1,0.500,73802,67382,3.280,4.400,14.432
69796,0,2,1,0.500,58359,46805,3.276,6.300,20.639
69835,0,2,1,0.500,53601,46951,3.276,6.300,20.639
69875,0,2,1,0.500,31975,33485,3.284,6.800,22.331
69915,0,2,1,0.500,60977,53267,3.284,6.800,22.331
69955,0,2,1,0.500,76291,64001,3.284,6.800,22.331
69996,0,2,1,0.500,68015,55138,3.288,7.000,23.016
70035,0,2,1,0.500,67476,59317,3.288,7.000,23.016
70075,0,2,1,0.500,68728,62369,3.280,7.100,23.288
70116,0,2,1,0.500,72411,66752,3.280,7.100,23.288
70155,0,2,1,0.500,74409,73949,3.280,7.100,23.288
70196,0,2,1,0.500,74731,74501,3.280,4.600,15.088
70236,0,2,1,0.500,74792,74486,3.280,4.600,15.088
70275,0,2,1,0.500,77483,78476,3.292,6.800,22.386
70316,0,2,1,0.500,81857,87461,3.292,6.800,22.386
70356,0,2,1,0.500,84342,93217,3.292,6.800,22.386
70395,0,2,1,0.500,84904,94675,3.284,7.100,23.316
70436,0,2,1,0.500,85509,96071,3.284,7.100,23.316
70475,0,2,1,0.500,85836,96718,3.284,7.200,23.645
70515,0,2,1,0.500,85927,96927,3.284,7.200,23.645
70556,0,2,1,0.500,86039,97148,3.284,7.200,23.645
70595,0,2,1,0.500,85974,97077,3.280,4.700,15.416
70636,0,2,1,0.500,85741,96623,3.280,4.700,15.416
70675,0,2,1,0.500,85455,95801,3.280,4.800,15.744
70715,0,2,1,0.500,85114,94892,3.280,4.800,15.744
70756,0,2,1,0.500,83323,91510,3.280,4.800,15.744
70795,0,2,1,0.500,53684,44250,3.280,7.000,22.960
70835,0,2,1,0.500,34972,25112,3.280,7.000,22.960
70876,0,2,1,0.500,48008,36434,3.284,7.000,22.988
70915,0,2,1,0.500,58242,48685,3.284,7.000,22.988
70956,0,2,1,0.500,71621,69883,3.284,7.000,22.988
70996,0,2,1,0.500,77745,78639,3.284,4.800,15.763
71035,0,2,1,0.500,72661,69918,3.284,4.800,15.763
71076,0,2,1,0.500,63215,52180,3.276,4.600,15.070
71116,0,2,1,0.500,55067,42887,3.276,4.600,15.070
71156,0,2,1,0.500,60388,49332,3.276,4.600,15.070
71196,0,2,1,0.500,75508,68027,3.284,4.500,14.778
71236,0,2,1,0.500,76922,67955,3.284,4.500,14.778
71276,0,2,1,0.500,63823,52330,3.284,6.800,22.331
71316,0,2,1,0.500,55695,43998,3.284,6.800,22.331
71355,0,2,1,0.500,72623,63633,3.284,6.800,22.331
71396,0,2,1,0.500,79292,74940,3.288,7.100,23.345
71436,0,2,1,0.500,74336,72388,3.288,7.100,23.345
71476,0,2,1,0.500,73742,71937,3.284,4.500,14.778
71516,0,2,1,0.500,74536,72553,3.284,4.500,14.778
71556,0,2,1,0.500,73146,71207,3.284,4.500,14.778
71596,0,2,1,0.500,72070,70200,3.280,4.500,14.760
71636,0,2,1,0.500,73198,71300,3.280,4.500,14.760
71676,0,2,1,0.500,74150,72311,3.280,4.600,15.088
71716,0,2,1,0.500,75675,74792,3.280,4.600,15.088
71756,0,2,1,0.500,78207,79520,3.280,4.600,15.088
71796,0,2,1,0.500,81435,85585,3.284,7.000,22.988
71836,0,2,1,0.500,82817,89375,3.284,7.000,22.988
71876,0,2,1,0.500,83994,91628,3.284,7.100,23.316
71916,0,2,1,0.500,85186,93662,3.284,7.100,23.316
71956,0,2,1,0.500,85963,94993,3.284,7.100,23.316
71996,0,2,1,0.500,86266,95577,3.284,4.800,15.763
72036,0,2,1,0.500,86467,95960,3.284,4.800,15.763
72076,0,2,1,0.500,86842,96563,3.272,4.700,15.378
72116,0,2,1,0.500,87145,97012,3.272,4.700,15.378
72156,0,2,1,0.500,87250,97238,3.272,4.700,15.378
72196,0,2,1,0.500,87270,97333,3.284,5.000,16.420
72236,0,2,1,0.500,87246,97290,3.284,5.000,16.420
72276,0,2,1,0.500,87201,97258,3.284,7.300,23.973
72316,0,2,1,0.500,87159,97215,3.284,7.300,23.973
72356,0,2,1,0.500,87151,97199,3.284,7.300,23.973
72396,0,2,1,0.500,87099,97148,3.284,7.600,24.958
72436,0,2,1,0.500,87015,97040,3.284,7.600,24.958
72476,0,2,1,0.500,86964,96983,3.276,5.000,16.380
72516,0,2,1,0.500,86912,96951,3.276,5.000,16.380
72556,0,2,1,0.500,86904,96986,3.276,5.000,16.380
72596,0,2,1,0.500,86942,97089,3.284,4.900,16.092
72636,0,2,1,0.500,86993,97146,3.284,4.900,16.092
72676,0,2,1,0.500,87031,97220,3.284,5.000,16.420
72716,0,2,1,0.500,87062,97318,3.284,5.000,16.420
72756,0,2,1,0.500,87066,97360,3.284,5.000,16.420
72796,0,2,1,0.500,87052,97368,3.284,7.000,22.988
72836,0,2,1,0.500,87065,97429,3.284,7.000,22.988
72876,0,2,1,0.500,87024,97353,3.288,5.000,16.440
72916,0,2,1,0.500,86981,97330,3.288,5.000,16.440
72956,0,2,1,0.500,86897,97218,3.288,5.000,16.440
72996,0,2,1,0.500,86671,96871,3.288,4.800,15.782
73036,0,2,1,0.500,86107,95678,3.288,4.800,15.782
73076,0,2,1,0.500,85030,93490,3.284,4.600,15.106
73116,0,2,1,0.500,84004,91363,3.284,4.600,15.106
73156,0,2,1,0.500,83138,89591,3.284,4.600,15.106
73196,0,2,1,0.500,81040,86116,3.284,5.900,19.376
73236,0,2,1,0.500,75998,69160,3.284,5.900,19.376
73276,0,2,1,0.500,70012,59394,3.284,7.000,22.988
73316,0,2,1,0.500,73091,63995,3.284,7.000,22.988
73356,0,2,1,0.500,74898,74977,3.284,7.000,22.988
73396,0,2,1,0.500,75055,75499,3.288,4.500,14.796
73436,0,2,1,0.500,74304,74375,3.288,4.500,14.796
73476,0,2,1,0.500,74158,74028,3.284,4.400,14.450
73516,0,2,1,0.500,75842,77161,3.284,4.400,14.450
73556,0,2,1,0.500,77942,81549,3.284,4.400,14.450
73596,0,2,1,0.500,80455,86716,3.284,4.600,15.106
73636,0,2,1,0.500,81626,89604,3.284,4.600,15.106
73676,0,2,1,0.500,81997,91158,3.284,6.700,22.003
73716,0,2,1,0.500,82208,91831,3.284,6.700,22.003
73756,0,2,1,0.500,81862,91071,3.284,6.700,22.003
73796,0,2,1,0.500,81548,90337,3.284,4.600,15.106
73836,0,2,1,0.500,81384,89849,3.284,4.600,15.106
73876,0,2,1,0.500,81076,88953,3.284,4.900,16.092
73916,0,2,1,0.500,80746,88079,3.284,4.900,16.092
73956,0,2,1,0.500,80407,87298,3.284,4.900,16.092
73996,0,2,1,0.500,79675,85616,3.284,4.700,15.435
74036,0,2,1,0.500,77185,80231,3.284,4.700,15.435
74076,0,2,1,0.500,74723,75257,3.288,4.600,15.125
74116,0,2,1,0.500,75794,67990,3.288,4.600,15.125
74156,0,2,1,0.500,55230,42009,3.288,4.600,15.125
74196,0,2,1,0.500,56580,46772,3.284,4.400,14.450
74236,0,2,1,0.500,78656,78136,3.284,4.400,14.450
74276,0,2,1,0.500,81847,83979,3.288,4.500,14.796
74316,0,2,1,0.500,84775,90411,3.288,4.500,14.796
74356,0,2,1,0.500,86141,93415,3.288,4.500,14.796
74396,0,2,1,0.500,87071,95394,3.284,4.600,15.106
74436,0,2,1,0.500,87481,96292,3.284,4.600,15.106
74476,0,2,1,0.500,87642,96644,3.284,4.800,15.763
74516,0,2,1,0.500,87885,97158,3.284,4.800,15.763
74556,0,2,1,0.500,88121,97627,3.284,4.800,15.763
74596,0,2,1,0.500,88234,97898,3.284,5.100,16.748
74636,0,2,1,0.500,88380,98152,3.284,5.100,16.748
74676,0,2,1,0.500,88471,98174,3.284,4.500,14.778
74716,0,2,1,0.500,88488,98219,3.284,4.500,14.778
74756,0,2,1,0.500,88536,98342,3.284,4.500,14.778
74796,0,2,1,0.500,88609,98470,3.284,4.800,15.763
74836,0,2,1,0.500,88648,98532,3.284,4.800,15.763
74876,0,2,1,0.500,88612,98493,3.288,4.700,15.454
74916,0,2,1,0.500,88565,98420,3.288,4.700,15.454
74956,0,2,1,0.500,88445,98124,3.288,4.700,15.454
74996,0,2,1,0.500,87925,97087,3.284,4.900,16.092
75036,0,2,1,0.500,87315,95642,3.284,4.900,16.092
75076,0,2,1,0.500,86589,93929,3.288,4.800,15.782
75116,0,2,1,0.500,74352,70284,3.288,4.800,15.782
75156,0,2,1,0.500,69754,58531,3.288,4.800,15.782
75196,0,2,1,0.500,77241,66973,3.288,4.400,14.467
75236,0,2,1,0.500,76741,71921,3.288,4.400,14.467
75276,0,2,1,0.500,78224,82319,3.288,4.600,15.125
75316,0,2,1,0.500,80255,85877,3.288,4.600,15.125
75357,0,2,1,0.500,81341,87390,3.288,4.600,15.125
75396,0,2,1,0.500,82528,89400,3.288,4.500,14.796
75436,0,2,1,0.500,83630,91628,3.288,4.500,14.796
75476,0,2,1,0.500,84971,94185,3.284,4.800,15.763
75516,0,2,1,0.500,85708,95729,3.284,4.800,15.763
75557,0,2,1,0.500,86122,96591,3.284,4.800,15.763
75596,0,2,1,0.500,86608,97444,3.284,4.600,15.106
75636,0,2,1,0.500,87078,98163,3.284,4.600,15.106
75676,0,2,1,0.500,87589,98711,3.284,4.900,16.092
75716,0,2,1,0.500,88046,99314,3.284,4.900,16.092
75756,0,2,1,0.500,88304,99689,3.284,4.900,16.092
75796,0,2,1,0.500,88263,99591,3.284,4.700,15.435
75836,0,2,1,0.500,88339,99732,3.284,4.700,15.435
75877,0,2,1,0.500,88315,99700,3.284,4.700,15.435
75917,0,2,1,0.500,88218,99572,3.284,4.700,15.435
75956,0,2,1,0.500,88078,99298,3.284,4.700,15.435
75997,0,2,1,0.500,87643,98473,3.288,4.800,15.782
76036,0,2,1,0.500,86764,96714,3.288,4.800,15.782
76077,0,2,1,0.500,84763,93317,3.284,5.000,16.420
76117,0,2,1,0.500,82013,88669,3.284,5.000,16.420
76156,0,2,1,0.500,67429,66658,3.284,5.000,16.420
76197,0,2,1,0.500,73110,75155,3.284,4.600,15.106
76237,0,2,1,0.500,80188,86759,3.284,4.600,15.106
76276,0,2,1,0.500,82509,90639,3.288,4.500,14.796
76317,0,2,1,0.500,83726,92597,3.288,4.500,14.796
76357,0,2,1,0.500,84800,95270,3.288,4.500,14.796
76397,0,2,1,0.500,85413,97118,3.288,4.800,15.782
76437,0,2,1,0.500,85484,97615,3.288,4.800,15.782
76476,0,2,1,0.500,85649,98154,3.288,4.400,14.467
76517,0,2,1,0.500,85885,98839,3.288,4.400,14.467
76557,0,2,1,0.500,85951,99453,3.288,4.400,14.467
76597,0,2,1,0.500,85902,99768,3.288,4.600,15.125
76637,0,2,1,0.500,85821,99857,3.288,4.600,15.125
76676,0,2,1,0.500,86019,100123,3.284,4.700,15.435
76717,0,2,1,0.500,86386,100703,3.284,4.700,15.435
76757,0,2,1,0.500,86392,100752,3.284,4.700,15.435
76797,0,2,1,0.500,86309,100711,3.288,4.400,14.467
76837,0,2,1,0.500,86180,100574,3.288,4.400,14.467
76877,0,2,1,0.500,85723,99990,3.288,4.800,15.782
76917,0,2,1,0.500,84411,97840,3.288,4.800,15.782
76957,0,2,1,0.500,83490,95022,3.288,4.800,15.782
76997,0,2,1,0.500,81932,91076,3.292,4.400,14.485
77037,0,2,1,0.500,74822,77188,3.292,4.400,14.485
77077,0,2,1,0.500,75732,78201,3.292,4.500,14.814
77117,0,2,1,0.500,78790,82659,3.292,4.500,14.814
77157,0,2,1,0.500,75697,77455,3.292,4.500,14.814
77197,0,2,1,0.500,75468,76445,3.292,4.300,14.156
77237,0,2,1,0.500,74529,75079,3.292,4.300,14.156
77277,0,2,1,0.500,75205,77256,3.292,4.700,15.472
77317,0,2,1,0.500,77563,83137,3.292,4.700,15.472
77357,0,2,1,0.500,79048,86827,3.292,4.700,15.472
77397,0,2,1,0.500,79674,88407,3.292,5.000,16.460
77437,0,2,1,0.500,79974,89164,3.292,5.000,16.460
77477,0,2,1,0.500,80082,89535,3.288,4.800,15.782
77517,0,2,1,0.500,80149,89828,3.288,4.800,15.782
77557,0,2,1,0.500,80129,89857,3.288,4.800,15.782
77597,0,2,1,0.500,79897,89492,3.284,4.900,16.092
77637,0,2,1,0.500,79323,88442,3.284,4.900,16.092
77677,0,2,1,0.500,78416,85729,3.288,4.600,15.125
77717,0,2,1,0.500,68050,64145,3.288,4.600,15.125
77757,0,2,1,0.500,70626,66956,3.288,4.600,15.125
77797,0,2,1,0.500,80268,84240,3.284,4.600,15.106
77837,0,2,1,0.500,79105,83099,3.284,4.600,15.106
77877,0,2,1,0.500,76751,79178,3.280,4.500,14.760
77917,0,2,1,0.500,77117,80278,3.280,4.500,14.760
77957,0,2,1,0.500,77854,81351,3.280,4.500,14.760
77997,0,2,1,0.500,79333,83902,3.284,4.600,15.106
78037,0,2,1,0.500,81172,87623,3.284,4.600,15.106
78077,0,2,1,0.500,81805,89702,3.284,4.600,15.106
78117,0,2,1,0.500,82034,90511,3.284,4.600,15.106
78157,0,2,1,0.500,82034,90498,3.284,4.600,15.106
78197,0,2,1,0.500,82004,90554,3.288,4.700,15.454
78237,0,2,1,0.500,81523,89755,3.288,4.700,15.454
78277,0,2,1,0.500,80719,87778,3.284,4.600,15.106
78317,0,2,1,0.500,77771,77145,3.284,4.600,15.106
78357,0,2,1,0.500,41181,37391,3.284,4.600,15.106
78397,0,2,1,0.500,69626,66832,3.288,4.600,15.125
78437,0,2,1,0.500,75552,75838,3.288,4.600,15.125
78477,0,2,1,0.500,76706,74955,3.284,4.700,15.435
78517,0,2,1,0.500,75127,73953,3.284,4.700,15.435
78557,0,2,1,0.500,74771,73145,3.284,4.700,15.435
78597,0,2,1,0.500,75028,73564,3.288,4.400,14.467
78637,0,2,1,0.500,74718,73043,3.288,4.400,14.467
78677,0,2,1,0.500,74448,72318,3.288,4.600,15.125
78717,0,2,1,0.500,75642,73812,3.288,4.600,15.125
78757,0,2,1,0.500,77809,76161,3.288,4.600,15.125
78797,0,2,1,0.500,78698,78059,3.288,4.500,14.796
78837,0,2,1,0.500,83236,86605,3.288,4.500,14.796
78877,0,2,1,0.500,86357,92932,3.284,4.700,15.435
78917,0,2,1,0.500,87785,95778,3.284,4.700,15.435
78957,0,2,1,0.500,88750,97611,3.284,4.700,15.435
78997,0,2,1,0.500,88634,97432,3.284,4.700,15.435
79037,0,2,1,0.500,87056,94928,3.284,4.700,15.435
79077,0,2,1,0.500,56799,50796,3.284,4.500,14.778
79117,0,2,1,0.500,17249,13462,3.284,4.500,14.778
79157,0,2,1,0.500,29767,21487,3.284,4.500,14.778
79197,0,2,1,0.500,59966,59139,3.280,4.400,14.432
79237,0,2,1,0.500,74302,81447,3.280,4.400,14.432
79277,0,2,1,0.500,78057,88202,3.284,4.500,14.778
79317,0,2,1,0.500,79137,90577,3.284,4.500,14.778
79357,0,2,1,0.500,79520,91367,3.284,4.500,14.778
79397,0,2,1,0.500,79714,91687,3.284,4.900,16.092
79437,0,2,1,0.500,79809,91816,3.284,4.900,16.092
79477,0,2,1,0.500,79499,90858,3.284,4.600,15.106
79517,0,2,1,0.500,75719,83571,3.284,4.600,15.106
79557,0,2,1,0.500,64963,59380,3.284,4.600,15.106
79597,0,2,1,0.500,65463,54382,3.280,4.600,15.088
79637,0,2,1,0.500,65308,55063,3.280,4.600,15.088
79677,0,2,1,0.500,68088,64265,3.284,4.600,15.106
79717,0,2,1,0.500,71162,70690,3.284,4.600,15.106
79757,0,2,1,0.500,71794,69842,3.284,4.600,15.106
79797,0,2,1,0.500,70356,61836,3.288,4.600,15.125
79837,0,2,1,0.500,42041,33784,3.288,4.600,15.125
79877,0,2,1,0.500,19955,18300,3.280,4.500,14.760
79917,0,2,1,0.500,52927,51590,3.280,4.500,14.760
79957,0,2,1,0.500,74277,72510,3.280,4.500,14.760
79997,0,2,1,0.500,75286,67523,3.284,4.300,14.121
80037,0,2,1,0.500,46238,37908,3.284,4.300,14.121
80077,0,2,1,0.500,43043,34035,3.284,4.600,15.106
80117,0,2,1,0.500,40113,31386,3.284,4.600,15.106
80157,0,2,1,0.500,27765,22738,3.284,4.600,15.106
80197,0,2,1,0.500,46329,37127,3.288,4.600,15.125
80237,0,2,1,0.500,63157,49855,3.288,4.600,15.125
80277,0,2,1,0.500,59438,50848,3.284,4.400,14.450
80317,0,2,1,0.500,65218,57768,3.284,4.400,14.450
80357,0,2,1,0.500,76302,66868,3.284,4.400,14.450
80397,0,2,1,0.500,74698,63349,3.280,4.500,14.760
80437,0,2,1,0.500,70774,67635,3.280,4.500,14.760
80477,0,2,1,0.500,72859,72287,3.284,4.400,14.450
80517,0,2,1,0.500,69431,60913,3.284,4.400,14.450
80557,0,2,1,0.500,72607,66761,3.284,4.400,14.450
80597,0,2,1,0.500,71923,68340,3.280,4.500,14.760
80637,0,2,1,0.500,71156,66339,3.280,4.500,14.760
80677,0,2,1,0.500,71127,65359,3.284,4.200,13.793
80717,0,2,1,0.500,68950,63317,3.284,4.200,13.793
80757,0,2,1,0.500,31255,34066,3.284,4.200,13.793
80797,0,2,1,0.500,63502,63510,3.284,4.400,14.450
80837,0,2,1,0.500,72435,69870,3.284,4.400,14.450
80877,0,2,1,0.500,71528,73213,3.284,4.500,14.778
80917,0,2,1,0.500,77230,82968,3.284,4.500,14.778
80958,0,2,1,0.500,78965,86050,3.284,4.500,14.778
80997,0,2,1,0.500,79543,87306,3.288,4.500,14.796
81037,0,2,1,0.500,80032,88374,3.288,4.500,14.796
81077,0,2,1,0.500,80305,89066,3.288,4.600,15.125
81117,0,2,1,0.500,80304,89028,3.288,4.600,15.125
81157,0,2,1,0.500,79716,87666,3.288,4.600,15.125
81197,0,2,1,0.500,76490,81116,3.284,4.400,14.450
81237,0,2,1,0.500,78598,73026,3.284,4.400,14.450
81277,0,2,1,0.500,60778,52269,3.288,4.300,14.138
81317,0,2,1,0.500,56920,47803,3.288,4.300,14.138
81357,0,2,1,0.500,68923,65179,3.288,4.300,14.138
81397,0,2,1,0.500,70256,70922,3.292,4.400,14.485
81437,0,2,1,0.500,71737,74078,3.292,4.400,14.485
81478,0,2,1,0.500,73866,78282,3.292,4.500,14.814
81517,0,2,1,0.500,75067,80471,3.292,4.500,14.814
81557,0,2,1,0.500,76344,82708,3.292,4.500,14.814
81598,0,2,1,0.500,77470,84840,3.288,4.400,14.467
81638,0,2,1,0.500,78047,86426,3.288,4.400,14.467
81678,0,2,1,0.500,78346,87238,3.288,4.500,14.796
81718,0,2,1,0.500,78368,87018,3.288,4.500,14.796
81758,0,2,1,0.500,78224,86105,3.288,4.500,14.796
81798,0,2,1,0.500,77152,83450,3.292,4.700,15.472
81838,0,2,1,0.500,53623,46118,3.292,4.700,15.472
81878,0,2,1,0.500,26997,20084,3.288,4.600,15.125
81918,0,2,1,0.500,56965,48995,3.288,4.600,15.125
81958,0,2,1,0.500,75463,78203,3.288,4.600,15.125
81998,0,2,1,0.500,79315,85818,3.288,4.800,15.782
82038,0,2,1,0.500,79937,87357,3.288,4.800,15.782
82078,0,2,1,0.500,79629,86755,3.288,4.500,14.796
82118,0,2,1,0.500,78006,83078,3.288,4.500,14.796
82158,0,2,1,0.500,68685,65197,3.288,4.500,14.796
82198,0,2,1,0.500,47699,35822,3.288,4.700,15.454
82238,0,2,1,0.500,51385,40121,3.288,4.700,15.454
82278,0,2,1,0.500,72118,72304,3.288,4.600,15.125
82318,0,2,1,0.500,75123,77346,3.288,4.600,15.125
82358,0,2,1,0.500,74022,75607,3.288,4.600,15.125
82398,0,2,1,0.500,70288,70003,3.280,4.300,14.104
82438,0,2,1,0.500,60981,55281,3.280,4.300,14.104
82478,0,2,1,0.500,53258,44474,3.284,4.500,14.778
82518,0,2,1,0.500,63703,60151,3.284,4.500,14.778
82558,0,2,1,0.500,71049,71337,3.284,4.500,14.778
82598,0,2,1,0.500,72568,73651,3.292,4.600,15.143
82638,0,2,1,0.500,50720,40746,3.292,4.600,15.143
82678,0,2,1,0.500,16103,10674,3.292,4.600,15.143
82718,0,2,1,0.500,26994,19877,3.292,4.600,15.143
82758,0,2,1,0.500,66245,59797,3.292,4.600,15.143
82798,0,2,1,0.500,69988,68225,3.288,4.600,15.125
82838,0,2,1,0.500,70949,68769,3.288,4.600,15.125
82878,0,2,1,0.500,72296,70742,3.280,4.600,15.088
82918,0,2,1,0.500,54763,44095,3.280,4.600,15.088
82958,0,2,1,0.500,50060,36251,3.280,4.600,15.088
82998,0,2,1,0.500,47513,37769,3.280,4.400,14.432
83038,0,2,1,0.500,77431,68659,3.280,4.400,14.432
83078,0,2,1,0.500,65976,52981,3.276,4.600,15.070
83118,0,2,1,0.500,66326,53855,3.276,4.600,15.070
83158,0,2,1,0.500,60405,47739,3.276,4.600,15.070
83198,0,2,1,0.500,72767,66836,3.284,4.500,14.778
83238,0,2,1,0.500,74640,72150,3.284,4.500,14.778
83278,0,2,1,0.500,74407,72440,3.288,4.600,15.125
83318,0,2,1,0.500,67336,58548,3.288,4.600,15.125
83358,0,2,1,0.500,68047,57448,3.288,4.600,15.125
83398,0,2,1,0.500,70069,59485,3.276,4.400,14.414
83438,0,2,1,0.500,58263,45989,3.276,4.400,14.414
83478,0,2,1,0.500,55382,44898,3.284,4.600,15.106
83518,0,2,1,0.500,60565,51737,3.284,4.600,15.106
83558,0,2,1,0.500,57634,49340,3.284,4.600,15.106
83598,0,2,1,0.500,52766,43191,3.284,4.500,14.778
83638,0,2,1,0.500,64513,51457,3.284,4.500,14.778
83678,0,2,1,0.500,63785,51197,3.288,4.500,14.796
83718,0,2,1,0.500,66807,56493,3.288,4.500,14.796
83758,0,2,1,0.500,62099,52503,3.288,4.500,14.796
83798,0,2,1,0.500,67445,54565,3.284,4.800,15.763
83838,0,2,1,0.500,67317,56528,3.284,4.800,15.763
83878,0,2,1,0.500,67950,63608,3.288,4.500,14.796
83918,0,2,1,0.500,70576,68403,3.288,4.500,14.796
83958,0,2,1,0.500,73967,71140,3.288,4.500,14.796
83998,0,2,1,0.500,78658,68676,3.288,4.800,15.782
84038,0,2,1,0.500,79574,70504,3.288,4.800,15.782
84078,0,2,1,0.500,59692,53080,3.288,4.500,14.796
84118,0,2,1,0.500,47208,42397,3.288,4.500,14.796
84158,0,2,1,0.500,45851,40828,3.288,4.500,14.796
84198,0,2,1,0.500,50950,43088,3.288,4.700,15.454
84238,0,2,1,0.500,63107,52580,3.288,4.700,15.454
84278,0,2,1,0.500,74301,63341,3.284,4.300,14.121
84318,0,2,1,0.500,74051,67424,3.284,4.300,14.121
84358,0,2,1,0.500,73542,66041,3.284,4.300,14.121
84398,0,2,1,0.500,73069,61873,3.288,4.400,14.467
84438,0,2,1,0.500,71888,58310,3.288,4.400,14.467
84478,0,2,1,0.500,71201,57989,3.288,4.500,14.796
84518,0,2,1,0.500,67429,54946,3.288,4.500,14.796
84558,0,2,1,0.500,64130,51963,3.288,4.500,14.796
84598,0,2,1,0.500,67464,58300,3.284,4.500,14.778
84638,0,2,1,0.500,68647,64329,3.284,4.500,14.778
84678,0,2,1,0.500,70793,67368,3.288,4.800,15.782
84718,0,2,1,0.500,71678,68892,3.288,4.800,15.782
84758,0,2,1,0.500,72008,68981,3.288,4.800,15.782
84798,0,2,1,0.500,74362,70177,3.280,4.600,15.088
84838,0,2,1,0.500,77395,68950,3.280,4.600,15.088
84878,0,2,1,0.500,65335,55867,3.288,4.500,14.796
84918,0,2,1,0.500,59267,50107,3.288,4.500,14.796
84958,0,2,1,0.500,58970,50341,3.288,4.500,14.796
84998,0,2,1,0.500,66064,58910,3.276,4.700,15.397
85038,0,2,1,0.500,72258,67579,3.276,4.700,15.397
85078,0,2,1,0.500,72001,69734,3.280,4.600,15.088
85119,0,2,1,0.500,72176,69459,3.280,4.600,15.088
85158,0,2,1,0.500,71203,61769,3.280,4.600,15.088
85198,0,2,1,0.500,48127,40368,3.288,4.600,15.125
85239,0,2,1,0.500,69594,63207,3.288,4.600,15.125
85278,0,2,1,0.500,65506,54510,3.284,4.300,14.121
85318,0,2,1,0.500,34284,34920,3.284,4.300,14.121
85359,0,2,1,0.500,57937,56986,3.284,4.300,14.121
85398,0,2,1,0.500,74325,72260,3.272,4.500,14.724
85439,0,2,1,0.500,59209,60570,3.272,4.500,14.724
85478,0,2,1,0.500,66411,63250,3.288,4.800,15.782
85518,0,2,1,0.500,63322,53887,3.288,4.800,15.782
85559,0,2,1,0.500,64393,58284,3.288,4.800,15.782
85598,0,2,1,0.500,60217,59301,3.288,4.300,14.138
85638,0,2,1,0.500,75059,70698,3.288,4.300,14.138
85679,0,2,1,0.500,72274,69789,3.288,4.400,14.467
85718,0,2,1,0.500,71263,68670,3.288,4.400,14.467
85759,0,2,1,0.500,74942,71881,3.288,4.400,14.467
85799,0,2,1,0.500,70810,69150,3.288,4.500,14.796
85838,0,2,1,0.500,71932,66615,3.288,4.500,14.796
85879,0,2,1,0.500,58997,51044,3.292,4.500,14.814
85919,0,2,1,0.500,69726,63970,3.292,4.500,14.814
85958,0,2,1,0.500,58080,46231,3.292,4.500,14.814
85999,0,2,1,0.500,58524,48229,3.280,4.700,15.416
86039,0,2,1,0.500,72640,67339,3.280,4.700,15.416
86079,0,2,1,0.500,71114,68995,3.284,4.800,15.763
86119,0,2,1,0.500,64538,55472,3.284,4.800,15.763
86159,0,2,1,0.500,49145,37699,3.284,4.800,15.763
86199,0,2,1,0.500,39690,28311,3.288,4.500,14.796
86239,0,2,1,0.500,21352,12806,3.288,4.500,14.796
86279,0,2,1,0.500,16751,9529,3.288,4.600,15.125
86319,0,2,1,0.500,24517,15894,3.288,4.600,15.125
86359,0,2,1,0.500,21601,14595,3.288,4.600,15.125
86399,0,2,1,0.500,20498,14882,3.288,4.500,14.796
86439,0,2,1,0.500,18952,14583,3.288,4.500,14.796
86479,0,2,1,0.500,38139,34345,3.284,4.500,14.778
86519,0,2,1,0.500,73104,75343,3.284,4.500,14.778
86559,0,2,1,0.500,70922,72735,3.284,4.500,14.778
86599,0,2,1,0.500,73894,72678,3.288,4.600,15.125
86639,0,2,1,0.500,39332,38343,3.288,4.600,15.125
86679,0,2,1,0.500,53762,53377,3.284,4.400,14.450
86719,0,2,1,0.500,73497,74455,3.284,4.400,14.450
86759,0,2,1,0.500,72344,71313,3.284,4.400,14.450
86799,0,2,1,0.500,50836,49117,3.284,4.700,15.435
86839,0,2,1,0.500,31254,28749,3.284,4.700,15.435
86879,0,2,1,0.500,36737,31112,3.292,4.500,14.814
86919,0,2,1,0.500,68892,62175,3.292,4.500,14.814
86959,0,2,1,0.500,77151,73922,3.292,4.500,14.814
86999,0,2,1,0.500,78013,70742,3.288,4.500,14.796
87039,0,2,1,0.500,32481,26729,3.288,4.500,14.796
87079,0,2,1,0.500,21604,17342,3.284,4.500,14.778
87119,0,2,1,0.500,61847,57053,3.284,4.500,14.778
87159,0,2,1,0.500,72701,71155,3.284,4.500,14.778
87199,0,2,1,0.500,60040,56202,3.292,4.400,14.485
87239,0,2,1,0.500,45327,39748,3.292,4.400,14.485
87279,0,2,1,0.500,30246,23418,3.280,4.500,14.760
87319,0,2,1,0.500,51382,40689,3.280,4.500,14.760
87359,0,2,1,0.500,74789,73741,3.280,4.500,14.760
87399,0,2,1,0.500,74771,71649,3.288,4.500,14.796
87439,0,2,1,0.500,70450,59539,3.288,4.500,14.796
87479,0,2,1,0.500,31176,24412,3.288,4.200,13.810
87519,0,2,1,0.500,13745,10064,3.288,4.200,13.810
87559,0,2,1,0.500,58305,50053,3.288,4.200,13.810
87599,0,2,1,0.500,75797,77751,3.280,4.500,14.760
87639,0,2,1,0.500,74329,72710,3.280,4.500,14.760
87679,0,2,1,0.500,45116,34641,3.276,4.300,14.087
87719,0,2,1,0.500,17879,12449,3.276,4.300,14.087
87759,0,2,1,0.500,59216,55119,3.276,4.300,14.087
87799,0,2,1,0.500,76379,77361,3.276,4.500,14.742
87839,0,2,1,0.500,61152,53573,3.276,4.500,14.742
87879,0,2,1,0.500,11412,7658,3.284,4.600,15.106
87919,0,2,1,0.500,24341,18414,3.284,4.600,15.106
87959,0,2,1,0.500,77624,73823,3.284,4.600,15.106
87999,0,2,1,0.500,77413,78186,3.284,4.600,15.106
88039,0,2,1,0.500,40993,32016,3.284,4.600,15.106
88079,0,2,1,0.500,13865,10946,3.288,4.400,14.467
88119,0,2,1,0.500,59614,55384,3.288,4.400,14.467
88159,0,2,1,0.500,75724,75203,3.288,4.400,14.467
88199,0,2,1,0.500,75890,75600,3.284,4.600,15.106
88239,0,2,1,0.500,58133,48948,3.284,4.600,15.106
88279,0,2,1,0.500,19585,14098,3.284,4.500,14.778
88319,0,2,1,0.500,45537,37023,3.284,4.500,14.778
88359,0,2,1,0.500,78812,78803,3.284,4.500,14.778
88399,0,2,1,0.500,81945,85683,3.284,4.400,14.450
88439,0,2,1,0.500,81972,86190,3.284,4.400,14.450
88479,0,2,1,0.500,79110,80606,3.284,4.500,14.778
88519,0,2,1,0.500,58893,49844,3.284,4.500,14.778
88559,0,2,1,0.500,29036,24262,3.284,4.500,14.778
88599,0,2,1,0.500,23721,18357,3.284,4.800,15.763
88639,0,2,1,0.500,56967,48735,3.284,4.800,15.763
88679,0,2,1,0.500,75356,77446,3.284,5.000,16.420
88719,0,2,1,0.500,76749,80780,3.284,5.000,16.420
88759,0,2,1,0.500,76619,80581,3.284,5.000,16.420
88799,0,2,1,0.500,76958,81208,3.284,4.700,15.435
88839,0,2,1,0.500,76402,79662,3.284,4.700,15.435
88879,0,2,1,0.500,71726,68519,3.284,4.800,15.763
88919,0,2,1,0.500,29655,21407,3.284,4.800,15.763
88959,0,2,1,0.500,7024,4904,3.284,4.800,15.763
88999,0,2,1,0.500,10821,8163,3.284,4.500,14.778
89039,0,2,1,0.500,63210,60690,3.284,4.500,14.778
89079,0,2,1,0.500,74151,73741,3.284,4.800,15.763
89119,0,2,1,0.500,51893,43130,3.284,4.800,15.763
89159,0,2,1,0.500,13708,9716,3.284,4.800,15.763
89199,0,2,1,0.500,13109,9437,3.284,4.800,15.763
89239,0,2,1,0.500,67828,61177,3.284,4.800,15.763
89280,0,2,1,0.500,72350,69212,3.284,4.400,14.450
89319,0,2,1,0.500,55264,44246,3.284,4.400,14.450
89359,0,2,1,0.500,15960,11227,3.284,4.400,14.450
89400,0,2,1,0.500,13295,9550,3.284,4.600,15.106
89439,0,2,1,0.500,27148,19866,3.284,4.600,15.106
89480,0,2,1,0.500,17216,12410,3.284,4.600,15.106
89520,0,2,1,0.500,9989,7206,3.284,4.600,15.106
89559,0,2,1,0.500,8464,6147,3.284,4.600,15.106
89600,0,2,1,0.500,7260,5292,3.284,4.400,14.450
89640,0,2,1,0.500,6289,4631,3.284,4.400,14.450
89679,0,2,1,0.500,6273,4711,3.284,4.600,15.106
89720,0,2,1,0.500,6825,5188,3.284,4.600,15.106
89760,0,2,1,0.500,7785,5907,3.284,4.600,15.106
89799,0,2,1,0.500,12586,9327,3.288,4.400,14.467
89840,0,2,1,0.500,20699,15191,3.288,4.400,14.467
89880,0,2,1,0.500,38393,28700,3.284,4.800,15.763
89919,0,2,1,0.500,45104,34331,3.284,4.800,15.763
89960,0,2,1,0.500,31856,24006,3.284,4.800,15.763
90000,0,2,1,0.500,19097,14000,3.288,4.800,15.782
90040,0,2,1,0.500,11017,7923,3.288,4.800,15.782
90080,0,2,1,0.500,7244,5219,3.288,4.500,14.796
90120,0,2,1,0.500,6914,5031,3.288,4.500,14.796
90160,0,2,1,0.500,7778,5608,3.288,4.500,14.796
90200,0,2,1,0.500,6490,4551,3.288,4.500,14.796
90240,0,2,1,0.500,7082,4974,3.288,4.500,14.796
90280,0,2,1,0.500,13310,9106,3.288,4.500,14.796
90320,0,2,1,0.500,17274,12336,3.288,4.500,14.796
90360,0,2,1,0.500,49886,38594,3.288,4.500,14.796
90400,0,2,1,0.500,75467,74454,3.288,4.800,15.782
90440,0,2,1,0.500,77527,77944,3.288,4.800,15.782
90480,0,2,1,0.500,77474,77823,3.284,4.700,15.435
90520,0,2,1,0.500,39845,30647,3.284,4.700,15.435
90560,0,2,1,0.500,10018,7134,3.284,4.700,15.435
90600,0,2,1,0.500,55395,47743,3.288,4.500,14.796
90640,0,2,1,0.500,78141,79482,3.288,4.500,14.796
90680,0,2,1,0.500,79115,81480,3.284,4.600,15.106
90720,0,2,1,0.500,77290,77847,3.284,4.600,15.106
90760,0,2,1,0.500,47442,36447,3.284,4.600,15.106
90800,0,2,1,0.500,16707,9279,3.288,4.300,14.138
90840,0,2,1,0.500,9109,4620,3.288,4.300,14.138
