190,0,2,1,0.500,72144,74003,3.276,3.800,12.449
230,0,2,1,0.500,77505,81229,3.276,3.800,12.449
270,0,2,1,0.500,77615,81474,3.264,4.800,15.667
310,0,2,1,0.500,77748,81757,3.264,4.800,15.667
350,0,2,1,0.500,77927,81806,3.264,4.800,15.667
390,0,2,1,0.500,78052,81991,3.264,4.900,15.994
430,0,2,1,0.500,78391,82637,3.264,4.900,15.994
470,0,2,1,0.500,78729,83375,3.264,4.700,15.341
510,0,2,1,0.500,79308,84557,3.264,4.700,15.341
550,0,2,1,0.500,79907,85779,3.264,4.700,15.341
590,0,2,1,0.500,80390,86779,3.264,4.700,15.341
630,0,2,1,0.500,80757,87475,3.264,4.700,15.341
670,0,2,1,0.500,81045,88090,3.264,4.800,15.667
710,0,2,1,0.500,81215,88433,3.264,4.800,15.667
750,0,2,1,0.500,81293,88538,3.264,4.800,15.667
790,0,2,1,0.500,81046,87991,3.264,4.800,15.667
830,0,2,1,0.500,80772,87330,3.264,4.800,15.667
870,0,2,1,0.500,80798,87344,3.264,4.700,15.341
910,0,2,1,0.500,81136,87994,3.264,4.700,15.341
950,0,2,1,0.500,81508,88756,3.264,4.700,15.341
990,0,2,1,0.500,81864,89620,3.264,4.600,15.014
1030,0,2,1,0.500,81249,89020,3.264,4.600,15.014
1070,0,2,1,0.500,78833,80764,3.264,4.500,14.688
1110,0,2,1,0.500,58418,47742,3.264,4.500,14.688
1150,0,2,1,0.500,67498,58998,3.264,4.500,14.688
1190,0,2,1,0.500,76094,77649,3.264,4.800,15.667
1230,0,2,1,0.500,77526,80615,3.264,4.800,15.667
1270,0,2,1,0.500,78538,82546,3.268,4.700,15.360
1310,0,2,1,0.500,78810,83271,3.268,4.700,15.360
1350,0,2,1,0.500,78232,82116,3.268,4.700,15.360
1390,0,2,1,0.500,78880,83579,3.264,4.600,15.014
1430,0,2,1,0.500,81180,87947,3.264,4.600,15.014
1470,0,2,1,0.500,81578,89577,3.260,5.000,16.300
1510,0,2,1,0.500,81365,90075,3.260,5.000,16.300
1550,0,2,1,0.500,81265,90138,3.260,5.000,16.300
1590,0,2,1,0.500,81188,90146,3.264,4.800,15.667
1630,0,2,1,0.500,81523,90946,3.264,4.800,15.667
1670,0,2,1,0.500,81503,90963,3.264,4.700,15.341
1710,0,2,1,0.500,81087,90034,3.264,4.700,15.341
1750,0,2,1,0.500,80030,88167,3.264,4.700,15.341
1790,0,2,1,0.500,78184,84332,3.264,5.100,16.646
1830,0,2,1,0.500,76195,76907,3.264,5.100,16.646
1870,0,2,1,0.500,76332,76347,3.260,4.800,15.648
1910,0,2,1,0.500,76865,77856,3.260,4.800,15.648
1950,0,2,1,0.500,74590,65399,3.260,4.800,15.648
1990,0,2,1,0.500,53203,45201,3.264,4.400,14.362
2030,0,2,1,0.500,75120,72587,3.264,4.400,14.362
2070,0,2,1,0.500,80339,83581,3.264,4.500,14.688
2110,0,2,1,0.500,82868,89353,3.264,4.500,14.688
2150,0,2,1,0.500,84214,92585,3.264,4.500,14.688
2190,0,2,1,0.500,85643,95753,3.264,4.500,14.688
2230,0,2,1,0.500,86881,98445,3.264,4.500,14.688
2270,0,2,1,0.500,87435,99616,3.264,4.900,15.994
2310,0,2,1,0.500,87661,99997,3.264,4.900,15.994
2350,0,2,1,0.500,87544,99645,3.264,4.900,15.994
2390,0,2,1,0.500,86865,97473,3.264,4.500,14.688
2430,0,2,1,0.500,62524,60097,3.264,4.500,14.688
2470,0,2,1,0.500,18617,14118,3.260,4.500,14.670
2510,0,2,1,0.500,16708,12772,3.260,4.500,14.670
2550,0,2,1,0.500,26405,21019,3.260,4.500,14.670
2590,0,2,1,0.500,62411,56159,3.268,4.700,15.360
2630,0,2,1,0.500,66344,57781,3.268,4.700,15.360
2670,0,2,1,0.500,72770,66450,3.268,4.400,14.379
2710,0,2,1,0.500,73645,72840,3.268,4.400,14.379
2750,0,2,1,0.500,72482,64108,3.268,4.400,14.379
2790,0,2,1,0.500,66326,56381,3.264,4.600,15.014
2830,0,2,1,0.500,35478,31998,3.264,4.600,15.014
2870,0,2,1,0.500,10382,13345,3.264,4.500,14.688
2910,0,2,1,0.500,19743,24483,3.264,4.500,14.688
2950,0,2,1,0.500,44805,45521,3.264,4.500,14.688
2990,0,2,1,0.500,71040,64043,3.264,4.600,15.014
3030,0,2,1,0.500,72481,71534,3.264,4.600,15.014
3070,0,2,1,0.500,73566,66646,3.260,4.700,15.322
3110,0,2,1,0.500,51059,36945,3.260,4.700,15.322
3150,0,2,1,0.500,37756,25932,3.260,4.700,15.322
3190,0,2,1,0.500,55030,41800,3.264,4.600,15.014
3230,0,2,1,0.500,59067,44702,3.264,4.600,15.014
3270,0,2,1,0.500,33844,21989,3.264,4.300,14.035
3310,0,2,1,0.500,24813,15246,3.264,4.300,14.035
3350,0,2,1,0.500,29852,19760,3.264,4.300,14.035
3390,0,2,1,0.500,47797,37431,3.260,4.800,15.648
3430,0,2,1,0.500,66554,60860,3.260,4.800,15.648
3470,0,2,1,0.500,48052,37051,3.260,4.600,14.996
3510,0,2,1,0.500,34391,23627,3.260,4.600,14.996
3550,0,2,1,0.500,41412,31005,3.260,4.600,14.996
3590,0,2,1,0.500,49538,38640,3.264,4.600,15.014
3630,0,2,1,0.500,59828,48174,3.264,4.600,15.014
3670,0,2,1,0.500,71124,59869,3.264,4.300,14.035
3710,0,2,1,0.500,73422,58194,3.264,4.300,14.035
3750,0,2,1,0.500,70053,56510,3.264,4.300,14.035
3790,0,2,1,0.500,71149,70184,3.264,4.500,14.688
3830,0,2,1,0.500,73240,70356,3.264,4.500,14.688
3870,0,2,1,0.500,50544,50044,3.264,4.500,14.688
3910,0,2,1,0.500,58398,55243,3.264,4.500,14.688
3950,0,2,1,0.500,67867,59714,3.264,4.500,14.688
3990,0,2,1,0.500,71607,61503,3.264,4.600,15.014
4030,0,2,1,0.500,75093,66225,3.264,4.600,15.014
4070,0,2,1,0.500,78857,72615,3.264,4.700,15.341
4110,0,2,1,0.500,78777,71346,3.264,4.700,15.341
4150,0,2,1,0.500,70487,59125,3.264,4.700,15.341
4190,0,2,1,0.500,61473,48766,3.264,4.700,15.341
4230,0,2,1,0.500,65630,54180,3.264,4.700,15.341
4270,0,2,1,0.500,78888,70999,3.264,4.600,15.014
4310,0,2,1,0.500,78377,80017,3.264,4.600,15.014
4350,0,2,1,0.500,76921,79305,3.264,4.600,15.014
4390,0,2,1,0.500,80390,79321,3.268,4.500,14.706
4430,0,2,1,0.500,83230,74374,3.268,4.500,14.706
4470,0,2,1,0.500,79652,72173,3.264,4.400,14.362
4510,0,2,1,0.500,78970,77364,3.264,4.400,14.362
4550,0,2,1,0.500,73583,75443,3.264,4.400,14.362
4590,0,2,1,0.500,57846,63079,3.264,4.700,15.341
4630,0,2,1,0.500,33436,40904,3.264,4.700,15.341
4670,0,2,1,0.500,24792,32253,3.260,4.600,14.996
4710,0,2,1,0.500,22289,30069,3.260,4.600,14.996
4750,0,2,1,0.500,35509,42988,3.260,4.600,14.996
4790,0,2,1,0.500,62621,63667,3.260,4.500,14.670
4830,0,2,1,0.500,70025,68178,3.260,4.500,14.670
4870,0,2,1,0.500,79633,74339,3.264,4.500,14.688
4910,0,2,1,0.500,77312,74732,3.264,4.500,14.688
4950,0,2,1,0.500,74808,72174,3.264,4.500,14.688
4990,0,2,1,0.500,73489,73368,3.264,4.800,15.667
5030,0,2,1,0.500,76285,77904,3.264,4.800,15.667
5070,0,2,1,0.500,79040,83407,3.264,4.500,14.688
5110,0,2,1,0.500,80904,87372,3.264,4.500,14.688
5150,0,2,1,0.500,81628,89493,3.264,4.500,14.688
5190,0,2,1,0.500,81960,90802,3.260,4.600,14.996
5230,0,2,1,0.500,82406,92102,3.260,4.600,14.996
5270,0,2,1,0.500,82424,92480,3.264,4.800,15.667
5310,0,2,1,0.500,82550,92849,3.264,4.800,15.667
5350,0,2,1,0.500,82752,93382,3.264,4.800,15.667
5390,0,2,1,0.500,82767,93426,3.260,5.000,16.300
5430,0,2,1,0.500,82489,92739,3.260,5.000,16.300
5470,0,2,1,0.500,81961,91087,3.260,4.800,15.648
5510,0,2,1,0.500,81975,90014,3.260,4.800,15.648
5550,0,2,1,0.500,71727,71037,3.260,4.800,15.648
5590,0,2,1,0.500,55459,43056,3.264,4.700,15.341
5630,0,2,1,0.500,45753,33969,3.264,4.700,15.341
5670,0,2,1,0.500,28291,20441,3.260,4.500,14.670
5710,0,2,1,0.500,23997,17776,3.260,4.500,14.670
5750,0,2,1,0.500,32877,25554,3.260,4.500,14.670
5790,0,2,1,0.500,46734,38001,3.264,4.800,15.667
5830,0,2,1,0.500,70870,67717,3.264,4.800,15.667
5870,0,2,1,0.500,77202,80235,3.264,4.700,15.341
5910,0,2,1,0.500,79859,85826,3.264,4.700,15.341
5950,0,2,1,0.500,81719,90591,3.264,4.700,15.341
5990,0,2,1,0.500,82670,93482,3.264,4.700,15.341
6030,0,2,1,0.500,83129,94464,3.264,4.700,15.341
6070,0,2,1,0.500,83320,94932,3.260,4.700,15.322
6110,0,2,1,0.500,83519,95088,3.260,4.700,15.322
6150,0,2,1,0.500,83456,94912,3.260,4.700,15.322
6190,0,2,1,0.500,83513,95193,3.260,5.100,16.626
6230,0,2,1,0.500,83220,95233,3.260,5.100,16.626
6270,0,2,1,0.500,82931,95200,3.264,4.500,14.688
6310,0,2,1,0.500,82772,94986,3.264,4.500,14.688
6350,0,2,1,0.500,82736,95041,3.264,4.500,14.688
6390,0,2,1,0.500,82714,95057,3.260,4.800,15.648
6430,0,2,1,0.500,82697,95063,3.260,4.800,15.648
6470,0,2,1,0.500,82753,95152,3.260,4.800,15.648
6510,0,2,1,0.500,82646,95000,3.260,4.800,15.648
6550,0,2,1,0.500,82360,94474,3.260,4.800,15.648
6590,0,2,1,0.500,82108,93825,3.260,5.000,16.300
6630,0,2,1,0.500,82128,93338,3.260,5.000,16.300
6670,0,2,1,0.500,81897,91872,3.264,4.800,15.667
6710,0,2,1,0.500,81908,90512,3.264,4.800,15.667
6750,0,2,1,0.500,81362,89296,3.264,4.800,15.667
6790,0,2,1,0.500,80512,87841,3.264,4.400,14.362
6830,0,2,1,0.500,79523,83851,3.264,4.400,14.362
6870,0,2,1,0.500,81468,80882,3.264,4.300,14.035
6910,0,2,1,0.500,80028,74977,3.264,4.300,14.035
6950,0,2,1,0.500,75678,70067,3.264,4.300,14.035
6990,0,2,1,0.500,70313,63451,3.264,4.700,15.341
7030,0,2,1,0.500,62183,51481,3.264,4.700,15.341
7070,0,2,1,0.500,59177,47738,3.264,4.500,14.688
7110,0,2,1,0.500,58734,47466,3.264,4.500,14.688
7150,0,2,1,0.500,48166,34722,3.264,4.500,14.688
7190,0,2,1,0.500,57480,45777,3.260,4.400,14.344
7230,0,2,1,0.500,69356,66110,3.260,4.400,14.344
7269,0,2,1,0.500,74100,74370,3.264,4.600,15.014
7310,0,2,1,0.500,76800,79731,3.264,4.600,15.014
7350,0,2,1,0.500,76657,80462,3.264,4.600,15.014
7389,0,2,1,0.500,75475,78409,3.260,4.600,14.996
7430,0,2,1,0.500,73989,76133,3.260,4.600,14.996
7470,0,2,1,0.500,77097,81994,3.264,4.700,15.341
7510,0,2,1,0.500,78896,85679,3.264,4.700,15.341
7550,0,2,1,0.500,80050,88233,3.264,4.700,15.341
7589,0,2,1,0.500,80774,89827,3.260,4.700,15.322
7630,0,2,1,0.500,81159,90671,3.260,4.700,15.322
7670,0,2,1,0.500,81512,91260,3.260,4.700,15.322
7709,0,2,1,0.500,81537,91393,3.260,4.700,15.322
7750,0,2,1,0.500,81415,91251,3.260,4.700,15.322
7790,0,2,1,0.500,81511,91404,3.260,4.800,15.648
7829,0,2,1,0.500,81666,91722,3.260,4.800,15.648
7870,0,2,1,0.500,81698,91849,3.260,4.700,15.322
7909,0,2,1,0.500,81790,91915,3.260,4.700,15.322
7949,0,2,1,0.500,81671,91782,3.260,4.700,15.322
7990,0,2,1,0.500,81159,90885,3.260,4.800,15.648
8029,0,2,1,0.500,80624,89820,3.260,4.800,15.648
8070,0,2,1,0.500,80073,88233,3.264,4.800,15.667
8110,0,2,1,0.500,79047,86246,3.264,4.800,15.667
8149,0,2,1,0.500,79261,86429,3.264,4.800,15.667
8190,0,2,1,0.500,80080,85479,3.264,4.600,15.014
8230,0,2,1,0.500,72100,65898,3.264,4.600,15.014
8270,0,2,1,0.500,50627,41044,3.264,4.500,14.688
8310,0,2,1,0.500,35123,28060,3.264,4.500,14.688
8350,0,2,1,0.500,39711,33024,3.264,4.500,14.688
8390,0,2,1,0.500,62114,52877,3.264,4.500,14.688
8430,0,2,1,0.500,70811,64803,3.264,4.500,14.688
8470,0,2,1,0.500,70007,66374,3.260,4.600,14.996
8510,0,2,1,0.500,69166,65587,3.260,4.600,14.996
8550,0,2,1,0.500,71686,69406,3.260,4.600,14.996
8590,0,2,1,0.500,76924,77995,3.260,4.700,15.322
8630,0,2,1,0.500,80629,84778,3.260,4.700,15.322
8669,0,2,1,0.500,82819,89232,3.260,4.700,15.322
8710,0,2,1,0.500,84259,91930,3.260,4.700,15.322
8750,0,2,1,0.500,85459,93701,3.260,4.700,15.322
8790,0,2,1,0.500,86093,94698,3.256,4.900,15.954
8830,0,2,1,0.500,86679,95616,3.256,4.900,15.954
8869,0,2,1,0.500,86940,95996,3.256,4.700,15.303
8910,0,2,1,0.500,86901,95952,3.256,4.700,15.303
8950,0,2,1,0.500,86795,95769,3.256,4.700,15.303
8989,0,2,1,0.500,86203,94977,3.260,4.800,15.648
9030,0,2,1,0.500,85281,93757,3.260,4.800,15.648
9069,0,2,1,0.500,84080,92086,3.260,4.900,15.974
9109,0,2,1,0.500,82552,89465,3.260,4.900,15.974
9150,0,2,1,0.500,80544,85596,3.260,4.900,15.974
9189,0,2,1,0.500,76816,69424,3.268,4.500,14.706
9229,0,2,1,0.500,65833,57115,3.268,4.500,14.706
9269,0,2,1,0.500,77053,68598,3.260,4.800,15.648
9309,0,2,1,0.500,75020,65560,3.260,4.800,15.648
9350,0,2,1,0.500,71943,61332,3.260,4.800,15.648
9389,0,2,1,0.500,70374,59895,3.260,4.600,14.996
9429,0,2,1,0.500,71382,61339,3.260,4.600,14.996
9470,0,2,1,0.500,77111,68930,3.260,4.600,14.996
9509,0,2,1,0.500,77073,70861,3.260,4.600,14.996
9549,0,2,1,0.500,79760,75051,3.260,4.600,14.996
9589,0,2,1,0.500,79762,74772,3.264,4.700,15.341
9629,0,2,1,0.500,76339,67919,3.264,4.700,15.341
9670,0,2,1,0.500,73556,70609,3.264,4.500,14.688
9709,0,2,1,0.500,74887,74611,3.264,4.500,14.688
9749,0,2,1,0.500,74786,74258,3.264,4.500,14.688
9790,0,2,1,0.500,75151,75556,3.264,4.700,15.341
9829,0,2,1,0.500,73531,72010,3.264,4.700,15.341
9870,0,2,1,0.500,72224,68804,3.264,4.500,14.688
9910,0,2,1,0.500,68276,62710,3.264,4.500,14.688
9949,0,2,1,0.500,66321,61941,3.264,4.500,14.688
9990,0,2,1,0.500,64466,60128,3.264,4.400,14.362
10030,0,2,1,0.500,66606,64966,3.264,4.400,14.362
10070,0,2,1,0.500,73746,77971,3.264,4.400,14.362
10110,0,2,1,0.500,75573,80987,3.264,4.400,14.362
10149,0,2,1,0.500,78045,84545,3.264,4.400,14.362
10190,0,2,1,0.500,79182,86231,3.264,4.400,14.362
10230,0,2,1,0.500,80321,88268,3.264,4.400,14.362
10269,0,2,1,0.500,81188,90200,3.264,4.700,15.341
10310,0,2,1,0.500,81384,90772,3.264,4.700,15.341
10349,0,2,1,0.500,81399,90946,3.264,4.700,15.341
10390,0,2,1,0.500,81266,90642,3.264,4.400,14.362
10430,0,2,1,0.500,80924,89751,3.264,4.400,14.362
10469,0,2,1,0.500,81160,89546,3.260,4.600,14.996
10510,0,2,1,0.500,81732,90375,3.260,4.600,14.996
10549,0,2,1,0.500,80784,89216,3.260,4.600,14.996
10590,0,2,1,0.500,78180,79290,3.264,4.700,15.341
10630,0,2,1,0.500,63722,55582,3.264,4.700,15.341
10669,0,2,1,0.500,75450,71366,3.256,4.400,14.326
10710,0,2,1,0.500,71714,69956,3.256,4.400,14.326
10749,0,2,1,0.500,70844,69637,3.256,4.400,14.326
10790,0,2,1,0.500,76529,77342,3.260,4.500,14.670
10830,0,2,1,0.500,80863,84927,3.260,4.500,14.670
10869,0,2,1,0.500,79964,86771,3.260,4.700,15.322
10910,0,2,1,0.500,54597,49507,3.260,4.700,15.322
10949,0,2,1,0.500,41504,30717,3.260,4.700,15.322
10989,0,2,1,0.500,44974,33980,3.260,4.500,14.670
11030,0,2,1,0.500,47677,37727,3.260,4.500,14.670
11069,0,2,1,0.500,56540,50849,3.264,4.600,15.014
11110,0,2,1,0.500,63563,62351,3.264,4.600,15.014
11150,0,2,1,0.500,52736,45223,3.264,4.600,15.014
11189,0,2,1,0.500,26280,16998,3.264,4.500,14.688
11230,0,2,1,0.500,26442,17900,3.264,4.500,14.688
11269,0,2,1,0.500,44839,31531,3.264,4.500,14.688
11309,0,2,1,0.500,49834,36858,3.264,4.500,14.688
11350,0,2,1,0.500,53356,40825,3.264,4.500,14.688
11389,0,2,1,0.500,55199,41581,3.260,4.300,14.018
11429,0,2,1,0.500,61356,50945,3.260,4.300,14.018
11469,0,2,1,0.500,65143,55491,3.264,4.600,15.014
11509,0,2,1,0.500,69047,55557,3.264,4.600,15.014
11550,0,2,1,0.500,69205,58859,3.264,4.600,15.014
11589,0,2,1,0.500,72915,63162,3.264,4.300,14.035
11629,0,2,1,0.500,74989,67127,3.264,4.300,14.035
11669,0,2,1,0.500,72756,65833,3.260,4.600,14.996
11709,0,2,1,0.500,73261,63580,3.260,4.600,14.996
11750,0,2,1,0.500,70086,58781,3.260,4.600,14.996
11789,0,2,1,0.500,72871,65711,3.264,4.500,14.688
11829,0,2,1,0.500,71089,64899,3.264,4.500,14.688
11869,0,2,1,0.500,69421,64970,3.264,4.600,15.014
11909,0,2,1,0.500,67879,67560,3.264,4.600,15.014
11949,0,2,1,0.500,69010,66333,3.264,4.600,15.014
11989,0,2,1,0.500,70872,67113,3.264,4.600,15.014
12029,0,2,1,0.500,70944,67629,3.264,4.600,15.014
12070,0,2,1,0.500,74640,69609,3.260,4.700,15.322
12109,0,2,1,0.500,77257,69995,3.260,4.700,15.322
12149,0,2,1,0.500,79898,73086,3.260,4.700,15.322
12189,0,2,1,0.500,76807,73405,3.264,4.600,15.014
12229,0,2,1,0.500,76164,74096,3.264,4.600,15.014
12270,0,2,1,0.500,79731,74602,3.264,4.400,14.362
12309,0,2,1,0.500,81821,73531,3.264,4.400,14.362
12349,0,2,1,0.500,67778,60000,3.264,4.400,14.362
12390,0,2,1,0.500,34835,32986,3.264,4.600,15.014
12429,0,2,1,0.500,37918,34701,3.264,4.600,15.014
12470,0,2,1,0.500,54566,52516,3.264,4.500,14.688
12510,0,2,1,0.500,61826,63099,3.264,4.500,14.688
12549,0,2,1,0.500,79889,79345,3.264,4.500,14.688
12590,0,2,1,0.500,79723,79433,3.264,4.700,15.341
12630,0,2,1,0.500,76807,77601,3.264,4.700,15.341
12669,0,2,1,0.500,76421,77219,3.260,4.500,14.670
12710,0,2,1,0.500,79168,77940,3.260,4.500,14.670
12749,0,2,1,0.500,73016,73323,3.260,4.500,14.670
12790,0,2,1,0.500,72855,73184,3.260,4.700,15.322
12830,0,2,1,0.500,74420,74094,3.260,4.700,15.322
12870,0,2,1,0.500,69932,70122,3.260,4.300,14.018
12910,0,2,1,0.500,78030,72523,3.260,4.300,14.018
12949,0,2,1,0.500,57586,42697,3.260,4.300,14.018
12990,0,2,1,0.500,52668,37744,3.264,4.500,14.688
13030,0,2,1,0.500,66157,56877,3.264,4.500,14.688
13069,0,2,1,0.500,77459,72438,3.264,4.400,14.362
13110,0,2,1,0.500,70500,62121,3.264,4.400,14.362
13150,0,2,1,0.500,54589,40391,3.264,4.400,14.362
13190,0,2,1,0.500,33519,22566,3.264,4.700,15.341
13230,0,2,1,0.500,45500,34684,3.264,4.700,15.341
13269,0,2,1,0.500,58250,53638,3.264,4.500,14.688
13310,0,2,1,0.500,53866,54717,3.264,4.500,14.688
13350,0,2,1,0.500,68192,54495,3.264,4.500,14.688
13389,0,2,1,0.500,54909,41180,3.268,4.500,14.706
13430,0,2,1,0.500,59861,48303,3.268,4.500,14.706
13469,0,2,1,0.500,71119,68288,3.268,4.700,15.360
13510,0,2,1,0.500,77360,74335,3.268,4.700,15.360
13550,0,2,1,0.500,65880,61413,3.268,4.700,15.360
13589,0,2,1,0.500,54299,47405,3.268,4.500,14.706
13630,0,2,1,0.500,51723,40212,3.268,4.500,14.706
13669,0,2,1,0.500,67897,54518,3.264,4.700,15.341
13709,0,2,1,0.500,70522,57382,3.264,4.700,15.341
13750,0,2,1,0.500,60243,55281,3.264,4.700,15.341
13789,0,2,1,0.500,53944,47172,3.264,4.400,14.362
13829,0,2,1,0.500,56906,49533,3.264,4.400,14.362
13870,0,2,1,0.500,60275,47922,3.264,4.300,14.035
13909,0,2,1,0.500,73904,67970,3.264,4.300,14.035
13950,0,2,1,0.500,80754,71099,3.264,4.300,14.035
13989,0,2,1,0.500,76318,66564,3.264,4.700,15.341
14029,0,2,1,0.500,71617,59506,3.264,4.700,15.341
14070,0,2,1,0.500,69785,61821,3.264,4.500,14.688
14109,0,2,1,0.500,77577,71914,3.264,4.500,14.688
14150,0,2,1,0.500,81036,76532,3.264,4.500,14.688
14189,0,2,1,0.500,79499,70807,3.264,4.500,14.688
14229,0,2,1,0.500,46957,32822,3.264,4.500,14.688
14270,0,2,1,0.500,41848,30063,3.264,4.500,14.688
14309,0,2,1,0.500,80650,70074,3.264,4.500,14.688
14349,0,2,1,0.500,75696,76159,3.264,4.500,14.688
14390,0,2,1,0.500,60210,47780,3.264,4.400,14.362
14429,0,2,1,0.500,26736,16215,3.264,4.400,14.362
14470,0,2,1,0.500,28912,18006,3.264,4.600,15.014
14509,0,2,1,0.500,64146,58598,3.264,4.600,15.014
14549,0,2,1,0.500,69364,70502,3.264,4.600,15.014
14590,0,2,1,0.500,69523,69469,3.264,4.400,14.362
14629,0,2,1,0.500,38089,26632,3.264,4.400,14.362
14670,0,2,1,0.500,31513,21454,3.264,4.700,15.341
14710,0,2,1,0.500,69154,57008,3.264,4.700,15.341
14749,0,2,1,0.500,82382,74685,3.264,4.700,15.341
14790,0,2,1,0.500,49679,42474,3.264,4.200,13.709
14830,0,2,1,0.500,14877,9310,3.264,4.200,13.709
14870,0,2,1,0.500,27562,19820,3.264,4.700,15.341
14910,0,2,1,0.500,68878,59909,3.264,4.700,15.341
14950,0,2,1,0.500,73363,64912,3.264,4.700,15.341
14990,0,2,1,0.500,62987,49187,3.264,4.200,13.709
15030,0,2,1,0.500,49318,36238,3.264,4.200,13.709
15069,0,2,1,0.500,75797,63041,3.268,4.300,14.052
15110,0,2,1,0.500,82314,73248,3.268,4.300,14.052
15150,0,2,1,0.500,84010,75930,3.268,4.300,14.052
15190,0,2,1,0.500,78961,67397,3.264,4.900,15.994
15230,0,2,1,0.500,60764,47649,3.264,4.900,15.994
15269,0,2,1,0.500,59714,47529,3.264,4.600,15.014
15310,0,2,1,0.500,65800,53874,3.264,4.600,15.014
15350,0,2,1,0.500,70786,60331,3.264,4.600,15.014
15390,0,2,1,0.500,72898,64341,3.264,4.400,14.362
15430,0,2,1,0.500,75206,65865,3.264,4.400,14.362
15469,0,2,1,0.500,69403,59032,3.264,4.800,15.667
15510,0,2,1,0.500,80257,68571,3.264,4.800,15.667
15550,0,2,1,0.500,65724,53615,3.264,4.800,15.667
15590,0,2,1,0.500,48458,40196,3.260,4.800,15.648
15630,0,2,1,0.500,64209,58019,3.260,4.800,15.648
15669,0,2,1,0.500,50012,50482,3.264,4.400,14.362
15710,0,2,1,0.500,42536,40615,3.264,4.400,14.362
15750,0,2,1,0.500,16524,13237,3.264,4.400,14.362
15789,0,2,1,0.500,12423,11112,3.256,4.500,14.652
15830,0,2,1,0.500,12949,12831,3.256,4.500,14.652
15870,0,2,1,0.500,12356,13319,3.260,4.700,15.322
15910,0,2,1,0.500,12534,12660,3.260,4.700,15.322
15950,0,2,1,0.500,31427,29665,3.260,4.700,15.322
15989,0,2,1,0.500,66353,53645,3.264,4.700,15.341
16030,0,2,1,0.500,58276,45749,3.264,4.700,15.341
16070,0,2,1,0.500,49434,37130,3.264,4.600,15.014
16109,0,2,1,0.500,14532,9513,3.264,4.600,15.014
16150,0,2,1,0.500,10733,7877,3.264,4.600,15.014
16190,0,2,1,0.500,13638,12281,3.260,4.500,14.670
16229,0,2,1,0.500,15537,15942,3.260,4.500,14.670
16270,0,2,1,0.500,7731,7489,3.264,4.400,14.362
16309,0,2,1,0.500,5103,5303,3.264,4.400,14.362
16350,0,2,1,0.500,5235,5393,3.264,4.400,14.362
16390,0,2,1,0.500,4765,4745,3.264,4.700,15.341
16429,0,2,1,0.500,5633,5303,3.264,4.700,15.341
16470,0,2,1,0.500,9450,8236,3.268,4.700,15.360
16510,0,2,1,0.500,29870,23202,3.268,4.700,15.360
16549,0,2,1,0.500,53160,41457,3.268,4.700,15.360
16590,0,2,1,0.500,60009,50054,3.260,4.700,15.322
16630,0,2,1,0.500,53653,43455,3.260,4.700,15.322
16670,0,2,1,0.500,47709,37436,3.260,4.300,14.018
16710,0,2,1,0.500,44263,33487,3.260,4.300,14.018
16750,0,2,1,0.500,18315,12358,3.260,4.300,14.018
16790,0,2,1,0.500,8358,5421,3.264,4.600,15.014
16830,0,2,1,0.500,13447,8400,3.264,4.600,15.014
16870,0,2,1,0.500,4179,2060,3.260,4.500,14.670
16910,0,2,1,0.500,474,481,3.260,4.500,14.670
16950,0,2,1,0.500,466,474,3.260,4.500,14.670
16989,0,2,1,0.500,527,503,3.268,4.800,15.686
17030,0,2,1,0.500,1148,724,3.268,4.800,15.686
17070,0,2,1,0.500,2587,1509,3.268,4.400,14.379
17109,0,2,1,0.500,5724,2900,3.268,4.400,14.379
17150,0,2,1,0.500,8102,3962,3.268,4.400,14.379
17190,0,2,1,0.500,5524,2492,3.264,4.500,14.688
17229,0,2,1,0.500,3336,1356,3.264,4.500,14.688
17270,0,2,1,0.500,2327,950,3.264,4.600,15.014
17310,0,2,1,0.500,2575,1064,3.264,4.600,15.014
17349,0,2,1,0.500,2686,1127,3.264,4.600,15.014
17390,0,2,1,0.500,2427,1099,3.264,4.700,15.341
17430,0,2,1,0.500,10008,6234,3.264,4.700,15.341
17470,0,2,1,0.500,60389,51709,3.264,4.600,15.014
17510,0,2,1,0.500,70706,64475,3.264,4.600,15.014
17550,0,2,1,0.500,75889,70787,3.264,4.600,15.014
17590,0,2,1,0.500,82632,76118,3.264,4.400,14.362
17630,0,2,1,0.500,78166,72456,3.264,4.400,14.362
17670,0,2,1,0.500,71258,63826,3.264,4.700,15.341
17710,0,2,1,0.500,72346,72356,3.264,4.700,15.341
17750,0,2,1,0.500,74043,74706,3.264,4.700,15.341
17790,0,2,1,0.500,74106,74792,3.264,4.500,14.688
17830,0,2,1,0.500,73463,73909,3.264,4.500,14.688
17869,0,2,1,0.500,72588,72575,3.268,4.400,14.379
17910,0,2,1,0.500,68767,68998,3.268,4.400,14.379
17950,0,2,1,0.500,70856,71640,3.268,4.400,14.379
17990,0,2,1,0.500,72396,73084,3.264,4.700,15.341
18030,0,2,1,0.500,71724,73057,3.264,4.700,15.341
18070,0,2,1,0.500,75415,77262,3.260,4.600,14.996
18110,0,2,1,0.500,77572,80560,3.260,4.600,14.996
18150,0,2,1,0.500,77334,80984,3.260,4.600,14.996
18190,0,2,1,0.500,77616,81026,3.260,4.800,15.648
18230,0,2,1,0.500,78551,81882,3.260,4.800,15.648
18269,0,2,1,0.500,78424,82150,3.264,4.600,15.014
18310,0,2,1,0.500,78082,82122,3.264,4.600,15.014
18350,0,2,1,0.500,77955,82212,3.264,4.600,15.014
18390,0,2,1,0.500,77654,81952,3.260,4.600,14.996
18430,0,2,1,0.500,77640,81704,3.260,4.600,14.996
18469,0,2,1,0.500,79533,83369,3.256,4.500,14.652
18510,0,2,1,0.500,80870,84806,3.256,4.500,14.652
18550,0,2,1,0.500,80212,84515,3.256,4.500,14.652
18590,0,2,1,0.500,78723,83845,3.264,4.600,15.014
18630,0,2,1,0.500,76034,81243,3.264,4.600,15.014
18670,0,2,1,0.500,74531,78840,3.264,4.600,15.014
18710,0,2,1,0.500,72596,76165,3.264,4.600,15.014
18750,0,2,1,0.500,70583,73624,3.264,4.600,15.014
18790,0,2,1,0.500,70787,73281,3.264,4.700,15.341
18830,0,2,1,0.500,70864,73932,3.264,4.700,15.341
18870,0,2,1,0.500,70269,71689,3.268,4.500,14.706
18910,0,2,1,0.500,72457,72617,3.268,4.500,14.706
18950,0,2,1,0.500,69224,70798,3.268,4.500,14.706
18990,0,2,1,0.500,72482,73718,3.264,4.700,15.341
19030,0,2,1,0.500,75185,73963,3.264,4.700,15.341
19070,0,2,1,0.500,73209,72745,3.264,4.800,15.667
19110,0,2,1,0.500,72996,73347,3.264,4.800,15.667
19150,0,2,1,0.500,73545,74034,3.264,4.800,15.667
19190,0,2,1,0.500,74302,74665,3.268,4.600,15.033
19230,0,2,1,0.500,73214,74017,3.268,4.600,15.033
19270,0,2,1,0.500,71406,71870,3.268,4.300,14.052
19310,0,2,1,0.500,79593,75394,3.268,4.300,14.052
19350,0,2,1,0.500,84722,77837,3.268,4.300,14.052
19390,0,2,1,0.500,85843,76592,3.264,4.600,15.014
19430,0,2,1,0.500,85013,75163,3.264,4.600,15.014
19470,0,2,1,0.500,80509,70642,3.268,4.600,15.033
19510,0,2,1,0.500,72171,63378,3.268,4.600,15.033
19550,0,2,1,0.500,82527,72638,3.268,4.600,15.033
19590,0,2,1,0.500,85480,78604,3.264,4.300,14.035
19630,0,2,1,0.500,75023,75214,3.264,4.300,14.035
19670,0,2,1,0.500,74353,75145,3.264,4.800,15.667
19710,0,2,1,0.500,71570,71880,3.264,4.800,15.667
19750,0,2,1,0.500,55930,46657,3.264,4.800,15.667
19790,0,2,1,0.500,38154,25956,3.264,4.800,15.667
19830,0,2,1,0.500,41131,28048,3.264,4.800,15.667
19870,0,2,1,0.500,73493,59534,3.264,4.400,14.362
19910,0,2,1,0.500,75985,64837,3.264,4.400,14.362
19950,0,2,1,0.500,46594,43795,3.264,4.400,14.362
19990,0,2,1,0.500,38388,39425,3.264,4.700,15.341
20030,0,2,1,0.500,40905,42642,3.264,4.700,15.341
20070,0,2,1,0.500,39706,41147,3.264,4.400,14.362
20110,0,2,1,0.500,47489,45951,3.264,4.400,14.362
20150,0,2,1,0.500,55176,47875,3.264,4.400,14.362
20190,0,2,1,0.500,62290,51483,3.268,4.800,15.686
20230,0,2,1,0.500,69423,65552,3.268,4.800,15.686
20270,0,2,1,0.500,66883,60784,3.268,4.300,14.052
20310,0,2,1,0.500,65756,53210,3.268,4.300,14.052
20350,0,2,1,0.500,63374,50424,3.268,4.300,14.052
20390,0,2,1,0.500,55583,50271,3.264,4.500,14.688
20430,0,2,1,0.500,36515,35295,3.264,4.500,14.688
20470,0,2,1,0.500,57632,55856,3.268,4.800,15.686
20510,0,2,1,0.500,76023,72355,3.268,4.800,15.686
20550,0,2,1,0.500,73162,69399,3.268,4.800,15.686
20590,0,2,1,0.500,67172,60436,3.268,4.300,14.052
20630,0,2,1,0.500,65094,54892,3.268,4.300,14.052
20670,0,2,1,0.500,70916,56468,3.264,4.600,15.014
20710,0,2,1,0.500,65606,55835,3.264,4.600,15.014
20750,0,2,1,0.500,62229,53434,3.264,4.600,15.014
20790,0,2,1,0.500,66562,57383,3.264,4.800,15.667
20830,0,2,1,0.500,76926,64007,3.264,4.800,15.667
20870,0,2,1,0.500,66655,57213,3.268,4.600,15.033
20910,0,2,1,0.500,74256,70667,3.268,4.600,15.033
20950,0,2,1,0.500,73368,75532,3.268,4.600,15.033
20990,0,2,1,0.500,75622,79538,3.264,4.500,14.688
21030,0,2,1,0.500,75254,78784,3.264,4.500,14.688
21070,0,2,1,0.500,77151,80509,3.264,4.600,15.014
21110,0,2,1,0.500,79351,82609,3.264,4.600,15.014
21150,0,2,1,0.500,81251,85345,3.264,4.600,15.014
21190,0,2,1,0.500,83219,88776,3.264,4.700,15.341
21230,0,2,1,0.500,83974,90765,3.264,4.700,15.341
21270,0,2,1,0.500,83423,90505,3.268,4.700,15.360
21310,0,2,1,0.500,80788,86124,3.268,4.700,15.360
21350,0,2,1,0.500,64955,58027,3.268,4.700,15.360
21390,0,2,1,0.500,57841,50054,3.264,4.600,15.014
21430,0,2,1,0.500,75612,78610,3.264,4.600,15.014
21470,0,2,1,0.500,74921,77591,3.264,4.400,14.362
21510,0,2,1,0.500,74099,76226,3.264,4.400,14.362
21550,0,2,1,0.500,73528,75201,3.264,4.400,14.362
21590,0,2,1,0.500,73086,74413,3.264,4.500,14.688
21630,0,2,1,0.500,72890,74134,3.264,4.500,14.688
21670,0,2,1,0.500,73483,72584,3.264,4.400,14.362
21710,0,2,1,0.500,79453,76775,3.264,4.400,14.362
21750,0,2,1,0.500,81041,79252,3.264,4.400,14.362
21790,0,2,1,0.500,78433,77927,3.268,4.400,14.379
21830,0,2,1,0.500,77531,77224,3.268,4.400,14.379
21870,0,2,1,0.500,77936,76684,3.268,4.800,15.686
21910,0,2,1,0.500,79512,76683,3.268,4.800,15.686
21950,0,2,1,0.500,84126,79031,3.268,4.800,15.686
21990,0,2,1,0.500,78265,65494,3.264,4.800,15.667
22030,0,2,1,0.500,80297,71036,3.264,4.800,15.667
22070,0,2,1,0.500,61950,50243,3.264,4.700,15.341
22110,0,2,1,0.500,36890,25445,3.264,4.700,15.341
22150,0,2,1,0.500,34973,24058,3.264,4.700,15.341
22190,0,2,1,0.500,49362,37035,3.268,4.300,14.052
22230,0,2,1,0.500,66919,55367,3.268,4.300,14.052
22270,0,2,1,0.500,78508,70814,3.260,4.800,15.648
22310,0,2,1,0.500,80457,69585,3.260,4.800,15.648
22350,0,2,1,0.500,65874,50276,3.260,4.800,15.648
22390,0,2,1,0.500,62109,46776,3.264,4.700,15.341
22430,0,2,1,0.500,67831,52894,3.264,4.700,15.341
22470,0,2,1,0.500,80527,68036,3.268,4.500,14.706
22510,0,2,1,0.500,86078,77804,3.268,4.500,14.706
22550,0,2,1,0.500,83290,72416,3.268,4.500,14.706
22590,0,2,1,0.500,58365,43388,3.268,4.500,14.706
22630,0,2,1,0.500,43516,30379,3.268,4.500,14.706
22670,0,2,1,0.500,47058,33326,3.264,4.600,15.014
22710,0,2,1,0.500,64570,49518,3.264,4.600,15.014
22750,0,2,1,0.500,84345,72948,3.264,4.600,15.014
22790,0,2,1,0.500,83020,77721,3.268,4.600,15.033
22830,0,2,1,0.500,82628,76797,3.268,4.600,15.033
22870,0,2,1,0.500,79272,75902,3.264,4.600,15.014
22910,0,2,1,0.500,83679,76579,3.264,4.600,15.014
22950,0,2,1,0.500,85546,76110,3.264,4.600,15.014
22990,0,2,1,0.500,70266,64870,3.268,4.600,15.033
23030,0,2,1,0.500,64994,62999,3.268,4.600,15.033
23070,0,2,1,0.500,71210,74453,3.268,4.500,14.706
23110,0,2,1,0.500,74361,79219,3.268,4.500,14.706
23150,0,2,1,0.500,79198,86040,3.268,4.500,14.706
23190,0,2,1,0.500,81679,91016,3.264,4.600,15.014
23230,0,2,1,0.500,82232,93051,3.264,4.600,15.014
23270,0,2,1,0.500,83233,94759,3.264,4.600,15.014
23310,0,2,1,0.500,84477,96710,3.264,4.600,15.014
23350,0,2,1,0.500,85146,97907,3.264,4.600,15.014
23390,0,2,1,0.500,85551,98485,3.264,4.500,14.688
23430,0,2,1,0.500,85713,98707,3.264,4.500,14.688
23470,0,2,1,0.500,85781,98765,3.264,4.800,15.667
23510,0,2,1,0.500,85881,98933,3.264,4.800,15.667
23550,0,2,1,0.500,85997,98992,3.264,4.800,15.667
23590,0,2,1,0.500,85643,98617,3.268,4.800,15.686
23630,0,2,1,0.500,84557,97017,3.268,4.800,15.686
23670,0,2,1,0.500,82550,87112,3.268,4.300,14.052
23710,0,2,1,0.500,34694,31966,3.268,4.300,14.052
23750,0,2,1,0.500,22452,19520,3.268,4.300,14.052
23790,0,2,1,0.500,14754,11893,3.264,4.600,15.014
23830,0,2,1,0.500,20932,16503,3.264,4.600,15.014
23870,0,2,1,0.500,38812,29664,3.264,4.600,15.014
23910,0,2,1,0.500,47409,35913,3.264,4.600,15.014
23950,0,2,1,0.500,65039,59768,3.264,4.600,15.014
23990,0,2,1,0.500,75705,76697,3.268,4.600,15.033
24030,0,2,1,0.500,79059,81985,3.268,4.600,15.033
24070,0,2,1,0.500,82345,88491,3.264,4.700,15.341
24110,0,2,1,0.500,83777,91763,3.264,4.700,15.341
24150,0,2,1,0.500,84547,93189,3.264,4.700,15.341
24190,0,2,1,0.500,84851,93742,3.260,4.900,15.974
24230,0,2,1,0.500,84627,93435,3.260,4.900,15.974
24270,0,2,1,0.500,84564,93386,3.260,4.900,15.974
24310,0,2,1,0.500,84561,93544,3.260,4.900,15.974
24350,0,2,1,0.500,84719,93959,3.260,4.900,15.974
24390,0,2,1,0.500,84931,94383,3.264,4.900,15.994
24430,0,2,1,0.500,85022,94636,3.264,4.900,15.994
24470,0,2,1,0.500,85151,94895,3.264,4.900,15.994
24510,0,2,1,0.500,85144,94936,3.264,4.900,15.994
24550,0,2,1,0.500,85230,95086,3.264,4.900,15.994
24590,0,2,1,0.500,85165,95062,3.260,5.100,16.626
24630,0,2,1,0.500,85213,95147,3.260,5.100,16.626
24670,0,2,1,0.500,85097,94983,3.260,5.000,16.300
24710,0,2,1,0.500,84842,94445,3.260,5.000,16.300
24750,0,2,1,0.500,84482,93677,3.260,5.000,16.300
24790,0,2,1,0.500,84250,93134,3.264,4.800,15.667
24830,0,2,1,0.500,83997,92525,3.264,4.800,15.667
24870,0,2,1,0.500,82992,90421,3.264,4.800,15.667
24910,0,2,1,0.500,81541,86815,3.264,4.800,15.667
24950,0,2,1,0.500,80334,84198,3.264,4.800,15.667
24990,0,2,1,0.500,80193,84216,3.268,4.600,15.033
25030,0,2,1,0.500,77039,79766,3.268,4.600,15.033
25070,0,2,1,0.500,79082,70993,3.264,4.800,15.667
25110,0,2,1,0.500,78161,69360,3.264,4.800,15.667
25150,0,2,1,0.500,74945,65205,3.264,4.800,15.667
25190,0,2,1,0.500,75648,66305,3.268,4.500,14.706
25230,0,2,1,0.500,76609,67886,3.268,4.500,14.706
25270,0,2,1,0.500,69570,59226,3.264,4.400,14.362
25310,0,2,1,0.500,58537,47844,3.264,4.400,14.362
25350,0,2,1,0.500,55925,46089,3.264,4.400,14.362
25390,0,2,1,0.500,55835,45482,3.268,4.500,14.706
25430,0,2,1,0.500,52680,42577,3.268,4.500,14.706
25470,0,2,1,0.500,51010,40616,3.264,4.700,15.341
25510,0,2,1,0.500,52775,41711,3.264,4.700,15.341
25550,0,2,1,0.500,53088,41816,3.264,4.700,15.341
25590,0,2,1,0.500,51044,40416,3.268,4.500,14.706
25630,0,2,1,0.500,52345,41768,3.268,4.500,14.706
25670,0,2,1,0.500,53936,42887,3.268,4.500,14.706
25710,0,2,1,0.500,56289,44799,3.268,4.500,14.706
25750,0,2,1,0.500,59444,47368,3.268,4.500,14.706
25790,0,2,1,0.500,60195,48078,3.264,4.700,15.341
25830,0,2,1,0.500,61001,48833,3.264,4.700,15.341
25870,0,2,1,0.500,60856,48876,3.268,4.600,15.033
25910,0,2,1,0.500,59763,48160,3.268,4.600,15.033
25950,0,2,1,0.500,59991,48215,3.268,4.600,15.033
25990,0,2,1,0.500,59474,47836,3.264,4.400,14.362
26030,0,2,1,0.500,60020,48584,3.264,4.400,14.362
26070,0,2,1,0.500,60000,48438,3.268,4.600,15.033
26110,0,2,1,0.500,66926,55666,3.268,4.600,15.033
26150,0,2,1,0.500,69881,64937,3.268,4.600,15.033
26190,0,2,1,0.500,73313,71620,3.268,4.500,14.706
26230,0,2,1,0.500,73430,71968,3.268,4.500,14.706
26270,0,2,1,0.500,73068,71335,3.264,4.600,15.014
26310,0,2,1,0.500,73849,72264,3.264,4.600,15.014
26350,0,2,1,0.500,74606,73624,3.264,4.600,15.014
26390,0,2,1,0.500,72819,71308,3.264,4.500,14.688
26430,0,2,1,0.500,72343,69709,3.264,4.500,14.688
26470,0,2,1,0.500,74757,70394,3.264,4.700,15.341
26510,0,2,1,0.500,79790,71460,3.264,4.700,15.341
26550,0,2,1,0.500,77843,68974,3.264,4.700,15.341
26590,0,2,1,0.500,77617,67957,3.268,4.400,14.379
26630,0,2,1,0.500,74938,69446,3.268,4.400,14.379
26670,0,2,1,0.500,74851,73817,3.268,4.500,14.706
26710,0,2,1,0.500,79829,83784,3.268,4.500,14.706
26750,0,2,1,0.500,83221,90420,3.268,4.500,14.706
26790,0,2,1,0.500,84224,92679,3.268,4.600,15.033
26830,0,2,1,0.500,84100,92682,3.268,4.600,15.033
26870,0,2,1,0.500,83569,91991,3.264,4.600,15.014
26910,0,2,1,0.500,82564,90718,3.264,4.600,15.014
26950,0,2,1,0.500,82291,90421,3.264,4.600,15.014
26990,0,2,1,0.500,82676,91153,3.264,4.500,14.688
27030,0,2,1,0.500,81838,90105,3.264,4.500,14.688
27070,0,2,1,0.500,81776,90140,3.264,4.600,15.014
27110,0,2,1,0.500,82491,91391,3.264,4.600,15.014
27150,0,2,1,0.500,83582,93261,3.264,4.600,15.014
27190,0,2,1,0.500,84424,94658,3.264,4.900,15.994
27230,0,2,1,0.500,84891,95279,3.264,4.900,15.994
27270,0,2,1,0.500,84463,94348,3.264,4.600,15.014
27310,0,2,1,0.500,83625,92187,3.264,4.600,15.014
27350,0,2,1,0.500,82590,89995,3.264,4.600,15.014
27390,0,2,1,0.500,80783,86268,3.264,4.500,14.688
27430,0,2,1,0.500,79486,82297,3.264,4.500,14.688
27470,0,2,1,0.500,78792,81399,3.264,4.300,14.035
27510,0,2,1,0.500,79125,84051,3.264,4.300,14.035
27550,0,2,1,0.500,78489,81291,3.264,4.300,14.035
27591,0,2,1,0.500,78630,77473,3.268,4.400,14.379
27630,0,2,1,0.500,79329,75809,3.268,4.400,14.379
27670,0,2,1,0.500,76835,74398,3.264,4.700,15.341
27710,0,2,1,0.500,72742,76843,3.264,4.700,15.341
27750,0,2,1,0.500,74788,80478,3.264,4.700,15.341
27790,0,2,1,0.500,78447,85802,3.264,4.200,13.709
27830,0,2,1,0.500,75893,76200,3.264,4.200,13.709
27870,0,2,1,0.500,72950,72997,3.264,4.900,15.994
27911,0,2,1,0.500,74130,76216,3.264,4.900,15.994
27950,0,2,1,0.500,73111,76174,3.264,4.900,15.994
27990,0,2,1,0.500,73237,76111,3.264,4.500,14.688
28031,0,2,1,0.500,74050,76788,3.264,4.500,14.688
28070,0,2,1,0.500,74172,77789,3.260,4.600,14.996
28110,0,2,1,0.500,74207,78781,3.260,4.600,14.996
28151,0,2,1,0.500,75638,80752,3.260,4.600,14.996
28190,0,2,1,0.500,77377,81169,3.264,4.600,15.014
28231,0,2,1,0.500,78108,82390,3.264,4.600,15.014
28270,0,2,1,0.500,78428,83668,3.264,4.800,15.667
28310,0,2,1,0.500,79573,86181,3.264,4.800,15.667
28351,0,2,1,0.500,80928,88527,3.264,4.800,15.667
28390,0,2,1,0.500,82011,90226,3.260,4.700,15.322
28430,0,2,1,0.500,83028,91596,3.260,4.700,15.322
28470,0,2,1,0.500,83164,91849,3.264,4.700,15.341
28510,0,2,1,0.500,82847,91341,3.264,4.700,15.341
28551,0,2,1,0.500,82943,91492,3.264,4.700,15.341
28590,0,2,1,0.500,83168,92016,3.264,4.700,15.341
28630,0,2,1,0.500,83491,92649,3.264,4.700,15.341
28670,0,2,1,0.500,83669,92997,3.264,4.700,15.341
28710,0,2,1,0.500,83744,93268,3.264,4.700,15.341
28751,0,2,1,0.500,83705,93324,3.264,4.700,15.341
28790,0,2,1,0.500,83660,93343,3.264,4.800,15.667
28830,0,2,1,0.500,83511,93220,3.264,4.800,15.667
28870,0,2,1,0.500,83189,92786,3.264,4.800,15.667
28910,0,2,1,0.500,82253,90931,3.264,4.800,15.667
28950,0,2,1,0.500,78136,83295,3.264,4.800,15.667
28990,0,2,1,0.500,80794,74647,3.264,4.700,15.341
29030,0,2,1,0.500,72241,61458,3.264,4.700,15.341
29071,0,2,1,0.500,69647,59954,3.264,4.500,14.688
29110,0,2,1,0.500,76595,72250,3.264,4.500,14.688
29150,0,2,1,0.500,77068,81067,3.264,4.500,14.688
29191,0,2,1,0.500,79528,85365,3.264,4.600,15.014
29231,0,2,1,0.500,81254,88838,3.264,4.600,15.014
29271,0,2,1,0.500,81786,90141,3.264,4.800,15.667
29311,0,2,1,0.500,80643,87296,3.264,4.800,15.667
29350,0,2,1,0.500,38761,37178,3.264,4.800,15.667
29391,0,2,1,0.500,6518,7935,3.264,4.500,14.688
29431,0,2,1,0.500,11877,14748,3.264,4.500,14.688
29471,0,2,1,0.500,63581,67370,3.264,4.300,14.035
29511,0,2,1,0.500,79283,81836,3.264,4.300,14.035
29551,0,2,1,0.500,81762,86601,3.264,4.300,14.035
29591,0,2,1,0.500,78671,81469,3.264,4.800,15.667
29631,0,2,1,0.500,75681,73540,3.264,4.800,15.667
29670,0,2,1,0.500,66756,63456,3.264,4.600,15.014
29711,0,2,1,0.500,62114,58446,3.264,4.600,15.014
29751,0,2,1,0.500,76317,66733,3.264,4.600,15.014
29791,0,2,1,0.500,62941,53847,3.264,4.900,15.994
29831,0,2,1,0.500,57098,43597,3.264,4.900,15.994
29870,0,2,1,0.500,68379,57552,3.264,4.500,14.688
29911,0,2,1,0.500,62149,57797,3.264,4.500,14.688
29951,0,2,1,0.500,61862,57985,3.264,4.500,14.688
29991,0,2,1,0.500,72207,70285,3.264,4.500,14.688
30031,0,2,1,0.500,71333,69574,3.264,4.500,14.688
30070,0,2,1,0.500,68153,58553,3.264,4.700,15.341
30111,0,2,1,0.500,30345,29410,3.264,4.700,15.341
30151,0,2,1,0.500,24965,24537,3.264,4.700,15.341
30190,0,2,1,0.500,50926,39142,3.264,4.300,14.035
30231,0,2,1,0.500,63427,56961,3.264,4.300,14.035
30271,0,2,1,0.500,70996,66882,3.268,4.700,15.360
30311,0,2,1,0.500,53312,49729,3.268,4.700,15.360
30351,0,2,1,0.500,47067,40147,3.268,4.700,15.360
30391,0,2,1,0.500,69236,62898,3.264,4.700,15.341
30431,0,2,1,0.500,67752,64598,3.264,4.700,15.341
30471,0,2,1,0.500,73642,66951,3.264,4.500,14.688
30511,0,2,1,0.500,40804,36760,3.264,4.500,14.688
30551,0,2,1,0.500,31081,28977,3.264,4.500,14.688
30591,0,2,1,0.500,54851,43390,3.264,4.700,15.341
30631,0,2,1,0.500,67182,52713,3.264,4.700,15.341
30671,0,2,1,0.500,62460,52806,3.268,4.600,15.033
30711,0,2,1,0.500,47176,48448,3.268,4.600,15.033
30751,0,2,1,0.500,32756,33653,3.268,4.600,15.033
30791,0,2,1,0.500,66362,55530,3.264,4.500,14.688
30831,0,2,1,0.500,66482,60238,3.264,4.500,14.688
30871,0,2,1,0.500,68152,66922,3.264,4.200,13.709
30911,0,2,1,0.500,71875,63603,3.264,4.200,13.709
30951,0,2,1,0.500,42939,40906,3.264,4.200,13.709
30991,0,2,1,0.500,59273,50448,3.264,4.600,15.014
31031,0,2,1,0.500,73867,60754,3.264,4.600,15.014
31071,0,2,1,0.500,77196,66061,3.264,4.500,14.688
31111,0,2,1,0.500,74986,67922,3.264,4.500,14.688
31151,0,2,1,0.500,68630,64567,3.264,4.500,14.688
31191,0,2,1,0.500,68301,63187,3.264,4.700,15.341
31231,0,2,1,0.500,57835,52312,3.264,4.700,15.341
31271,0,2,1,0.500,48799,45051,3.268,4.500,14.706
31311,0,2,1,0.500,32750,32515,3.268,4.500,14.706
31351,0,2,1,0.500,20830,21919,3.268,4.500,14.706
31391,0,2,1,0.500,27578,24727,3.260,4.700,15.322
31431,0,2,1,0.500,18763,11178,3.260,4.700,15.322
31471,0,2,1,0.500,1547,789,3.264,4.500,14.688
31511,0,2,1,0.500,1577,780,3.264,4.500,14.688
31551,0,2,1,0.500,7871,3241,3.264,4.500,14.688
31591,0,2,1,0.500,9199,5251,3.264,4.500,14.688
31631,0,2,1,0.500,17282,12419,3.264,4.500,14.688
31671,0,2,1,0.500,46011,38927,3.264,4.700,15.341
31711,0,2,1,0.500,55644,52206,3.264,4.700,15.341
31751,0,2,1,0.500,52215,47274,3.264,4.700,15.341
31791,0,2,1,0.500,28914,19932,3.264,4.400,14.362
31831,0,2,1,0.500,24325,14305,3.264,4.400,14.362
31871,0,2,1,0.500,43149,32507,3.264,4.500,14.688
31911,0,2,1,0.500,52718,45447,3.264,4.500,14.688
31951,0,2,1,0.500,58636,53498,3.264,4.500,14.688
31991,0,2,1,0.500,73741,77483,3.264,4.700,15.341
32031,0,2,1,0.500,78135,84563,3.264,4.700,15.341
32071,0,2,1,0.500,79651,87195,3.264,4.800,15.667
32111,0,2,1,0.500,79582,87124,3.264,4.800,15.667
32151,0,2,1,0.500,73989,76460,3.264,4.800,15.667
32191,0,2,1,0.500,67773,62434,3.264,4.500,14.688
32231,0,2,1,0.500,70623,63422,3.264,4.500,14.688
32271,0,2,1,0.500,69518,68916,3.264,4.400,14.362
32311,0,2,1,0.500,71794,72590,3.264,4.400,14.362
32351,0,2,1,0.500,74757,79223,3.264,4.400,14.362
32391,0,2,1,0.500,76342,82579,3.264,4.500,14.688
32431,0,2,1,0.500,76609,83128,3.264,4.500,14.688
32471,0,2,1,0.500,76389,82656,3.264,4.400,14.362
32511,0,2,1,0.500,75505,80651,3.264,4.400,14.362
32551,0,2,1,0.500,73098,75731,3.264,4.400,14.362
32591,0,2,1,0.500,56500,48958,3.268,4.500,14.706
32631,0,2,1,0.500,35542,30881,3.268,4.500,14.706
32671,0,2,1,0.500,67646,64557,3.264,4.500,14.688
32711,0,2,1,0.500,69853,70472,3.264,4.500,14.688
32751,0,2,1,0.500,74124,77349,3.264,4.500,14.688
32791,0,2,1,0.500,75511,78934,3.264,4.800,15.667
32831,0,2,1,0.500,72636,73724,3.264,4.800,15.667
32871,0,2,1,0.500,76856,71592,3.264,4.700,15.341
32911,0,2,1,0.500,75459,68280,3.264,4.700,15.341
32951,0,2,1,0.500,72630,71034,3.264,4.700,15.341
32991,0,2,1,0.500,77011,79015,3.264,4.600,15.014
33031,0,2,1,0.500,80386,85372,3.264,4.600,15.014
33071,0,2,1,0.500,81037,86894,3.264,4.600,15.014
33111,0,2,1,0.500,80290,85294,3.264,4.600,15.014
33151,0,2,1,0.500,66011,62146,3.264,4.600,15.014
33191,0,2,1,0.500,25493,25022,3.264,4.600,15.014
33231,0,2,1,0.500,62501,57676,3.264,4.600,15.014
33271,0,2,1,0.500,74871,73990,3.264,4.500,14.688
33311,0,2,1,0.500,76065,76012,3.264,4.500,14.688
33351,0,2,1,0.500,75484,74958,3.264,4.500,14.688
33391,0,2,1,0.500,74781,71912,3.268,4.400,14.379
33431,0,2,1,0.500,35987,29421,3.268,4.400,14.379
33471,0,2,1,0.500,15703,13278,3.264,4.300,14.035
33511,0,2,1,0.500,21783,17842,3.264,4.300,14.035
33551,0,2,1,0.500,62199,57727,3.264,4.300,14.035
33591,0,2,1,0.500,77150,77247,3.260,4.300,14.018
33631,0,2,1,0.500,78181,79172,3.260,4.300,14.018
33671,0,2,1,0.500,77125,77144,3.264,4.400,14.362
33711,0,2,1,0.500,51688,42259,3.264,4.400,14.362
33751,0,2,1,0.500,20461,15436,3.264,4.400,14.362
33791,0,2,1,0.500,62601,59516,3.264,4.200,13.709
33831,0,2,1,0.500,74519,73025,3.264,4.200,13.709
33871,0,2,1,0.500,73818,72262,3.264,4.500,14.688
33911,0,2,1,0.500,66730,55738,3.264,4.500,14.688
33951,0,2,1,0.500,37457,27159,3.264,4.500,14.688
33991,0,2,1,0.500,55667,46066,3.260,4.500,14.670
34031,0,2,1,0.500,76159,74805,3.260,4.500,14.670
34071,0,2,1,0.500,77529,76898,3.264,4.900,15.994
34111,0,2,1,0.500,77678,77230,3.264,4.900,15.994
34151,0,2,1,0.500,63922,57755,3.264,4.900,15.994
34191,0,2,1,0.500,31553,21965,3.268,4.800,15.686
34231,0,2,1,0.500,42600,31599,3.268,4.800,15.686
34271,0,2,1,0.500,64663,61606,3.264,4.600,15.014
34311,0,2,1,0.500,69978,69217,3.264,4.600,15.014
34351,0,2,1,0.500,55251,45865,3.264,4.600,15.014
34391,0,2,1,0.500,41384,29454,3.268,4.400,14.379
34431,0,2,1,0.500,51665,41154,3.268,4.400,14.379
34471,0,2,1,0.500,67305,67137,3.264,4.700,15.341
34511,0,2,1,0.500,60203,54120,3.264,4.700,15.341
34551,0,2,1,0.500,62652,57153,3.264,4.700,15.341
34591,0,2,1,0.500,66163,64756,3.264,4.400,14.362
34631,0,2,1,0.500,67147,57028,3.264,4.400,14.362
34671,0,2,1,0.500,54440,47859,3.264,4.600,15.014
34711,0,2,1,0.500,44806,45014,3.264,4.600,15.014
34751,0,2,1,0.500,61068,64240,3.264,4.600,15.014
34791,0,2,1,0.500,75399,77069,3.268,4.400,14.379
34831,0,2,1,0.500,76278,78335,3.268,4.400,14.379
34871,0,2,1,0.500,60426,61589,3.264,4.600,15.014
34911,0,2,1,0.500,41134,41241,3.264,4.600,15.014
34951,0,2,1,0.500,69096,64520,3.264,4.600,15.014
34991,0,2,1,0.500,71115,67134,3.264,4.600,15.014
35031,0,2,1,0.500,64071,67291,3.264,4.600,15.014
35071,0,2,1,0.500,61650,73359,3.268,4.500,14.706
35111,0,2,1,0.500,60300,73456,3.268,4.500,14.706
35151,0,2,1,0.500,59713,73773,3.268,4.500,14.706
35191,0,2,1,0.500,59286,73672,3.264,4.700,15.341
35231,0,2,1,0.500,59124,73595,3.264,4.700,15.341
35271,0,2,1,0.500,59154,73693,3.268,4.600,15.033
35311,0,2,1,0.500,59222,73871,3.268,4.600,15.033
35351,0,2,1,0.500,59394,73931,3.268,4.600,15.033
35391,0,2,1,0.500,59440,73876,3.264,4.700,15.341
35431,0,2,1,0.500,59560,73725,3.264,4.700,15.341
35471,0,2,1,0.500,62389,74251,3.264,4.500,14.688
35511,0,2,1,0.500,68584,62288,3.264,4.500,14.688
35551,0,2,1,0.500,61977,53511,3.264,4.500,14.688
35591,0,2,1,0.500,67060,60727,3.264,4.900,15.994
35631,0,2,1,0.500,66658,59234,3.264,4.900,15.994
35671,0,2,1,0.500,61594,51131,3.264,4.400,14.362
35711,0,2,1,0.500,47919,40455,3.264,4.400,14.362
35751,0,2,1,0.500,40762,35172,3.264,4.400,14.362
35791,0,2,1,0.500,40807,35729,3.260,4.500,14.670
35831,0,2,1,0.500,41743,35962,3.260,4.500,14.670
35871,0,2,1,0.500,36034,30401,3.260,4.600,14.996
35911,0,2,1,0.500,34586,29871,3.260,4.600,14.996
35951,0,2,1,0.500,38394,35288,3.260,4.600,14.996
35991,0,2,1,0.500,35091,33639,3.260,4.400,14.344
36031,0,2,1,0.500,27739,23470,3.260,4.400,14.344
36071,0,2,1,0.500,21402,17373,3.264,4.700,15.341
36111,0,2,1,0.500,26238,21808,3.264,4.700,15.341
36151,0,2,1,0.500,33821,30282,3.264,4.700,15.341
36191,0,2,1,0.500,36551,35719,3.264,4.800,15.667
36231,0,2,1,0.500,58957,56845,3.264,4.800,15.667
36271,0,2,1,0.500,64251,59880,3.264,4.500,14.688
36311,0,2,1,0.500,58385,52723,3.264,4.500,14.688
36351,0,2,1,0.500,41910,38957,3.264,4.500,14.688
36391,0,2,1,0.500,42417,40260,3.268,4.700,15.360
36431,0,2,1,0.500,47930,41635,3.268,4.700,15.360
36471,0,2,1,0.500,48749,38709,3.264,4.600,15.014
36511,0,2,1,0.500,49683,38372,3.264,4.600,15.014
36551,0,2,1,0.500,54646,43031,3.264,4.600,15.014
36591,0,2,1,0.500,53658,42694,3.268,4.500,14.706
36631,0,2,1,0.500,38548,27547,3.268,4.500,14.706
36671,0,2,1,0.500,20047,12059,3.268,4.600,15.033
36711,0,2,1,0.500,14954,9105,3.268,4.600,15.033
36751,0,2,1,0.500,27826,22737,3.268,4.600,15.033
36791,0,2,1,0.500,42013,38370,3.264,4.700,15.341
36831,0,2,1,0.500,40843,33030,3.264,4.700,15.341
36871,0,2,1,0.500,21011,13509,3.264,4.300,14.035
36911,0,2,1,0.500,18685,11427,3.264,4.300,14.035
36951,0,2,1,0.500,34352,25706,3.264,4.300,14.035
36991,0,2,1,0.500,52705,46011,3.268,4.800,15.686
37031,0,2,1,0.500,41207,34458,3.268,4.800,15.686
37071,0,2,1,0.500,11861,6959,3.268,4.300,14.052
37111,0,2,1,0.500,5887,2976,3.268,4.300,14.052
37151,0,2,1,0.500,14035,9635,3.268,4.300,14.052
37191,0,2,1,0.500,53028,44715,3.268,4.400,14.379
37231,0,2,1,0.500,28848,20690,3.268,4.400,14.379
37271,0,2,1,0.500,3434,1469,3.264,4.700,15.341
37311,0,2,1,0.500,6716,3412,3.264,4.700,15.341
37351,0,2,1,0.500,26985,19330,3.264,4.700,15.341
37391,0,2,1,0.500,26903,23833,3.260,4.400,14.344
37431,0,2,1,0.500,22430,18314,3.260,4.400,14.344
37471,0,2,1,0.500,14920,9060,3.264,4.500,14.688
37511,0,2,1,0.500,16195,9718,3.264,4.500,14.688
37551,0,2,1,0.500,24546,18439,3.264,4.500,14.688
37591,0,2,1,0.500,21214,20412,3.264,4.600,15.014
37631,0,2,1,0.500,13886,13715,3.264,4.600,15.014
37671,0,2,1,0.500,11024,10919,3.264,4.700,15.341
37711,0,2,1,0.500,8429,9199,3.264,4.700,15.341
37751,0,2,1,0.500,7330,9486,3.264,4.700,15.341
37791,0,2,1,0.500,14523,17336,3.268,4.600,15.033
37831,0,2,1,0.500,27171,25229,3.268,4.600,15.033
37871,0,2,1,0.500,31639,25506,3.264,4.700,15.341
37912,0,2,1,0.500,31380,25938,3.264,4.700,15.341
37951,0,2,1,0.500,33956,29390,3.264,4.700,15.341
37991,0,2,1,0.500,31808,27212,3.264,4.300,14.035
38032,0,2,1,0.500,31373,25838,3.264,4.300,14.035
38071,0,2,1,0.500,27747,21749,3.264,4.500,14.688
38111,0,2,1,0.500,28436,21919,3.264,4.500,14.688
38152,0,2,1,0.500,37773,30344,3.264,4.500,14.688
38191,0,2,1,0.500,46289,39940,3.268,4.500,14.706
38231,0,2,1,0.500,52040,45361,3.268,4.500,14.706
38271,0,2,1,0.500,47413,38808,3.268,4.400,14.379
38311,0,2,1,0.500,40597,31402,3.268,4.400,14.379
38352,0,2,1,0.500,36892,29725,3.268,4.400,14.379
38391,0,2,1,0.500,54413,50541,3.260,4.500,14.670
38431,0,2,1,0.500,69886,62918,3.260,4.500,14.670
38471,0,2,1,0.500,54742,45613,3.264,4.600,15.014
38511,0,2,1,0.500,50517,41809,3.264,4.600,15.014
38552,0,2,1,0.500,52311,43647,3.264,4.600,15.014
38591,0,2,1,0.500,67435,62242,3.264,4.500,14.688
38631,0,2,1,0.500,71155,69001,3.264,4.500,14.688
38671,0,2,1,0.500,59409,51267,3.260,4.700,15.322
38711,0,2,1,0.500,50380,41128,3.260,4.700,15.322
38752,0,2,1,0.500,57824,50375,3.260,4.700,15.322
38791,0,2,1,0.500,64679,59835,3.264,4.300,14.035
38831,0,2,1,0.500,67516,64403,3.264,4.300,14.035
38872,0,2,1,0.500,63853,59756,3.264,4.500,14.688
38911,0,2,1,0.500,60477,55258,3.264,4.500,14.688
38951,0,2,1,0.500,62577,62897,3.264,4.500,14.688
38992,0,2,1,0.500,65294,68385,3.264,4.300,14.035
39031,0,2,1,0.500,78097,74238,3.264,4.300,14.035
39072,0,2,1,0.500,78040,76834,3.264,4.500,14.688
39112,0,2,1,0.500,69914,61687,3.264,4.500,14.688
39151,0,2,1,0.500,42510,36909,3.264,4.500,14.688
39192,0,2,1,0.500,36425,34733,3.264,4.300,14.035
39232,0,2,1,0.500,44686,44169,3.264,4.300,14.035
39272,0,2,1,0.500,55639,52017,3.264,4.800,15.667
39312,0,2,1,0.500,55692,50498,3.264,4.800,15.667
39352,0,2,1,0.500,72723,67615,3.264,4.800,15.667
39392,0,2,1,0.500,66910,67335,3.260,4.600,14.996
39432,0,2,1,0.500,67854,68249,3.260,4.600,14.996
39472,0,2,1,0.500,71704,70639,3.260,4.400,14.344
39512,0,2,1,0.500,76123,68065,3.260,4.400,14.344
39552,0,2,1,0.500,72303,60924,3.260,4.400,14.344
39592,0,2,1,0.500,78924,68955,3.264,4.500,14.688
39632,0,2,1,0.500,80802,72050,3.264,4.500,14.688
39672,0,2,1,0.500,73064,70720,3.264,4.700,15.341
39712,0,2,1,0.500,73482,70406,3.264,4.700,15.341
39752,0,2,1,0.500,78270,72633,3.264,4.700,15.341
39792,0,2,1,0.500,74058,71350,3.264,4.800,15.667
39832,0,2,1,0.500,73729,71200,3.264,4.800,15.667
39872,0,2,1,0.500,74114,71357,3.264,4.800,15.667
39912,0,2,1,0.500,70570,69777,3.264,4.800,15.667
39952,0,2,1,0.500,69983,70220,3.264,4.800,15.667
39992,0,2,1,0.500,72224,71803,3.260,4.400,14.344
40032,0,2,1,0.500,73805,72135,3.260,4.400,14.344
40072,0,2,1,0.500,76361,73504,3.264,4.700,15.341
40112,0,2,1,0.500,76925,72280,3.264,4.700,15.341
40152,0,2,1,0.500,79893,72660,3.264,4.700,15.341
40192,0,2,1,0.500,76934,72850,3.264,4.500,14.688
40232,0,2,1,0.500,80386,74105,3.264,4.500,14.688
40272,0,2,1,0.500,72693,64717,3.264,4.600,15.014
40312,0,2,1,0.500,68811,58964,3.264,4.600,15.014
40352,0,2,1,0.500,72303,60550,3.264,4.600,15.014
40392,0,2,1,0.500,80728,70502,3.264,4.900,15.994
40432,0,2,1,0.500,79678,73755,3.264,4.900,15.994
40472,0,2,1,0.500,80463,74599,3.264,4.500,14.688
40512,0,2,1,0.500,81519,71508,3.264,4.500,14.688
40552,0,2,1,0.500,69579,55240,3.264,4.500,14.688
40592,0,2,1,0.500,53166,37902,3.260,4.500,14.670
40632,0,2,1,0.500,55509,41236,3.260,4.500,14.670
40672,0,2,1,0.500,71991,58974,3.260,4.500,14.670
40712,0,2,1,0.500,72281,59734,3.260,4.500,14.670
40752,0,2,1,0.500,55345,41435,3.260,4.500,14.670
40792,0,2,1,0.500,45548,31841,3.268,4.500,14.706
40832,0,2,1,0.500,45045,31869,3.268,4.500,14.706
40872,0,2,1,0.500,63658,55203,3.268,4.400,14.379
40912,0,2,1,0.500,74029,67931,3.268,4.400,14.379
40952,0,2,1,0.500,80846,72650,3.268,4.400,14.379
40992,0,2,1,0.500,80357,71152,3.264,4.600,15.014
41032,0,2,1,0.500,82383,73171,3.264,4.600,15.014
41072,0,2,1,0.500,83253,77082,3.264,4.600,15.014
41112,0,2,1,0.500,80130,75079,3.264,4.600,15.014
41152,0,2,1,0.500,79750,72481,3.264,4.600,15.014
41192,0,2,1,0.500,79047,71419,3.264,4.500,14.688
41232,0,2,1,0.500,77653,71143,3.264,4.500,14.688
41272,0,2,1,0.500,80782,72424,3.260,4.400,14.344
41312,0,2,1,0.500,79841,71778,3.260,4.400,14.344
41352,0,2,1,0.500,78283,72761,3.260,4.400,14.344
41392,0,2,1,0.500,75890,72710,3.264,4.700,15.341
41432,0,2,1,0.500,70057,74202,3.264,4.700,15.341
41472,0,2,1,0.500,73728,81658,3.260,4.900,15.974
41512,0,2,1,0.500,76445,86345,3.260,4.900,15.974
41552,0,2,1,0.500,77913,88717,3.260,4.900,15.974
41592,0,2,1,0.500,78934,90435,3.260,4.500,14.670
41632,0,2,1,0.500,79394,91227,3.260,4.500,14.670
41672,0,2,1,0.500,79376,91066,3.264,4.700,15.341
41712,0,2,1,0.500,78566,88939,3.264,4.700,15.341
41752,0,2,1,0.500,79673,69985,3.264,4.700,15.341
41792,0,2,1,0.500,79342,68916,3.264,4.700,15.341
41832,0,2,1,0.500,73579,74285,3.264,4.700,15.341
41872,0,2,1,0.500,72074,76169,3.260,4.700,15.322
41912,0,2,1,0.500,73858,79557,3.260,4.700,15.322
41952,0,2,1,0.500,76204,83784,3.260,4.700,15.322
41992,0,2,1,0.500,77398,85797,3.264,4.800,15.667
42032,0,2,1,0.500,77309,85678,3.264,4.800,15.667
42072,0,2,1,0.500,74308,76667,3.264,4.600,15.014
42112,0,2,1,0.500,28601,19849,3.264,4.600,15.014
42152,0,2,1,0.500,29358,22049,3.264,4.600,15.014
42192,0,2,1,0.500,67564,67147,3.264,4.600,15.014
42232,0,2,1,0.500,71143,75352,3.264,4.600,15.014
42272,0,2,1,0.500,75237,82551,3.264,4.600,15.014
42312,0,2,1,0.500,76639,84950,3.264,4.600,15.014
42352,0,2,1,0.500,77509,86650,3.264,4.600,15.014
42392,0,2,1,0.500,78145,87872,3.260,5.000,16.300
42432,0,2,1,0.500,78714,88910,3.260,5.000,16.300
42472,0,2,1,0.500,79024,89523,3.260,5.000,16.300
42512,0,2,1,0.500,79286,90056,3.260,5.000,16.300
42552,0,2,1,0.500,79458,90496,3.260,5.000,16.300
42592,0,2,1,0.500,79737,90981,3.256,4.800,15.629
42632,0,2,1,0.500,80047,91439,3.256,4.800,15.629
42672,0,2,1,0.500,80252,91760,3.260,4.800,15.648
42712,0,2,1,0.500,80465,92123,3.260,4.800,15.648
42752,0,2,1,0.500,80552,92228,3.260,4.800,15.648
42792,0,2,1,0.500,80307,91876,3.260,4.800,15.648
42832,0,2,1,0.500,79636,90284,3.260,4.800,15.648
42872,0,2,1,0.500,78507,88276,3.260,4.700,15.322
42912,0,2,1,0.500,76805,85822,3.260,4.700,15.322
42952,0,2,1,0.500,75989,84399,3.260,4.700,15.322
42992,0,2,1,0.500,75903,81072,3.260,4.900,15.974
43032,0,2,1,0.500,77266,75681,3.260,4.900,15.974
43072,0,2,1,0.500,74967,77051,3.264,4.500,14.688
43112,0,2,1,0.500,74758,75881,3.264,4.500,14.688
43152,0,2,1,0.500,74361,67857,3.264,4.500,14.688
43192,0,2,1,0.500,73959,71276,3.260,4.700,15.322
43232,0,2,1,0.500,73565,75159,3.260,4.700,15.322
43272,0,2,1,0.500,75420,73244,3.260,4.700,15.322
43312,0,2,1,0.500,75440,69387,3.260,4.700,15.322
43352,0,2,1,0.500,75732,70644,3.260,4.700,15.322
43392,0,2,1,0.500,75627,70198,3.264,4.600,15.014
43432,0,2,1,0.500,75008,68226,3.264,4.600,15.014
43472,0,2,1,0.500,74837,68110,3.264,4.800,15.667
43512,0,2,1,0.500,76048,74417,3.264,4.800,15.667
43552,0,2,1,0.500,75214,74988,3.264,4.800,15.667
43592,0,2,1,0.500,75230,75536,3.260,4.300,14.018
43632,0,2,1,0.500,76925,76706,3.260,4.300,14.018
43672,0,2,1,0.500,77889,74425,3.264,4.700,15.341
43712,0,2,1,0.500,76354,70166,3.264,4.700,15.341
43752,0,2,1,0.500,74815,69060,3.264,4.700,15.341
43792,0,2,1,0.500,73733,67953,3.264,4.600,15.014
43832,0,2,1,0.500,74150,70148,3.264,4.600,15.014
43872,0,2,1,0.500,75113,73064,3.260,4.700,15.322
43912,0,2,1,0.500,76217,77015,3.260,4.700,15.322
43952,0,2,1,0.500,78643,84304,3.260,4.700,15.322
43992,0,2,1,0.500,81170,89901,3.264,4.900,15.994
44032,0,2,1,0.500,81950,92444,3.264,4.900,15.994
44072,0,2,1,0.500,82592,94193,3.260,4.600,14.996
44112,0,2,1,0.500,82936,95182,3.260,4.600,14.996
44152,0,2,1,0.500,82932,95342,3.260,4.600,14.996
44192,0,2,1,0.500,82812,95176,3.260,4.500,14.670
44232,0,2,1,0.500,82565,94746,3.260,4.500,14.670
44272,0,2,1,0.500,82096,93897,3.264,4.600,15.014
44312,0,2,1,0.500,81213,91615,3.264,4.600,15.014
44352,0,2,1,0.500,80250,89268,3.264,4.600,15.014
44392,0,2,1,0.500,79770,86904,3.264,4.500,14.688
44432,0,2,1,0.500,78190,81698,3.264,4.500,14.688
44472,0,2,1,0.500,78398,75848,3.264,4.600,15.014
44512,0,2,1,0.500,76894,72530,3.264,4.600,15.014
44552,0,2,1,0.500,76177,69624,3.264,4.600,15.014
44592,0,2,1,0.500,76463,68044,3.264,4.600,15.014
44632,0,2,1,0.500,74778,66570,3.264,4.600,15.014
44672,0,2,1,0.500,73337,65024,3.260,4.500,14.670
44712,0,2,1,0.500,73267,66699,3.260,4.500,14.670
44752,0,2,1,0.500,74578,73236,3.260,4.500,14.670
44792,0,2,1,0.500,78886,82990,3.264,4.800,15.667
44832,0,2,1,0.500,81733,89578,3.264,4.800,15.667
44872,0,2,1,0.500,82601,92406,3.260,4.800,15.648
44912,0,2,1,0.500,83139,93762,3.260,4.800,15.648
44952,0,2,1,0.500,83572,94635,3.260,4.800,15.648
44992,0,2,1,0.500,83838,95162,3.260,4.700,15.322
45032,0,2,1,0.500,83995,95513,3.260,4.700,15.322
45072,0,2,1,0.500,84109,95698,3.260,4.700,15.322
45112,0,2,1,0.500,84112,95749,3.260,4.700,15.322
45152,0,2,1,0.500,83970,95454,3.260,4.700,15.322
45192,0,2,1,0.500,83743,95061,3.260,4.900,15.974
45232,0,2,1,0.500,83527,94822,3.260,4.900,15.974
45272,0,2,1,0.500,83391,94646,3.264,4.900,15.994
45312,0,2,1,0.500,82203,93141,3.264,4.900,15.994
45352,0,2,1,0.500,78759,89240,3.264,4.900,15.994
45392,0,2,1,0.500,74964,84284,3.260,4.700,15.322
45432,0,2,1,0.500,75265,81341,3.260,4.700,15.322
45472,0,2,1,0.500,72793,77224,3.260,4.700,15.322
45512,0,2,1,0.500,70727,74149,3.260,4.700,15.322
45553,0,2,1,0.500,68032,68911,3.260,4.700,15.322
45592,0,2,1,0.500,65263,63964,3.264,4.500,14.688
45632,0,2,1,0.500,65866,64056,3.264,4.500,14.688
45672,0,2,1,0.500,69208,69400,3.260,4.600,14.996
45712,0,2,1,0.500,70825,72003,3.260,4.600,14.996
45752,0,2,1,0.500,71169,71977,3.260,4.600,14.996
45792,0,2,1,0.500,71924,73185,3.264,4.600,15.014
45832,0,2,1,0.500,76867,79710,3.264,4.600,15.014
45872,0,2,1,0.500,79960,84092,3.264,4.500,14.688
45912,0,2,1,0.500,82295,89817,3.264,4.500,14.688
45952,0,2,1,0.500,83312,92763,3.264,4.500,14.688
45993,0,2,1,0.500,83707,93738,3.260,4.700,15.322
46032,0,2,1,0.500,83830,94139,3.260,4.700,15.322
46073,0,2,1,0.500,83868,94388,3.256,4.800,15.629
46113,0,2,1,0.500,84022,94801,3.256,4.800,15.629
46152,0,2,1,0.500,84157,95056,3.256,4.800,15.629
46193,0,2,1,0.500,84175,95092,3.260,5.000,16.300
46233,0,2,1,0.500,84054,94756,3.260,5.000,16.300
46273,0,2,1,0.500,83382,93018,3.260,4.900,15.974
46313,0,2,1,0.500,82266,90260,3.260,4.900,15.974
46352,0,2,1,0.500,78511,81860,3.260,4.900,15.974
46393,0,2,1,0.500,78459,72671,3.264,4.400,14.362
46433,0,2,1,0.500,71312,63562,3.264,4.400,14.362
46472,0,2,1,0.500,63335,53664,3.264,4.700,15.341
46513,0,2,1,0.500,45434,33851,3.264,4.700,15.341
46553,0,2,1,0.500,33940,23661,3.264,4.700,15.341
46593,0,2,1,0.500,58568,50461,3.264,4.700,15.341
46633,0,2,1,0.500,66239,62543,3.264,4.700,15.341
46672,0,2,1,0.500,68182,66002,3.260,4.600,14.996
46713,0,2,1,0.500,67413,64662,3.260,4.600,14.996
46753,0,2,1,0.500,66506,62765,3.260,4.600,14.996
46793,0,2,1,0.500,64145,59219,3.264,4.500,14.688
46833,0,2,1,0.500,62943,58366,3.264,4.500,14.688
46872,0,2,1,0.500,59989,54489,3.264,4.300,14.035
46913,0,2,1,0.500,59543,54076,3.264,4.300,14.035
46953,0,2,1,0.500,73025,75218,3.264,4.300,14.035
46992,0,2,1,0.500,80342,87886,3.264,4.700,15.341
47033,0,2,1,0.500,81870,91330,3.264,4.700,15.341
47073,0,2,1,0.500,82649,93450,3.264,4.900,15.994
47113,0,2,1,0.500,83355,94493,3.264,4.900,15.994
47153,0,2,1,0.500,83707,95057,3.264,4.900,15.994
47192,0,2,1,0.500,83849,95234,3.264,4.800,15.667
47233,0,2,1,0.500,83761,95168,3.264,4.800,15.667
47273,0,2,1,0.500,83589,94917,3.264,5.100,16.646
47313,0,2,1,0.500,83455,94695,3.264,5.100,16.646
47353,0,2,1,0.500,83273,94478,3.264,5.100,16.646
47393,0,2,1,0.500,83078,94225,3.264,5.000,16.320
47433,0,2,1,0.500,83010,94159,3.264,5.000,16.320
47473,0,2,1,0.500,83001,94194,3.260,4.600,14.996
47513,0,2,1,0.500,82996,94137,3.260,4.600,14.996
47553,0,2,1,0.500,82918,94042,3.260,4.600,14.996
47593,0,2,1,0.500,82853,93879,3.264,4.600,15.014
47633,0,2,1,0.500,82613,93388,3.264,4.600,15.014
47673,0,2,1,0.500,82145,92497,3.260,4.900,15.974
47713,0,2,1,0.500,81647,91000,3.260,4.900,15.974
47753,0,2,1,0.500,79848,87461,3.260,4.900,15.974
47793,0,2,1,0.500,77374,82222,3.264,4.500,14.688
47833,0,2,1,0.500,63636,55326,3.264,4.500,14.688
47873,0,2,1,0.500,36785,27515,3.260,4.900,15.974
47913,0,2,1,0.500,33103,24468,3.260,4.900,15.974
47953,0,2,1,0.500,57209,45804,3.260,4.900,15.974
47993,0,2,1,0.500,66630,59399,3.264,4.800,15.667
48033,0,2,1,0.500,66662,59602,3.264,4.800,15.667
48073,0,2,1,0.500,64417,54643,3.264,4.500,14.688
48113,0,2,1,0.500,60939,47983,3.264,4.500,14.688
48153,0,2,1,0.500,58675,45829,3.264,4.500,14.688
48193,0,2,1,0.500,63440,53947,3.260,4.500,14.670
48233,0,2,1,0.500,65437,57803,3.260,4.500,14.670
48273,0,2,1,0.500,67511,62449,3.264,4.700,15.341
48313,0,2,1,0.500,73977,77092,3.264,4.700,15.341
48353,0,2,1,0.500,78454,85618,3.264,4.700,15.341
48393,0,2,1,0.500,79904,88870,3.264,4.600,15.014
48433,0,2,1,0.500,80135,89800,3.264,4.600,15.014
48473,0,2,1,0.500,79769,89801,3.264,4.700,15.341
48513,0,2,1,0.500,78306,87942,3.264,4.700,15.341
48553,0,2,1,0.500,77933,87588,3.264,4.700,15.341
48593,0,2,1,0.500,77835,87514,3.260,4.900,15.974
48633,0,2,1,0.500,76905,85888,3.260,4.900,15.974
48673,0,2,1,0.500,74640,81542,3.264,4.700,15.341
48713,0,2,1,0.500,73510,79415,3.264,4.700,15.341
48753,0,2,1,0.500,72928,77980,3.264,4.700,15.341
48793,0,2,1,0.500,70896,73643,3.264,4.600,15.014
48833,0,2,1,0.500,67662,67492,3.264,4.600,15.014
48873,0,2,1,0.500,65712,64231,3.260,4.700,15.322
48913,0,2,1,0.500,52853,45345,3.260,4.700,15.322
48953,0,2,1,0.500,21308,13972,3.260,4.700,15.322
48993,0,2,1,0.500,55201,43122,3.260,4.400,14.344
49033,0,2,1,0.500,77537,79390,3.260,4.400,14.344
49073,0,2,1,0.500,81539,87316,3.260,4.900,15.974
49113,0,2,1,0.500,82522,90397,3.260,4.900,15.974
49153,0,2,1,0.500,83260,92261,3.260,4.900,15.974
49193,0,2,1,0.500,83713,93382,3.260,4.800,15.648
49233,0,2,1,0.500,83850,93757,3.260,4.800,15.648
49273,0,2,1,0.500,83953,94106,3.264,4.800,15.667
49313,0,2,1,0.500,83964,94161,3.264,4.800,15.667
49353,0,2,1,0.500,84010,94155,3.264,4.800,15.667
49393,0,2,1,0.500,83850,93703,3.256,4.700,15.303
49433,0,2,1,0.500,82989,91744,3.256,4.700,15.303
49473,0,2,1,0.500,79219,84530,3.256,4.700,15.303
49513,0,2,1,0.500,25025,20441,3.256,4.700,15.303
49553,0,2,1,0.500,9837,7161,3.256,4.700,15.303
49593,0,2,1,0.500,11742,9071,3.260,4.400,14.344
49633,0,2,1,0.500,39130,34668,3.260,4.400,14.344
49673,0,2,1,0.500,72733,74387,3.260,4.600,14.996
49713,0,2,1,0.500,75018,80743,3.260,4.600,14.996
49753,0,2,1,0.500,76591,83448,3.260,4.600,14.996
49793,0,2,1,0.500,74296,78999,3.260,4.600,14.996
49833,0,2,1,0.500,68933,58798,3.260,4.600,14.996
49873,0,2,1,0.500,61159,48435,3.264,4.500,14.688
49913,0,2,1,0.500,58619,46373,3.264,4.500,14.688
49953,0,2,1,0.500,67960,59047,3.264,4.500,14.688
49993,0,2,1,0.500,75614,75922,3.264,4.600,15.014
50033,0,2,1,0.500,77565,79784,3.264,4.600,15.014
50073,0,2,1,0.500,81104,85885,3.260,4.600,14.996
50113,0,2,1,0.500,82233,88917,3.260,4.600,14.996
50153,0,2,1,0.500,80564,86558,3.260,4.600,14.996
50193,0,2,1,0.500,75760,78688,3.264,4.500,14.688
50233,0,2,1,0.500,74297,73244,3.264,4.500,14.688
50273,0,2,1,0.500,75038,69896,3.264,4.800,15.667
50313,0,2,1,0.500,45579,39460,3.264,4.800,15.667
50353,0,2,1,0.500,14733,15082,3.264,4.800,15.667
50393,0,2,1,0.500,22441,19758,3.264,4.300,14.035
50433,0,2,1,0.500,42100,35306,3.264,4.300,14.035
50473,0,2,1,0.500,69477,60773,3.264,4.700,15.341
50513,0,2,1,0.500,73168,68887,3.264,4.700,15.341
50553,0,2,1,0.500,67059,63458,3.264,4.700,15.341
50593,0,2,1,0.500,74628,68899,3.260,4.600,14.996
50633,0,2,1,0.500,51101,40206,3.260,4.600,14.996
50673,0,2,1,0.500,40294,27915,3.268,4.800,15.686
50713,0,2,1,0.500,47295,35609,3.268,4.800,15.686
50753,0,2,1,0.500,70697,62370,3.268,4.800,15.686
50793,0,2,1,0.500,75396,74568,3.264,4.400,14.362
50833,0,2,1,0.500,53593,45652,3.264,4.400,14.362
50873,0,2,1,0.500,38664,27450,3.264,4.500,14.688
50913,0,2,1,0.500,49538,38590,3.264,4.500,14.688
50953,0,2,1,0.500,69899,62333,3.264,4.500,14.688
50993,0,2,1,0.500,72787,59956,3.264,4.600,15.014
51033,0,2,1,0.500,56803,44105,3.264,4.600,15.014
51073,0,2,1,0.500,58522,50166,3.264,4.400,14.362
51113,0,2,1,0.500,63401,52237,3.264,4.400,14.362
51153,0,2,1,0.500,77670,66843,3.264,4.400,14.362
51193,0,2,1,0.500,78117,70060,3.264,4.500,14.688
51233,0,2,1,0.500,71577,70101,3.264,4.500,14.688
51273,0,2,1,0.500,74560,73736,3.264,4.600,15.014
51313,0,2,1,0.500,67894,63380,3.264,4.600,15.014
51353,0,2,1,0.500,69465,56319,3.264,4.600,15.014
51393,0,2,1,0.500,74016,69140,3.264,4.600,15.014
51433,0,2,1,0.500,77965,71202,3.264,4.600,15.014
51474,0,2,1,0.500,73735,66579,3.264,4.500,14.688
51513,0,2,1,0.500,66177,56089,3.264,4.500,14.688
51553,0,2,1,0.500,63682,51370,3.264,4.500,14.688
51593,0,2,1,0.500,58877,43816,3.268,4.500,14.706
51633,0,2,1,0.500,50163,37648,3.268,4.500,14.706
51674,0,2,1,0.500,56684,45012,3.268,4.500,14.706
51713,0,2,1,0.500,68457,61214,3.268,4.500,14.706
51753,0,2,1,0.500,69764,65230,3.268,4.500,14.706
51794,0,2,1,0.500,69219,62520,3.264,4.900,15.994
51833,0,2,1,0.500,71474,63879,3.264,4.900,15.994
51874,0,2,1,0.500,74290,71199,3.264,4.700,15.341
51914,0,2,1,0.500,75939,79097,3.264,4.700,15.341
51953,0,2,1,0.500,76932,83448,3.264,4.700,15.341
51994,0,2,1,0.500,79239,87544,3.268,4.700,15.360
52033,0,2,1,0.500,79974,89085,3.268,4.700,15.360
52074,0,2,1,0.500,79057,88550,3.264,4.700,15.341
52114,0,2,1,0.500,78680,88765,3.264,4.700,15.341
52153,0,2,1,0.500,78892,89402,3.264,4.700,15.341
52194,0,2,1,0.500,78870,89539,3.264,4.500,14.688
52234,0,2,1,0.500,78747,89445,3.264,4.500,14.688
52274,0,2,1,0.500,78499,88967,3.264,4.800,15.667
52314,0,2,1,0.500,78317,88084,3.264,4.800,15.667
52353,0,2,1,0.500,75281,79567,3.264,4.800,15.667
52394,0,2,1,0.500,31327,28438,3.268,4.900,16.013
52434,0,2,1,0.500,33206,29226,3.268,4.900,16.013
52474,0,2,1,0.500,68595,65309,3.264,4.600,15.014
52514,0,2,1,0.500,77023,80163,3.264,4.600,15.014
52554,0,2,1,0.500,80167,86116,3.264,4.600,15.014
52594,0,2,1,0.500,82449,91003,3.264,4.800,15.667
52634,0,2,1,0.500,84032,93992,3.264,4.800,15.667
52673,0,2,1,0.500,84732,95339,3.256,5.100,16.606
52714,0,2,1,0.500,84725,95570,3.256,5.100,16.606
52754,0,2,1,0.500,84273,95119,3.256,5.100,16.606
52794,0,2,1,0.500,83409,93937,3.264,4.800,15.667
52834,0,2,1,0.500,73771,79721,3.264,4.800,15.667
52873,0,2,1,0.500,23973,16697,3.264,4.700,15.341
52914,0,2,1,0.500,19864,14475,3.264,4.700,15.341
52954,0,2,1,0.500,24808,17112,3.264,4.700,15.341
52993,0,2,1,0.500,27917,19611,3.264,4.800,15.667
53034,0,2,1,0.500,36604,26107,3.264,4.800,15.667
53074,0,2,1,0.500,41208,29363,3.264,4.500,14.688
53114,0,2,1,0.500,36280,26326,3.264,4.500,14.688
53154,0,2,1,0.500,71387,72913,3.264,4.500,14.688
53194,0,2,1,0.500,79152,87822,3.260,4.700,15.322
53234,0,2,1,0.500,80541,90866,3.260,4.700,15.322
53274,0,2,1,0.500,81362,92162,3.264,4.800,15.667
53314,0,2,1,0.500,81710,92216,3.264,4.800,15.667
53354,0,2,1,0.500,81715,92145,3.264,4.800,15.667
53394,0,2,1,0.500,81146,91317,3.260,4.800,15.648
53434,0,2,1,0.500,77561,76833,3.260,4.800,15.648
53474,0,2,1,0.500,54972,49250,3.260,4.900,15.974
53514,0,2,1,0.500,61959,59715,3.260,4.900,15.974
53554,0,2,1,0.500,67859,67766,3.260,4.900,15.974
53594,0,2,1,0.500,75836,79592,3.264,4.800,15.667
53634,0,2,1,0.500,80784,87967,3.264,4.800,15.667
53674,0,2,1,0.500,81747,90643,3.264,4.700,15.341
53714,0,2,1,0.500,81607,91284,3.264,4.700,15.341
53754,0,2,1,0.500,81677,91504,3.264,4.700,15.341
53794,0,2,1,0.500,81536,91145,3.256,4.700,15.303
53834,0,2,1,0.500,80075,88518,3.256,4.700,15.303
53874,0,2,1,0.500,64255,64601,3.264,4.500,14.688
53914,0,2,1,0.500,12217,10716,3.264,4.500,14.688
53954,0,2,1,0.500,11353,10741,3.264,4.500,14.688
53994,0,2,1,0.500,36250,32317,3.264,4.600,15.014
54034,0,2,1,0.500,74845,67600,3.264,4.600,15.014
54074,0,2,1,0.500,60623,57877,3.264,4.500,14.688
54114,0,2,1,0.500,30486,33355,3.264,4.500,14.688
54154,0,2,1,0.500,25630,28367,3.264,4.500,14.688
54194,0,2,1,0.500,27379,30420,3.264,4.700,15.341
54234,0,2,1,0.500,65335,64889,3.264,4.700,15.341
54274,0,2,1,0.500,71354,62247,3.264,4.800,15.667
54314,0,2,1,0.500,59826,46184,3.264,4.800,15.667
54354,0,2,1,0.500,65943,51834,3.264,4.800,15.667
54394,0,2,1,0.500,47694,42150,3.264,4.600,15.014
54434,0,2,1,0.500,48661,43441,3.264,4.600,15.014
54474,0,2,1,0.500,55685,43224,3.264,4.600,15.014
54514,0,2,1,0.500,46012,31478,3.264,4.600,15.014
54554,0,2,1,0.500,58838,44216,3.264,4.600,15.014
54594,0,2,1,0.500,74967,67595,3.260,4.700,15.322
54634,0,2,1,0.500,74555,71083,3.260,4.700,15.322
54674,0,2,1,0.500,71085,67862,3.264,4.700,15.341
54714,0,2,1,0.500,66470,60751,3.264,4.700,15.341
54754,0,2,1,0.500,69321,58628,3.264,4.700,15.341
54794,0,2,1,0.500,78765,68247,3.264,4.600,15.014
54834,0,2,1,0.500,72576,68243,3.264,4.600,15.014
54874,0,2,1,0.500,77700,73554,3.268,4.500,14.706
54914,0,2,1,0.500,73593,75878,3.268,4.500,14.706
54954,0,2,1,0.500,79024,86113,3.268,4.500,14.706
54994,0,2,1,0.500,80055,87992,3.264,4.400,14.362
55034,0,2,1,0.500,77286,81568,3.264,4.400,14.362
55074,0,2,1,0.500,49643,42573,3.264,4.700,15.341
55114,0,2,1,0.500,21200,16534,3.264,4.700,15.341
55154,0,2,1,0.500,34245,23945,3.264,4.700,15.341
55194,0,2,1,0.500,59458,48127,3.264,5.000,16.320
55234,0,2,1,0.500,67880,60226,3.264,5.000,16.320
55274,0,2,1,0.500,57395,43396,3.268,4.500,14.706
55314,0,2,1,0.500,29646,24004,3.268,4.500,14.706
55354,0,2,1,0.500,22964,19319,3.268,4.500,14.706
55394,0,2,1,0.500,40905,31733,3.264,4.800,15.667
55434,0,2,1,0.500,65907,51413,3.264,4.800,15.667
55474,0,2,1,0.500,70895,58978,3.264,4.500,14.688
55514,0,2,1,0.500,64478,53218,3.264,4.500,14.688
55554,0,2,1,0.500,69180,60074,3.264,4.500,14.688
55594,0,2,1,0.500,59742,46613,3.260,4.900,15.974
55634,0,2,1,0.500,34975,22690,3.260,4.900,15.974
55674,0,2,1,0.500,20402,12406,3.252,4.700,15.284
55714,0,2,1,0.500,28652,18789,3.252,4.700,15.284
55754,0,2,1,0.500,66942,60138,3.252,4.700,15.284
55794,0,2,1,0.500,70698,67116,3.264,4.700,15.341
55834,0,2,1,0.500,70151,60716,3.264,4.700,15.341
55874,0,2,1,0.500,50003,38114,3.264,4.400,14.362
55914,0,2,1,0.500,55336,44198,3.264,4.400,14.362
55954,0,2,1,0.500,73557,67800,3.264,4.400,14.362
55994,0,2,1,0.500,72103,66929,3.264,4.800,15.667
56034,0,2,1,0.500,68833,61674,3.264,4.800,15.667
56074,0,2,1,0.500,55392,49321,3.260,4.500,14.670
56114,0,2,1,0.500,48255,41119,3.260,4.500,14.670
56154,0,2,1,0.500,68378,59040,3.260,4.500,14.670
56194,0,2,1,0.500,77692,68257,3.264,4.700,15.341
56234,0,2,1,0.500,57172,47559,3.264,4.700,15.341
56274,0,2,1,0.500,43758,34996,3.260,5.000,16.300
56314,0,2,1,0.500,44890,34227,3.260,5.000,16.300
56354,0,2,1,0.500,49103,37247,3.260,5.000,16.300
56394,0,2,1,0.500,62466,53510,3.244,4.700,15.247
56434,0,2,1,0.500,65877,59399,3.244,4.700,15.247
56474,0,2,1,0.500,67268,59714,3.260,4.700,15.322
56514,0,2,1,0.500,55403,42883,3.260,4.700,15.322
56554,0,2,1,0.500,55960,45866,3.260,4.700,15.322
56594,0,2,1,0.500,59067,53021,3.264,6.900,22.522
56634,0,2,1,0.500,62219,57235,3.264,6.900,22.522
56674,0,2,1,0.500,63872,59254,3.260,4.800,15.648
56714,0,2,1,0.500,58518,46662,3.260,4.800,15.648
56754,0,2,1,0.500,34032,24479,3.260,4.800,15.648
56794,0,2,1,0.500,32912,24684,3.248,4.500,14.616
56834,0,2,1,0.500,41977,32267,3.248,4.500,14.616
56874,0,2,1,0.500,62095,50739,3.264,4.500,14.688
56914,0,2,1,0.500,58135,47491,3.264,4.500,14.688
56954,0,2,1,0.500,49129,39016,3.264,4.500,14.688
56994,0,2,1,0.500,42466,33390,3.264,6.500,21.216
57034,0,2,1,0.500,46874,37552,3.264,6.500,21.216
57074,0,2,1,0.500,67759,60723,3.244,4.600,14.922
57114,0,2,1,0.500,71394,65543,3.244,4.600,14.922
57154,0,2,1,0.500,66832,62099,3.244,4.600,14.922
57194,0,2,1,0.500,64756,59162,3.244,4.700,15.247
57234,0,2,1,0.500,59909,54578,3.244,4.700,15.247
57274,0,2,1,0.500,61604,56221,3.264,6.700,21.869
57314,0,2,1,0.500,67458,61631,3.264,6.700,21.869
57354,0,2,1,0.500,66845,61350,3.264,6.700,21.869
57394,0,2,1,0.500,64692,59686,3.264,6.400,20.890
57434,0,2,1,0.500,66670,61353,3.264,6.400,20.890
57474,0,2,1,0.500,68237,62594,3.248,4.800,15.590
57514,0,2,1,0.500,69356,63548,3.248,4.800,15.590
57554,0,2,1,0.500,74071,67647,3.248,4.800,15.590
57594,0,2,1,0.500,79931,73188,3.256,4.800,15.629
57634,0,2,1,0.500,80427,74929,3.256,4.800,15.629
57674,0,2,1,0.500,73572,72171,3.260,4.500,14.670
57714,0,2,1,0.500,73014,72231,3.260,4.500,14.670
57754,0,2,1,0.500,74867,73564,3.260,4.500,14.670
57794,0,2,1,0.500,72637,72897,3.264,5.300,17.299
57834,0,2,1,0.500,70813,72389,3.264,5.300,17.299
57874,0,2,1,0.500,71751,72535,3.248,4.600,14.941
57914,0,2,1,0.500,75357,73450,3.248,4.600,14.941
57954,0,2,1,0.500,81565,74531,3.248,4.600,14.941
57994,0,2,1,0.500,76231,64641,3.260,4.800,15.648
58034,0,2,1,0.500,56928,43688,3.260,4.800,15.648
58074,0,2,1,0.500,59486,45222,3.264,6.800,22.195
58114,0,2,1,0.500,56234,41676,3.264,6.800,22.195
58154,0,2,1,0.500,45056,32045,3.264,6.800,22.195
58195,0,2,1,0.500,43149,30666,3.240,4.800,15.552
58234,0,2,1,0.500,40596,28753,3.240,4.800,15.552
58274,0,2,1,0.500,40313,28602,3.236,4.800,15.533
58315,0,2,1,0.500,43723,31128,3.236,4.800,15.533
58354,0,2,1,0.500,48336,34860,3.236,4.800,15.533
58394,0,2,1,0.500,57641,43722,3.260,6.600,21.516
58434,0,2,1,0.500,67036,57989,3.260,6.600,21.516
58474,0,2,1,0.500,74385,72964,3.240,5.700,18.468
58514,0,2,1,0.500,76198,75874,3.240,5.700,18.468
58554,0,2,1,0.500,77775,78607,3.240,5.700,18.468
58594,0,2,1,0.500,78748,80308,3.240,4.900,15.876
58635,0,2,1,0.500,79681,81922,3.240,4.900,15.876
58674,0,2,1,0.500,79572,81411,3.260,5.100,16.626
58714,0,2,1,0.500,78343,78885,3.260,5.100,16.626
58755,0,2,1,0.500,77394,77128,3.260,5.100,16.626
58794,0,2,1,0.500,77026,76505,3.240,6.700,21.708
58834,0,2,1,0.500,76547,75948,3.240,6.700,21.708
58874,0,2,1,0.500,76775,76165,3.240,4.800,15.552
58914,0,2,1,0.500,78412,79187,3.240,4.800,15.552
58955,0,2,1,0.500,69274,68036,3.240,4.800,15.552
58994,0,2,1,0.500,41305,30352,3.256,4.500,14.652
59034,0,2,1,0.500,32348,21161,3.256,4.500,14.652
59074,0,2,1,0.500,28562,17783,3.264,6.700,21.869
59114,0,2,1,0.500,23623,13841,3.264,6.700,21.869
59155,0,2,1,0.500,27092,16555,3.264,6.700,21.869
59194,0,2,1,0.500,28478,17597,3.248,5.200,16.890
59234,0,2,1,0.500,21632,12400,3.248,5.200,16.890
59275,0,2,1,0.500,22913,13719,3.248,4.600,14.941
59314,0,2,1,0.500,45654,36681,3.248,4.600,14.941
59354,0,2,1,0.500,64362,58953,3.248,4.600,14.941
59395,0,2,1,0.500,70099,67164,3.252,6.700,21.788
59434,0,2,1,0.500,73215,71646,3.252,6.700,21.788
59475,0,2,1,0.500,74995,74249,3.244,7.100,23.032
59514,0,2,1,0.500,76994,76775,3.244,7.100,23.032
59554,0,2,1,0.500,78738,79323,3.244,7.100,23.032
59595,0,2,1,0.500,80104,81764,3.248,4.900,15.915
59634,0,2,1,0.500,79303,81172,3.248,4.900,15.915
59675,0,2,1,0.500,76862,78422,3.248,7.000,22.736
59715,0,2,1,0.500,70836,69502,3.248,7.000,22.736
59754,0,2,1,0.500,60720,51716,3.248,7.000,22.736
59795,0,2,1,0.500,70034,62154,3.256,6.500,21.164
59835,0,2,1,0.500,76607,68724,3.256,6.500,21.164
59875,0,2,1,0.500,73161,69400,3.244,6.900,22.384
59915,0,2,1,0.500,70146,69531,3.244,6.900,22.384
59955,0,2,1,0.500,72038,71868,3.244,6.900,22.384
59995,0,2,1,0.500,72057,72069,3.248,4.800,15.590
60035,0,2,1,0.500,70580,70348,3.248,4.800,15.590
60075,0,2,1,0.500,67274,66917,3.248,4.500,14.616
60115,0,2,1,0.500,70089,69071,3.248,4.500,14.616
60155,0,2,1,0.500,75767,71951,3.248,4.500,14.616
60195,0,2,1,0.500,70997,69183,3.260,6.700,21.842
60235,0,2,1,0.500,73609,69581,3.260,6.700,21.842
60275,0,2,1,0.500,73093,65539,3.244,6.300,20.437
60315,0,2,1,0.500,55329,46689,3.244,6.300,20.437
60355,0,2,1,0.500,39448,28981,3.244,6.300,20.437
60395,0,2,1,0.500,47847,34762,3.248,4.600,14.941
60435,0,2,1,0.500,52509,39591,3.248,4.600,14.941
60475,0,2,1,0.500,54075,42033,3.252,7.000,22.764
60515,0,2,1,0.500,52420,40075,3.252,7.000,22.764
60555,0,2,1,0.500,52019,40094,3.252,7.000,22.764
60595,0,2,1,0.500,56336,44827,3.248,6.800,22.086
60635,0,2,1,0.500,56823,44216,3.248,6.800,22.086
60675,0,2,1,0.500,53100,40439,3.240,6.100,19.764
60715,0,2,1,0.500,42396,33267,3.240,6.100,19.764
60755,0,2,1,0.500,38735,30224,3.240,6.100,19.764
60795,0,2,1,0.500,32880,26135,3.244,4.700,15.247
60835,0,2,1,0.500,30635,24067,3.244,4.700,15.247
60875,0,2,1,0.500,45207,34577,3.252,7.100,23.089
60915,0,2,1,0.500,50237,37219,3.252,7.100,23.089
60955,0,2,1,0.500,44405,31894,3.252,7.100,23.089
60995,0,2,1,0.500,46091,33157,3.248,6.900,22.411
61035,0,2,1,0.500,49660,35952,3.248,6.900,22.411
61075,0,2,1,0.500,59634,44951,3.244,5.900,19.140
61115,0,2,1,0.500,73760,63499,3.244,5.900,19.140
61155,0,2,1,0.500,75516,69015,3.244,5.900,19.140
61195,0,2,1,0.500,76846,68295,3.248,6.700,21.762
61235,0,2,1,0.500,75557,63726,3.248,6.700,21.762
61275,0,2,1,0.500,72660,60377,3.260,7.000,22.820
61315,0,2,1,0.500,70225,57633,3.260,7.000,22.820
61355,0,2,1,0.500,74769,61706,3.260,7.000,22.820
61395,0,2,1,0.500,76572,64343,3.248,6.600,21.437
61435,0,2,1,0.500,76137,63608,3.248,6.600,21.437
61475,0,2,1,0.500,72108,57899,3.244,5.400,17.518
61515,0,2,1,0.500,73288,59879,3.244,5.400,17.518
61555,0,2,1,0.500,73211,61213,3.244,5.400,17.518
61595,0,2,1,0.500,77083,67772,3.248,7.000,22.736
61635,0,2,1,0.500,70115,67723,3.248,7.000,22.736
61675,0,2,1,0.500,70725,70503,3.252,6.900,22.439
61715,0,2,1,0.500,72760,73784,3.252,6.900,22.439
61755,0,2,1,0.500,70153,69886,3.252,6.900,22.439
61795,0,2,1,0.500,72338,69071,3.248,6.700,21.762
61835,0,2,1,0.500,71455,59148,3.248,6.700,21.762
61875,0,2,1,0.500,58902,47462,3.244,4.700,15.247
61915,0,2,1,0.500,67194,54616,3.244,4.700,15.247
61955,0,2,1,0.500,70552,57664,3.244,4.700,15.247
61995,0,2,1,0.500,74391,61980,3.240,7.100,23.004
62035,0,2,1,0.500,76399,69212,3.240,7.100,23.004
62075,0,2,1,0.500,71350,68948,3.248,7.000,22.736
62115,0,2,1,0.500,71655,69970,3.248,7.000,22.736
62155,0,2,1,0.500,72629,71415,3.248,7.000,22.736
62195,0,2,1,0.500,72763,71448,3.244,6.800,22.059
62235,0,2,1,0.500,72561,70323,3.244,6.800,22.059
62275,0,2,1,0.500,66808,55963,3.244,4.900,15.896
62315,0,2,1,0.500,38297,31441,3.244,4.900,15.896
62355,0,2,1,0.500,30649,24355,3.244,4.900,15.896
62395,0,2,1,0.500,42007,32770,3.248,6.900,22.411
62435,0,2,1,0.500,68620,58150,3.248,6.900,22.411
62475,0,2,1,0.500,71431,68941,3.252,6.500,21.138
62515,0,2,1,0.500,72255,70216,3.252,6.500,21.138
62555,0,2,1,0.500,73555,72739,3.252,6.500,21.138
62595,0,2,1,0.500,75040,75534,3.244,6.500,21.086
62635,0,2,1,0.500,75149,75854,3.244,6.500,21.086
62675,0,2,1,0.500,76118,77943,3.248,6.800,22.086
62715,0,2,1,0.500,78259,81997,3.248,6.800,22.086
62755,0,2,1,0.500,80060,85163,3.248,6.800,22.086
62795,0,2,1,0.500,80995,87163,3.264,6.800,22.195
62835,0,2,1,0.500,81259,87840,3.264,6.800,22.195
62875,0,2,1,0.500,81310,87855,3.244,6.900,22.384
62915,0,2,1,0.500,80900,86658,3.244,6.900,22.384
62955,0,2,1,0.500,78744,81792,3.244,6.900,22.384
62995,0,2,1,0.500,76719,77016,3.244,7.000,22.708
63035,0,2,1,0.500,74273,73660,3.244,7.000,22.708
63075,0,2,1,0.500,71004,68133,3.248,6.900,22.411
63115,0,2,1,0.500,69438,65323,3.248,6.900,22.411
63155,0,2,1,0.500,69169,64605,3.248,6.900,22.411
63195,0,2,1,0.500,69769,59060,3.268,6.800,22.222
63235,0,2,1,0.500,61615,47921,3.268,6.800,22.222
63275,0,2,1,0.500,63003,50207,3.248,6.600,21.437
63315,0,2,1,0.500,69182,60406,3.248,6.600,21.437
63355,0,2,1,0.500,67076,59380,3.248,6.600,21.437
63395,0,2,1,0.500,65884,59547,3.244,4.600,14.922
63435,0,2,1,0.500,65580,59646,3.244,4.600,14.922
63475,0,2,1,0.500,66512,61660,3.268,6.700,21.896
63515,0,2,1,0.500,69622,67054,3.268,6.700,21.896
63555,0,2,1,0.500,68248,63604,3.268,6.700,21.896
63595,0,2,1,0.500,53912,40851,3.268,6.900,22.549
63635,0,2,1,0.500,26162,16356,3.268,6.900,22.549
63675,0,2,1,0.500,16454,9356,3.248,6.700,21.762
63715,0,2,1,0.500,5623,2590,3.248,6.700,21.762
63755,0,2,1,0.500,1381,654,3.248,6.700,21.762
63795,0,2,1,0.500,678,485,3.248,6.300,20.462
63835,0,2,1,0.500,583,506,3.248,6.300,20.462
63875,0,2,1,0.500,622,501,3.248,6.500,21.112
63915,0,2,1,0.500,996,569,3.248,6.500,21.112
63955,0,2,1,0.500,1960,859,3.248,6.500,21.112
63995,0,2,1,0.500,1670,768,3.256,6.700,21.815
64035,0,2,1,0.500,1348,674,3.256,6.700,21.815
64075,0,2,1,0.500,1352,720,3.248,6.900,22.411
64115,0,2,1,0.500,1284,702,3.248,6.900,22.411
64155,0,2,1,0.500,1122,652,3.248,6.900,22.411
64195,0,2,1,0.500,1042,607,3.244,5.300,17.193
64235,0,2,1,0.500,868,541,3.244,5.300,17.193
64275,0,2,1,0.500,859,544,3.264,6.800,22.195
64315,0,2,1,0.500,1261,663,3.264,6.800,22.195
64355,0,2,1,0.500,2914,1484,3.264,6.800,22.195
64395,0,2,1,0.500,12158,7915,3.252,6.800,22.114
64435,0,2,1,0.500,27105,20561,3.252,6.800,22.114
64475,0,2,1,0.500,58453,49726,3.248,4.600,14.941
64515,0,2,1,0.500,67808,59005,3.248,4.600,14.941
64555,0,2,1,0.500,53728,47552,3.248,4.600,14.941
64595,0,2,1,0.500,54673,48469,3.260,6.700,21.842
64635,0,2,1,0.500,69122,60366,3.260,6.700,21.842
64675,0,2,1,0.500,75129,66820,3.268,7.100,23.203
64715,0,2,1,0.500,74201,65569,3.268,7.100,23.203
64756,0,2,1,0.500,71769,62308,3.268,7.100,23.203
64795,0,2,1,0.500,71537,68817,3.252,7.000,22.764
64835,0,2,1,0.500,71647,70041,3.252,7.000,22.764
64875,0,2,1,0.500,79864,71257,3.248,4.600,14.941
64915,0,2,1,0.500,79678,70252,3.248,4.600,14.941
64955,0,2,1,0.500,69691,56312,3.248,4.600,14.941
64995,0,2,1,0.500,59034,46076,3.264,6.400,20.890
65035,0,2,1,0.500,55470,43638,3.264,6.400,20.890
65075,0,2,1,0.500,52316,40762,3.264,6.800,22.195
65115,0,2,1,0.500,48464,36962,3.264,6.800,22.195
65155,0,2,1,0.500,52165,40305,3.264,6.800,22.195
65196,0,2,1,0.500,56622,44533,3.248,6.600,21.437
65235,0,2,1,0.500,65194,53848,3.248,6.600,21.437
65276,0,2,1,0.500,71208,61108,3.248,4.600,14.941
65316,0,2,1,0.500,74196,64979,3.248,4.600,14.941
65355,0,2,1,0.500,76167,67950,3.248,4.600,14.941
65396,0,2,1,0.500,72106,64482,3.264,6.700,21.869
65436,0,2,1,0.500,70664,62534,3.264,6.700,21.869
65476,0,2,1,0.500,71607,61908,3.264,6.700,21.869
65516,0,2,1,0.500,68554,57674,3.264,6.700,21.869
65556,0,2,1,0.500,55708,43989,3.264,6.700,21.869
65596,0,2,1,0.500,44843,33216,3.248,6.900,22.411
65636,0,2,1,0.500,39506,28266,3.248,6.900,22.411
65675,0,2,1,0.500,36878,25937,3.244,4.500,14.598
65716,0,2,1,0.500,36591,25399,3.244,4.500,14.598
65756,0,2,1,0.500,35230,24450,3.244,4.500,14.598
65795,0,2,1,0.500,29566,21417,3.268,6.400,20.915
65836,0,2,1,0.500,23686,18198,3.268,6.400,20.915
65875,0,2,1,0.500,24815,19963,3.264,7.000,22.848
65916,0,2,1,0.500,24587,20581,3.264,7.000,22.848
65956,0,2,1,0.500,23739,20295,3.264,7.000,22.848
65995,0,2,1,0.500,27689,23668,3.248,4.500,14.616
66036,0,2,1,0.500,33781,28651,3.248,4.500,14.616
66076,0,2,1,0.500,42102,34120,3.264,4.500,14.688
66115,0,2,1,0.500,50576,39951,3.264,4.500,14.688
66156,0,2,1,0.500,54586,42429,3.264,4.500,14.688
66196,0,2,1,0.500,54309,41617,3.264,6.900,22.522
66236,0,2,1,0.500,51289,38562,3.264,6.900,22.522
66276,0,2,1,0.500,47076,35141,3.268,7.200,23.530
66316,0,2,1,0.500,47256,35399,3.268,7.200,23.530
66356,0,2,1,0.500,41389,31452,3.268,7.200,23.530
66396,0,2,1,0.500,30348,23752,3.248,4.500,14.616
66436,0,2,1,0.500,27105,22130,3.248,4.500,14.616
66476,0,2,1,0.500,28718,23926,3.264,4.500,14.688
66516,0,2,1,0.500,30552,25822,3.264,4.500,14.688
66556,0,2,1,0.500,32614,28309,3.264,4.500,14.688
66596,0,2,1,0.500,35830,30756,3.268,6.400,20.915
66636,0,2,1,0.500,38590,32457,3.268,6.400,20.915
66676,0,2,1,0.500,40088,32989,3.264,4.600,15.014
66716,0,2,1,0.500,41360,33365,3.264,4.600,15.014
66756,0,2,1,0.500,43548,34923,3.264,4.600,15.014
66796,0,2,1,0.500,44612,35551,3.248,4.300,13.966
66836,0,2,1,0.500,55101,44976,3.248,4.300,13.966
66876,0,2,1,0.500,54503,45494,3.264,4.800,15.667
66916,0,2,1,0.500,54937,46147,3.264,4.800,15.667
66956,0,2,1,0.500,52696,45262,3.264,4.800,15.667
66996,0,2,1,0.500,61926,53589,3.264,6.400,20.890
67036,0,2,1,0.500,63015,52771,3.264,6.400,20.890
67076,0,2,1,0.500,71529,60687,3.264,6.700,21.869
67116,0,2,1,0.500,76737,71000,3.264,6.700,21.869
67156,0,2,1,0.500,73663,69752,3.264,6.700,21.869
67196,0,2,1,0.500,70606,68763,3.248,4.300,13.966
67236,0,2,1,0.500,70954,70961,3.248,4.300,13.966
67276,0,2,1,0.500,71899,72654,3.268,4.300,14.052
67316,0,2,1,0.500,70377,70494,3.268,4.300,14.052
67356,0,2,1,0.500,69613,69151,3.268,4.300,14.052
67396,0,2,1,0.500,70068,69861,3.264,6.200,20.237
67436,0,2,1,0.500,71455,72371,3.264,6.200,20.237
67476,0,2,1,0.500,74448,77008,3.268,6.800,22.222
67516,0,2,1,0.500,76880,80866,3.268,6.800,22.222
67556,0,2,1,0.500,77884,82151,3.268,6.800,22.222
67596,0,2,1,0.500,78258,82969,3.252,4.400,14.309
67636,0,2,1,0.500,78462,83145,3.252,4.400,14.309
67676,0,2,1,0.500,77029,79851,3.268,4.500,14.706
67716,0,2,1,0.500,74490,75104,3.268,4.500,14.706
67756,0,2,1,0.500,74324,72165,3.268,4.500,14.706
67796,0,2,1,0.500,76911,72458,3.264,6.100,19.910
67836,0,2,1,0.500,75753,67918,3.264,6.100,19.910
67876,0,2,1,0.500,75883,64753,3.264,4.500,14.688
67916,0,2,1,0.500,69564,56762,3.264,4.500,14.688
67956,0,2,1,0.500,43953,35056,3.264,4.500,14.688
67996,0,2,1,0.500,59946,48948,3.252,4.200,13.658
68036,0,2,1,0.500,72176,68466,3.252,4.200,13.658
68076,0,2,1,0.500,70539,68603,3.264,4.600,15.014
68116,0,2,1,0.500,72726,68919,3.264,4.600,15.014
68156,0,2,1,0.500,81255,73543,3.264,4.600,15.014
68196,0,2,1,0.500,74817,73075,3.268,5.900,19.281
68236,0,2,1,0.500,80621,75454,3.268,5.900,19.281
68276,0,2,1,0.500,69457,60810,3.260,4.900,15.974
68316,0,2,1,0.500,45764,39752,3.260,4.900,15.974
68356,0,2,1,0.500,32501,29622,3.260,4.900,15.974
68396,0,2,1,0.500,30148,26496,3.264,4.500,14.688
68436,0,2,1,0.500,24189,21362,3.264,4.500,14.688
68476,0,2,1,0.500,26861,22999,3.264,4.400,14.362
68516,0,2,1,0.500,72880,61624,3.264,4.400,14.362
68556,0,2,1,0.500,76288,69916,3.264,4.400,14.362
68596,0,2,1,0.500,71808,69999,3.264,6.700,21.869
68636,0,2,1,0.500,74882,75503,3.264,6.700,21.869
68676,0,2,1,0.500,79003,82920,3.264,4.600,15.014
68716,0,2,1,0.500,81264,86945,3.264,4.600,15.014
68756,0,2,1,0.500,81682,88252,3.264,4.600,15.014
68796,0,2,1,0.500,81438,88183,3.264,4.600,15.014
68836,0,2,1,0.500,80996,87194,3.264,4.600,15.014
68876,0,2,1,0.500,80121,85373,3.264,4.700,15.341
68916,0,2,1,0.500,79182,83393,3.264,4.700,15.341
68956,0,2,1,0.500,77587,80150,3.264,4.700,15.341
68996,0,2,1,0.500,75713,76533,3.264,4.700,15.341
69036,0,2,1,0.500,74827,74909,3.264,4.700,15.341
69076,0,2,1,0.500,74715,74749,3.264,4.700,15.341
69116,0,2,1,0.500,74168,73576,3.264,4.700,15.341
69156,0,2,1,0.500,72639,71193,3.264,4.700,15.341
69196,0,2,1,0.500,71583,68402,3.264,4.500,14.688
69236,0,2,1,0.500,72172,67772,3.264,4.500,14.688
69276,0,2,1,0.500,75603,68287,3.264,4.600,15.014
69316,0,2,1,0.500,78381,69264,3.264,4.600,15.014
69356,0,2,1,0.500,78763,68110,3.264,4.600,15.014
69396,0,2,1,0.500,79839,69604,3.264,4.700,15.341
69436,0,2,1,0.500,77622,68886,3.264,4.700,15.341
69476,0,2,1,0.500,74557,64684,3.264,4.500,14.688
69516,0,2,1,0.500,72173,64093,3.264,4.500,14.688
69556,0,2,1,0.500,73820,67438,3.264,4.500,14.688
69596,0,2,1,0.500,74035,69600,3.268,4.500,14.706
69636,0,2,1,0.500,73820,70951,3.268,4.500,14.706
69676,0,2,1,0.500,73386,71651,3.268,4.400,14.379
69716,0,2,1,0.500,71917,70512,3.268,4.400,14.379
69756,0,2,1,0.500,78260,70982,3.268,4.400,14.379
69796,0,2,1,0.500,74143,64033,3.268,4.400,14.379
69836,0,2,1,0.500,71685,62680,3.268,4.400,14.379
69876,0,2,1,0.500,65331,57230,3.268,4.500,14.706
69916,0,2,1,0.500,65101,57813,3.268,4.500,14.706
69956,0,2,1,0.500,63308,56473,3.268,4.500,14.706
69997,0,2,1,0.500,60404,53697,3.268,4.400,14.379
70036,0,2,1,0.500,65004,57375,3.268,4.400,14.379
70076,0,2,1,0.500,69059,60193,3.264,4.600,15.014
70117,0,2,1,0.500,69634,59944,3.264,4.600,15.014
70156,0,2,1,0.500,74523,63971,3.264,4.600,15.014
70197,0,2,1,0.500,76780,66175,3.268,4.700,15.360
70236,0,2,1,0.500,74905,63962,3.268,4.700,15.360
70276,0,2,1,0.500,78666,68852,3.264,4.600,15.014
70317,0,2,1,0.500,80684,71749,3.264,4.600,15.014
70356,0,2,1,0.500,79921,70302,3.264,4.600,15.014
70397,0,2,1,0.500,73078,61550,3.264,4.600,15.014
70437,0,2,1,0.500,58688,45981,3.264,4.600,15.014
70476,0,2,1,0.500,62520,49478,3.264,4.600,15.014
70517,0,2,1,0.500,67576,55003,3.264,4.600,15.014
70557,0,2,1,0.500,62624,51431,3.264,4.600,15.014
70596,0,2,1,0.500,56966,47088,3.268,4.500,14.706
70637,0,2,1,0.500,50970,42842,3.268,4.500,14.706
70676,0,2,1,0.500,47688,40250,3.264,4.600,15.014
70717,0,2,1,0.500,53707,45064,3.264,4.600,15.014
70757,0,2,1,0.500,67294,56208,3.264,4.600,15.014
70796,0,2,1,0.500,73747,63806,3.268,4.700,15.360
70837,0,2,1,0.500,71894,61725,3.268,4.700,15.360
70877,0,2,1,0.500,68727,58217,3.268,4.500,14.706
70916,0,2,1,0.500,66399,59373,3.268,4.500,14.706
70957,0,2,1,0.500,64064,59652,3.268,4.500,14.706
70997,0,2,1,0.500,58826,56275,3.268,4.800,15.686
71037,0,2,1,0.500,33357,29507,3.268,4.800,15.686
71077,0,2,1,0.500,18699,17208,3.264,4.600,15.014
71117,0,2,1,0.500,15913,15399,3.264,4.600,15.014
71157,0,2,1,0.500,10191,11306,3.264,4.600,15.014
71197,0,2,1,0.500,5690,7603,3.268,4.400,14.379
71237,0,2,1,0.500,11669,12843,3.268,4.400,14.379
71277,0,2,1,0.500,25023,24635,3.268,4.500,14.706
71317,0,2,1,0.500,33946,33410,3.268,4.500,14.706
71357,0,2,1,0.500,56458,58719,3.268,4.500,14.706
71397,0,2,1,0.500,73713,80883,3.264,4.400,14.362
71437,0,2,1,0.500,73402,64522,3.264,4.400,14.362
71477,0,2,1,0.500,72549,70476,3.264,4.600,15.014
71517,0,2,1,0.500,75208,76748,3.264,4.600,15.014
71557,0,2,1,0.500,77319,81291,3.264,4.600,15.014
71597,0,2,1,0.500,77840,82104,3.264,4.600,15.014
71637,0,2,1,0.500,78060,82657,3.264,4.600,15.014
71677,0,2,1,0.500,79950,85238,3.264,4.500,14.688
71717,0,2,1,0.500,79988,85390,3.264,4.500,14.688
71757,0,2,1,0.500,75321,78500,3.264,4.500,14.688
71797,0,2,1,0.500,73704,74837,3.268,4.500,14.706
71837,0,2,1,0.500,75199,76388,3.268,4.500,14.706
71877,0,2,1,0.500,74315,73901,3.264,4.300,14.035
71917,0,2,1,0.500,68904,58111,3.264,4.300,14.035
71957,0,2,1,0.500,34820,27460,3.264,4.300,14.035
71997,0,2,1,0.500,42090,36065,3.268,4.700,15.360
72037,0,2,1,0.500,73535,71614,3.268,4.700,15.360
72077,0,2,1,0.500,72585,68757,3.264,4.300,14.035
72117,0,2,1,0.500,64761,53663,3.264,4.300,14.035
72157,0,2,1,0.500,69240,60647,3.264,4.300,14.035
72197,0,2,1,0.500,71754,63819,3.264,4.800,15.667
72237,0,2,1,0.500,72937,68696,3.264,4.800,15.667
72277,0,2,1,0.500,76421,76529,3.264,4.700,15.341
72317,0,2,1,0.500,77402,78422,3.264,4.700,15.341
72357,0,2,1,0.500,71286,66134,3.264,4.700,15.341
72397,0,2,1,0.500,34057,24083,3.268,4.400,14.379
72437,0,2,1,0.500,47267,35954,3.268,4.400,14.379
72477,0,2,1,0.500,69436,65962,3.264,4.900,15.994
72517,0,2,1,0.500,73724,74703,3.264,4.900,15.994
72557,0,2,1,0.500,73744,73939,3.264,4.900,15.994
72597,0,2,1,0.500,51208,40238,3.268,4.700,15.360
72637,0,2,1,0.500,32457,25823,3.268,4.700,15.360
72677,0,2,1,0.500,73961,68927,3.268,4.500,14.706
72717,0,2,1,0.500,76815,78670,3.268,4.500,14.706
72757,0,2,1,0.500,80997,86501,3.268,4.500,14.706
72797,0,2,1,0.500,82216,89412,3.264,4.500,14.688
72837,0,2,1,0.500,82114,89331,3.264,4.500,14.688
72877,0,2,1,0.500,81714,88842,3.268,4.600,15.033
72917,0,2,1,0.500,74334,76238,3.268,4.600,15.033
72957,0,2,1,0.500,14653,8606,3.268,4.600,15.033
72997,0,2,1,0.500,16011,11480,3.268,4.400,14.379
73037,0,2,1,0.500,70802,64873,3.268,4.400,14.379
73077,0,2,1,0.500,80698,87493,3.264,4.800,15.667
73117,0,2,1,0.500,80844,87872,3.264,4.800,15.667
73157,0,2,1,0.500,55282,49459,3.264,4.800,15.667
73197,0,2,1,0.500,18686,14797,3.260,4.300,14.018
73237,0,2,1,0.500,71944,64732,3.260,4.300,14.018
73277,0,2,1,0.500,82378,85209,3.264,4.600,15.014
73317,0,2,1,0.500,84212,89505,3.264,4.600,15.014
73357,0,2,1,0.500,83211,87708,3.264,4.600,15.014
73397,0,2,1,0.500,48185,43892,3.268,4.500,14.706
73437,0,2,1,0.500,65257,65157,3.268,4.500,14.706
73477,0,2,1,0.500,80419,85613,3.264,4.800,15.667
73517,0,2,1,0.500,81965,89330,3.264,4.800,15.667
73557,0,2,1,0.500,82364,90742,3.264,4.800,15.667
73597,0,2,1,0.500,82554,91248,3.264,4.600,15.014
73637,0,2,1,0.500,83158,92417,3.264,4.600,15.014
73677,0,2,1,0.500,83808,93776,3.264,4.800,15.667
73717,0,2,1,0.500,84506,95109,3.264,4.800,15.667
73757,0,2,1,0.500,84909,95838,3.264,4.800,15.667
73797,0,2,1,0.500,85196,96374,3.264,5.000,16.320
73837,0,2,1,0.500,85345,96720,3.264,5.000,16.320
73877,0,2,1,0.500,85278,96741,3.264,5.100,16.646
73917,0,2,1,0.500,85397,96995,3.264,5.100,16.646
73957,0,2,1,0.500,85514,97262,3.264,5.100,16.646
73997,0,2,1,0.500,85541,97366,3.264,5.100,16.646
74037,0,2,1,0.500,85421,97157,3.264,5.100,16.646
74077,0,2,1,0.500,85138,96684,3.264,5.300,17.299
74117,0,2,1,0.500,84776,96142,3.264,5.300,17.299
74157,0,2,1,0.500,84059,94787,3.264,5.300,17.299
74197,0,2,1,0.500,81734,91703,3.268,4.600,15.033
74237,0,2,1,0.500,78272,87003,3.268,4.600,15.033
74277,0,2,1,0.500,69302,75766,3.264,4.300,14.035
74317,0,2,1,0.500,59683,65155,3.264,4.300,14.035
74357,0,2,1,0.500,36480,43837,3.264,4.300,14.035
74397,0,2,1,0.500,43173,50503,3.264,4.400,14.362
74437,0,2,1,0.500,52959,59142,3.264,4.400,14.362
74477,0,2,1,0.500,51831,58010,3.268,4.800,15.686
74517,0,2,1,0.500,58258,63460,3.268,4.800,15.686
74557,0,2,1,0.500,54414,59525,3.268,4.800,15.686
74597,0,2,1,0.500,51891,56637,3.264,4.800,15.667
74637,0,2,1,0.500,48148,52818,3.264,4.800,15.667
74677,0,2,1,0.500,52889,55716,3.268,4.600,15.033
74717,0,2,1,0.500,65333,65619,3.268,4.600,15.033
74757,0,2,1,0.500,70842,69441,3.268,4.600,15.033
74797,0,2,1,0.500,70464,67913,3.264,4.600,15.014
74837,0,2,1,0.500,67812,66319,3.264,4.600,15.014
74877,0,2,1,0.500,66071,65399,3.268,4.400,14.379
74917,0,2,1,0.500,66532,65835,3.268,4.400,14.379
74957,0,2,1,0.500,69252,69140,3.268,4.400,14.379
74997,0,2,1,0.500,75447,76457,3.264,4.500,14.688
75037,0,2,1,0.500,80134,83316,3.264,4.500,14.688
75077,0,2,1,0.500,82780,88445,3.264,5.000,16.320
75117,0,2,1,0.500,84534,92191,3.264,5.000,16.320
75157,0,2,1,0.500,85662,94289,3.264,5.000,16.320
75197,0,2,1,0.500,86491,95730,3.268,4.800,15.686
75237,0,2,1,0.500,87051,96524,3.268,4.800,15.686
75277,0,2,1,0.500,87172,96804,3.264,4.800,15.667
75317,0,2,1,0.500,86881,96320,3.264,4.800,15.667
75357,0,2,1,0.500,85311,94316,3.264,4.800,15.667
75397,0,2,1,0.500,81570,90033,3.264,4.800,15.667
75437,0,2,1,0.500,77744,84395,3.264,4.800,15.667
75477,0,2,1,0.500,63328,61657,3.264,4.800,15.667
75517,0,2,1,0.500,39268,29672,3.264,4.800,15.667
75557,0,2,1,0.500,30945,19575,3.264,4.800,15.667
75597,0,2,1,0.500,32519,20657,3.264,4.500,14.688
75638,0,2,1,0.500,34754,22691,3.264,4.500,14.688
75677,0,2,1,0.500,41766,29312,3.268,4.500,14.706
75717,0,2,1,0.500,48941,38797,3.268,4.500,14.706
75758,0,2,1,0.500,55049,48569,3.268,4.500,14.706
75797,0,2,1,0.500,58913,53910,3.264,4.600,15.014
75837,0,2,1,0.500,61029,56895,3.264,4.600,15.014
75877,0,2,1,0.500,66116,64429,3.264,4.700,15.341
75917,0,2,1,0.500,68542,67768,3.264,4.700,15.341
75958,0,2,1,0.500,70321,70165,3.264,4.700,15.341
75997,0,2,1,0.500,70683,70736,3.264,4.500,14.688
76037,0,2,1,0.500,71176,71396,3.264,4.500,14.688
76077,0,2,1,0.500,71278,71626,3.268,4.800,15.686
76117,0,2,1,0.500,71957,72502,3.268,4.800,15.686
76158,0,2,1,0.500,73247,74566,3.268,4.800,15.686
76197,0,2,1,0.500,74463,76819,3.264,4.700,15.341
76237,0,2,1,0.500,75208,78241,3.264,4.700,15.341
76278,0,2,1,0.500,74725,77267,3.264,4.800,15.667
76317,0,2,1,0.500,75024,77617,3.264,4.800,15.667
76357,0,2,1,0.500,76956,80909,3.264,4.800,15.667
76398,0,2,1,0.500,78773,83750,3.264,4.600,15.014
76437,0,2,1,0.500,80349,86382,3.264,4.600,15.014
76478,0,2,1,0.500,81705,88532,3.268,5.000,16.340
76518,0,2,1,0.500,82467,90248,3.268,5.000,16.340
76557,0,2,1,0.500,83186,91351,3.268,5.000,16.340
76598,0,2,1,0.500,83210,91358,3.268,4.600,15.033
76638,0,2,1,0.500,82622,90434,3.268,4.600,15.033
76678,0,2,1,0.500,81113,88260,3.268,4.500,14.706
76718,0,2,1,0.500,74357,79369,3.268,4.500,14.706
76758,0,2,1,0.500,71358,75642,3.268,4.500,14.706
76798,0,2,1,0.500,70096,73624,3.264,4.400,14.362
76838,0,2,1,0.500,76566,76286,3.264,4.400,14.362
76878,0,2,1,0.500,71774,69378,3.268,4.600,15.033
76918,0,2,1,0.500,61819,59908,3.268,4.600,15.033
76958,0,2,1,0.500,41327,39543,3.268,4.600,15.033
76998,0,2,1,0.500,40442,36371,3.268,4.800,15.686
77038,0,2,1,0.500,49113,42867,3.268,4.800,15.686
77078,0,2,1,0.500,54942,48261,3.264,4.500,14.688
77118,0,2,1,0.500,77886,68566,3.264,4.500,14.688
77158,0,2,1,0.500,79355,72034,3.264,4.500,14.688
77198,0,2,1,0.500,80298,71412,3.264,4.500,14.688
77238,0,2,1,0.500,69266,60618,3.264,4.500,14.688
77278,0,2,1,0.500,56150,50538,3.268,4.500,14.706
77318,0,2,1,0.500,48927,44785,3.268,4.500,14.706
77358,0,2,1,0.500,56463,48711,3.268,4.500,14.706
77398,0,2,1,0.500,69962,56823,3.264,4.500,14.688
77438,0,2,1,0.500,73942,64135,3.264,4.500,14.688
77478,0,2,1,0.500,62379,51756,3.268,4.600,15.033
77518,0,2,1,0.500,34069,29889,3.268,4.600,15.033
77558,0,2,1,0.500,46831,41484,3.268,4.600,15.033
77598,0,2,1,0.500,63970,52290,3.264,4.600,15.014
77638,0,2,1,0.500,53102,42064,3.264,4.600,15.014
77678,0,2,1,0.500,47130,38456,3.268,4.600,15.033
77718,0,2,1,0.500,43920,37490,3.268,4.600,15.033
77758,0,2,1,0.500,42379,36551,3.268,4.600,15.033
77798,0,2,1,0.500,42876,37260,3.268,4.800,15.686
77838,0,2,1,0.500,39301,34075,3.268,4.800,15.686
77878,0,2,1,0.500,36569,32077,3.268,4.500,14.706
77918,0,2,1,0.500,41296,35915,3.268,4.500,14.706
77958,0,2,1,0.500,42907,36467,3.268,4.500,14.706
77998,0,2,1,0.500,29388,25884,3.268,4.700,15.360
78038,0,2,1,0.500,24133,21913,3.268,4.700,15.360
78078,0,2,1,0.500,33417,30416,3.268,4.300,14.052
78118,0,2,1,0.500,44596,39407,3.268,4.300,14.052
78158,0,2,1,0.500,40416,35473,3.268,4.300,14.052
78198,0,2,1,0.500,35793,31183,3.268,4.400,14.379
78238,0,2,1,0.500,36963,32190,3.268,4.400,14.379
78278,0,2,1,0.500,46484,39998,3.268,4.900,16.013
78318,0,2,1,0.500,43673,36547,3.268,4.900,16.013
78358,0,2,1,0.500,44967,37584,3.268,4.900,16.013
78398,0,2,1,0.500,75840,66990,3.268,4.400,14.379
78438,0,2,1,0.500,74170,72878,3.268,4.400,14.379
78478,0,2,1,0.500,75870,75323,3.264,4.700,15.341
78518,0,2,1,0.500,76191,75846,3.264,4.700,15.341
78558,0,2,1,0.500,77308,78044,3.264,4.700,15.341
78598,0,2,1,0.500,77719,78819,3.264,4.400,14.362
78638,0,2,1,0.500,78690,80838,3.264,4.400,14.362
78678,0,2,1,0.500,81220,85376,3.264,4.700,15.341
78718,0,2,1,0.500,82712,89039,3.264,4.700,15.341
78758,0,2,1,0.500,83671,91391,3.264,4.700,15.341
78798,0,2,1,0.500,84108,92573,3.268,4.700,15.360
78838,0,2,1,0.500,84142,92680,3.268,4.700,15.360
78878,0,2,1,0.500,84019,92482,3.268,4.900,16.013
78918,0,2,1,0.500,84578,93613,3.268,4.900,16.013
78958,0,2,1,0.500,85129,94861,3.268,4.900,16.013
78998,0,2,1,0.500,85451,95834,3.264,4.900,15.994
79038,0,2,1,0.500,85375,96013,3.264,4.900,15.994
79078,0,2,1,0.500,85291,96114,3.260,4.800,15.648
79118,0,2,1,0.500,85406,96523,3.260,4.800,15.648
79158,0,2,1,0.500,85304,96548,3.260,4.800,15.648
79198,0,2,1,0.500,85198,96452,3.264,5.100,16.646
79238,0,2,1,0.500,84920,96001,3.264,5.100,16.646
79278,0,2,1,0.500,84532,95249,3.260,5.000,16.300
79318,0,2,1,0.500,83723,93855,3.260,5.000,16.300
79358,0,2,1,0.500,82259,90744,3.260,5.000,16.300
79398,0,2,1,0.500,79519,86265,3.260,4.600,14.996
79438,0,2,1,0.500,79981,80693,3.260,4.600,14.996
79478,0,2,1,0.500,78581,78528,3.268,4.600,15.033
79518,0,2,1,0.500,77029,76353,3.268,4.600,15.033
79558,0,2,1,0.500,71679,68215,3.268,4.600,15.033
79598,0,2,1,0.500,67536,61731,3.268,4.600,15.033
79638,0,2,1,0.500,64520,56746,3.268,4.600,15.033
79678,0,2,1,0.500,72710,68618,3.268,4.400,14.379
79718,0,2,1,0.500,79332,80786,3.268,4.400,14.379
79758,0,2,1,0.500,81730,85495,3.268,4.400,14.379
79798,0,2,1,0.500,81990,87289,3.264,4.900,15.994
79838,0,2,1,0.500,81997,87373,3.264,4.900,15.994
79878,0,2,1,0.500,81727,86719,3.264,4.800,15.667
79918,0,2,1,0.500,82348,88079,3.264,4.800,15.667
79958,0,2,1,0.500,83852,91221,3.264,4.800,15.667
79998,0,2,1,0.500,84831,93295,3.260,5.000,16.300
80038,0,2,1,0.500,85224,94261,3.260,5.000,16.300
80078,0,2,1,0.500,85390,94474,3.264,5.100,16.646
80119,0,2,1,0.500,85293,94119,3.264,5.100,16.646
80158,0,2,1,0.500,84615,92715,3.264,5.100,16.646
80198,0,2,1,0.500,83648,90609,3.264,4.400,14.362
80239,0,2,1,0.500,83210,89638,3.264,4.400,14.362
80278,0,2,1,0.500,80566,85953,3.268,4.900,16.013
80318,0,2,1,0.500,75360,78774,3.268,4.900,16.013
80359,0,2,1,0.500,77929,80841,3.268,4.900,16.013
80398,0,2,1,0.500,79268,82284,3.268,4.600,15.033
80439,0,2,1,0.500,79512,82628,3.268,4.600,15.033
80478,0,2,1,0.500,79526,82575,3.264,4.600,15.014
80518,0,2,1,0.500,79039,81644,3.264,4.600,15.014
80559,0,2,1,0.500,77605,79106,3.264,4.600,15.014
80598,0,2,1,0.500,76766,77706,3.264,4.500,14.688
80638,0,2,1,0.500,76811,77763,3.264,4.500,14.688
80678,0,2,1,0.500,77560,79174,3.264,4.600,15.014
80718,0,2,1,0.500,78829,81549,3.264,4.600,15.014
80759,0,2,1,0.500,78866,81622,3.264,4.600,15.014
80799,0,2,1,0.500,77809,79662,3.268,4.300,14.052
80838,0,2,1,0.500,76304,77425,3.268,4.300,14.052
80879,0,2,1,0.500,76993,78275,3.264,4.500,14.688
80918,0,2,1,0.500,77535,79320,3.264,4.500,14.688
80959,0,2,1,0.500,77404,78969,3.264,4.500,14.688
80999,0,2,1,0.500,77674,79265,3.264,4.800,15.667
81038,0,2,1,0.500,76477,77645,3.264,4.800,15.667
81079,0,2,1,0.500,68713,62566,3.264,4.700,15.341
81119,0,2,1,0.500,68998,60732,3.264,4.700,15.341
81158,0,2,1,0.500,75199,75255,3.264,4.700,15.341
81199,0,2,1,0.500,75922,75892,3.264,4.400,14.362
81239,0,2,1,0.500,75012,74933,3.264,4.400,14.362
81279,0,2,1,0.500,70946,65277,3.268,4.500,14.706
81319,0,2,1,0.500,66904,54728,3.268,4.500,14.706
81359,0,2,1,0.500,72831,69095,3.268,4.500,14.706
81399,0,2,1,0.500,76126,75924,3.264,4.600,15.014
81439,0,2,1,0.500,74220,73776,3.264,4.600,15.014
81479,0,2,1,0.500,70645,62242,3.264,4.600,15.014
81519,0,2,1,0.500,70525,61242,3.264,4.600,15.014
81559,0,2,1,0.500,75799,75639,3.264,4.600,15.014
81599,0,2,1,0.500,76160,76281,3.264,4.600,15.014
81639,0,2,1,0.500,75192,74877,3.264,4.600,15.014
81679,0,2,1,0.500,72064,71240,3.268,4.500,14.706
81719,0,2,1,0.500,74089,72720,3.268,4.500,14.706
81759,0,2,1,0.500,75793,73983,3.268,4.500,14.706
81799,0,2,1,0.500,75986,74606,3.264,4.500,14.688
81839,0,2,1,0.500,74512,72880,3.264,4.500,14.688
81879,0,2,1,0.500,73318,65044,3.268,4.500,14.706
81919,0,2,1,0.500,65769,57252,3.268,4.500,14.706
81959,0,2,1,0.500,72713,68399,3.268,4.500,14.706
81999,0,2,1,0.500,69407,66823,3.264,4.400,14.362
82039,0,2,1,0.500,69208,67002,3.264,4.400,14.362
82079,0,2,1,0.500,70185,67976,3.268,4.400,14.379
82119,0,2,1,0.500,41505,30030,3.268,4.400,14.379
82159,0,2,1,0.500,17775,10463,3.268,4.400,14.379
82199,0,2,1,0.500,38667,28262,3.264,4.800,15.667
82239,0,2,1,0.500,49065,38358,3.264,4.800,15.667
82279,0,2,1,0.500,38861,27111,3.268,4.300,14.052
82319,0,2,1,0.500,38221,27687,3.268,4.300,14.052
82359,0,2,1,0.500,52497,40171,3.268,4.300,14.052
82399,0,2,1,0.500,63838,54211,3.268,4.600,15.033
82439,0,2,1,0.500,36480,26092,3.268,4.600,15.033
82479,0,2,1,0.500,27326,17384,3.268,4.800,15.686
82519,0,2,1,0.500,29827,18878,3.268,4.800,15.686
82559,0,2,1,0.500,61267,49219,3.268,4.800,15.686
82599,0,2,1,0.500,60409,49596,3.264,4.600,15.014
82639,0,2,1,0.500,51991,45406,3.264,4.600,15.014
82679,0,2,1,0.500,55894,49011,3.264,4.400,14.362
82719,0,2,1,0.500,69942,57870,3.264,4.400,14.362
82759,0,2,1,0.500,63301,50840,3.264,4.400,14.362
82799,0,2,1,0.500,58598,51439,3.268,4.700,15.360
82839,0,2,1,0.500,63244,60065,3.268,4.700,15.360
82879,0,2,1,0.500,74570,62117,3.264,4.500,14.688
82919,0,2,1,0.500,77611,66913,3.264,4.500,14.688
82959,0,2,1,0.500,70213,65396,3.264,4.500,14.688
82999,0,2,1,0.500,65880,63831,3.268,4.500,14.706
83039,0,2,1,0.500,68953,68185,3.268,4.500,14.706
83079,0,2,1,0.500,70496,65694,3.268,4.600,15.033
83119,0,2,1,0.500,43370,42556,3.268,4.600,15.033
83159,0,2,1,0.500,55946,45303,3.268,4.600,15.033
83199,0,2,1,0.500,65384,59445,3.268,4.700,15.360
83239,0,2,1,0.500,67291,63743,3.268,4.700,15.360
83279,0,2,1,0.500,77167,70181,3.268,4.600,15.033
83319,0,2,1,0.500,78821,72264,3.268,4.600,15.033
83359,0,2,1,0.500,72343,71173,3.268,4.600,15.033
83399,0,2,1,0.500,74814,73959,3.268,4.500,14.706
83439,0,2,1,0.500,72669,71904,3.268,4.500,14.706
83479,0,2,1,0.500,69446,68928,3.268,4.500,14.706
83519,0,2,1,0.500,75812,72336,3.268,4.500,14.706
83559,0,2,1,0.500,71430,69908,3.268,4.500,14.706
83599,0,2,1,0.500,73358,72691,3.268,4.200,13.726
83640,0,2,1,0.500,72919,72018,3.268,4.200,13.726
83679,0,2,1,0.500,74731,67389,3.264,4.500,14.688
83719,0,2,1,0.500,73919,69309,3.264,4.500,14.688
83760,0,2,1,0.500,76703,77830,3.264,4.500,14.688
83799,0,2,1,0.500,81550,86101,3.264,4.900,15.994
83839,0,2,1,0.500,81672,87357,3.264,4.900,15.994
83879,0,2,1,0.500,77551,77339,3.264,4.500,14.688
83919,0,2,1,0.500,49427,38607,3.264,4.500,14.688
83960,0,2,1,0.500,64292,55261,3.264,4.500,14.688
83999,0,2,1,0.500,76898,76793,3.268,4.200,13.726
84039,0,2,1,0.500,76985,76218,3.268,4.200,13.726
84079,0,2,1,0.500,76210,74758,3.268,4.600,15.033
84119,0,2,1,0.500,74724,73269,3.268,4.600,15.033
84160,0,2,1,0.500,66216,55591,3.268,4.600,15.033
84200,0,2,1,0.500,51661,40300,3.268,4.600,15.033
84239,0,2,1,0.500,42976,35986,3.268,4.600,15.033
84280,0,2,1,0.500,45831,34970,3.268,4.500,14.706
84320,0,2,1,0.500,58401,43611,3.268,4.500,14.706
84359,0,2,1,0.500,54999,41919,3.268,4.500,14.706
84400,0,2,1,0.500,67916,61181,3.268,4.700,15.360
84440,0,2,1,0.500,66025,59947,3.268,4.700,15.360
84480,0,2,1,0.500,67159,64344,3.264,4.500,14.688
84520,0,2,1,0.500,72630,72107,3.264,4.500,14.688
84560,0,2,1,0.500,68202,64843,3.264,4.500,14.688
84600,0,2,1,0.500,69839,59670,3.268,4.500,14.706
84640,0,2,1,0.500,69463,60097,3.268,4.500,14.706
84680,0,2,1,0.500,73959,73528,3.268,4.900,16.013
84720,0,2,1,0.500,75466,75409,3.268,4.900,16.013
84760,0,2,1,0.500,75966,75979,3.268,4.900,16.013
84800,0,2,1,0.500,75772,75502,3.268,4.700,15.360
84840,0,2,1,0.500,76239,76117,3.268,4.700,15.360
84880,0,2,1,0.500,76727,76934,3.264,5.000,16.320
84920,0,2,1,0.500,79501,82399,3.264,5.000,16.320
84960,0,2,1,0.500,82258,87969,3.264,5.000,16.320
85000,0,2,1,0.500,83425,90425,3.264,4.800,15.667
85040,0,2,1,0.500,84267,91952,3.264,4.800,15.667
85080,0,2,1,0.500,84040,91757,3.264,4.800,15.667
85120,0,2,1,0.500,79908,84341,3.264,4.800,15.667
85160,0,2,1,0.500,61706,51879,3.264,4.800,15.667
85200,0,2,1,0.500,42823,34305,3.268,4.200,13.726
85240,0,2,1,0.500,67621,57294,3.268,4.200,13.726
85280,0,2,1,0.500,70612,62982,3.264,4.500,14.688
85320,0,2,1,0.500,68698,60284,3.264,4.500,14.688
85360,0,2,1,0.500,68976,60429,3.264,4.500,14.688
85400,0,2,1,0.500,72627,70893,3.268,4.500,14.706
85440,0,2,1,0.500,76484,80840,3.268,4.500,14.706
85480,0,2,1,0.500,82753,92713,3.264,4.800,15.667
85520,0,2,1,0.500,83805,95266,3.264,4.800,15.667
85560,0,2,1,0.500,83844,95480,3.264,4.800,15.667
85600,0,2,1,0.500,83503,94828,3.264,4.800,15.667
85640,0,2,1,0.500,83180,94004,3.264,4.800,15.667
85680,0,2,1,0.500,82983,93571,3.264,4.600,15.014
85720,0,2,1,0.500,82462,92062,3.264,4.600,15.014
85760,0,2,1,0.500,81421,88949,3.264,4.600,15.014
85800,0,2,1,0.500,80541,86846,3.264,4.700,15.341
85840,0,2,1,0.500,79972,86269,3.264,4.700,15.341
85880,0,2,1,0.500,79236,85261,3.264,4.700,15.341
85920,0,2,1,0.500,77422,81660,3.264,4.700,15.341
85960,0,2,1,0.500,74800,75044,3.264,4.700,15.341
86000,0,2,1,0.500,71824,68352,3.268,4.600,15.033
86040,0,2,1,0.500,69156,64806,3.268,4.600,15.033
86080,0,2,1,0.500,64910,58238,3.268,4.600,15.033
86120,0,2,1,0.500,57381,47105,3.268,4.600,15.033
86160,0,2,1,0.500,34403,25553,3.268,4.600,15.033
86200,0,2,1,0.500,32653,25163,3.264,4.400,14.362
86240,0,2,1,0.500,75279,73426,3.264,4.400,14.362
86280,0,2,1,0.500,80992,86954,3.264,4.500,14.688
86320,0,2,1,0.500,81990,89591,3.264,4.500,14.688
86360,0,2,1,0.500,82367,90796,3.264,4.500,14.688
86400,0,2,1,0.500,82006,90258,3.268,4.400,14.379
86440,0,2,1,0.500,80033,83540,3.268,4.400,14.379
86480,0,2,1,0.500,28602,26945,3.268,4.500,14.706
86520,0,2,1,0.500,22143,21213,3.268,4.500,14.706
86560,0,2,1,0.500,47535,41368,3.268,4.500,14.706
86600,0,2,1,0.500,49160,43361,3.268,4.500,14.706
86640,0,2,1,0.500,38267,36720,3.268,4.500,14.706
86680,0,2,1,0.500,70972,65536,3.264,4.900,15.994
86720,0,2,1,0.500,67954,59491,3.264,4.900,15.994
86760,0,2,1,0.500,47816,34657,3.264,4.900,15.994
86800,0,2,1,0.500,51123,42605,3.268,4.500,14.706
86840,0,2,1,0.500,69089,67360,3.268,4.500,14.706
86880,0,2,1,0.500,60061,50607,3.268,4.500,14.706
86920,0,2,1,0.500,20303,13403,3.268,4.500,14.706
86960,0,2,1,0.500,15567,8752,3.268,4.500,14.706
87000,0,2,1,0.500,23404,15733,3.264,4.500,14.688
87040,0,2,1,0.500,25463,18966,3.264,4.500,14.688
87080,0,2,1,0.500,26537,21140,3.264,4.600,15.014
87120,0,2,1,0.500,30304,22689,3.264,4.600,15.014
87160,0,2,1,0.500,38785,29549,3.264,4.600,15.014
87200,0,2,1,0.500,67596,59671,3.268,4.700,15.360
87240,0,2,1,0.500,58219,46379,3.268,4.700,15.360
87280,0,2,1,0.500,25861,19182,3.264,4.700,15.341
87320,0,2,1,0.500,23275,16977,3.264,4.700,15.341
87360,0,2,1,0.500,27300,19130,3.264,4.700,15.341
87401,0,2,1,0.500,37577,29022,3.264,4.800,15.667
87440,0,2,1,0.500,53635,43815,3.264,4.800,15.667
87481,0,2,1,0.500,36359,27459,3.268,4.600,15.033
87521,0,2,1,0.500,23033,17104,3.268,4.600,15.033
87560,0,2,1,0.500,17256,13169,3.268,4.600,15.033
87601,0,2,1,0.500,20617,15470,3.264,4.600,15.014
87641,0,2,1,0.500,43769,36480,3.264,4.600,15.014
87680,0,2,1,0.500,70799,61114,3.268,4.800,15.686
87721,0,2,1,0.500,77584,72075,3.268,4.800,15.686
87761,0,2,1,0.500,66486,60723,3.268,4.800,15.686
87801,0,2,1,0.500,62365,54683,3.252,4.500,14.634
87841,0,2,1,0.500,71158,69202,3.252,4.500,14.634
87880,0,2,1,0.500,75912,76023,3.256,4.600,14.978
87921,0,2,1,0.500,74738,74988,3.256,4.600,14.978
87961,0,2,1,0.500,74022,74760,3.256,4.600,14.978
88001,0,2,1,0.500,73393,73517,3.264,4.600,15.014
88041,0,2,1,0.500,67603,64589,3.264,4.600,15.014
88080,0,2,1,0.500,68516,63479,3.260,4.400,14.344
88121,0,2,1,0.500,72531,61956,3.260,4.400,14.344
88161,0,2,1,0.500,72474,71945,3.260,4.400,14.344
88200,0,2,1,0.500,72703,64512,3.260,4.500,14.670
88241,0,2,1,0.500,62077,49929,3.260,4.500,14.670
88281,0,2,1,0.500,58959,52814,3.260,4.500,14.670
88321,0,2,1,0.500,62430,56523,3.260,4.500,14.670
88361,0,2,1,0.500,60662,51808,3.260,4.500,14.670
88401,0,2,1,0.500,49979,36320,3.260,4.500,14.670
88441,0,2,1,0.500,31533,21599,3.260,4.500,14.670
88481,0,2,1,0.500,37311,28009,3.260,4.300,14.018
88521,0,2,1,0.500,68969,64452,3.260,4.300,14.018
88561,0,2,1,0.500,72109,71182,3.260,4.300,14.018
88601,0,2,1,0.500,72044,70381,3.264,4.400,14.362
88641,0,2,1,0.500,67360,59530,3.264,4.400,14.362
88681,0,2,1,0.500,66082,58196,3.260,4.500,14.670
88721,0,2,1,0.500,45330,41645,3.260,4.500,14.670
88761,0,2,1,0.500,41465,40138,3.260,4.500,14.670
88801,0,2,1,0.500,70717,66672,3.264,4.300,14.035
88841,0,2,1,0.500,73991,73642,3.264,4.300,14.035
88881,0,2,1,0.500,70495,71655,3.264,4.700,15.341
88921,0,2,1,0.500,60519,64369,3.264,4.700,15.341
88961,0,2,1,0.500,51859,58384,3.264,4.700,15.341
89001,0,2,1,0.500,54795,60887,3.260,4.700,15.322
89041,0,2,1,0.500,65338,67971,3.260,4.700,15.322
89081,0,2,1,0.500,71661,68422,3.260,4.400,14.344
89121,0,2,1,0.500,75488,71798,3.260,4.400,14.344
89161,0,2,1,0.500,71841,69922,3.260,4.400,14.344
89201,0,2,1,0.500,75124,75051,3.264,4.400,14.362
89241,0,2,1,0.500,79099,81082,3.264,4.400,14.362
89281,0,2,1,0.500,79959,82051,3.264,4.400,14.362
89321,0,2,1,0.500,79025,80356,3.264,4.400,14.362
89361,0,2,1,0.500,77323,77811,3.264,4.400,14.362
89401,0,2,1,0.500,75999,75304,3.260,4.600,14.996
89441,0,2,1,0.500,75810,74960,3.260,4.600,14.996
89481,0,2,1,0.500,76153,75692,3.264,4.500,14.688
89521,0,2,1,0.500,75858,75183,3.264,4.500,14.688
89561,0,2,1,0.500,75440,74451,3.264,4.500,14.688
89601,0,2,1,0.500,75117,73940,3.264,4.800,15.667
89641,0,2,1,0.500,74470,73088,3.264,4.800,15.667
89681,0,2,1,0.500,72860,71232,3.264,4.700,15.341
89721,0,2,1,0.500,72122,70474,3.264,4.700,15.341
89761,0,2,1,0.500,73982,72806,3.264,4.700,15.341
89801,0,2,1,0.500,73976,72630,3.260,4.600,14.996
89841,0,2,1,0.500,73312,71955,3.260,4.600,14.996
89881,0,2,1,0.500,73037,71701,3.264,4.800,15.667
89921,0,2,1,0.500,73176,71927,3.264,4.800,15.667
89961,0,2,1,0.500,73676,72605,3.264,4.800,15.667
90001,0,2,1,0.500,73573,72406,3.264,4.700,15.341
90041,0,2,1,0.500,72914,71604,3.264,4.700,15.341
90081,0,2,1,0.500,71505,70120,3.264,4.500,14.688
90121,0,2,1,0.500,70736,69213,3.264,4.500,14.688
90161,0,2,1,0.500,69882,67004,3.264,4.500,14.688
90201,0,2,1,0.500,70637,65818,3.260,4.400,14.344
90241,0,2,1,0.500,71639,65586,3.260,4.400,14.344
90281,0,2,1,0.500,73141,65013,3.264,4.600,15.014
90321,0,2,1,0.500,73654,64799,3.264,4.600,15.014
90361,0,2,1,0.500,73304,65663,3.264,4.600,15.014
90401,0,2,1,0.500,72895,65034,3.264,4.800,15.667
90441,0,2,1,0.500,71978,61934,3.264,4.800,15.667
90481,0,2,1,0.500,68429,56036,3.264,4.900,15.994
