190,0,2,1,0.500,72974,78665,3.276,3.900,12.776
230,0,2,1,0.500,79083,90570,3.276,3.900,12.776
270,0,2,1,0.500,79143,90643,3.264,4.800,15.667
310,0,2,1,0.500,79128,90585,3.264,4.800,15.667
350,0,2,1,0.500,79008,90277,3.264,4.800,15.667
390,0,2,1,0.500,78770,89846,3.264,4.300,14.035
430,0,2,1,0.500,78755,89825,3.264,4.300,14.035
470,0,2,1,0.500,78760,89871,3.264,4.600,15.014
510,0,2,1,0.500,78850,90073,3.264,4.600,15.014
550,0,2,1,0.500,78972,90330,3.264,4.600,15.014
590,0,2,1,0.500,79051,90526,3.264,4.200,13.709
630,0,2,1,0.500,79087,90575,3.264,4.200,13.709
670,0,2,1,0.500,79081,90549,3.264,4.800,15.667
710,0,2,1,0.500,79103,90598,3.264,4.800,15.667
750,0,2,1,0.500,79083,90621,3.264,4.800,15.667
790,0,2,1,0.500,79106,90657,3.268,4.400,14.379
830,0,2,1,0.500,79135,90733,3.268,4.400,14.379
870,0,2,1,0.500,79132,90814,3.264,4.400,14.362
910,0,2,1,0.500,79166,90844,3.264,4.400,14.362
950,0,2,1,0.500,79173,90871,3.264,4.400,14.362
990,0,2,1,0.500,79057,90564,3.264,4.700,15.341
1030,0,2,1,0.500,78945,90285,3.264,4.700,15.341
1070,0,2,1,0.500,78897,90221,3.268,4.600,15.033
1110,0,2,1,0.500,78899,90261,3.268,4.600,15.033
1150,0,2,1,0.500,78945,90377,3.268,4.600,15.033
1190,0,2,1,0.500,79010,90541,3.264,4.500,14.688
1230,0,2,1,0.500,79048,90663,3.264,4.500,14.688
1270,0,2,1,0.500,79029,90592,3.264,4.200,13.709
1310,0,2,1,0.500,79003,90575,3.264,4.200,13.709
1350,0,2,1,0.500,79014,90606,3.264,4.200,13.709
1390,0,2,1,0.500,78999,90614,3.264,4.300,14.035
1430,0,2,1,0.500,79067,90739,3.264,4.300,14.035
1470,0,2,1,0.500,79093,90866,3.264,4.500,14.688
1510,0,2,1,0.500,79126,90959,3.264,4.500,14.688
1550,0,2,1,0.500,79150,90968,3.264,4.500,14.688
1590,0,2,1,0.500,79079,90876,3.264,4.500,14.688
1630,0,2,1,0.500,78954,90556,3.264,4.500,14.688
1670,0,2,1,0.500,78916,90428,3.264,4.800,15.667
1710,0,2,1,0.500,78881,90406,3.264,4.800,15.667
1750,0,2,1,0.500,78880,90424,3.264,4.800,15.667
1790,0,2,1,0.500,78929,90553,3.264,4.800,15.667
1830,0,2,1,0.500,78971,90652,3.264,4.800,15.667
1870,0,2,1,0.500,79000,90724,3.264,4.800,15.667
1910,0,2,1,0.500,78962,90724,3.264,4.800,15.667
1950,0,2,1,0.500,78970,90738,3.264,4.800,15.667
1990,0,2,1,0.500,78998,90843,3.264,4.600,15.014
2030,0,2,1,0.500,79077,90944,3.264,4.600,15.014
2070,0,2,1,0.500,79136,91040,3.264,4.500,14.688
2110,0,2,1,0.500,79102,91085,3.264,4.500,14.688
2150,0,2,1,0.500,79154,91183,3.264,4.500,14.688
2190,0,2,1,0.500,79147,91171,3.268,4.600,15.033
2230,0,2,1,0.500,79010,90896,3.268,4.600,15.033
2270,0,2,1,0.500,78878,90552,3.264,4.700,15.341
2310,0,2,1,0.500,78793,90392,3.264,4.700,15.341
2350,0,2,1,0.500,78742,90346,3.264,4.700,15.341
2390,0,2,1,0.500,78848,90576,3.264,4.400,14.362
2430,0,2,1,0.500,79002,90895,3.264,4.400,14.362
2470,0,2,1,0.500,79029,90954,3.264,4.300,14.035
2510,0,2,1,0.500,79035,90955,3.264,4.300,14.035
2550,0,2,1,0.500,79028,90971,3.264,4.300,14.035
2590,0,2,1,0.500,79013,90960,3.264,4.600,15.014
2630,0,2,1,0.500,79067,91011,3.264,4.600,15.014
2670,0,2,1,0.500,79144,91191,3.252,4.400,14.309
2710,0,2,1,0.500,79218,91363,3.252,4.400,14.309
2750,0,2,1,0.500,79286,91502,3.252,4.400,14.309
2790,0,2,1,0.500,79387,91684,3.248,4.500,14.616
2830,0,2,1,0.500,79518,91934,3.248,4.500,14.616
2870,0,2,1,0.500,79580,92079,3.248,4.500,14.616
2910,0,2,1,0.500,79491,91854,3.248,4.500,14.616
2951,0,2,1,0.500,79436,91694,3.248,4.500,14.616
2990,0,2,1,0.500,79418,91661,3.244,4.400,14.274
3030,0,2,1,0.500,79461,91772,3.244,4.400,14.274
3070,0,2,1,0.500,79490,91850,3.248,4.600,14.941
3110,0,2,1,0.500,79523,91984,3.248,4.600,14.941
3150,0,2,1,0.500,79543,92043,3.248,4.600,14.941
3190,0,2,1,0.500,79526,92023,3.248,4.200,13.642
3230,0,2,1,0.500,79544,92028,3.248,4.200,13.642
3270,0,2,1,0.500,79519,92057,3.252,4.400,14.309
3310,0,2,1,0.500,79538,92093,3.252,4.400,14.309
3350,0,2,1,0.500,79587,92173,3.252,4.400,14.309
3390,0,2,1,0.500,79606,92279,3.248,4.500,14.616
3430,0,2,1,0.500,79637,92320,3.248,4.500,14.616
3471,0,2,1,0.500,79686,92450,3.248,4.500,14.616
3510,0,2,1,0.500,79748,92572,3.248,4.500,14.616
3550,0,2,1,0.500,79761,92601,3.248,4.500,14.616
3591,0,2,1,0.500,79618,92379,3.248,4.400,14.291
3630,0,2,1,0.500,79576,92206,3.248,4.400,14.291
3670,0,2,1,0.500,79542,92119,3.248,4.600,14.941
3711,0,2,1,0.500,79522,92115,3.248,4.600,14.941
3750,0,2,1,0.500,79534,92200,3.248,4.600,14.941
3790,0,2,1,0.500,79582,92300,3.248,4.500,14.616
3830,0,2,1,0.500,79635,92402,3.248,4.500,14.616
3870,0,2,1,0.500,79643,92478,3.248,4.400,14.291
3911,0,2,1,0.500,79661,92483,3.248,4.400,14.291
3950,0,2,1,0.500,79657,92511,3.248,4.400,14.291
3990,0,2,1,0.500,79668,92532,3.244,4.600,14.922
4031,0,2,1,0.500,79658,92529,3.244,4.600,14.922
4070,0,2,1,0.500,79692,92589,3.248,4.500,14.616
4111,0,2,1,0.500,79667,92599,3.248,4.500,14.616
4151,0,2,1,0.500,79660,92617,3.248,4.500,14.616
4190,0,2,1,0.500,79645,92617,3.248,4.600,14.941
4231,0,2,1,0.500,79686,92649,3.248,4.600,14.941
4270,0,2,1,0.500,79626,92525,3.248,4.500,14.616
4310,0,2,1,0.500,79593,92404,3.248,4.500,14.616
4351,0,2,1,0.500,79565,92359,3.248,4.500,14.616
4390,0,2,1,0.500,79613,92443,3.244,4.500,14.598
4430,0,2,1,0.500,79643,92559,3.244,4.500,14.598
4470,0,2,1,0.500,79671,92656,3.244,4.700,15.247
4510,0,2,1,0.500,79703,92711,3.244,4.700,15.247
4550,0,2,1,0.500,79693,92725,3.244,4.700,15.247
4590,0,2,1,0.500,79682,92723,3.244,4.400,14.274
4630,0,2,1,0.500,79661,92694,3.244,4.400,14.274
4671,0,2,1,0.500,79645,92674,3.248,4.600,14.941
4710,0,2,1,0.500,79679,92711,3.248,4.600,14.941
4750,0,2,1,0.500,79692,92742,3.248,4.600,14.941
4791,0,2,1,0.500,79666,92756,3.248,4.700,15.266
4830,0,2,1,0.500,79688,92785,3.248,4.700,15.266
4871,0,2,1,0.500,79690,92803,3.248,4.400,14.291
4910,0,2,1,0.500,79714,92863,3.248,4.400,14.291
4950,0,2,1,0.500,79679,92727,3.248,4.400,14.291
4991,0,2,1,0.500,79607,92562,3.248,4.400,14.291
5030,0,2,1,0.500,79576,92519,3.248,4.400,14.291
5071,0,2,1,0.500,79595,92576,3.248,4.800,15.590
5111,0,2,1,0.500,79620,92665,3.248,4.800,15.590
5151,0,2,1,0.500,79697,92818,3.248,4.800,15.590
5191,0,2,1,0.500,79706,92861,3.248,4.700,15.266
5231,0,2,1,0.500,79689,92843,3.248,4.700,15.266
5271,0,2,1,0.500,79662,92782,3.244,4.700,15.247
5311,0,2,1,0.500,79651,92784,3.244,4.700,15.247
5351,0,2,1,0.500,79662,92807,3.244,4.700,15.247
5391,0,2,1,0.500,79657,92819,3.244,4.400,14.274
5431,0,2,1,0.500,79663,92819,3.244,4.400,14.274
5470,0,2,1,0.500,79706,92893,3.248,4.600,14.941
5511,0,2,1,0.500,79710,92948,3.248,4.600,14.941
5551,0,2,1,0.500,79732,92965,3.248,4.600,14.941
5590,0,2,1,0.500,79675,92840,3.248,4.800,15.590
5631,0,2,1,0.500,79607,92611,3.248,4.800,15.590
5670,0,2,1,0.500,79554,92525,3.244,4.500,14.598
5710,0,2,1,0.500,79538,92518,3.244,4.500,14.598
5751,0,2,1,0.500,79564,92577,3.244,4.500,14.598
5791,0,2,1,0.500,79538,92577,3.244,4.500,14.598
5830,0,2,1,0.500,79503,92575,3.244,4.500,14.598
5871,0,2,1,0.500,79478,92528,3.244,4.800,15.571
5911,0,2,1,0.500,79466,92480,3.244,4.800,15.571
5950,0,2,1,0.500,79447,92482,3.244,4.800,15.571
5991,0,2,1,0.500,79488,92490,3.244,4.600,14.922
6031,0,2,1,0.500,79503,92527,3.244,4.600,14.922
6071,0,2,1,0.500,79518,92587,3.248,4.400,14.291
6111,0,2,1,0.500,79525,92620,3.248,4.400,14.291
6151,0,2,1,0.500,79537,92654,3.248,4.400,14.291
6191,0,2,1,0.500,79527,92645,3.244,4.500,14.598
6231,0,2,1,0.500,79450,92467,3.244,4.500,14.598
6271,0,2,1,0.500,79299,92100,3.244,4.800,15.571
6311,0,2,1,0.500,79171,91840,3.244,4.800,15.571
6351,0,2,1,0.500,79138,91809,3.244,4.800,15.571
6391,0,2,1,0.500,79172,91883,3.248,4.500,14.616
6431,0,2,1,0.500,79228,91986,3.248,4.500,14.616
6471,0,2,1,0.500,79255,92072,3.248,4.700,15.266
6511,0,2,1,0.500,79252,92075,3.248,4.700,15.266
6551,0,2,1,0.500,79231,92038,3.248,4.700,15.266
6591,0,2,1,0.500,79227,92042,3.244,4.600,14.922
6631,0,2,1,0.500,79224,92018,3.244,4.600,14.922
6671,0,2,1,0.500,79223,92057,3.244,4.500,14.598
6711,0,2,1,0.500,79226,92099,3.244,4.500,14.598
6751,0,2,1,0.500,79260,92136,3.244,4.500,14.598
6791,0,2,1,0.500,79260,92206,3.244,4.600,14.922
6831,0,2,1,0.500,79290,92217,3.244,4.600,14.922
6871,0,2,1,0.500,79206,92031,3.248,4.500,14.616
6911,0,2,1,0.500,79122,91760,3.248,4.500,14.616
6951,0,2,1,0.500,79025,91562,3.248,4.500,14.616
6991,0,2,1,0.500,79006,91539,3.248,4.500,14.616
7031,0,2,1,0.500,79021,91610,3.248,4.500,14.616
7071,0,2,1,0.500,79090,91741,3.248,4.500,14.616
7111,0,2,1,0.500,79112,91782,3.248,4.500,14.616
7151,0,2,1,0.500,79120,91861,3.248,4.500,14.616
7191,0,2,1,0.500,79135,91865,3.248,4.400,14.291
7231,0,2,1,0.500,79101,91850,3.248,4.400,14.291
7271,0,2,1,0.500,79117,91869,3.244,4.400,14.274
7311,0,2,1,0.500,79141,91912,3.244,4.400,14.274
7351,0,2,1,0.500,79213,91996,3.244,4.400,14.274
7391,0,2,1,0.500,79266,92105,3.244,4.600,14.922
7431,0,2,1,0.500,79325,92239,3.244,4.600,14.922
7471,0,2,1,0.500,79325,92284,3.244,4.600,14.922
7511,0,2,1,0.500,79273,92177,3.244,4.600,14.922
7551,0,2,1,0.500,79129,91823,3.244,4.600,14.922
7591,0,2,1,0.500,78988,91466,3.244,4.500,14.598
7631,0,2,1,0.500,78940,91365,3.244,4.500,14.598
7671,0,2,1,0.500,78976,91450,3.244,4.600,14.922
7711,0,2,1,0.500,78989,91527,3.244,4.600,14.922
7751,0,2,1,0.500,79024,91648,3.244,4.600,14.922
7791,0,2,1,0.500,79042,91681,3.248,4.400,14.291
7831,0,2,1,0.500,79034,91649,3.248,4.400,14.291
7871,0,2,1,0.500,79010,91574,3.244,4.500,14.598
7911,0,2,1,0.500,78980,91533,3.244,4.500,14.598
7951,0,2,1,0.500,78999,91541,3.244,4.500,14.598
7991,0,2,1,0.500,79026,91621,3.248,4.600,14.941
8031,0,2,1,0.500,79104,91752,3.248,4.600,14.941
8071,0,2,1,0.500,79131,91850,3.244,4.400,14.274
8111,0,2,1,0.500,79181,91946,3.244,4.400,14.274
8151,0,2,1,0.240,79164,91902,3.244,4.400,14.274
8191,0,2,1,0.240,79041,91569,3.244,4.500,14.598
8231,0,2,1,0.240,78935,91261,3.244,4.500,14.598
8271,0,2,1,0.240,78876,91167,3.244,4.600,14.922
8311,0,2,1,0.240,78884,91239,3.244,4.600,14.922
8351,0,2,1,0.240,78923,91388,3.244,4.600,14.922
8391,0,2,1,0.240,78961,91528,3.248,4.300,13.966
8431,0,2,1,0.240,79004,91604,3.248,4.300,13.966
8471,0,2,1,0.240,78977,91541,3.244,4.600,14.922
8511,0,2,1,0.240,78963,91535,3.244,4.600,14.922
8551,0,2,1,0.240,78979,91543,3.244,4.600,14.922
8591,0,2,1,0.240,78992,91572,3.244,4.500,14.598
8631,0,2,1,0.240,79024,91620,3.244,4.500,14.598
8671,0,2,1,0.240,79074,91721,3.244,4.600,14.922
8711,0,2,1,0.240,79100,91800,3.244,4.600,14.922
8751,0,2,1,0.240,79134,91866,3.244,4.600,14.922
8791,0,2,1,0.240,79060,91676,3.244,4.400,14.274
8831,0,2,1,0.240,78946,91330,3.244,4.400,14.274
8871,0,2,1,0.240,78814,91096,3.244,4.500,14.598
8911,0,2,1,0.240,78860,91147,3.244,4.500,14.598
8951,0,2,1,0.240,78900,91271,3.244,4.500,14.598
8991,0,2,1,0.240,78990,91445,3.244,4.500,14.598
9031,0,2,1,0.240,79041,91572,3.244,4.500,14.598
9071,0,2,1,0.240,79058,91630,3.244,4.500,14.598
9111,0,2,1,0.240,79055,91612,3.244,4.500,14.598
9151,0,2,1,0.240,79049,91601,3.244,4.500,14.598
9191,0,2,1,0.240,79066,91627,3.240,4.800,15.552
9231,0,2,1,0.240,79068,91710,3.240,4.800,15.552
9271,0,2,1,0.240,79109,91786,3.240,4.600,14.904
9311,0,2,1,0.240,79145,91875,3.240,4.600,14.904
9351,0,2,1,0.240,79178,91952,3.240,4.600,14.904
9391,0,2,1,0.240,79177,91999,3.244,4.500,14.598
9431,0,2,1,0.240,79097,91754,3.244,4.500,14.598
9471,0,2,1,0.240,78953,91395,3.240,4.500,14.580
9511,0,2,1,0.240,78883,91261,3.240,4.500,14.580
9551,0,2,1,0.240,78896,91321,3.240,4.500,14.580
9591,0,2,1,0.240,78965,91498,3.244,4.600,14.922
9631,0,2,1,0.240,79023,91647,3.244,4.600,14.922
9671,0,2,1,0.240,79106,91765,3.244,4.100,13.300
9711,0,2,1,0.240,79094,91828,3.244,4.100,13.300
9751,0,2,1,0.240,79121,91870,3.244,4.100,13.300
9791,0,2,1,0.240,79160,91939,3.244,4.400,14.274
9831,0,2,1,0.240,79179,92005,3.244,4.400,14.274
9871,0,2,1,0.240,79224,92082,3.244,4.600,14.922
9911,0,2,1,0.240,79231,92117,3.244,4.600,14.922
9951,0,2,1,0.240,79276,92197,3.244,4.600,14.922
9991,0,2,1,0.240,79282,92267,3.244,4.800,15.571
10031,0,2,1,0.240,79305,92270,3.244,4.800,15.571
10071,0,2,1,0.240,79200,92025,3.244,4.600,14.922
10111,0,2,1,0.240,79119,91762,3.244,4.600,14.922
10151,0,2,1,0.240,79048,91638,3.244,4.600,14.922
10191,0,2,1,0.240,79017,91626,3.244,4.700,15.247
10231,0,2,1,0.240,79055,91723,3.244,4.700,15.247
10271,0,2,1,0.240,79075,91807,3.248,4.400,14.291
10311,0,2,1,0.240,79096,91875,3.248,4.400,14.291
10351,0,2,1,0.240,79117,91909,3.248,4.400,14.291
10391,0,2,1,0.240,79131,91917,3.244,4.600,14.922
10431,0,2,1,0.240,79136,91954,3.244,4.600,14.922
10471,0,2,1,0.240,79173,91961,3.244,4.600,14.922
10511,0,2,1,0.240,79145,91968,3.244,4.600,14.922
10551,0,2,1,0.240,79183,92025,3.244,4.600,14.922
10591,0,2,1,0.240,79207,92137,3.240,4.800,15.552
10631,0,2,1,0.240,79238,92253,3.240,4.800,15.552
10671,0,2,1,0.240,79278,92335,3.244,4.500,14.598
10711,0,2,1,0.240,79180,92187,3.244,4.500,14.598
10751,0,2,1,0.240,79107,91934,3.244,4.500,14.598
10791,0,2,1,0.240,79079,91866,3.244,4.300,13.949
10831,0,2,1,0.240,79070,91834,3.244,4.300,13.949
10871,0,2,1,0.240,79064,91893,3.244,4.200,13.625
10911,0,2,1,0.240,79119,92009,3.244,4.200,13.625
10951,0,2,1,0.240,79123,92077,3.244,4.200,13.625
10991,0,2,1,0.240,79085,91993,3.240,4.500,14.580
11031,0,2,1,0.240,79067,91966,3.240,4.500,14.580
11071,0,2,1,0.240,79073,91960,3.240,4.500,14.580
11111,0,2,1,0.240,79047,91957,3.240,4.500,14.580
11151,0,2,1,0.240,79071,92008,3.240,4.500,14.580
11191,0,2,1,0.240,79114,92073,3.240,4.700,15.228
11231,0,2,1,0.240,79149,92141,3.240,4.700,15.228
11271,0,2,1,0.240,79175,92196,3.244,4.800,15.571
11311,0,2,1,0.240,79200,92223,3.244,4.800,15.571
11351,0,2,1,0.240,79172,92229,3.244,4.800,15.571
11391,0,2,1,0.240,79053,92001,3.244,4.600,14.922
11431,0,2,1,0.240,78980,91799,3.244,4.600,14.922
11471,0,2,1,0.240,78928,91732,3.244,4.700,15.247
11511,0,2,1,0.240,78967,91825,3.244,4.700,15.247
11551,0,2,1,0.240,79025,91943,3.244,4.700,15.247
11591,0,2,1,0.240,79037,92059,3.244,4.700,15.247
11631,0,2,1,0.240,79112,92146,3.244,4.700,15.247
11671,0,2,1,0.240,79088,92147,3.244,4.300,13.949
11711,0,2,1,0.240,79071,92166,3.244,4.300,13.949
11751,0,2,1,0.240,79093,92191,3.244,4.300,13.949
11791,0,2,1,0.240,79066,92227,3.244,4.500,14.598
11831,0,2,1,0.240,79142,92303,3.244,4.500,14.598
11871,0,2,1,0.240,79110,92321,3.244,4.700,15.247
11911,0,2,1,0.240,79121,92370,3.244,4.700,15.247
11951,0,2,1,0.240,79152,92426,3.244,4.700,15.247
11991,0,2,1,0.240,79145,92445,3.244,4.500,14.598
12031,0,2,1,0.240,79167,92470,3.244,4.500,14.598
12071,0,2,1,0.240,79120,92351,3.244,4.700,15.247
12111,0,2,1,0.240,79049,92128,3.244,4.700,15.247
12151,0,2,1,0.240,78972,91974,3.244,4.700,15.247
12191,0,2,1,0.240,78970,91969,3.240,4.700,15.228
12231,0,2,1,0.240,79020,92026,3.240,4.700,15.228
12271,0,2,1,0.240,79062,92178,3.244,4.500,14.598
12311,0,2,1,0.240,79065,92263,3.244,4.500,14.598
12351,0,2,1,0.240,79083,92307,3.244,4.500,14.598
12391,0,2,1,0.240,79090,92317,3.240,4.500,14.580
12431,0,2,1,0.240,79140,92322,3.240,4.500,14.580
12471,0,2,1,0.240,79145,92364,3.240,4.600,14.904
12511,0,2,1,0.240,79129,92387,3.240,4.600,14.904
12551,0,2,1,0.240,79149,92439,3.240,4.600,14.904
12591,0,2,1,0.240,79155,92446,3.244,4.100,13.300
12631,0,2,1,0.240,79182,92518,3.244,4.100,13.300
12671,0,2,1,0.240,79249,92615,3.244,4.500,14.598
12711,0,2,1,0.240,79268,92617,3.244,4.500,14.598
12751,0,2,1,0.240,79219,92527,3.244,4.500,14.598
12791,0,2,1,0.240,79176,92342,3.244,4.400,14.274
12831,0,2,1,0.240,79045,92046,3.244,4.400,14.274
12871,0,2,1,0.240,79000,91953,3.244,4.600,14.922
12911,0,2,1,0.240,79008,91977,3.244,4.600,14.922
12951,0,2,1,0.240,79058,92125,3.244,4.600,14.922
12991,0,2,1,0.240,79115,92231,3.240,4.700,15.228
13031,0,2,1,0.240,79115,92261,3.240,4.700,15.228
13071,0,2,1,0.240,79110,92247,3.240,4.700,15.228
13111,0,2,1,0.240,79096,92215,3.240,4.700,15.228
13151,0,2,1,0.240,79070,92229,3.240,4.700,15.228
13191,0,2,1,0.240,79090,92277,3.244,4.600,14.922
13231,0,2,1,0.240,79132,92334,3.244,4.600,14.922
13271,0,2,1,0.240,79119,92331,3.244,4.400,14.274
13311,0,2,1,0.240,79143,92369,3.244,4.400,14.274
13351,0,2,1,0.240,79155,92419,3.244,4.400,14.274
13391,0,2,1,0.240,79167,92475,3.244,4.600,14.922
13431,0,2,1,0.240,79206,92556,3.244,4.600,14.922
13471,0,2,1,0.240,79131,92390,3.244,4.200,13.625
13511,0,2,1,0.240,79058,92177,3.244,4.200,13.625
13551,0,2,1,0.240,79009,92121,3.244,4.200,13.625
13591,0,2,1,0.240,79029,92150,3.240,4.600,14.904
13631,0,2,1,0.240,79043,92260,3.240,4.600,14.904
13671,0,2,1,0.240,79098,92386,3.240,4.600,14.904
13711,0,2,1,0.240,79147,92463,3.240,4.600,14.904
13751,0,2,1,0.240,79152,92467,3.240,4.600,14.904
13791,0,2,1,0.240,79115,92427,3.240,4.500,14.580
13831,0,2,1,0.240,79130,92460,3.240,4.500,14.580
13871,0,2,1,0.240,79144,92506,3.240,4.400,14.256
13911,0,2,1,0.240,79165,92561,3.240,4.400,14.256
13951,0,2,1,0.240,79200,92687,3.240,4.400,14.256
13991,0,2,1,0.240,79272,92794,3.244,4.600,14.922
14031,0,2,1,0.240,79268,92853,3.244,4.600,14.922
14071,0,2,1,0.240,79314,92920,3.244,4.400,14.274
14111,0,2,1,0.240,79315,92950,3.244,4.400,14.274
14151,0,2,1,0.240,79248,92773,3.244,4.400,14.274
14191,0,2,1,0.240,79198,92576,3.244,4.500,14.598
14231,0,2,1,0.240,79168,92501,3.244,4.500,14.598
14271,0,2,1,0.240,79158,92569,3.244,4.800,15.571
14311,0,2,1,0.240,79198,92694,3.244,4.800,15.571
14351,0,2,1,0.240,79238,92818,3.244,4.800,15.571
14391,0,2,1,0.240,79280,92953,3.244,4.600,14.922
14431,0,2,1,0.240,79263,92893,3.244,4.600,14.922
14471,0,2,1,0.240,79266,92887,3.244,4.600,14.922
14511,0,2,1,0.240,79263,92870,3.244,4.600,14.922
14551,0,2,1,0.240,79266,92879,3.244,4.600,14.922
14591,0,2,1,0.240,79291,92927,3.244,4.300,13.949
14631,0,2,1,0.240,79289,92961,3.244,4.300,13.949
14671,0,2,1,0.240,79310,93011,3.240,4.500,14.580
14711,0,2,1,0.240,79329,93043,3.240,4.500,14.580
14751,0,2,1,0.240,79325,93111,3.240,4.500,14.580
14791,0,2,1,0.240,79362,93082,3.244,4.500,14.598
14831,0,2,1,0.240,79236,92855,3.244,4.500,14.598
14871,0,2,1,0.240,79186,92689,3.240,4.700,15.228
14911,0,2,1,0.240,79149,92651,3.240,4.700,15.228
14951,0,2,1,0.240,79167,92702,3.240,4.700,15.228
14991,0,2,1,0.240,79204,92821,3.244,4.400,14.274
15031,0,2,1,0.240,79261,92888,3.244,4.400,14.274
15071,0,2,1,0.240,79239,92883,3.244,4.600,14.922
15111,0,2,1,0.240,79196,92801,3.244,4.600,14.922
15151,0,2,1,0.240,79169,92742,3.244,4.600,14.922
15191,0,2,1,0.240,79159,92738,3.244,4.500,14.598
15231,0,2,1,0.240,79202,92790,3.244,4.500,14.598
15271,0,2,1,0.240,79205,92853,3.240,4.600,14.904
15311,0,2,1,0.240,79243,92907,3.240,4.600,14.904
15351,0,2,1,0.240,79266,93010,3.240,4.600,14.904
15391,0,2,1,0.240,79309,93081,3.240,4.800,15.552
15431,0,2,1,0.240,79231,92914,3.240,4.800,15.552
15471,0,2,1,0.240,79120,92613,3.244,4.800,15.571
15511,0,2,1,0.240,79069,92480,3.244,4.800,15.571
15551,0,2,1,0.240,79068,92511,3.244,4.800,15.571
15591,0,2,1,0.240,79079,92601,3.244,4.500,14.598
15631,0,2,1,0.240,79142,92690,3.244,4.500,14.598
15671,0,2,1,0.240,79140,92709,3.244,4.400,14.274
15711,0,2,1,0.240,79133,92709,3.244,4.400,14.274
15751,0,2,1,0.240,79153,92718,3.244,4.400,14.274
15791,0,2,1,0.240,79125,92712,3.244,4.400,14.274
15831,0,2,1,0.240,79148,92795,3.244,4.400,14.274
15871,0,2,1,0.240,79144,92788,3.244,4.300,13.949
15911,0,2,1,0.240,79188,92840,3.244,4.300,13.949
15951,0,2,1,0.240,79219,92892,3.244,4.300,13.949
15991,0,2,1,0.240,79236,92943,3.240,4.900,15.876
16031,0,2,1,0.240,79268,93054,3.240,4.900,15.876
16071,0,2,1,0.240,79239,92992,3.244,4.400,14.274
16111,0,2,1,0.240,79168,92776,3.244,4.400,14.274
I (16480) SYS_DEMO: Scheduler switch -> state=1 profile=100sps_med q=0 diff=0.757
16248,1,0,0,0.757,79091,92596,3.244,4.400,14.274
16281,1,0,0,0.757,83106,83030,3.256,3.500,11.396
16321,1,0,0,0.757,121480,139740,3.256,3.500,11.396
16361,1,0,0,0.757,121430,147226,3.244,4.500,14.598
16401,1,0,0,0.757,121401,147160,3.244,4.500,14.598
16441,1,0,0,0.757,121374,147123,3.244,4.500,14.598
16481,1,0,0,0.757,121382,147152,3.244,4.300,13.949
16521,1,0,0,0.757,121375,147182,3.244,4.300,13.949
16561,1,0,0,0.757,121398,147252,3.244,4.700,15.247
16601,1,0,0,0.757,121393,147264,3.244,4.700,15.247
16641,1,0,0,0.757,121392,147259,3.244,4.700,15.247
16681,1,0,0,0.757,121349,147165,3.244,4.600,14.922
16721,1,0,0,0.757,121197,146789,3.244,4.600,14.922
16761,1,0,0,0.757,121039,146418,3.240,4.700,15.228
16801,1,0,0,0.757,120968,146300,3.240,4.700,15.228
16842,1,0,0,0.757,120986,146401,3.240,4.700,15.228
16881,1,0,0,0.757,121051,146612,3.244,4.400,14.274
16921,1,0,0,0.757,121145,146867,3.244,4.400,14.274
16961,1,0,0,0.757,121201,147037,3.244,4.600,14.922
17001,1,0,0,0.757,121172,146994,3.244,4.600,14.922
17042,1,0,0,0.757,121134,146911,3.244,4.600,14.922
17081,1,0,0,0.757,121113,146892,3.244,4.600,14.922
17122,1,0,0,0.757,121072,146865,3.244,4.600,14.922
17161,1,0,0,0.757,121069,146892,3.244,4.500,14.598
17201,1,0,0,0.757,121080,146921,3.244,4.500,14.598
17242,1,0,0,0.757,121139,147021,3.244,4.500,14.598
17281,1,0,0,0.757,121144,147033,3.244,4.600,14.922
17322,1,0,0,0.757,121020,146704,3.244,4.600,14.922
17361,1,0,0,0.757,120895,146395,3.244,4.400,14.274
17401,1,0,0,0.757,120875,146339,3.244,4.400,14.274
17442,1,0,0,0.757,120951,146506,3.244,4.400,14.274
17481,1,0,0,0.757,121033,146682,3.248,4.500,14.616
17522,1,0,0,0.757,121093,146855,3.248,4.500,14.616
17561,1,0,0,0.757,121139,146997,3.244,4.600,14.922
17602,1,0,0,0.757,121166,147050,3.244,4.600,14.922
17642,1,0,0,0.757,121165,147026,3.244,4.600,14.922
17681,1,0,0,0.757,121183,147047,3.244,4.500,14.598
17722,1,0,0,0.757,121169,147039,3.244,4.500,14.598
17761,1,0,0,0.757,121128,147018,3.248,4.700,15.266
17802,1,0,0,0.757,121183,147159,3.248,4.700,15.266
17842,1,0,0,0.757,121272,147394,3.248,4.700,15.266
17881,1,0,0,0.757,121398,147319,3.244,4.700,15.247
17922,1,0,0,0.757,121366,147170,3.244,4.700,15.247
17961,1,0,0,0.757,121134,146597,3.244,4.400,14.274
18002,1,0,0,0.757,120956,146182,3.244,4.400,14.274
18042,1,0,0,0.757,120884,146037,3.244,4.400,14.274
18082,1,0,0,0.757,120835,145987,3.248,4.700,15.266
18122,1,0,0,0.757,120847,146041,3.248,4.700,15.266
18161,1,0,0,0.757,120878,146127,3.252,4.500,14.634
18202,1,0,0,0.757,120875,146127,3.252,4.500,14.634
18242,1,0,0,0.757,120861,146077,3.252,4.500,14.634
18282,1,0,0,0.757,120841,146039,3.252,4.500,14.634
18322,1,0,0,0.757,120843,146033,3.252,4.500,14.634
18362,1,0,0,0.757,120852,146082,3.252,4.500,14.634
18402,1,0,0,0.757,120887,146168,3.252,4.500,14.634
18442,1,0,0,0.757,120921,146273,3.252,4.500,14.634
18482,1,0,0,0.757,120948,146374,3.248,4.400,14.291
18522,1,0,0,0.757,120974,146438,3.248,4.400,14.291
18562,1,0,0,0.757,120955,146391,3.252,4.400,14.309
18602,1,0,0,0.757,120839,146068,3.252,4.400,14.309
18642,1,0,0,0.757,120725,145798,3.252,4.400,14.309
18682,1,0,0,0.757,120715,145785,3.248,4.600,14.941
18722,1,0,0,0.757,120793,145959,3.248,4.600,14.941
18762,1,0,0,0.757,120891,146173,3.248,4.400,14.291
18802,1,0,0,0.757,120971,146363,3.248,4.400,14.291
18842,1,0,0,0.757,121016,146496,3.248,4.400,14.291
18882,1,0,0,0.757,121018,146536,3.248,4.700,15.266
18922,1,0,0,0.757,121005,146540,3.248,4.700,15.266
18962,1,0,0,0.757,121027,146555,3.244,4.500,14.598
19002,1,0,0,0.757,121022,146592,3.244,4.500,14.598
19042,1,0,0,0.757,121027,146623,3.244,4.500,14.598
19082,1,0,0,0.757,121026,146614,3.244,4.400,14.274
19122,1,0,0,0.757,121010,146603,3.244,4.400,14.274
19162,1,0,0,0.757,121046,146647,3.248,4.700,15.266
19202,1,0,0,0.757,121070,146742,3.248,4.700,15.266
19242,1,0,0,0.757,121045,146669,3.248,4.700,15.266
19282,1,0,0,0.757,120933,146372,3.248,4.600,14.941
19322,1,0,0,0.757,120834,146144,3.248,4.600,14.941
19362,1,0,0,0.757,120834,146147,3.244,4.400,14.274
19402,1,0,0,0.757,120876,146299,3.244,4.400,14.274
19442,1,0,0,0.757,120937,146475,3.244,4.400,14.274
19482,1,0,0,0.757,120997,146623,3.244,4.800,15.571
19522,1,0,0,0.757,121011,146684,3.244,4.800,15.571
19562,1,0,0,0.757,121002,146671,3.248,4.600,14.941
19602,1,0,0,0.757,120999,146658,3.248,4.600,14.941
19642,1,0,0,0.757,121017,146718,3.248,4.600,14.941
19682,1,0,0,0.757,121051,146790,3.248,4.500,14.616
19722,1,0,0,0.757,121079,146888,3.248,4.500,14.616
19762,1,0,0,0.757,121125,147012,3.244,4.700,15.247
19802,1,0,0,0.757,121157,147098,3.244,4.700,15.247
19842,1,0,0,0.757,121198,147194,3.244,4.700,15.247
19882,1,0,0,0.757,121206,147176,3.248,4.500,14.616
19922,1,0,0,0.757,121071,146839,3.248,4.500,14.616
19962,1,0,0,0.757,120940,146540,3.244,4.800,15.571
20002,1,0,0,0.757,120923,146503,3.244,4.800,15.571
20042,1,0,0,0.757,120968,146623,3.244,4.800,15.571
20082,1,0,0,0.757,121040,146813,3.248,4.400,14.291
20122,1,0,0,0.757,121102,146956,3.248,4.400,14.291
20162,1,0,0,0.757,121105,147017,3.244,4.300,13.949
20202,1,0,0,0.757,121096,146967,3.244,4.300,13.949
20242,1,0,0,0.757,121077,146933,3.244,4.300,13.949
20282,1,0,0,0.757,121090,146954,3.248,4.400,14.291
20322,1,0,0,0.757,121109,147014,3.248,4.400,14.291
20362,1,0,0,0.757,121124,147109,3.244,4.600,14.922
20402,1,0,0,0.757,121162,147218,3.244,4.600,14.922
20442,1,0,0,0.757,121208,147308,3.244,4.600,14.922
20482,1,0,0,0.757,121250,147403,3.244,4.600,14.922
20522,1,0,0,0.757,121240,147326,3.244,4.600,14.922
20562,1,0,0,0.757,121101,146964,3.248,4.700,15.266
20602,1,0,0,0.757,120981,146698,3.248,4.700,15.266
20642,1,0,0,0.757,120975,146697,3.248,4.700,15.266
20682,1,0,0,0.757,121023,146829,3.248,4.300,13.966
20722,1,0,0,0.757,121089,147009,3.248,4.300,13.966
20762,1,0,0,0.757,121127,147143,3.248,4.900,15.915
20802,1,0,0,0.757,121138,147152,3.248,4.900,15.915
20842,1,0,0,0.757,121120,147082,3.248,4.900,15.915
20882,1,0,0,0.757,121094,147011,3.244,4.400,14.274
20922,1,0,0,0.757,121097,147009,3.244,4.400,14.274
20962,1,0,0,0.757,121119,147067,3.248,4.600,14.941
21002,1,0,0,0.757,121141,147131,3.248,4.600,14.941
21042,1,0,0,0.757,121167,147220,3.248,4.600,14.941
21082,1,0,0,0.757,121188,147295,3.248,4.600,14.941
21122,1,0,0,0.757,121205,147361,3.248,4.600,14.941
21162,1,0,0,0.757,121143,147217,3.248,4.600,14.941
21202,1,0,0,0.757,121003,146815,3.248,4.600,14.941
21242,1,0,0,0.757,120897,146552,3.248,4.600,14.941
21282,1,0,0,0.757,120884,146543,3.244,4.400,14.274
21322,1,0,0,0.757,120928,146649,3.244,4.400,14.274
21362,1,0,0,0.757,121000,146811,3.248,4.600,14.941
21402,1,0,0,0.757,121038,146927,3.248,4.600,14.941
21442,1,0,0,0.757,121032,146932,3.248,4.600,14.941
21482,1,0,0,0.757,120990,146859,3.244,4.600,14.922
21522,1,0,0,0.757,120956,146823,3.244,4.600,14.922
21562,1,0,0,0.757,120965,146842,3.248,4.400,14.291
21602,1,0,0,0.757,120970,146885,3.248,4.400,14.291
21642,1,0,0,0.757,120989,146931,3.248,4.400,14.291
21682,1,0,0,0.757,121016,147027,3.248,4.400,14.291
21722,1,0,0,0.757,121037,147100,3.248,4.400,14.291
21762,1,0,0,0.757,121046,147111,3.244,4.400,14.274
21802,1,0,0,0.757,120954,146838,3.244,4.400,14.274
21842,1,0,0,0.757,120773,146415,3.244,4.400,14.274
21882,1,0,0,0.757,120673,146164,3.248,4.700,15.266
21922,1,0,0,0.757,120651,146157,3.248,4.700,15.266
21962,1,0,0,0.757,120673,146252,3.248,4.400,14.291
22002,1,0,0,0.757,120720,146384,3.248,4.400,14.291
22042,1,0,0,0.757,120737,146453,3.248,4.400,14.291
22082,1,0,0,0.757,120724,146402,3.248,4.500,14.616
22122,1,0,0,0.757,120685,146324,3.248,4.500,14.616
22162,1,0,0,0.757,120667,146288,3.248,4.500,14.616
22202,1,0,0,0.757,120667,146297,3.248,4.500,14.616
22242,1,0,0,0.757,120675,146331,3.248,4.500,14.616
22282,1,0,0,0.757,120697,146407,3.244,4.300,13.949
22322,1,0,0,0.757,120716,146467,3.244,4.300,13.949
22362,1,0,0,0.757,120742,146515,3.248,4.600,14.941
22402,1,0,0,0.757,120708,146442,3.248,4.600,14.941
22442,1,0,0,0.757,120556,146019,3.248,4.600,14.941
22482,1,0,0,0.757,120353,145511,3.248,4.600,14.941
22522,1,0,0,0.757,120270,145316,3.248,4.600,14.941
22562,1,0,0,0.757,120288,145377,3.244,4.600,14.922
22602,1,0,0,0.757,120341,145516,3.244,4.600,14.922
22642,1,0,0,0.757,120398,145666,3.244,4.600,14.922
22682,1,0,0,0.757,120455,145785,3.248,4.600,14.941
22722,1,0,0,0.757,120469,145808,3.248,4.600,14.941
22762,1,0,0,0.757,120475,145792,3.244,4.700,15.247
22802,1,0,0,0.757,120466,145815,3.244,4.700,15.247
22842,1,0,0,0.757,120490,145872,3.244,4.700,15.247
22882,1,0,0,0.757,120532,145973,3.244,4.700,15.247
22922,1,0,0,0.757,120582,146082,3.244,4.700,15.247
22962,1,0,0,0.757,120618,146195,3.248,4.400,14.291
23002,1,0,0,0.757,120632,146268,3.248,4.400,14.291
23042,1,0,0,0.757,120556,146039,3.248,4.400,14.291
23082,1,0,0,0.757,120384,145541,3.248,4.300,13.966
23122,1,0,0,0.757,120264,145190,3.248,4.300,13.966
23162,1,0,0,0.757,120243,145141,3.244,4.600,14.922
23202,1,0,0,0.757,120264,145216,3.244,4.600,14.922
23242,1,0,0,0.757,120299,145335,3.244,4.600,14.922
23282,1,0,0,0.757,120335,145458,3.248,4.600,14.941
23322,1,0,0,0.757,120375,145516,3.248,4.600,14.941
23362,1,0,0,0.757,120353,145494,3.248,4.700,15.266
23402,1,0,0,0.757,120344,145461,3.248,4.700,15.266
23442,1,0,0,0.757,120365,145482,3.248,4.700,15.266
23482,1,0,0,0.757,120403,145559,3.248,4.600,14.941
23522,1,0,0,0.757,120442,145657,3.248,4.600,14.941
23562,1,0,0,0.757,120484,145767,3.244,4.700,15.247
23602,1,0,0,0.757,120523,145836,3.244,4.700,15.247
23642,1,0,0,0.757,120471,145697,3.244,4.700,15.247
23682,1,0,0,0.757,120307,145251,3.248,4.700,15.266
23722,1,0,0,0.757,120132,144817,3.248,4.700,15.266
23762,1,0,0,0.757,120052,144661,3.248,4.600,14.941
23802,1,0,0,0.757,120027,144656,3.248,4.600,14.941
23842,1,0,0,0.757,120040,144714,3.248,4.600,14.941
23882,1,0,0,0.757,120078,144817,3.244,4.400,14.274
23922,1,0,0,0.757,120088,144824,3.244,4.400,14.274
23962,1,0,0,0.757,120078,144761,3.248,4.700,15.266
24002,1,0,0,0.757,120065,144727,3.248,4.700,15.266
24042,1,0,0,0.757,120091,144764,3.248,4.700,15.266
24082,1,0,0,0.757,120123,144846,3.244,4.500,14.598
24122,1,0,0,0.757,120129,144948,3.244,4.500,14.598
24163,1,0,0,0.757,120167,145066,3.248,4.400,14.291
24202,1,0,0,0.757,120217,145197,3.248,4.400,14.291
24242,1,0,1,0.000,120193,145132,3.248,4.400,14.291
24282,1,0,1,0.000,120048,144743,3.248,4.500,14.616
24322,1,0,1,0.000,119908,144408,3.248,4.500,14.616
24362,1,0,1,0.000,119862,144345,3.248,4.500,14.616
24402,1,0,1,0.000,119896,144420,3.248,4.500,14.616
24443,1,0,1,0.000,119945,144546,3.248,4.500,14.616
24482,1,0,1,0.000,120010,144711,3.248,4.700,15.266
24522,1,0,1,0.000,120033,144785,3.248,4.700,15.266
24562,1,0,1,0.000,120050,144786,3.248,4.600,14.941
24602,1,0,1,0.000,120048,144814,3.248,4.600,14.941
24643,1,0,1,0.000,120076,144866,3.248,4.600,14.941
24682,1,0,1,0.000,120109,144955,3.248,4.600,14.941
24723,1,0,1,0.000,120155,145064,3.248,4.600,14.941
24762,1,0,1,0.000,120204,145182,3.248,4.500,14.616
24802,1,0,1,0.000,120244,145289,3.248,4.500,14.616
24843,1,0,1,0.000,120243,145275,3.248,4.500,14.616
24882,1,0,1,0.000,120128,144950,3.248,4.400,14.291
24923,1,0,1,0.000,119971,144586,3.248,4.400,14.291
24962,1,0,1,0.000,119918,144450,3.248,4.500,14.616
25002,1,0,1,0.000,119900,144461,3.248,4.500,14.616
25043,1,0,1,0.000,119923,144552,3.248,4.500,14.616
25082,1,0,1,0.000,119967,144678,3.248,4.500,14.616
25123,1,0,1,0.000,120003,144763,3.248,4.500,14.616
25163,1,0,1,0.000,120009,144774,3.248,4.500,14.616
25202,1,0,1,0.000,120018,144792,3.248,4.500,14.616
25243,1,0,1,0.000,120028,144829,3.248,4.500,14.616
25283,1,0,1,0.000,120053,144906,3.244,4.900,15.896
25323,1,0,1,0.000,120088,144983,3.244,4.900,15.896
25363,1,0,1,0.000,120116,145053,3.248,4.700,15.266
25402,1,0,1,0.000,120170,145129,3.248,4.700,15.266
25443,1,0,1,0.000,120181,145201,3.248,4.700,15.266
25483,1,0,1,0.000,120175,145181,3.248,4.600,14.941
25523,1,0,1,0.000,120044,144844,3.248,4.600,14.941
25563,1,0,1,0.000,119858,144394,3.244,4.400,14.274
25602,1,0,1,0.000,119767,144162,3.244,4.400,14.274
25643,1,0,1,0.000,119729,144112,3.244,4.400,14.274
25683,1,0,1,0.000,119716,144142,3.248,4.600,14.941
25723,1,0,1,0.000,119744,144260,3.248,4.600,14.941
25763,1,0,1,0.000,119792,144378,3.248,4.600,14.941
25802,1,0,1,0.000,119829,144403,3.248,4.600,14.941
25843,1,0,1,0.000,119824,144383,3.248,4.600,14.941
25883,1,0,1,0.000,119838,144412,3.244,4.700,15.247
25923,1,0,1,0.000,119855,144473,3.244,4.700,15.247
25963,1,0,1,0.000,119889,144565,3.248,4.600,14.941
26003,1,0,1,0.000,119920,144651,3.248,4.600,14.941
26043,1,0,1,0.000,119958,144721,3.248,4.600,14.941
26083,1,0,1,0.000,119998,144807,3.252,4.500,14.634
26123,1,0,1,0.000,120047,144897,3.252,4.500,14.634
26163,1,0,1,0.000,120076,144944,3.248,4.800,15.590
26203,1,0,1,0.000,120012,144760,3.248,4.800,15.590
26243,1,0,1,0.000,119858,144353,3.248,4.800,15.590
26283,1,0,1,0.000,119768,144125,3.248,4.500,14.616
26323,1,0,1,0.000,119744,144092,3.248,4.500,14.616
26363,1,0,1,0.000,119765,144142,3.248,4.600,14.941
26403,1,0,1,0.000,119800,144274,3.248,4.600,14.941
26443,1,0,1,0.000,119841,144415,3.248,4.600,14.941
26483,1,0,1,0.000,119865,144474,3.248,4.600,14.941
26523,1,0,1,0.000,119856,144459,3.248,4.600,14.941
26563,1,0,1,0.000,119861,144486,3.244,4.300,13.949
26603,1,0,1,0.000,119889,144545,3.244,4.300,13.949
26643,1,0,1,0.000,119929,144642,3.244,4.300,13.949
26683,1,0,1,0.000,119996,144763,3.248,4.700,15.266
26723,1,0,1,0.000,120053,144853,3.248,4.700,15.266
26763,1,0,1,0.000,120071,144933,3.248,4.400,14.291
26803,1,0,1,0.000,120118,145027,3.248,4.400,14.291
26843,1,0,1,0.000,120148,145123,3.248,4.400,14.291
26883,1,0,1,0.000,120171,145212,3.244,4.600,14.922
26923,1,0,1,0.000,120150,145156,3.244,4.600,14.922
26963,1,0,1,0.000,120018,144815,3.248,4.600,14.941
27003,1,0,1,0.000,119909,144535,3.248,4.600,14.941
27043,1,0,1,0.000,119877,144493,3.248,4.600,14.941
27083,1,0,1,0.000,119896,144563,3.248,4.600,14.941
27123,1,0,1,0.000,119930,144679,3.248,4.600,14.941
27163,1,0,1,0.000,119993,144823,3.248,4.500,14.616
27203,1,0,1,0.000,120024,144886,3.248,4.500,14.616
27243,1,0,1,0.000,120028,144887,3.248,4.500,14.616
27283,1,0,1,0.000,120023,144882,3.248,4.500,14.616
27323,1,0,1,0.000,120045,144946,3.248,4.500,14.616
27363,1,0,1,0.000,120091,145030,3.248,4.500,14.616
27403,1,0,1,0.000,120129,145153,3.248,4.500,14.616
27443,1,0,1,0.000,120179,145265,3.248,4.500,14.616
27483,1,0,1,0.000,120208,145346,3.248,4.600,14.941
27523,1,0,1,0.000,120240,145434,3.248,4.600,14.941
27563,1,0,1,0.000,120287,145500,3.248,4.200,13.642
27603,1,0,1,0.000,120312,145593,3.248,4.200,13.642
27643,1,0,1,0.000,120345,145656,3.248,4.200,13.642
27683,1,0,1,0.000,120306,145539,3.248,4.600,14.941
27723,1,0,1,0.000,120173,145176,3.248,4.600,14.941
27763,1,0,1,0.000,120076,144961,3.248,4.500,14.616
27803,1,0,1,0.000,120065,144957,3.248,4.500,14.616
27843,1,0,1,0.000,120077,145045,3.248,4.500,14.616
27883,1,0,1,0.000,120125,145168,3.248,4.700,15.266
27923,1,0,1,0.000,120179,145281,3.248,4.700,15.266
27963,1,0,1,0.000,120185,145313,3.248,4.600,14.941
28003,1,0,1,0.000,120170,145262,3.248,4.600,14.941
28043,1,0,1,0.000,120166,145238,3.248,4.600,14.941
28083,1,0,1,0.000,120178,145280,3.248,4.300,13.966
28123,1,0,1,0.000,120211,145334,3.248,4.300,13.966
28163,1,0,1,0.000,120231,145396,3.244,4.800,15.571
28203,1,0,1,0.000,120251,145435,3.244,4.800,15.571
28243,1,0,1,0.000,120279,145493,3.244,4.800,15.571
28283,1,0,1,0.000,120288,145556,3.248,4.600,14.941
28323,1,0,1,0.000,120311,145627,3.248,4.600,14.941
28363,1,0,1,0.000,120312,145619,3.248,4.500,14.616
28403,1,0,1,0.000,120207,145332,3.248,4.500,14.616
28443,1,0,1,0.000,120042,144938,3.248,4.500,14.616
28483,1,0,1,0.000,119969,144774,3.248,4.500,14.616
28523,1,0,1,0.000,119952,144793,3.248,4.500,14.616
28563,1,0,1,0.000,119996,144889,3.248,4.700,15.266
28603,1,0,1,0.000,120048,145028,3.248,4.700,15.266
28643,1,0,1,0.000,120089,145085,3.248,4.700,15.266
28683,1,0,1,0.000,120086,145065,3.248,4.300,13.966
28723,1,0,1,0.000,120061,145021,3.248,4.300,13.966
28763,1,0,1,0.000,120075,145035,3.244,4.600,14.922
28803,1,0,1,0.000,120098,145106,3.244,4.600,14.922
28843,1,0,1,0.000,120129,145195,3.244,4.600,14.922
28883,1,0,1,0.000,120149,145260,3.248,4.400,14.291
28923,1,0,1,0.000,120179,145314,3.248,4.400,14.291
28963,1,0,1,0.000,120204,145394,3.252,4.600,14.959
29003,1,0,1,0.000,120236,145436,3.252,4.600,14.959
29043,1,0,1,0.000,120263,145485,3.252,4.600,14.959
29083,1,0,1,0.000,120186,145239,3.244,4.700,15.247
29123,1,0,1,0.000,119994,144734,3.244,4.700,15.247
29163,1,0,1,0.000,119861,144424,3.244,4.500,14.598
29203,1,0,1,0.000,119839,144370,3.244,4.500,14.598
29243,1,0,1,0.000,119854,144422,3.244,4.500,14.598
29283,1,0,1,0.000,119883,144519,3.252,4.500,14.634
29323,1,0,1,0.000,119912,144615,3.252,4.500,14.634
29363,1,0,1,0.000,119915,144617,3.248,4.500,14.616
29403,1,0,1,0.000,119897,144569,3.248,4.500,14.616
29443,1,0,1,0.000,119898,144544,3.248,4.500,14.616
29483,1,0,1,0.000,119908,144569,3.244,4.500,14.598
29523,1,0,1,0.000,119951,144649,3.244,4.500,14.598
29563,1,0,1,0.000,119992,144741,3.252,4.700,15.284
29603,1,0,1,0.000,120040,144834,3.252,4.700,15.284
29643,1,0,1,0.000,120076,144901,3.252,4.700,15.284
29683,1,0,1,0.000,120090,144970,3.248,4.400,14.291
29723,1,0,1,0.000,120109,145051,3.248,4.400,14.291
29763,1,0,1,0.000,120144,145143,3.248,4.800,15.590
29803,1,0,1,0.000,120126,145122,3.248,4.800,15.590
29843,1,0,1,0.000,119984,144715,3.248,4.800,15.590
29883,1,0,1,0.000,119779,144162,3.248,4.800,15.590
29923,1,0,1,0.000,119669,143918,3.248,4.800,15.590
29963,1,0,1,0.000,119664,143941,3.244,4.500,14.598
30003,1,0,1,0.000,119708,144032,3.244,4.500,14.598
30043,1,0,1,0.000,119745,144168,3.244,4.500,14.598
30083,1,0,1,0.000,119803,144300,3.248,4.100,13.317
30123,1,0,1,0.000,119821,144338,3.248,4.100,13.317
30163,1,0,1,0.000,119810,144317,3.248,4.400,14.291
30203,1,0,1,0.000,119815,144318,3.248,4.400,14.291
30243,1,0,1,0.000,119841,144380,3.248,4.400,14.291
30283,1,0,1,0.000,119883,144481,3.248,4.700,15.266
30323,1,0,1,0.000,119926,144592,3.248,4.700,15.266
30363,1,0,1,0.000,119971,144712,3.248,4.600,14.941
30403,1,0,1,0.000,120019,144804,3.248,4.600,14.941
30443,1,0,1,0.000,120031,144860,3.248,4.600,14.941
30483,1,0,1,0.000,120056,144919,3.244,4.700,15.247
30523,1,0,1,0.000,120090,144983,3.244,4.700,15.247
30563,1,0,1,0.000,120121,145073,3.244,4.600,14.922
30603,1,0,1,0.000,120095,145002,3.244,4.600,14.922
30643,1,0,1,0.000,119922,144490,3.244,4.600,14.922
30683,1,0,1,0.000,119709,143922,3.248,4.600,14.941
30724,1,0,1,0.000,119618,143728,3.248,4.600,14.941
30763,1,0,1,0.000,119621,143750,3.248,4.500,14.616
30803,1,0,1,0.000,119632,143820,3.248,4.500,14.616
30843,1,0,1,0.000,119674,143930,3.248,4.500,14.616
30883,1,0,1,0.000,119717,144029,3.244,4.800,15.571
30924,1,0,1,0.000,119723,144037,3.244,4.800,15.571
30963,1,0,1,0.000,119697,143973,3.244,4.400,14.274
31003,1,0,1,0.000,119688,143942,3.244,4.400,14.274
31044,1,0,1,0.000,119709,143978,3.244,4.400,14.274
31083,1,0,1,0.000,119756,144105,3.248,4.700,15.266
31124,1,0,1,0.000,119815,144249,3.248,4.700,15.266
31163,1,0,1,0.000,119885,144390,3.248,4.500,14.616
31203,1,0,1,0.000,119915,144488,3.248,4.500,14.616
31244,1,0,1,0.000,119946,144575,3.248,4.500,14.616
31283,1,0,1,0.000,119979,144668,3.248,4.700,15.266
31324,1,0,1,0.000,120025,144762,3.248,4.700,15.266
31363,1,0,1,0.000,120059,144852,3.248,4.400,14.291
31403,1,0,1,0.000,120084,144887,3.248,4.400,14.291
31444,1,0,1,0.000,119967,144598,3.248,4.400,14.291
31483,1,0,1,0.000,119731,143972,3.244,4.100,13.300
31524,1,0,1,0.000,119588,143604,3.244,4.100,13.300
31563,1,0,1,0.000,119591,143615,3.244,4.500,14.598
31603,1,0,1,0.000,119662,143783,3.244,4.500,14.598
31644,1,0,1,0.000,119728,143944,3.244,4.500,14.598
31683,1,0,1,0.000,119805,144121,3.244,4.800,15.571
31724,1,0,1,0.000,119824,144184,3.244,4.800,15.571
31763,1,0,1,0.000,119824,144174,3.248,4.500,14.616
31803,1,0,1,0.000,119831,144181,3.248,4.500,14.616
31844,1,0,1,0.000,119864,144260,3.248,4.500,14.616
31883,1,0,1,0.000,119900,144367,3.248,4.500,14.616
31924,1,0,1,0.000,119961,144489,3.248,4.500,14.616
31963,1,0,1,0.000,120021,144631,3.248,4.500,14.616
32003,1,0,1,0.000,120067,144736,3.248,4.500,14.616
32044,1,0,1,0.000,120099,144821,3.248,4.500,14.616
32083,1,0,1,0.000,120137,144895,3.248,4.500,14.616
32124,1,0,1,0.000,120176,144963,3.248,4.500,14.616
32164,1,0,1,0.000,120202,145033,3.248,4.500,14.616
32203,1,0,1,0.000,120174,144917,3.248,4.500,14.616
32244,1,0,0,0.758,119981,144414,3.248,4.500,14.616
32283,1,0,0,0.758,119824,143998,3.248,4.500,14.616
32324,1,0,0,0.758,119800,143988,3.248,4.500,14.616
32363,1,0,0,0.758,119857,144162,3.248,4.600,14.941
32404,1,0,0,0.758,119931,144364,3.248,4.600,14.941
32444,1,0,0,0.758,120004,144541,3.248,4.600,14.941
32483,1,0,0,0.758,120026,144592,3.244,4.800,15.571
32524,1,0,0,0.758,120018,144545,3.244,4.800,15.571
32564,1,0,0,0.758,120049,144596,3.244,4.400,14.274
32604,1,0,0,0.758,120104,144737,3.244,4.400,14.274
32644,1,0,0,0.758,120186,144906,3.244,4.400,14.274
32684,1,0,0,0.758,120240,145071,3.248,4.700,15.266
32724,1,0,0,0.758,120261,145161,3.248,4.700,15.266
32763,1,0,0,0.758,120284,145236,3.248,4.500,14.616
32804,1,0,0,0.758,120304,145329,3.248,4.500,14.616
32844,1,0,0,0.758,120308,145391,3.248,4.500,14.616
32884,1,0,0,0.758,120339,145420,3.248,4.500,14.616
32924,1,0,0,0.758,120210,145084,3.248,4.500,14.616
32964,1,0,0,0.758,120030,144563,3.244,4.700,15.247
33004,1,0,0,0.758,119941,144358,3.244,4.700,15.247
33044,1,0,0,0.758,119975,144466,3.244,4.700,15.247
33084,1,0,0,0.758,120040,144686,3.248,4.500,14.616
33124,1,0,0,0.758,120148,144928,3.248,4.500,14.616
33164,1,0,0,0.758,120199,145065,3.248,4.600,14.941
33204,1,0,0,0.758,120168,145006,3.248,4.600,14.941
33244,1,0,0,0.758,120126,144906,3.248,4.600,14.941
33284,1,0,0,0.758,120130,144898,3.244,4.400,14.274
33324,1,0,0,0.758,120180,145035,3.244,4.400,14.274
33364,1,0,0,0.758,120264,145243,3.248,4.800,15.590
33404,1,0,0,0.758,120308,145417,3.248,4.800,15.590
33444,1,0,0,0.758,120416,145690,3.248,4.800,15.590
33484,1,0,0,0.758,120513,145935,3.248,4.500,14.616
33524,1,0,0,0.758,120559,146073,3.248,4.500,14.616
33564,1,0,0,0.758,120601,146203,3.248,4.500,14.616
33604,1,0,0,0.758,120520,145945,3.248,4.500,14.616
33644,1,0,0,0.758,120228,145164,3.248,4.500,14.616
33684,1,0,0,0.758,120062,144713,3.248,4.700,15.266
33724,1,0,0,0.758,120039,144663,3.248,4.700,15.266
33764,1,0,0,0.758,120088,144825,3.244,4.500,14.598
33804,1,0,0,0.758,120171,145048,3.244,4.500,14.598
33844,1,0,0,0.758,120288,145370,3.244,4.500,14.598
33884,1,0,0,0.758,120378,145610,3.248,4.400,14.291
33924,1,0,0,0.758,120393,145645,3.248,4.400,14.291
33964,1,0,0,0.758,120364,145572,3.248,4.700,15.266
34004,1,0,0,0.758,120365,145575,3.248,4.700,15.266
34044,1,0,0,0.758,120398,145663,3.248,4.700,15.266
34084,1,0,0,0.758,120440,145778,3.244,4.400,14.274
34124,1,0,0,0.758,120495,145926,3.244,4.400,14.274
34164,1,0,0,0.758,120535,146040,3.248,4.300,13.966
34204,1,0,0,0.758,120577,146187,3.248,4.300,13.966
34244,1,0,0,0.758,120631,146344,3.248,4.300,13.966
34284,1,0,0,0.758,120656,146430,3.248,4.400,14.291
34324,1,0,0,0.758,120531,146046,3.248,4.400,14.291
34364,1,0,0,0.758,120280,145315,3.248,4.500,14.616
34404,1,0,0,0.758,120170,145061,3.248,4.500,14.616
34444,1,0,0,0.758,120172,145086,3.248,4.500,14.616
34484,1,0,0,0.758,120216,145263,3.248,4.400,14.291
34524,1,0,0,0.758,120280,145442,3.248,4.400,14.291
34564,1,0,0,0.758,120352,145655,3.248,4.600,14.941
34604,1,0,0,0.758,120410,145754,3.248,4.600,14.941
34644,1,0,0,0.758,120394,145696,3.248,4.600,14.941
34684,1,0,0,0.758,120367,145641,3.244,4.400,14.274
34724,1,0,0,0.758,120367,145663,3.244,4.400,14.274
34764,1,0,0,0.758,120390,145768,3.248,4.400,14.291
34804,1,0,0,0.758,120458,145913,3.248,4.400,14.291
34844,1,0,0,0.758,120489,146016,3.248,4.400,14.291
34884,1,0,0,0.758,120525,146117,3.248,4.700,15.266
34924,1,0,0,0.758,120549,146194,3.248,4.700,15.266
34964,1,0,0,0.758,120568,146244,3.248,4.400,14.291
35004,1,0,0,0.758,120549,146198,3.248,4.400,14.291
35044,1,0,0,0.758,120348,145588,3.248,4.400,14.291
35084,1,0,0,0.758,120131,144978,3.248,4.600,14.941
35124,1,0,0,0.758,120041,144756,3.248,4.600,14.941
35164,1,0,0,0.758,120067,144828,3.244,4.800,15.571
35204,1,0,0,0.758,120121,144990,3.244,4.800,15.571
35244,1,0,0,0.758,120178,145185,3.244,4.800,15.571
35284,1,0,0,0.758,120233,145355,3.248,4.600,14.941
35324,1,0,0,0.758,120230,145375,3.248,4.600,14.941
35364,1,0,0,0.758,120227,145339,3.248,4.500,14.616
35404,1,0,0,0.758,120222,145365,3.248,4.500,14.616
35444,1,0,0,0.758,120254,145440,3.248,4.500,14.616
35484,1,0,0,0.758,120304,145558,3.248,4.500,14.616
35524,1,0,0,0.758,120349,145704,3.248,4.500,14.616
35564,1,0,0,0.758,120411,145834,3.248,4.600,14.941
35604,1,0,0,0.758,120460,145947,3.248,4.600,14.941
35644,1,0,0,0.758,120477,145985,3.248,4.600,14.941
35684,1,0,0,0.758,120461,145995,3.248,4.500,14.616
35724,1,0,0,0.758,120414,145931,3.248,4.500,14.616
35764,1,0,0,0.758,120214,145406,3.248,4.500,14.616
35804,1,0,0,0.758,119998,144784,3.248,4.500,14.616
35844,1,0,0,0.758,119912,144558,3.248,4.500,14.616
35884,1,0,0,0.758,119927,144649,3.244,4.600,14.922
35924,1,0,0,0.758,119978,144810,3.244,4.600,14.922
35964,1,0,0,0.758,120037,144993,3.248,4.600,14.941
36004,1,0,0,0.758,120096,145149,3.248,4.600,14.941
36044,1,0,0,0.758,120094,145156,3.248,4.600,14.941
36084,1,0,0,0.758,120082,145098,3.248,4.500,14.616
36124,1,0,0,0.758,120068,145096,3.248,4.500,14.616
36164,1,0,0,0.758,120085,145161,3.248,4.400,14.291
36204,1,0,0,0.758,120117,145257,3.248,4.400,14.291
36244,1,0,0,0.758,120158,145365,3.248,4.400,14.291
36284,1,0,0,0.758,120192,145458,3.248,4.600,14.941
36324,1,0,0,0.758,120211,145503,3.248,4.600,14.941
36364,1,0,0,0.758,120211,145533,3.248,4.600,14.941
36404,1,0,0,0.758,120198,145472,3.248,4.600,14.941
36444,1,0,0,0.758,120053,145059,3.248,4.600,14.941
36484,1,0,0,0.758,119844,144472,3.248,4.600,14.941
36524,1,0,0,0.758,119723,144207,3.248,4.600,14.941
36564,1,0,0,0.758,119737,144240,3.248,4.400,14.291
36604,1,0,0,0.758,119804,144441,3.248,4.400,14.291
36644,1,0,0,0.758,119875,144665,3.248,4.400,14.291
36684,1,0,0,0.758,119930,144838,3.248,4.400,14.291
36724,1,0,0,0.758,119955,144878,3.248,4.400,14.291
36764,1,0,0,0.758,119941,144821,3.244,4.800,15.571
36804,1,0,0,0.758,119935,144826,3.244,4.800,15.571
36844,1,0,0,0.758,119974,144911,3.244,4.800,15.571
36884,1,0,0,0.758,120006,145027,3.244,4.800,15.571
36924,1,0,0,0.758,120027,145131,3.244,4.800,15.571
36964,1,0,0,0.758,120071,145229,3.248,4.600,14.941
37004,1,0,0,0.758,120117,145335,3.248,4.600,14.941
37044,1,0,0,0.758,120143,145402,3.248,4.600,14.941
37084,1,0,0,0.758,120084,145196,3.248,4.500,14.616
37124,1,0,0,0.758,119862,144605,3.248,4.500,14.616
37164,1,0,0,0.758,119676,144162,3.248,4.300,13.966
37204,1,0,0,0.758,119659,144115,3.248,4.300,13.966
37244,1,0,0,0.758,119713,144307,3.248,4.300,13.966
37284,1,0,0,0.758,119783,144515,3.248,4.500,14.616
37324,1,0,0,0.758,119841,144685,3.248,4.500,14.616
37364,1,0,0,0.758,119852,144739,3.248,4.400,14.291
37404,1,0,0,0.758,119827,144693,3.248,4.400,14.291
37444,1,0,0,0.758,119828,144670,3.248,4.400,14.291
37484,1,0,0,0.758,119856,144722,3.244,4.600,14.922
37524,1,0,0,0.758,119904,144824,3.244,4.600,14.922
37564,1,0,0,0.758,119960,144986,3.248,4.600,14.941
37604,1,0,0,0.758,120013,145124,3.248,4.600,14.941
37644,1,0,0,0.758,120060,145253,3.248,4.600,14.941
37684,1,0,0,0.758,120097,145362,3.248,4.400,14.291
37724,1,0,0,0.758,120105,145361,3.248,4.400,14.291
37764,1,0,0,0.758,119938,144878,3.248,4.400,14.291
37804,1,0,0,0.758,119672,144204,3.248,4.400,14.291
37844,1,0,0,0.758,119562,143937,3.248,4.400,14.291
37884,1,0,0,0.758,119588,144016,3.244,4.400,14.274
37924,1,0,0,0.758,119640,144144,3.244,4.400,14.274
37964,1,0,0,0.758,119708,144348,3.248,4.300,13.966
38004,1,0,0,0.758,119768,144493,3.248,4.300,13.966
38044,1,0,0,0.758,119782,144524,3.248,4.300,13.966
38084,1,0,0,0.758,119760,144482,3.248,4.600,14.941
38124,1,0,0,0.758,119752,144486,3.248,4.600,14.941
38165,1,0,0,0.758,119768,144545,3.248,4.700,15.266
38204,1,0,0,0.758,119795,144637,3.248,4.700,15.266
38244,1,0,0,0.758,119831,144751,3.248,4.700,15.266
38284,1,0,0,0.758,119888,144870,3.248,4.600,14.941
38324,1,0,0,0.758,119926,144999,3.248,4.600,14.941
38365,1,0,0,0.758,119966,145088,3.244,4.600,14.922
38404,1,0,0,0.758,119995,145126,3.244,4.600,14.922
38444,1,0,0,0.758,119835,144634,3.244,4.600,14.922
38485,1,0,0,0.758,119602,144000,3.248,4.400,14.291
38524,1,0,0,0.758,119479,143751,3.248,4.400,14.291
38565,1,0,0,0.758,119492,143845,3.248,4.400,14.291
38604,1,0,0,0.758,119545,143996,3.248,4.400,14.291
38644,1,0,0,0.758,119613,144201,3.248,4.400,14.291
38685,1,0,0,0.758,119686,144397,3.244,4.600,14.922
38724,1,0,0,0.758,119704,144463,3.244,4.600,14.922
38765,1,0,0,0.758,119692,144449,3.248,4.500,14.616
38804,1,0,0,0.758,119705,144446,3.248,4.500,14.616
38844,1,0,0,0.758,119743,144570,3.248,4.500,14.616
38885,1,0,0,0.758,119811,144731,3.248,4.600,14.941
38924,1,0,0,0.758,119864,144883,3.248,4.600,14.941
38965,1,0,0,0.758,119922,145023,3.248,4.400,14.291
39004,1,0,0,0.758,119952,145111,3.248,4.400,14.291
39044,1,0,0,0.758,119997,145221,3.248,4.400,14.291
39085,1,0,0,0.758,120053,145363,3.248,4.800,15.590
39124,1,0,0,0.758,120013,145225,3.248,4.800,15.590
39165,1,0,0,0.758,119789,144598,3.248,4.600,14.941
39205,1,0,0,0.758,119615,144132,3.248,4.600,14.941
39244,1,0,0,0.758,119591,144092,3.248,4.600,14.941
39285,1,0,0,0.758,119657,144272,3.248,4.300,13.966
39324,1,0,0,0.758,119732,144486,3.248,4.300,13.966
39365,1,0,0,0.758,119814,144710,3.248,4.600,14.941
39405,1,0,0,0.758,119854,144844,3.248,4.600,14.941
39444,1,0,0,0.758,119855,144830,3.248,4.600,14.941
39485,1,0,0,0.758,119840,144775,3.248,4.700,15.266
39525,1,0,0,0.758,119842,144811,3.248,4.700,15.266
39565,1,0,0,0.758,119884,144884,3.248,4.700,15.266
39605,1,0,0,0.758,119926,145018,3.248,4.700,15.266
39644,1,0,0,0.758,119967,145146,3.248,4.700,15.266
39685,1,0,0,0.758,120010,145266,3.248,4.700,15.266
39725,1,0,0,0.758,120051,145381,3.248,4.700,15.266
39765,1,0,0,0.758,120099,145500,3.244,4.500,14.598
39805,1,0,0,0.758,120119,145512,3.244,4.500,14.598
39845,1,0,0,0.758,119942,145017,3.244,4.500,14.598
39885,1,0,0,0.758,119720,144417,3.244,4.500,14.598
39925,1,0,0,0.758,119623,144197,3.244,4.500,14.598
39965,1,0,0,0.758,119667,144327,3.248,4.600,14.941
40005,1,0,0,0.758,119744,144531,3.248,4.600,14.941
40045,1,0,0,0.758,119828,144744,3.248,4.600,14.941
40085,1,0,0,0.758,119885,144943,3.248,4.700,15.266
40125,1,0,0,0.758,119871,144928,3.248,4.700,15.266
40165,1,0,0,0.758,119851,144877,3.248,4.700,15.266
40205,1,0,0,0.758,119855,144842,3.248,4.700,15.266
40245,1,0,0,0.691,119894,144918,3.248,4.700,15.266
40285,1,0,0,0.691,119937,145043,3.244,4.800,15.571
40325,1,0,0,0.691,119977,145169,3.244,4.800,15.571
40365,1,0,0,0.691,120023,145304,3.248,4.500,14.616
40405,1,0,0,0.691,120068,145417,3.248,4.500,14.616
40445,1,0,0,0.691,120120,145559,3.248,4.500,14.616
40485,1,0,0,0.691,120187,145728,3.248,4.300,13.966
40525,1,0,0,0.691,120151,145597,3.248,4.300,13.966
40565,1,0,0,0.691,119890,144886,3.248,4.500,14.616
40605,1,0,0,0.691,119697,144351,3.248,4.500,14.616
40645,1,0,0,0.691,119681,144285,3.248,4.500,14.616
40685,1,0,0,0.691,119723,144415,3.244,4.700,15.247
40725,1,0,0,0.691,119801,144611,3.244,4.700,15.247
40765,1,0,0,0.691,119870,144810,3.248,4.500,14.616
40805,1,0,0,0.691,119917,144989,3.248,4.500,14.616
40845,1,0,0,0.691,119907,144975,3.248,4.500,14.616
40885,1,0,0,0.691,119881,144911,3.248,4.700,15.266
40925,1,0,0,0.691,119871,144893,3.248,4.700,15.266
40965,1,0,0,0.691,119905,144997,3.244,4.600,14.922
41005,1,0,0,0.691,119971,145159,3.244,4.600,14.922
41045,1,0,0,0.691,120035,145332,3.244,4.600,14.922
41085,1,0,0,0.691,120089,145424,3.248,4.500,14.616
41125,1,0,0,0.691,120130,145528,3.248,4.500,14.616
41165,1,0,0,0.691,120157,145640,3.248,4.500,14.616
41205,1,0,0,0.691,120185,145769,3.248,4.500,14.616
41245,1,0,0,0.691,120149,145673,3.248,4.500,14.616
41285,1,0,0,0.691,119908,144999,3.248,4.800,15.590
41325,1,0,0,0.691,119728,144505,3.248,4.800,15.590
41365,1,0,0,0.691,119691,144464,3.244,4.300,13.949
41405,1,0,0,0.691,119747,144634,3.244,4.300,13.949
41445,1,0,0,0.691,119814,144825,3.244,4.300,13.949
41485,1,0,0,0.691,119901,145060,3.248,4.600,14.941
41525,1,0,0,0.691,119988,145272,3.248,4.600,14.941
41565,1,0,0,0.691,120005,145356,3.244,4.400,14.274
41605,1,0,0,0.691,120000,145295,3.244,4.400,14.274
41645,1,0,0,0.691,119993,145323,3.244,4.400,14.274
41685,1,0,0,0.691,120051,145441,3.248,4.600,14.941
41725,1,0,0,0.691,120108,145630,3.248,4.600,14.941
41765,1,0,0,0.691,120176,145819,3.248,4.500,14.616
41805,1,0,0,0.691,120226,145955,3.248,4.500,14.616
41845,1,0,0,0.691,120275,146092,3.248,4.500,14.616
41885,1,0,0,0.691,120302,146183,3.244,4.700,15.247
41925,1,0,0,0.691,120348,146306,3.244,4.700,15.247
41965,1,0,0,0.691,120383,146427,3.248,4.600,14.941
42005,1,0,0,0.691,120338,146256,3.248,4.600,14.941
42045,1,0,0,0.691,120016,145363,3.248,4.600,14.941
42085,1,0,0,0.691,119835,144856,3.248,4.900,15.915
42125,1,0,0,0.691,119809,144807,3.248,4.900,15.915
42165,1,0,0,0.691,119868,144992,3.244,4.700,15.247
42205,1,0,0,0.691,119948,145222,3.244,4.700,15.247
42245,1,0,0,0.691,120045,145510,3.244,4.700,15.247
42285,1,0,0,0.691,120115,145683,3.244,4.500,14.598
42325,1,0,0,0.691,120114,145658,3.244,4.500,14.598
42365,1,0,0,0.691,120094,145574,3.248,4.700,15.266
42405,1,0,0,0.691,120096,145593,3.248,4.700,15.266
42445,1,0,0,0.691,120131,145715,3.248,4.700,15.266
42485,1,0,0,0.691,120201,145896,3.248,4.400,14.291
42525,1,0,0,0.691,120266,146109,3.248,4.400,14.291
42565,1,0,0,0.691,120330,146297,3.248,4.600,14.941
42605,1,0,0,0.691,120370,146430,3.248,4.600,14.941
42645,1,0,0,0.691,120403,146538,3.248,4.600,14.941
42685,1,0,0,0.691,120432,146595,3.244,4.500,14.598
42725,1,0,0,0.691,120487,146695,3.244,4.500,14.598
42765,1,0,0,0.691,120463,146606,3.244,4.600,14.922
42805,1,0,0,0.691,120191,145816,3.244,4.600,14.922
42845,1,0,0,0.691,119965,145214,3.244,4.600,14.922
42885,1,0,0,0.691,119920,145123,3.244,4.600,14.922
42925,1,0,0,0.691,119992,145326,3.244,4.600,14.922
42965,1,0,0,0.691,120101,145621,3.248,4.300,13.966
43005,1,0,0,0.691,120199,145900,3.248,4.300,13.966
43045,1,0,0,0.691,120257,146057,3.248,4.300,13.966
43085,1,0,0,0.691,120228,145961,3.248,4.700,15.266
43125,1,0,0,0.691,120180,145806,3.248,4.700,15.266
43165,1,0,0,0.691,120181,145765,3.248,4.700,15.266
43205,1,0,0,0.691,120224,145889,3.248,4.700,15.266
43245,1,0,0,0.691,120273,146055,3.248,4.700,15.266
43285,1,0,0,0.691,120326,146251,3.248,4.600,14.941
43325,1,0,0,0.691,120367,146397,3.248,4.600,14.941
43365,1,0,0,0.691,120402,146464,3.248,4.600,14.941
43405,1,0,0,0.691,120418,146543,3.248,4.600,14.941
43445,1,0,0,0.691,120457,146629,3.248,4.600,14.941
43485,1,0,0,0.691,120449,146586,3.248,4.700,15.266
43525,1,0,0,0.691,120221,145871,3.248,4.700,15.266
43565,1,0,0,0.691,120001,145259,3.244,4.600,14.922
43605,1,0,0,0.691,119942,145136,3.244,4.600,14.922
43645,1,0,0,0.691,119991,145321,3.244,4.600,14.922
43685,1,0,0,0.691,120081,145610,3.248,4.900,15.915
43725,1,0,0,0.691,120178,145907,3.248,4.900,15.915
43765,1,0,0,0.691,120240,146082,3.244,4.500,14.598
43805,1,0,0,0.691,120211,146000,3.244,4.500,14.598
43845,1,0,0,0.691,120148,145843,3.244,4.500,14.598
43885,1,0,0,0.691,120147,145830,3.248,4.300,13.966
43925,1,0,0,0.691,120192,145955,3.248,4.300,13.966
43965,1,0,0,0.691,120231,146118,3.248,4.700,15.266
44005,1,0,0,0.691,120300,146279,3.248,4.700,15.266
44045,1,0,0,0.691,120363,146438,3.248,4.700,15.266
44085,1,0,0,0.691,120406,146590,3.248,4.600,14.941
44125,1,0,0,0.691,120450,146701,3.248,4.600,14.941
44165,1,0,0,0.691,120497,146829,3.248,4.500,14.616
44205,1,0,0,0.691,120474,146756,3.248,4.500,14.616
44245,1,0,0,0.691,120183,145948,3.248,4.500,14.616
44285,1,0,0,0.691,119953,145319,3.248,4.500,14.616
44325,1,0,0,0.691,119917,145203,3.248,4.500,14.616
44365,1,0,0,0.691,119967,145369,3.248,4.600,14.941
44405,1,0,0,0.691,120048,145615,3.248,4.600,14.941
44445,1,0,0,0.691,120137,145879,3.248,4.600,14.941
44485,1,0,0,0.691,120219,146089,3.244,4.600,14.922
44525,1,0,0,0.691,120226,146112,3.244,4.600,14.922
44565,1,0,0,0.691,120199,146005,3.248,4.800,15.590
44605,1,0,0,0.691,120194,146011,3.248,4.800,15.590
44645,1,0,0,0.691,120226,146097,3.248,4.800,15.590
44685,1,0,0,0.691,120294,146264,3.244,4.600,14.922
44725,1,0,0,0.691,120349,146442,3.244,4.600,14.922
44765,1,0,0,0.691,120421,146629,3.248,4.600,14.941
44805,1,0,0,0.691,120458,146766,3.248,4.600,14.941
44845,1,0,0,0.691,120482,146837,3.248,4.600,14.941
44885,1,0,0,0.691,120515,146919,3.248,4.400,14.291
44925,1,0,0,0.691,120514,146950,3.248,4.400,14.291
44965,1,0,0,0.691,120347,146499,3.248,4.600,14.941
45005,1,0,0,0.691,120024,145591,3.248,4.600,14.941
45045,1,0,0,0.691,119904,145221,3.248,4.600,14.941
45085,1,0,0,0.691,119919,145262,3.248,4.500,14.616
45125,1,0,0,0.691,119980,145437,3.248,4.500,14.616
45165,1,0,0,0.691,120050,145683,3.244,4.400,14.274
45205,1,0,0,0.691,120133,145881,3.244,4.400,14.274
45245,1,0,0,0.691,120156,145973,3.244,4.400,14.274
45285,1,0,0,0.691,120137,145894,3.244,4.700,15.247
45325,1,0,0,0.691,120107,145814,3.244,4.700,15.247
45365,1,0,0,0.691,120113,145830,3.248,4.400,14.291
45405,1,0,0,0.691,120157,145929,3.248,4.400,14.291
45445,1,0,0,0.691,120227,146107,3.248,4.400,14.291
45485,1,0,0,0.691,120305,146312,3.248,4.500,14.616
45525,1,0,0,0.691,120366,146505,3.248,4.500,14.616
45565,1,0,0,0.691,120412,146670,3.244,4.600,14.922
45605,1,0,0,0.691,120446,146797,3.244,4.600,14.922
45645,1,0,0,0.691,120469,146874,3.244,4.600,14.922
45685,1,0,0,0.691,120468,146845,3.248,4.700,15.266
45725,1,0,0,0.691,120226,146108,3.248,4.700,15.266
45765,1,0,0,0.691,119989,145448,3.248,4.600,14.941
45805,1,0,0,0.691,119949,145311,3.248,4.600,14.941
45845,1,0,0,0.691,119993,145466,3.248,4.600,14.941
45885,1,0,0,0.691,120070,145729,3.244,4.700,15.247
45925,1,0,0,0.691,120135,145990,3.244,4.700,15.247
45965,1,0,0,0.691,120217,146183,3.244,4.500,14.598
46005,1,0,0,0.691,120208,146186,3.244,4.500,14.598
46045,1,0,0,0.691,120169,146073,3.244,4.500,14.598
46085,1,0,0,0.691,120149,146018,3.248,4.600,14.941
46125,1,0,0,0.691,120159,146035,3.248,4.600,14.941
46166,1,0,0,0.691,120180,146091,3.248,4.400,14.291
46205,1,0,0,0.691,120212,146203,3.248,4.400,14.291
46245,1,0,0,0.691,120219,146261,3.248,4.400,14.291
46285,1,0,0,0.691,120268,146348,3.248,4.400,14.291
46325,1,0,0,0.691,120291,146433,3.248,4.400,14.291
46366,1,0,0,0.691,120319,146530,3.244,4.600,14.922
46405,1,0,0,0.691,120286,146443,3.244,4.600,14.922
46445,1,0,0,0.691,120060,145812,3.244,4.600,14.922
46486,1,0,0,0.691,119859,145301,3.248,4.600,14.941
46525,1,0,0,0.691,119819,145180,3.248,4.600,14.941
46566,1,0,0,0.691,119855,145331,3.248,4.600,14.941
46605,1,0,0,0.691,119957,145563,3.248,4.600,14.941
46645,1,0,0,0.691,120037,145832,3.248,4.600,14.941
46686,1,0,0,0.691,120099,145969,3.248,4.700,15.266
46725,1,0,0,0.691,120075,145896,3.248,4.700,15.266
46766,1,0,0,0.691,120036,145809,3.248,4.500,14.616
46806,1,0,0,0.691,120036,145798,3.248,4.500,14.616
46845,1,0,0,0.691,120059,145892,3.248,4.500,14.616
46886,1,0,0,0.691,120129,146039,3.252,4.500,14.634
46925,1,0,0,0.691,120175,146201,3.252,4.500,14.634
46966,1,0,0,0.691,120237,146373,3.248,4.600,14.941
47006,1,0,0,0.691,120288,146544,3.248,4.600,14.941
47045,1,0,0,0.691,120340,146668,3.248,4.600,14.941
47086,1,0,0,0.691,120362,146733,3.244,4.400,14.274
47126,1,0,0,0.691,120210,146348,3.244,4.400,14.274
47166,1,0,0,0.691,119915,145540,3.248,4.700,15.266
47206,1,0,0,0.691,119800,145160,3.248,4.700,15.266
47246,1,0,0,0.691,119807,145190,3.248,4.700,15.266
47286,1,0,0,0.691,119866,145368,3.244,4.600,14.922
47326,1,0,0,0.691,119943,145585,3.244,4.600,14.922
47366,1,0,0,0.691,120023,145816,3.244,4.500,14.598
47406,1,0,0,0.691,120045,145875,3.244,4.500,14.598
47446,1,0,0,0.691,120000,145753,3.244,4.500,14.598
47486,1,0,0,0.691,119957,145659,3.248,4.600,14.941
47526,1,0,0,0.691,119980,145682,3.248,4.600,14.941
47566,1,0,0,0.691,120029,145791,3.248,4.700,15.266
47606,1,0,0,0.691,120092,145955,3.248,4.700,15.266
47646,1,0,0,0.691,120144,146122,3.248,4.700,15.266
47686,1,0,0,0.691,120197,146254,3.248,4.800,15.590
47726,1,0,0,0.691,120225,146402,3.248,4.800,15.590
47766,1,0,0,0.691,120270,146529,3.248,4.600,14.941
47806,1,0,0,0.691,120286,146583,3.248,4.600,14.941
47846,1,0,0,0.691,120110,146073,3.248,4.600,14.941
47886,1,0,0,0.691,119841,145291,3.248,4.600,14.941
47926,1,0,0,0.691,119726,144971,3.248,4.600,14.941
47966,1,0,0,0.691,119755,145020,3.248,4.400,14.291
48006,1,0,0,0.691,119779,145165,3.248,4.400,14.291
48046,1,0,0,0.691,119820,145339,3.248,4.400,14.291
48086,1,0,0,0.691,119882,145524,3.248,4.300,13.966
48126,1,0,0,0.691,119900,145602,3.248,4.300,13.966
48166,1,0,0,0.691,119887,145562,3.252,4.600,14.959
48206,1,0,0,0.691,119867,145501,3.252,4.600,14.959
48246,1,0,0,0.692,119872,145524,3.252,4.600,14.959
48286,1,0,0,0.692,119904,145615,3.248,5.000,16.240
48326,1,0,0,0.692,119957,145753,3.248,5.000,16.240
48366,1,0,0,0.692,119992,145865,3.244,4.600,14.922
48406,1,0,0,0.692,120037,145990,3.244,4.600,14.922
48446,1,0,0,0.692,120077,146101,3.244,4.600,14.922
48486,1,0,0,0.692,120121,146226,3.248,4.500,14.616
48526,1,0,0,0.692,120142,146281,3.248,4.500,14.616
48566,1,0,0,0.692,119962,145770,3.244,4.500,14.598
48606,1,0,0,0.692,119730,145149,3.244,4.500,14.598
48646,1,0,0,0.692,119629,144908,3.244,4.500,14.598
48686,1,0,0,0.692,119651,144969,3.244,4.500,14.598
48726,1,0,0,0.692,119707,145134,3.244,4.500,14.598
48766,1,0,0,0.692,119760,145332,3.248,4.600,14.941
48806,1,0,0,0.692,119826,145486,3.248,4.600,14.941
48846,1,0,0,0.692,119868,145563,3.248,4.600,14.941
48886,1,0,0,0.692,119836,145508,3.248,4.700,15.266
48926,1,0,0,0.692,119815,145451,3.248,4.700,15.266
48966,1,0,0,0.692,119828,145497,3.248,4.500,14.616
49006,1,0,0,0.692,119870,145570,3.248,4.500,14.616
49046,1,0,0,0.692,119915,145723,3.248,4.500,14.616
49086,1,0,0,0.692,119967,145859,3.248,4.700,15.266
49126,1,0,0,0.692,119998,145981,3.248,4.700,15.266
49166,1,0,0,0.692,120032,146091,3.248,4.600,14.941
49206,1,0,0,0.692,120076,146196,3.248,4.600,14.941
49246,1,0,0,0.692,120086,146242,3.248,4.600,14.941
49286,1,0,0,0.692,119897,145713,3.248,4.700,15.266
49326,1,0,0,0.692,119653,145057,3.248,4.700,15.266
49366,1,0,0,0.692,119546,144747,3.248,4.400,14.291
49406,1,0,0,0.692,119548,144766,3.248,4.400,14.291
49446,1,0,0,0.692,119586,144890,3.248,4.400,14.291
49486,1,0,0,0.692,119626,145031,3.248,4.800,15.590
49526,1,0,0,0.692,119682,145198,3.248,4.800,15.590
49566,1,0,0,0.692,119676,145173,3.248,4.800,15.590
49606,1,0,0,0.692,119620,145030,3.248,4.800,15.590
49646,1,0,0,0.692,119615,144998,3.248,4.800,15.590
49686,1,0,0,0.692,119659,145066,3.248,4.600,14.941
49726,1,0,0,0.692,119708,145199,3.248,4.600,14.941
49766,1,0,0,0.692,119776,145353,3.248,4.800,15.590
49806,1,0,0,0.692,119810,145488,3.248,4.800,15.590
49846,1,0,0,0.692,119842,145604,3.248,4.800,15.590
49886,1,0,0,0.692,119890,145739,3.248,4.900,15.915
49926,1,0,0,0.692,119958,145909,3.248,4.900,15.915
49966,1,0,0,0.692,120000,146012,3.248,4.700,15.266
50006,1,0,0,0.692,119876,145598,3.248,4.700,15.266
50046,1,0,0,0.692,119659,144974,3.248,4.700,15.266
50086,1,0,0,0.692,119529,144602,3.248,4.800,15.590
50126,1,0,0,0.692,119503,144576,3.248,4.800,15.590
50166,1,0,0,0.692,119539,144751,3.248,4.600,14.941
50206,1,0,0,0.692,119661,145068,3.248,4.600,14.941
50246,1,0,0,0.692,119769,145342,3.248,4.600,14.941
50286,1,0,0,0.692,119814,145455,3.248,4.500,14.616
50326,1,0,0,0.692,119788,145379,3.248,4.500,14.616
50366,1,0,0,0.692,119771,145368,3.248,4.900,15.915
50406,1,0,0,0.692,119807,145449,3.248,4.900,15.915
50446,1,0,0,0.692,119841,145541,3.248,4.900,15.915
50486,1,0,0,0.692,119874,145645,3.252,4.800,15.610
50526,1,0,0,0.692,119918,145793,3.252,4.800,15.610
50566,1,0,0,0.692,119984,145962,3.252,4.700,15.284
50606,1,0,0,0.692,120069,146225,3.252,4.700,15.284
50646,1,0,0,0.692,120136,146389,3.252,4.700,15.284
50686,1,0,0,0.692,119985,145986,3.248,4.600,14.941
50726,1,0,0,0.692,119711,145246,3.248,4.600,14.941
50766,1,0,0,0.692,119582,144898,3.248,4.700,15.266
50806,1,0,0,0.692,119599,144993,3.248,4.700,15.266
50846,1,0,0,0.692,119683,145246,3.248,4.700,15.266
50886,1,0,0,0.692,119797,145586,3.248,4.800,15.590
50926,1,0,0,0.692,119910,145882,3.248,4.800,15.590
50966,1,0,0,0.692,119947,145966,3.248,4.800,15.590
51006,1,0,0,0.692,119933,145947,3.248,4.800,15.590
51046,1,0,0,0.692,119915,145898,3.248,4.800,15.590
51086,1,0,0,0.692,119944,145950,3.252,4.500,14.634
51126,1,0,0,0.692,119992,146057,3.252,4.500,14.634
51166,1,0,0,0.692,120001,146110,3.252,5.000,16.260
51206,1,0,0,0.692,120028,146204,3.252,5.000,16.260
51246,1,0,0,0.692,120055,146295,3.252,5.000,16.260
51286,1,0,0,0.692,120073,146363,3.252,4.500,14.634
51326,1,0,0,0.692,120081,146428,3.252,4.500,14.634
51366,1,0,0,0.692,119934,146026,3.248,4.600,14.941
51406,1,0,0,0.692,119662,145239,3.248,4.600,14.941
51446,1,0,0,0.692,119508,144820,3.248,4.600,14.941
51486,1,0,0,0.692,119493,144803,3.248,4.300,13.966
51526,1,0,0,0.692,119523,144913,3.248,4.300,13.966
51566,1,0,0,0.692,119579,145068,3.248,4.800,15.590
51606,1,0,0,0.692,119643,145230,3.248,4.800,15.590
51646,1,0,0,0.692,119663,145314,3.248,4.800,15.590
51686,1,0,0,0.692,119656,145265,3.252,4.700,15.284
51726,1,0,0,0.692,119621,145160,3.252,4.700,15.284
51766,1,0,0,0.692,119623,145158,3.252,4.700,15.284
51806,1,0,0,0.692,119645,145205,3.252,4.700,15.284
51846,1,0,0,0.692,119669,145272,3.252,4.700,15.284
51886,1,0,0,0.692,119684,145336,3.260,4.700,15.322
51926,1,0,0,0.692,119718,145472,3.260,4.700,15.322
51966,1,0,0,0.692,119772,145666,3.248,4.300,13.966
52006,1,0,0,0.692,119836,145801,3.248,4.300,13.966
52046,1,0,0,0.692,119809,145716,3.248,4.300,13.966
52086,1,0,0,0.692,119589,145108,3.248,4.300,13.966
52126,1,0,0,0.692,119416,144624,3.248,4.300,13.966
52166,1,0,0,0.692,119385,144534,3.248,4.700,15.266
52206,1,0,0,0.692,119409,144636,3.248,4.700,15.266
52246,1,0,0,0.692,119455,144818,3.248,4.700,15.266
52286,1,0,0,0.692,119520,145037,3.248,4.700,15.266
52326,1,0,0,0.692,119563,145153,3.248,4.700,15.266
52366,1,0,0,0.692,119578,145180,3.248,4.500,14.616
52406,1,0,0,0.692,119565,145132,3.248,4.500,14.616
52446,1,0,0,0.692,119558,145121,3.248,4.500,14.616
52486,1,0,0,0.692,119581,145193,3.252,4.800,15.610
52526,1,0,0,0.692,119623,145305,3.252,4.800,15.610
52566,1,0,0,0.692,119666,145395,3.248,4.800,15.590
52606,1,0,0,0.692,119674,145463,3.248,4.800,15.590
52646,1,0,0,0.692,119715,145544,3.248,4.800,15.590
52686,1,0,0,0.692,119737,145624,3.248,4.600,14.941
52726,1,0,0,0.692,119708,145547,3.248,4.600,14.941
52766,1,0,0,0.692,119542,145067,3.252,4.600,14.959
52806,1,0,0,0.692,119360,144636,3.252,4.600,14.959
52846,1,0,0,0.692,119307,144510,3.252,4.600,14.959
52886,1,0,0,0.692,119331,144606,3.252,4.700,15.284
52926,1,0,0,0.692,119406,144801,3.252,4.700,15.284
52967,1,0,0,0.692,119471,144998,3.248,4.700,15.266
53006,1,0,0,0.692,119515,145106,3.248,4.700,15.266
53046,1,0,0,0.692,119496,145078,3.248,4.700,15.266
53087,1,0,0,0.692,119464,144999,3.248,4.500,14.616
53126,1,0,0,0.692,119458,144976,3.248,4.500,14.616
53167,1,0,0,0.692,119465,145006,3.248,4.900,15.915
53206,1,0,0,0.692,119510,145125,3.248,4.900,15.915
53246,1,0,0,0.692,119612,145395,3.248,4.900,15.915
53287,1,0,0,0.692,119684,145604,3.252,4.900,15.935
53326,1,0,0,0.692,119730,145757,3.252,4.900,15.935
53367,1,0,0,0.692,119750,145811,3.248,4.500,14.616
53406,1,0,0,0.692,119595,145423,3.248,4.500,14.616
53446,1,0,0,0.692,119383,144846,3.248,4.500,14.616
53487,1,0,0,0.692,119276,144520,3.248,4.300,13.966
53526,1,0,0,0.692,119268,144526,3.248,4.300,13.966
53567,1,0,0,0.692,119312,144675,3.248,4.800,15.590
53606,1,0,0,0.692,119380,144864,3.248,4.800,15.590
53646,1,0,0,0.692,119452,145060,3.248,4.800,15.590
53687,1,0,0,0.692,119476,145110,3.248,4.700,15.266
53726,1,0,0,0.692,119438,145030,3.248,4.700,15.266
53767,1,0,0,0.692,119417,144965,3.248,5.000,16.240
53807,1,0,0,0.692,119420,144945,3.248,5.000,16.240
53847,1,0,0,0.692,119434,144980,3.248,5.000,16.240
53887,1,0,0,0.692,119451,145042,3.260,4.700,15.322
53926,1,0,0,0.692,119478,145140,3.260,4.700,15.322
53967,1,0,0,0.692,119512,145252,3.248,5.000,16.240
54007,1,0,0,0.692,119544,145370,3.248,5.000,16.240
54047,1,0,0,0.692,119520,145339,3.248,5.000,16.240
54087,1,0,0,0.692,119370,144887,3.248,4.600,14.941
54127,1,0,0,0.692,119149,144321,3.248,4.600,14.941
54167,1,0,0,0.692,119051,144063,3.248,4.700,15.266
54207,1,0,0,0.692,119072,144119,3.248,4.700,15.266
54247,1,0,0,0.692,119108,144273,3.248,4.700,15.266
54287,1,0,0,0.692,119162,144475,3.248,4.200,13.642
54327,1,0,0,0.692,119210,144630,3.248,4.200,13.642
54367,1,0,0,0.692,119223,144667,3.248,4.600,14.941
54407,1,0,0,0.692,119196,144645,3.248,4.600,14.941
54447,1,0,0,0.692,119187,144613,3.248,4.600,14.941
54487,1,0,0,0.692,119191,144650,3.256,4.600,14.978
54527,1,0,0,0.692,119232,144734,3.256,4.600,14.978
54567,1,0,0,0.692,119263,144836,3.248,5.000,16.240
54607,1,0,0,0.692,119286,144930,3.248,5.000,16.240
54647,1,0,0,0.692,119320,145012,3.248,5.000,16.240
54687,1,0,0,0.692,119351,145101,3.252,4.700,15.284
54727,1,0,0,0.692,119379,145165,3.252,4.700,15.284
54767,1,0,0,0.692,119282,144896,3.244,4.800,15.571
54807,1,0,0,0.692,119068,144332,3.244,4.800,15.571
54847,1,0,0,0.692,118916,143987,3.244,4.800,15.571
54887,1,0,0,0.692,118902,143981,3.248,4.300,13.966
54927,1,0,0,0.692,118949,144114,3.248,4.300,13.966
54967,1,0,0,0.692,119008,144298,3.244,4.900,15.896
55007,1,0,0,0.692,119066,144456,3.244,4.900,15.896
55047,1,0,0,0.692,119080,144510,3.244,4.900,15.896
55087,1,0,0,0.692,119055,144451,3.252,4.800,15.610
55127,1,0,0,0.692,119043,144427,3.252,4.800,15.610
55167,1,0,0,0.692,119045,144429,3.248,4.700,15.266
55207,1,0,0,0.692,119067,144499,3.248,4.700,15.266
55247,1,0,0,0.692,119103,144579,3.248,4.700,15.266
55287,1,0,0,0.692,119146,144675,3.244,4.100,13.300
55327,1,0,0,0.692,119177,144760,3.244,4.100,13.300
55367,1,0,0,0.692,119206,144850,3.248,4.800,15.590
55407,1,0,0,0.692,119236,144956,3.248,4.800,15.590
55447,1,0,0,0.692,119246,144958,3.248,4.800,15.590
55487,1,0,0,0.692,119097,144570,3.224,4.600,14.830
55527,1,0,0,0.692,118890,144064,3.224,4.600,14.830
55567,1,0,0,0.692,118774,143831,3.248,4.700,15.266
55607,1,0,0,0.692,118786,143860,3.248,4.700,15.266
55647,1,0,0,0.692,118858,144007,3.248,4.700,15.266
55687,1,0,0,0.692,118931,144208,3.252,5.100,16.585
55727,1,0,0,0.692,118973,144331,3.252,5.100,16.585
55767,1,0,0,0.692,118975,144342,3.228,4.800,15.494
55807,1,0,0,0.692,118962,144287,3.228,4.800,15.494
55847,1,0,0,0.692,118949,144256,3.228,4.800,15.494
55887,1,0,0,0.692,118955,144287,3.244,4.300,13.949
55927,1,0,0,0.692,118997,144376,3.244,4.300,13.949
55967,1,0,0,0.692,119023,144476,3.244,4.900,15.896
56007,1,0,0,0.692,119060,144538,3.244,4.900,15.896
56047,1,0,0,0.692,119103,144627,3.244,4.900,15.896
56087,1,0,0,0.692,119142,144706,3.240,4.400,14.256
56127,1,0,0,0.692,119169,144786,3.240,4.400,14.256
56167,1,0,0,0.692,119177,144830,3.244,4.800,15.571
56207,1,0,0,0.692,119034,144470,3.244,4.800,15.571
56247,1,0,0,0.693,118847,143962,3.244,4.800,15.571
56287,1,0,0,0.693,118740,143735,3.256,5.300,17.257
56327,1,0,0,0.693,118763,143794,3.256,5.300,17.257
56367,1,0,0,0.693,118830,144012,3.240,5.200,16.848
56407,1,0,0,0.693,118940,144261,3.240,5.200,16.848
56447,1,0,0,0.693,119028,144430,3.240,5.200,16.848
56487,1,0,0,0.693,119020,144385,3.248,4.200,13.642
56527,1,0,0,0.693,118981,144302,3.248,4.200,13.642
56567,1,0,0,0.693,118934,144275,3.144,5.100,16.034
56607,1,0,0,0.693,118959,144337,3.144,5.100,16.034
56647,1,0,0,0.693,118991,144453,3.144,5.100,16.034
56687,1,0,0,0.693,119045,144571,3.244,4.500,14.598
56727,1,0,0,0.693,119070,144659,3.244,4.500,14.598
56767,1,0,0,0.693,119109,144783,3.248,9.200,29.882
56807,1,0,0,0.693,119171,144914,3.248,9.200,29.882
56847,1,0,0,0.693,119189,144942,3.248,9.200,29.882
56887,1,0,0,0.693,119034,144524,3.256,5.200,16.931
56927,1,0,0,0.693,118849,144032,3.256,5.200,16.931
56967,1,0,0,0.693,118756,143809,3.244,4.800,15.571
57007,1,0,0,0.693,118773,143874,3.244,4.800,15.571
57047,1,0,0,0.693,118847,144077,3.244,4.800,15.571
57087,1,0,0,0.693,118937,144316,3.248,4.200,13.642
57127,1,0,0,0.693,119022,144531,3.248,4.200,13.642
57167,1,0,0,0.693,119037,144553,3.156,4.800,15.149
57207,1,0,0,0.693,119013,144487,3.156,4.800,15.149
57247,1,0,0,0.693,118986,144415,3.156,4.800,15.149
57287,1,0,0,0.693,119000,144460,3.244,4.400,14.274
57327,1,0,0,0.693,119030,144541,3.244,4.400,14.274
57367,1,0,0,0.693,119055,144635,3.248,7.900,25.659
57407,1,0,0,0.693,119108,144752,3.248,7.900,25.659
57447,1,0,0,0.693,119155,144892,3.248,7.900,25.659
57487,1,0,0,0.693,119202,145018,3.256,5.000,16.280
57527,1,0,0,0.693,119199,145002,3.256,5.000,16.280
57567,1,0,0,0.693,119035,144531,3.244,4.900,15.896
57607,1,0,0,0.693,118821,143966,3.244,4.900,15.896
57647,1,0,0,0.693,118709,143691,3.244,4.900,15.896
57687,1,0,0,0.693,118713,143743,3.248,4.800,15.590
57727,1,0,0,0.693,118783,143940,3.248,4.800,15.590
57767,1,0,0,0.693,118862,144131,3.168,5.000,15.840
57807,1,0,0,0.693,118932,144295,3.168,5.000,15.840
57847,1,0,0,0.693,118946,144323,3.168,5.000,15.840
57887,1,0,0,0.693,118925,144238,3.244,4.200,13.625
57927,1,0,0,0.693,118916,144217,3.244,4.200,13.625
57968,1,0,0,0.693,118933,144278,3.248,6.800,22.086
58007,1,0,0,0.693,118967,144389,3.248,6.800,22.086
58047,1,0,0,0.693,119012,144508,3.248,6.800,22.086
58087,1,0,0,0.693,119053,144615,3.256,4.800,15.629
58127,1,0,0,0.693,119105,144751,3.256,4.800,15.629
58168,1,0,0,0.693,119131,144862,3.248,5.000,16.240
58207,1,0,0,0.693,119159,144957,3.248,5.000,16.240
58247,1,0,0,0.693,119104,144803,3.248,5.000,16.240
58287,1,0,0,0.693,118890,144185,3.252,4.600,14.959
58327,1,0,0,0.693,118706,143679,3.252,4.600,14.959
58368,1,0,0,0.693,118645,143523,3.176,4.800,15.245
58407,1,0,0,0.693,118675,143606,3.176,4.800,15.245
58447,1,0,0,0.693,118738,143786,3.176,4.800,15.245
58488,1,0,0,0.693,118822,144006,3.248,4.200,13.642
58527,1,0,0,0.693,118872,144154,3.248,4.200,13.642
58568,1,0,0,0.693,118866,144150,3.248,5.700,18.514
58607,1,0,0,0.693,118856,144094,3.248,5.700,18.514
58647,1,0,0,0.693,118860,144079,3.248,5.700,18.514
58688,1,0,0,0.693,118866,144138,3.188,4.600,14.665
58727,1,0,0,0.693,118900,144215,3.188,4.600,14.665
58768,1,0,0,0.693,118938,144327,3.244,14.300,46.389
58807,1,0,0,0.693,118980,144421,3.244,14.300,46.389
58848,1,0,0,0.693,119030,144522,3.244,14.300,46.389
58887,1,0,0,0.693,119065,144610,3.256,5.200,16.931
58928,1,0,0,0.693,119106,144716,3.256,5.200,16.931
58968,1,0,0,0.693,119103,144665,3.196,5.300,16.939
59008,1,0,0,0.693,118915,144165,3.196,5.300,16.939
59048,1,0,0,0.693,118720,143647,3.196,5.300,16.939
59087,1,0,0,0.693,118628,143438,3.244,4.400,14.274
59128,1,0,0,0.693,118644,143527,3.244,4.400,14.274
59168,1,0,0,0.693,118716,143728,3.124,5.000,15.620
59208,1,0,0,0.693,118785,143943,3.124,5.000,15.620
59248,1,0,0,0.693,118840,144078,3.124,5.000,15.620
59287,1,0,0,0.693,118837,144085,3.200,4.800,15.360
59328,1,0,0,0.693,118830,144026,3.200,4.800,15.360
59368,1,0,0,0.693,118803,143979,3.220,13.100,42.182
59408,1,0,0,0.693,118808,143995,3.220,13.100,42.182
59448,1,0,0,0.693,118840,144082,3.220,13.100,42.182
59488,1,0,0,0.693,118894,144184,3.256,5.400,17.582
59528,1,0,0,0.693,118937,144282,3.256,5.400,17.582
59568,1,0,0,0.693,118990,144370,3.212,4.800,15.418
59608,1,0,0,0.693,119011,144471,3.212,4.800,15.418
59648,1,0,0,0.693,119035,144560,3.212,4.800,15.418
59688,1,0,0,0.693,119026,144535,3.248,4.400,14.291
59728,1,0,0,0.693,118848,144098,3.248,4.400,14.291
59768,1,0,0,0.693,118635,143543,3.124,5.200,16.245
59808,1,0,0,0.693,118517,143284,3.124,5.200,16.245
59848,1,0,0,0.693,118522,143330,3.124,5.200,16.245
59888,1,0,0,0.693,118576,143491,3.220,4.200,13.524
59928,1,0,0,0.693,118656,143722,3.220,4.200,13.524
59968,1,0,0,0.693,118724,143884,3.204,11.500,36.846
60008,1,0,0,0.693,118727,143889,3.204,11.500,36.846
60048,1,0,0,0.693,118699,143807,3.204,11.500,36.846
60088,1,0,0,0.693,118659,143739,3.256,5.200,16.931
60128,1,0,0,0.693,118679,143784,3.256,5.200,16.931
60168,1,0,0,0.693,118723,143873,3.228,14.300,46.160
60208,1,0,0,0.693,118754,143974,3.228,14.300,46.160
60248,1,0,0,0.693,118789,144066,3.228,14.300,46.160
60288,1,0,0,0.693,118823,144165,3.248,4.400,14.291
60328,1,0,0,0.693,118873,144285,3.248,4.400,14.291
60368,1,0,0,0.693,118894,144352,3.248,5.000,16.240
60408,1,0,0,0.693,118835,144187,3.248,5.000,16.240
60448,1,0,0,0.693,118630,143640,3.248,5.000,16.240
60488,1,0,0,0.693,118442,143141,3.240,4.400,14.256
60528,1,0,0,0.693,118369,142984,3.240,4.400,14.256
60568,1,0,0,0.693,118403,143091,3.248,4.500,14.616
60608,1,0,0,0.693,118469,143294,3.248,4.500,14.616
60648,1,0,0,0.693,118571,143535,3.248,4.500,14.616
60688,1,0,0,0.693,118623,143653,3.256,5.200,16.931
60728,1,0,0,0.693,118626,143674,3.256,5.200,16.931
60768,1,0,0,0.693,118620,143657,3.244,5.000,16.220
60808,1,0,0,0.693,118619,143648,3.244,5.000,16.220
60848,1,0,0,0.693,118636,143692,3.244,5.000,16.220
60888,1,0,0,0.693,118665,143782,3.252,4.800,15.610
60928,1,0,0,0.693,118710,143901,3.252,4.800,15.610
60968,1,0,0,0.693,118752,143996,3.244,4.900,15.896
61008,1,0,0,0.693,118810,144136,3.244,4.900,15.896
61048,1,0,0,0.693,118843,144250,3.244,4.900,15.896
61088,1,0,0,0.693,118876,144332,3.240,4.500,14.580
61128,1,0,0,0.693,118835,144218,3.240,4.500,14.580
61168,1,0,0,0.693,118633,143643,3.248,4.600,14.941
61208,1,0,0,0.693,118417,143104,3.248,4.600,14.941
61248,1,0,0,0.693,118320,142884,3.248,4.600,14.941
61288,1,0,0,0.693,118337,142954,3.252,4.700,15.284
61328,1,0,0,0.693,118404,143138,3.252,4.700,15.284
61368,1,0,0,0.693,118487,143341,3.244,4.600,14.922
61408,1,0,0,0.693,118541,143496,3.244,4.600,14.922
61448,1,0,0,0.693,118553,143520,3.244,4.600,14.922
61488,1,0,0,0.693,118546,143490,3.252,4.700,15.284
61528,1,0,0,0.693,118533,143466,3.252,4.700,15.284
61568,1,0,0,0.693,118554,143523,3.248,5.000,16.240
61608,1,0,0,0.693,118603,143623,3.248,5.000,16.240
61648,1,0,0,0.693,118631,143730,3.248,5.000,16.240
61688,1,0,0,0.693,118687,143854,3.244,4.100,13.300
61728,1,0,0,0.693,118714,143905,3.244,4.100,13.300
61768,1,0,0,0.693,118742,143964,3.248,4.700,15.266
61808,1,0,0,0.693,118799,144079,3.248,4.700,15.266
61848,1,0,0,0.693,118820,144144,3.248,4.700,15.266
61888,1,0,0,0.693,118704,143842,3.252,4.900,15.935
61928,1,0,0,0.693,118469,143213,3.252,4.900,15.935
61968,1,0,0,0.693,118292,142778,3.244,4.800,15.571
62008,1,0,0,0.693,118261,142715,3.244,4.800,15.571
62048,1,0,0,0.693,118294,142836,3.244,4.800,15.571
62088,1,0,0,0.693,118378,143042,3.252,4.700,15.284
62128,1,0,0,0.693,118461,143253,3.252,4.700,15.284
62168,1,0,0,0.693,118494,143337,3.248,4.900,15.915
62208,1,0,0,0.693,118491,143315,3.248,4.900,15.915
62248,1,0,0,0.693,118461,143249,3.248,4.900,15.915
62288,1,0,0,0.693,118462,143249,3.244,4.100,13.300
62328,1,0,0,0.693,118472,143304,3.244,4.100,13.300
62368,1,0,0,0.693,118508,143407,3.248,4.900,15.915
62408,1,0,0,0.693,118541,143499,3.248,4.900,15.915
62448,1,0,0,0.693,118587,143598,3.248,4.900,15.915
62488,1,0,0,0.693,118636,143689,3.208,4.600,14.757
62528,1,0,0,0.693,118664,143759,3.208,4.600,14.757
62568,1,0,0,0.693,118709,143820,3.244,4.700,15.247
62608,1,0,0,0.693,118722,143838,3.244,4.700,15.247
62648,1,0,0,0.693,118581,143484,3.244,4.700,15.247
62688,1,0,0,0.693,118362,142883,3.256,5.000,16.280
62728,1,0,0,0.693,118204,142517,3.256,5.000,16.280
62768,1,0,0,0.693,118206,142536,3.220,5.000,16.100
62808,1,0,0,0.693,118279,142746,3.220,5.000,16.100
62848,1,0,0,0.693,118375,142993,3.220,5.000,16.100
62888,1,0,0,0.693,118446,143189,3.248,4.400,14.291
62928,1,0,0,0.693,118464,143223,3.248,4.400,14.291
62968,1,0,0,0.693,118446,143160,3.128,5.000,15.640
63008,1,0,0,0.693,118432,143107,3.128,5.000,15.640
63048,1,0,0,0.693,118447,143154,3.128,5.000,15.640
63088,1,0,0,0.693,118486,143248,3.236,4.800,15.533
63128,1,0,0,0.693,118540,143367,3.236,4.800,15.533
63168,1,0,0,0.693,118582,143482,3.248,10.000,32.480
63208,1,0,0,0.693,118635,143587,3.248,10.000,32.480
63248,1,0,0,0.693,118670,143692,3.248,10.000,32.480
63288,1,0,0,0.693,118705,143767,3.256,5.000,16.280
63328,1,0,0,0.693,118731,143822,3.256,5.000,16.280
63368,1,0,0,0.693,118604,143446,3.240,4.800,15.552
63408,1,0,0,0.693,118364,142807,3.240,4.800,15.552
63448,1,0,0,0.693,118222,142467,3.240,4.800,15.552
63488,1,0,0,0.693,118241,142482,3.252,4.300,13.984
63528,1,0,0,0.693,118309,142691,3.252,4.300,13.984
63568,1,0,0,0.693,118406,142941,3.152,5.000,15.760
63608,1,0,0,0.693,118491,143135,3.152,5.000,15.760
63648,1,0,0,0.693,118509,143190,3.152,5.000,15.760
63688,1,0,0,0.693,118493,143131,3.244,4.100,13.300
63728,1,0,0,0.693,118469,143059,3.244,4.100,13.300
63768,1,0,0,0.693,118470,143069,3.248,8.200,26.634
63808,1,0,0,0.693,118498,143166,3.248,8.200,26.634
63848,1,0,0,0.693,118552,143326,3.248,8.200,26.634
63888,1,0,0,0.693,118611,143474,3.256,4.800,15.629
63928,1,0,0,0.693,118650,143585,3.256,4.800,15.629
63968,1,0,0,0.693,118678,143683,3.244,4.800,15.571
64008,1,0,0,0.693,118704,143741,3.244,4.800,15.571
64048,1,0,0,0.693,118730,143788,3.244,4.800,15.571
64088,1,0,0,0.693,118648,143574,3.248,4.500,14.616
64128,1,0,0,0.693,118425,142946,3.248,4.500,14.616
64168,1,0,0,0.693,118208,142416,3.168,4.900,15.523
64208,1,0,0,0.693,118156,142252,3.168,4.900,15.523
64248,1,0,0,0.679,118200,142379,3.168,4.900,15.523
64288,1,0,0,0.679,118272,142574,3.244,4.200,13.625
64328,1,0,0,0.679,118347,142787,3.244,4.200,13.625
64368,1,0,0,0.679,118407,142936,3.248,6.400,20.787
64408,1,0,0,0.679,118413,142923,3.248,6.400,20.787
64448,1,0,0,0.679,118389,142849,3.248,6.400,20.787
64488,1,0,0,0.679,118387,142820,3.252,4.900,15.935
64528,1,0,0,0.679,118434,142897,3.252,4.900,15.935
64568,1,0,0,0.679,118469,143010,3.248,15.000,48.720
64608,1,0,0,0.679,118528,143140,3.248,15.000,48.720
64649,1,0,0,0.679,118569,143265,3.248,15.000,48.720
64688,1,0,0,0.679,118599,143377,3.252,4.600,14.959
64729,1,0,0,0.679,118624,143466,3.252,4.600,14.959
64768,1,0,0,0.679,118650,143538,3.184,4.900,15.602
64808,1,0,0,0.679,118662,143585,3.184,4.900,15.602
64849,1,0,0,0.679,118543,143260,3.184,4.900,15.602
64888,1,0,0,0.679,118293,142577,3.248,4.100,13.317
64929,1,0,0,0.679,118115,142138,3.248,4.100,13.317
64968,1,0,0,0.679,118088,142105,3.132,5.400,16.913
65009,1,0,0,0.679,118153,142267,3.132,5.400,16.913
65049,1,0,0,0.679,118239,142491,3.132,5.400,16.913
65088,1,0,0,0.679,118319,142697,3.252,4.600,14.959
65129,1,0,0,0.679,118366,142831,3.252,4.600,14.959
65168,1,0,0,0.679,118354,142800,3.248,14.100,45.797
65209,1,0,0,0.679,118343,142744,3.248,14.100,45.797
65249,1,0,0,0.679,118332,142730,3.248,14.100,45.797
65288,1,0,0,0.679,118378,142828,3.252,4.900,15.935
65329,1,0,0,0.679,118424,142965,3.252,4.900,15.935
65368,1,0,0,0.679,118484,143108,3.196,4.800,15.341
65409,1,0,0,0.679,118523,143199,3.196,4.800,15.341
65449,1,0,0,0.679,118578,143334,3.196,4.800,15.341
65489,1,0,0,0.679,118611,143420,3.244,4.000,12.976
65529,1,0,0,0.679,118651,143521,3.244,4.000,12.976
65569,1,0,0,0.679,118652,143516,3.124,5.200,16.245
65609,1,0,0,0.679,118478,143004,3.124,5.200,16.245
65649,1,0,0,0.679,118252,142426,3.124,5.200,16.245
65689,1,0,0,0.679,118144,142163,3.252,5.100,16.585
65729,1,0,0,0.679,118164,142233,3.252,5.100,16.585
65769,1,0,0,0.679,118245,142479,3.248,13.300,43.198
65809,1,0,0,0.679,118355,142722,3.248,13.300,43.198
65849,1,0,0,0.679,118403,142899,3.248,13.300,43.198
65889,1,0,0,0.679,118418,142891,3.252,4.500,14.634
65929,1,0,0,0.679,118389,142808,3.252,4.500,14.634
65969,1,0,0,0.679,118367,142774,3.204,4.800,15.379
66009,1,0,0,0.679,118386,142808,3.204,4.800,15.379
66049,1,0,0,0.679,118421,142912,3.204,4.800,15.379
66089,1,0,0,0.679,118472,143041,3.244,4.000,12.976
66129,1,0,0,0.679,118498,143128,3.244,4.000,12.976
66169,1,0,0,0.679,118543,143231,3.128,5.000,15.640
66209,1,0,0,0.679,118564,143313,3.128,5.000,15.640
66249,1,0,0,0.679,118602,143394,3.128,5.000,15.640
66289,1,0,0,0.679,118569,143298,3.208,4.600,14.757
66329,1,0,0,0.679,118366,142751,3.208,4.600,14.757
66369,1,0,0,0.679,118187,142244,3.244,12.500,40.550
66409,1,0,0,0.679,118122,142100,3.244,12.500,40.550
66449,1,0,0,0.679,118155,142210,3.244,12.500,40.550
66489,1,0,0,0.679,118242,142441,3.252,5.400,17.561
66529,1,0,0,0.679,118331,142712,3.252,5.400,17.561
66569,1,0,0,0.679,118407,142880,3.216,12.500,40.200
66609,1,0,0,0.679,118401,142869,3.216,12.500,40.200
66649,1,0,0,0.679,118375,142785,3.216,12.500,40.200
66689,1,0,0,0.679,118367,142770,3.248,4.000,12.992
66729,1,0,0,0.679,118404,142870,3.248,4.000,12.992
66769,1,0,0,0.679,118445,142973,3.248,4.800,15.590
66809,1,0,0,0.679,118503,143105,3.248,4.800,15.590
66849,1,0,0,0.679,118550,143214,3.248,4.800,15.590
66889,1,0,0,0.679,118611,143359,3.220,4.800,15.456
66929,1,0,0,0.679,118652,143474,3.220,4.800,15.456
66969,1,0,0,0.679,118680,143537,3.244,4.900,15.896
67009,1,0,0,0.679,118569,143266,3.244,4.900,15.896
67049,1,0,0,0.679,118319,142605,3.244,4.900,15.896
67089,1,0,0,0.679,118133,142102,3.256,5.300,17.257
67129,1,0,0,0.679,118108,142032,3.256,5.300,17.257
67169,1,0,0,0.679,118179,142202,3.228,4.900,15.817
67209,1,0,0,0.679,118258,142433,3.228,4.900,15.817
67249,1,0,0,0.679,118351,142674,3.228,4.900,15.817
67289,1,0,0,0.679,118407,142799,3.248,4.400,14.291
67329,1,0,0,0.679,118406,142787,3.248,4.400,14.291
67369,1,0,0,0.679,118398,142746,3.252,4.800,15.610
67409,1,0,0,0.679,118376,142718,3.252,4.800,15.610
67449,1,0,0,0.679,118389,142769,3.252,4.800,15.610
67489,1,0,0,0.679,118432,142878,3.232,4.400,14.221
67529,1,0,0,0.679,118474,143019,3.232,4.400,14.221
67569,1,0,0,0.679,118545,143154,3.244,4.800,15.571
67609,1,0,0,0.679,118606,143320,3.244,4.800,15.571
67649,1,0,0,0.679,118678,143480,3.244,4.800,15.571
67689,1,0,0,0.679,118728,143611,3.256,5.100,16.606
67729,1,0,0,0.679,118604,143291,3.256,5.100,16.606
67769,1,0,0,0.679,118353,142595,3.240,4.800,15.552
67809,1,0,0,0.679,118164,142118,3.240,4.800,15.552
67849,1,0,0,0.679,118146,142103,3.240,4.800,15.552
67889,1,0,0,0.679,118212,142298,3.248,4.200,13.642
67929,1,0,0,0.679,118306,142543,3.248,4.200,13.642
67969,1,0,0,0.679,118406,142804,3.248,5.000,16.240
68009,1,0,0,0.679,118459,142938,3.248,5.000,16.240
68049,1,0,0,0.679,118480,142931,3.248,5.000,16.240
68089,1,0,0,0.679,118466,142876,3.236,4.300,13.915
68129,1,0,0,0.679,118477,142889,3.236,4.300,13.915
68169,1,0,0,0.679,118500,142940,3.244,4.800,15.571
68209,1,0,0,0.679,118530,143046,3.244,4.800,15.571
68249,1,0,0,0.679,118581,143167,3.244,4.800,15.571
68289,1,0,0,0.679,118626,143309,3.252,5.000,16.260
68329,1,0,0,0.679,118683,143456,3.252,5.000,16.260
68369,1,0,0,0.679,118734,143564,3.244,4.700,15.247
68409,1,0,0,0.679,118762,143623,3.244,4.700,15.247
68449,1,0,0,0.679,118623,143249,3.244,4.700,15.247
68489,1,0,0,0.679,118394,142614,3.248,4.800,15.590
68529,1,0,0,0.679,118242,142231,3.248,4.800,15.590
68569,1,0,0,0.679,118240,142268,3.248,5.000,16.240
68609,1,0,0,0.679,118312,142452,3.248,5.000,16.240
68649,1,0,0,0.679,118391,142671,3.248,5.000,16.240
68689,1,0,0,0.679,118488,142912,3.244,4.000,12.976
68729,1,0,0,0.679,118518,142982,3.244,4.000,12.976
68769,1,0,0,0.679,118472,142895,3.248,9.100,29.557
68809,1,0,0,0.679,118468,142809,3.248,9.100,29.557
68849,1,0,0,0.679,118469,142824,3.248,9.100,29.557
68889,1,0,0,0.679,118496,142913,3.252,5.000,16.260
68929,1,0,0,0.679,118541,143013,3.252,5.000,16.260
68969,1,0,0,0.679,118582,143133,3.240,4.700,15.228
69009,1,0,0,0.679,118644,143257,3.240,4.700,15.228
69049,1,0,0,0.679,118684,143355,3.240,4.700,15.228
69089,1,0,0,0.679,118726,143466,3.256,4.700,15.303
69129,1,0,0,0.679,118662,143292,3.256,4.700,15.303
69169,1,0,0,0.679,118435,142705,3.152,5.000,15.760
69209,1,0,0,0.679,118238,142184,3.152,5.000,15.760
69249,1,0,0,0.679,118193,142097,3.152,5.000,15.760
69289,1,0,0,0.679,118246,142264,3.244,4.100,13.300
69329,1,0,0,0.679,118324,142484,3.244,4.100,13.300
69369,1,0,0,0.679,118408,142723,3.248,8.200,26.634
69409,1,0,0,0.679,118462,142852,3.248,8.200,26.634
69449,1,0,0,0.679,118449,142827,3.248,8.200,26.634
69489,1,0,0,0.679,118429,142749,3.160,4.400,13.904
69529,1,0,0,0.679,118437,142757,3.160,4.400,13.904
69569,1,0,0,0.679,118454,142827,3.244,4.900,15.896
69610,1,0,0,0.679,118504,142931,3.244,4.900,15.896
69649,1,0,0,0.679,118546,143051,3.244,4.900,15.896
69689,1,0,0,0.679,118598,143162,3.252,7.200,23.414
69729,1,0,0,0.679,118657,143285,3.252,7.200,23.414
69769,1,0,0,0.679,118697,143371,3.172,5.000,15.860
69810,1,0,0,0.679,118716,143416,3.172,5.000,15.860
69849,1,0,0,0.679,118564,143025,3.172,5.000,15.860
69889,1,0,0,0.679,118311,142347,3.248,4.500,14.616
69929,1,0,0,0.679,118125,141901,3.248,4.500,14.616
69969,1,0,0,0.679,118100,141880,3.144,6.400,20.122
70010,1,0,0,0.679,118143,142061,3.144,6.400,20.122
70049,1,0,0,0.679,118221,142273,3.144,6.400,20.122
70089,1,0,0,0.679,118297,142477,3.176,4.700,14.927
70129,1,0,0,0.679,118339,142562,3.176,4.700,14.927
70169,1,0,0,0.679,118332,142555,3.248,14.900,48.395
70210,1,0,0,0.679,118325,142540,3.248,14.900,48.395
70249,1,0,0,0.679,118352,142592,3.248,14.900,48.395
70290,1,0,0,0.679,118385,142682,3.256,5.800,18.885
70329,1,0,0,0.679,118422,142811,3.256,5.800,18.885
70370,1,0,0,0.679,118491,142959,3.184,5.200,16.557
70409,1,0,0,0.679,118534,143084,3.184,5.200,16.557
70449,1,0,0,0.679,118592,143242,3.184,5.200,16.557
70490,1,0,0,0.679,118681,143463,3.248,4.500,14.616
70529,1,0,0,0.679,118719,143522,3.248,4.500,14.616
70570,1,0,0,0.679,118542,143043,3.128,5.500,17.204
70610,1,0,0,0.679,118306,142408,3.128,5.500,17.204
70649,1,0,0,0.679,118191,142114,3.128,5.500,17.204
70690,1,0,0,0.679,118217,142194,3.196,4.300,13.743
70729,1,0,0,0.679,118276,142375,3.196,4.300,13.743
70770,1,0,0,0.679,118368,142597,3.244,13.700,44.443
70810,1,0,0,0.679,118444,142797,3.244,13.700,44.443
70849,1,0,0,0.679,118468,142878,3.244,13.700,44.443
70890,1,0,0,0.679,118465,142846,3.256,5.100,16.606
70929,1,0,0,0.679,118456,142813,3.256,5.100,16.606
70970,1,0,0,0.679,118483,142863,3.204,4.800,15.379
71010,1,0,0,0.679,118507,142947,3.204,4.800,15.379
71049,1,0,0,0.679,118554,143069,3.204,4.800,15.379
71090,1,0,0,0.679,118598,143202,3.252,4.700,15.284
71130,1,0,0,0.679,118660,143329,3.252,4.700,15.284
71170,1,0,0,0.679,118692,143438,3.124,4.900,15.308
71210,1,0,0,0.679,118735,143541,3.124,4.900,15.308
71249,1,0,0,0.679,118758,143595,3.124,4.900,15.308
71290,1,0,0,0.679,118627,143246,3.204,4.300,13.777
71330,1,0,0,0.679,118391,142604,3.204,4.300,13.777
71370,1,0,0,0.679,118262,142262,3.220,12.800,41.216
71410,1,0,0,0.679,118263,142316,3.220,12.800,41.216
71450,1,0,0,0.679,118328,142496,3.220,12.800,41.216
71490,1,0,0,0.679,118419,142745,3.252,5.200,16.910
71530,1,0,0,0.679,118497,142953,3.252,5.200,16.910
71570,1,0,0,0.679,118542,143022,3.212,12.400,39.829
71610,1,0,0,0.679,118506,142952,3.212,12.400,39.829
71650,1,0,0,0.679,118485,142883,3.212,12.400,39.829
71690,1,0,0,0.679,118496,142917,3.252,4.800,15.610
71730,1,0,0,0.679,118521,142991,3.252,4.800,15.610
71770,1,0,0,0.679,118574,143107,3.124,5.200,16.245
71810,1,0,0,0.679,118598,143216,3.124,5.200,16.245
71850,1,0,0,0.679,118666,143335,3.124,5.200,16.245
71890,1,0,0,0.679,118702,143450,3.216,4.300,13.829
71930,1,0,0,0.679,118725,143514,3.216,4.300,13.829
71970,1,0,0,0.679,118659,143276,3.208,11.900,38.175
72010,1,0,0,0.679,118417,142634,3.208,11.900,38.175
72050,1,0,0,0.679,118239,142214,3.208,11.900,38.175
72090,1,0,0,0.679,118209,142168,3.252,5.000,16.260
72130,1,0,0,0.679,118265,142348,3.252,5.000,16.260
72170,1,0,0,0.679,118340,142551,3.224,13.500,43.524
72210,1,0,0,0.679,118424,142766,3.224,13.500,43.524
72250,1,0,0,0.789,118464,142880,3.224,13.500,43.524
72290,1,0,0,0.789,118453,142829,3.252,4.500,14.634
72330,1,0,0,0.789,118427,142766,3.252,4.500,14.634
72370,1,0,0,0.789,118410,142763,3.128,5.200,16.266
72410,1,0,0,0.789,118430,142823,3.128,5.200,16.266
72450,1,0,0,0.789,118460,142942,3.128,5.200,16.266
72490,1,0,0,0.789,118508,143063,3.232,4.200,13.574
72530,1,0,0,0.789,118564,143172,3.232,4.200,13.574
72570,1,0,0,0.789,118625,143313,3.192,10.700,34.154
72610,1,0,0,0.789,118687,143420,3.192,10.700,34.154
72650,1,0,0,0.789,118690,143429,3.192,10.700,34.154
72690,1,0,0,0.789,118536,142972,3.256,5.000,16.280
72730,1,0,0,0.789,118282,142338,3.256,5.000,16.280
72770,1,0,0,0.789,118145,142048,3.240,4.800,15.552
72810,1,0,0,0.789,118161,142082,3.240,4.800,15.552
72850,1,0,0,0.789,118219,142253,3.240,4.800,15.552
72890,1,0,0,0.789,118297,142449,3.252,4.600,14.959
72930,1,0,0,0.789,118380,142665,3.252,4.600,14.959
72970,1,0,0,0.789,118413,142789,3.248,5.000,16.240
73010,1,0,0,0.789,118410,142746,3.248,5.000,16.240
73050,1,0,0,0.789,118397,142707,3.248,5.000,16.240
73090,1,0,0,0.789,118408,142743,3.244,4.300,13.949
73130,1,0,0,0.789,118461,142850,3.244,4.300,13.949
73170,1,0,0,0.789,118499,142979,3.244,4.700,15.247
73210,1,0,0,0.789,118562,143089,3.244,4.700,15.247
73250,1,0,0,0.789,118597,143196,3.244,4.700,15.247
73290,1,0,0,0.789,118654,143316,3.252,4.800,15.610
73330,1,0,0,0.789,118704,143437,3.252,4.800,15.610
73370,1,0,0,0.789,118705,143461,3.244,4.800,15.571
73410,1,0,0,0.789,118557,143059,3.244,4.800,15.571
73450,1,0,0,0.789,118322,142443,3.244,4.800,15.571
73490,1,0,0,0.789,118198,142154,3.256,4.600,14.978
73530,1,0,0,0.789,118212,142204,3.256,4.600,14.978
73570,1,0,0,0.789,118264,142375,3.248,4.900,15.915
73610,1,0,0,0.789,118338,142578,3.248,4.900,15.915
73650,1,0,0,0.789,118401,142751,3.248,4.900,15.915
73690,1,0,0,0.789,118442,142851,3.240,4.100,13.284
73730,1,0,0,0.789,118448,142847,3.240,4.100,13.284
73770,1,0,0,0.789,118431,142808,3.248,4.900,15.915
73810,1,0,0,0.789,118446,142816,3.248,4.900,15.915
73850,1,0,0,0.789,118497,142915,3.248,4.900,15.915
73890,1,0,0,0.789,118554,143075,3.252,4.400,14.309
73930,1,0,0,0.789,118613,143211,3.252,4.400,14.309
73970,1,0,0,0.789,118644,143333,3.244,4.800,15.571
74010,1,0,0,0.789,118688,143461,3.244,4.800,15.571
74050,1,0,0,0.789,118726,143588,3.244,4.800,15.571
74090,1,0,0,0.789,118708,143547,3.252,6.900,22.439
74130,1,0,0,0.789,118534,143053,3.252,6.900,22.439
74170,1,0,0,0.789,118303,142475,3.172,4.700,14.908
74210,1,0,0,0.789,118226,142273,3.172,4.700,14.908
74250,1,0,0,0.789,118248,142373,3.172,4.700,14.908
74290,1,0,0,0.789,118331,142591,3.244,4.400,14.274
74330,1,0,0,0.789,118429,142837,3.244,4.400,14.274
74370,1,0,0,0.789,118486,143015,3.248,5.700,18.514
74410,1,0,0,0.789,118522,143077,3.248,5.700,18.514
74450,1,0,0,0.789,118520,143051,3.248,5.700,18.514
74490,1,0,0,0.789,118509,143027,3.184,4.600,14.646
74530,1,0,0,0.789,118534,143086,3.184,4.600,14.646
74570,1,0,0,0.789,118567,143192,3.244,4.800,15.571
74610,1,0,0,0.789,118634,143366,3.244,4.800,15.571
74650,1,0,0,0.789,118678,143469,3.244,4.800,15.571
74690,1,0,0,0.789,118720,143587,3.256,5.800,18.885
74730,1,0,0,0.789,118771,143716,3.256,5.800,18.885
74770,1,0,0,0.789,118806,143788,3.188,4.800,15.302
74810,1,0,0,0.789,118699,143519,3.188,4.800,15.302
74850,1,0,0,0.789,118472,142895,3.188,4.800,15.302
74890,1,0,0,0.789,118318,142494,3.248,4.500,14.616
74930,1,0,0,0.789,118295,142454,3.248,4.500,14.616
74970,1,0,0,0.789,118343,142619,3.128,5.200,16.266
75010,1,0,0,0.789,118431,142835,3.128,5.200,16.266
75050,1,0,0,0.789,118516,143079,3.128,5.200,16.266
75090,1,0,0,0.789,118569,143204,3.196,4.400,14.062
75130,1,0,0,0.789,118579,143218,3.196,4.400,14.062
75170,1,0,0,0.789,118564,143188,3.248,13.700,44.498
75210,1,0,0,0.789,118569,143214,3.248,13.700,44.498
75250,1,0,0,0.789,118606,143288,3.248,13.700,44.498
75290,1,0,0,0.789,118660,143436,3.256,5.200,16.931
75330,1,0,0,0.789,118721,143578,3.256,5.200,16.931
75370,1,0,0,0.789,118794,143742,3.204,4.900,15.700
75410,1,0,0,0.789,118856,143939,3.204,4.900,15.700
75450,1,0,0,0.789,118909,144048,3.204,4.900,15.700
75490,1,0,0,0.789,118824,143804,3.248,4.400,14.291
75530,1,0,0,0.789,118593,143180,3.248,4.400,14.291
75570,1,0,0,0.789,118440,142782,3.124,5.300,16.557
75610,1,0,0,0.789,118435,142747,3.124,5.300,16.557
75650,1,0,0,0.789,118500,142931,3.124,5.300,16.557
75691,1,0,0,0.789,118604,143227,3.212,4.000,12.848
75730,1,0,0,0.789,118693,143482,3.212,4.000,12.848
75771,1,0,0,0.789,118728,143600,3.244,12.000,38.928
75810,1,0,0,0.789,118721,143537,3.244,12.000,38.928
75850,1,0,0,0.789,118697,143465,3.244,12.000,38.928
75890,1,0,0,0.789,118699,143473,3.256,5.400,17.582
75930,1,0,0,0.789,118719,143546,3.256,5.400,17.582
75971,1,0,0,0.789,118732,143654,3.224,4.900,15.798
76010,1,0,0,0.789,118777,143761,3.224,4.900,15.798
76050,1,0,0,0.789,118831,143898,3.224,4.900,15.798
76091,1,0,0,0.789,118899,144014,3.248,4.600,14.941
76130,1,0,0,0.789,118953,144137,3.248,4.600,14.941
76171,1,0,0,0.789,118913,144013,3.128,4.900,15.327
76210,1,0,0,0.789,118694,143415,3.128,4.900,15.327
76250,1,0,0,0.789,118514,142949,3.128,4.900,15.327
76291,1,0,0,0.789,118475,142878,3.236,4.300,13.915
76330,1,0,0,0.789,118539,143052,3.236,4.300,13.915
76371,1,0,0,0.789,118652,143359,3.248,10.500,34.104
76410,1,0,0,0.789,118779,143674,3.248,10.500,34.104
76450,1,0,0,0.789,118821,143785,3.248,10.500,34.104
76491,1,0,0,0.789,118778,143669,3.252,4.900,15.935
76530,1,0,0,0.789,118745,143559,3.252,4.900,15.935
76571,1,0,0,0.789,118739,143551,3.240,4.900,15.876
76610,1,0,0,0.789,118756,143564,3.240,4.900,15.876
76650,1,0,0,0.789,118813,143710,3.240,4.900,15.876
76691,1,0,0,0.789,118873,143869,3.252,4.800,15.610
76730,1,0,0,0.789,118933,143998,3.252,4.800,15.610
76771,1,0,0,0.789,118969,144136,3.144,5.000,15.720
76810,1,0,0,0.789,119008,144237,3.144,5.000,15.720
76850,1,0,0,0.789,118925,144041,3.144,5.000,15.720
76891,1,0,0,0.789,118683,143423,3.236,4.200,13.591
76930,1,0,0,0.789,118514,142961,3.236,4.200,13.591
76971,1,0,0,0.789,118480,142868,3.172,8.800,27.914
77010,1,0,0,0.789,118530,142997,3.172,8.800,27.914
77051,1,0,0,0.789,118614,143232,3.172,8.800,27.914
77091,1,0,0,0.789,118706,143486,3.252,4.900,15.935
77131,1,0,0,0.789,118761,143599,3.252,4.900,15.935
77171,1,0,0,0.789,118740,143545,3.244,15.700,50.931
77210,1,0,0,0.789,118727,143474,3.244,15.700,50.931
77251,1,0,0,0.789,118703,143441,3.244,15.700,50.931
77291,1,0,0,0.789,118712,143524,3.252,4.800,15.610
77331,1,0,0,0.789,118754,143646,3.252,4.800,15.610
77371,1,0,0,0.789,118793,143775,3.164,4.800,15.187
77411,1,0,0,0.789,118848,143907,3.164,4.800,15.187
77451,1,0,0,0.789,118896,144040,3.164,4.800,15.187
77491,1,0,0,0.789,118934,144149,3.240,4.300,13.932
77531,1,0,0,0.789,118924,144114,3.240,4.300,13.932
77571,1,0,0,0.789,118720,143558,3.152,6.900,21.749
77611,1,0,0,0.789,118493,142953,3.152,6.900,21.749
77651,1,0,0,0.789,118400,142720,3.152,6.900,21.749
77691,1,0,0,0.789,118427,142804,3.168,4.500,14.256
77731,1,0,0,0.789,118485,142974,3.168,4.500,14.256
77771,1,0,0,0.789,118557,143194,3.244,15.400,49.958
77811,1,0,0,0.789,118617,143345,3.244,15.400,49.958
77851,1,0,0,0.789,118636,143380,3.244,15.400,49.958
77891,1,0,0,0.789,118629,143346,3.252,5.900,19.187
77931,1,0,0,0.789,118624,143319,3.252,5.900,19.187
77971,1,0,0,0.789,118616,143344,3.180,5.000,15.900
78011,1,0,0,0.789,118650,143414,3.180,5.000,15.900
78051,1,0,0,0.789,118686,143527,3.180,5.000,15.900
78091,1,0,0,0.789,118735,143661,3.248,4.400,14.291
78131,1,0,0,0.789,118776,143773,3.248,4.400,14.291
78171,1,0,0,0.789,118813,143884,3.132,5.400,16.913
78211,1,0,0,0.789,118837,143955,3.132,5.400,16.913
78251,1,0,0,0.789,118825,143927,3.132,5.400,16.913
78291,1,0,0,0.789,118640,143431,3.192,4.900,15.641
78331,1,0,0,0.789,118409,142813,3.192,4.900,15.641
78371,1,0,0,0.789,118272,142495,3.228,13.900,44.869
78411,1,0,0,0.789,118278,142517,3.228,13.900,44.869
78451,1,0,0,0.789,118338,142710,3.228,13.900,44.869
78491,1,0,0,0.789,118419,142920,3.256,5.500,17.908
78531,1,0,0,0.789,118484,143087,3.256,5.500,17.908
78571,1,0,0,0.789,118508,143170,3.200,11.200,35.840
78611,1,0,0,0.789,118497,143105,3.200,11.200,35.840
78651,1,0,0,0.789,118490,143081,3.200,11.200,35.840
78691,1,0,0,0.789,118484,143079,3.248,4.200,13.642
78731,1,0,0,0.789,118520,143183,3.248,4.200,13.642
78771,1,0,0,0.789,118565,143322,3.128,5.400,16.891
78811,1,0,0,0.789,118609,143426,3.128,5.400,16.891
78851,1,0,0,0.789,118648,143509,3.128,5.400,16.891
78891,1,0,0,0.789,118691,143638,3.208,4.300,13.794
78931,1,0,0,0.789,118730,143782,3.208,4.300,13.794
78971,1,0,0,0.789,118754,143862,3.216,12.800,41.165
79011,1,0,0,0.789,118614,143472,3.216,12.800,41.165
79051,1,0,0,0.789,118386,142842,3.216,12.800,41.165
79091,1,0,0,0.789,118265,142494,3.256,5.200,16.931
79131,1,0,0,0.789,118265,142507,3.256,5.200,16.931
79171,1,0,0,0.789,118318,142683,3.216,12.500,40.200
79211,1,0,0,0.789,118410,142939,3.216,12.500,40.200
79251,1,0,0,0.789,118488,143149,3.216,12.500,40.200
79291,1,0,0,0.789,118513,143206,3.252,4.300,13.984
79331,1,0,0,0.789,118506,143181,3.252,4.300,13.984
79371,1,0,0,0.789,118472,143107,3.248,5.000,16.240
79411,1,0,0,0.789,118470,143100,3.248,5.000,16.240
79451,1,0,0,0.789,118510,143183,3.248,5.000,16.240
79491,1,0,0,0.789,118553,143300,3.228,4.300,13.880
79531,1,0,0,0.789,118605,143397,3.228,4.300,13.880
79571,1,0,0,0.789,118649,143512,3.244,4.600,14.922
79611,1,0,0,0.789,118701,143619,3.244,4.600,14.922
79651,1,0,0,0.789,118724,143706,3.244,4.600,14.922
79691,1,0,0,0.789,118754,143788,3.256,4.800,15.629
79731,1,0,0,0.789,118676,143591,3.256,4.800,15.629
79771,1,0,0,0.789,118427,142993,3.232,4.900,15.837
79811,1,0,0,0.789,118236,142482,3.232,4.900,15.837
79851,1,0,0,0.789,118183,142358,3.232,4.900,15.837
79891,1,0,0,0.789,118235,142501,3.252,4.800,15.610
79931,1,0,0,0.789,118327,142769,3.252,4.800,15.610
79971,1,0,0,0.789,118425,143006,3.244,5.100,16.544
80011,1,0,0,0.789,118492,143121,3.244,5.100,16.544
80051,1,0,0,0.789,118483,143082,3.244,5.100,16.544
80091,1,0,0,0.789,118446,142988,3.240,4.200,13.608
80131,1,0,0,0.789,118416,142972,3.240,4.200,13.608
80171,1,0,0,0.789,118428,143046,3.248,5.100,16.565
80211,1,0,0,0.789,118483,143193,3.248,5.100,16.565
80251,1,0,0,0.743,118533,143313,3.248,5.100,16.565
80291,1,0,0,0.743,118575,143448,3.252,5.000,16.260
80331,1,0,0,0.743,118610,143552,3.252,5.000,16.260
80371,1,0,0,0.743,118662,143666,3.244,4.800,15.571
80411,1,0,0,0.743,118673,143714,3.244,4.800,15.571
80451,1,0,0,0.743,118540,143335,3.244,4.800,15.571
80491,1,0,0,0.743,118337,142800,3.252,4.600,14.959
80531,1,0,0,0.743,118221,142504,3.252,4.600,14.959
80571,1,0,0,0.743,118225,142537,3.252,4.700,15.284
80611,1,0,0,0.743,118299,142733,3.252,4.700,15.284
80651,1,0,0,0.743,118403,143033,3.252,4.700,15.284
80691,1,0,0,0.743,118509,143310,3.244,4.100,13.300
80731,1,0,0,0.743,118512,143287,3.244,4.100,13.300
80771,1,0,0,0.743,118465,143154,3.244,8.400,27.250
80811,1,0,0,0.743,118443,143102,3.244,8.400,27.250
80851,1,0,0,0.743,118452,143122,3.244,8.400,27.250
80891,1,0,0,0.743,118476,143209,3.252,5.000,16.260
80931,1,0,0,0.743,118525,143328,3.252,5.000,16.260
80971,1,0,0,0.743,118569,143440,3.244,5.000,16.220
81011,1,0,0,0.743,118619,143591,3.244,5.000,16.220
81051,1,0,0,0.743,118668,143729,3.244,5.000,16.220
81091,1,0,0,0.743,118716,143821,3.248,4.700,15.266
81131,1,0,0,0.743,118586,143474,3.248,4.700,15.266
81171,1,0,0,0.743,118349,142823,3.168,4.800,15.206
81211,1,0,0,0.743,118187,142416,3.168,4.800,15.206
81251,1,0,0,0.743,118163,142377,3.168,4.800,15.206
81291,1,0,0,0.743,118220,142551,3.244,4.000,12.976
81331,1,0,0,0.743,118315,142781,3.244,4.000,12.976
81371,1,0,0,0.743,118397,142994,3.248,6.700,21.762
81411,1,0,0,0.743,118420,143037,3.248,6.700,21.762
81451,1,0,0,0.743,118385,142956,3.248,6.700,21.762
81491,1,0,0,0.743,118354,142904,3.172,4.800,15.226
81531,1,0,0,0.743,118366,142919,3.172,4.800,15.226
81571,1,0,0,0.743,118385,142983,3.244,4.800,15.571
81611,1,0,0,0.743,118427,143098,3.244,4.800,15.571
81651,1,0,0,0.743,118464,143203,3.244,4.800,15.571
81691,1,0,0,0.743,118497,143296,3.256,5.800,18.885
81731,1,0,0,0.743,118533,143434,3.256,5.800,18.885
81771,1,0,0,0.743,118582,143546,3.184,4.800,15.283
81811,1,0,0,0.743,118562,143419,3.184,4.800,15.283
81851,1,0,0,0.743,118343,142805,3.184,4.800,15.283
81891,1,0,0,0.743,118097,142186,3.248,4.200,13.642
81931,1,0,0,0.743,117985,141943,3.248,4.200,13.642
81971,1,0,0,0.743,118012,142037,3.132,5.300,16.600
82011,1,0,0,0.743,118080,142235,3.132,5.300,16.600
82051,1,0,0,0.743,118161,142435,3.132,5.300,16.600
82091,1,0,0,0.743,118210,142574,3.192,4.700,15.002
82131,1,0,0,0.743,118209,142575,3.192,4.700,15.002
82172,1,0,0,0.743,118193,142519,3.244,4.800,15.571
82211,1,0,0,0.743,118179,142478,3.244,4.800,15.571
82251,1,0,0,0.743,118198,142503,3.244,4.800,15.571
82291,1,0,0,0.743,118236,142587,3.256,5.300,17.257
82331,1,0,0,0.743,118275,142700,3.256,5.300,17.257
82372,1,0,0,0.743,118324,142820,3.208,4.800,15.398
82411,1,0,0,0.743,118380,142979,3.208,4.800,15.398
82451,1,0,0,0.743,118423,143101,3.208,4.800,15.398
82491,1,0,0,0.743,118428,143157,3.244,4.300,13.949
82531,1,0,0,0.743,118309,142853,3.244,4.300,13.949
82572,1,0,0,0.743,118071,142200,3.124,5.500,17.182
82611,1,0,0,0.743,117875,141702,3.124,5.500,17.182
82651,1,0,0,0.743,117847,141655,3.124,5.500,17.182
82691,1,0,0,0.743,117926,141831,3.212,4.300,13.812
82731,1,0,0,0.743,118015,142060,3.212,4.300,13.812
82772,1,0,0,0.743,118109,142288,3.244,11.700,37.955
82811,1,0,0,0.743,118138,142382,3.244,11.700,37.955
82851,1,0,0,0.743,118117,142359,3.244,11.700,37.955
82891,1,0,0,0.743,118088,142322,3.256,5.300,17.257
82931,1,0,0,0.743,118082,142323,3.256,5.300,17.257
82972,1,0,0,0.743,118106,142401,3.228,4.800,15.494
83011,1,0,0,0.743,118160,142510,3.228,4.800,15.494
83051,1,0,0,0.743,118174,142616,3.228,4.800,15.494
83091,1,0,0,0.743,118242,142753,3.252,4.400,14.309
83131,1,0,0,0.743,118298,142879,3.252,4.400,14.309
83172,1,0,0,0.743,118335,142989,3.128,5.200,16.266
83211,1,0,0,0.743,118337,142961,3.128,5.200,16.266
83251,1,0,0,0.743,118166,142505,3.128,5.200,16.266
83292,1,0,0,0.743,117937,141911,3.236,4.600,14.886
83331,1,0,0,0.743,117819,141644,3.236,4.600,14.886
83372,1,0,0,0.743,117853,141743,3.192,10.300,32.878
83411,1,0,0,0.743,117924,141930,3.192,10.300,32.878
83452,1,0,0,0.743,118033,142221,3.192,10.300,32.878
83491,1,0,0,0.743,118104,142404,3.256,5.100,16.606
83532,1,0,0,0.743,118122,142427,3.256,5.100,16.606
83572,1,0,0,0.743,118082,142346,3.244,15.200,49.309
83611,1,0,0,0.743,118060,142315,3.244,15.200,49.309
83652,1,0,0,0.743,118084,142367,3.244,15.200,49.309
83691,1,0,0,0.743,118129,142492,3.252,4.700,15.284
83732,1,0,0,0.743,118177,142607,3.252,4.700,15.284
83771,1,0,0,0.743,118232,142747,3.148,5.000,15.740
83812,1,0,0,0.743,118277,142869,3.148,5.000,15.740
83852,1,0,0,0.743,118326,142988,3.148,5.000,15.740
83891,1,0,0,0.743,118373,143070,3.244,4.400,14.274
83932,1,0,0,0.743,118273,142843,3.244,4.400,14.274
83971,1,0,0,0.743,118052,142225,3.172,9.000,28.548
84012,1,0,0,0.743,117858,141747,3.172,9.000,28.548
84052,1,0,0,0.743,117822,141666,3.172,9.000,28.548
84092,1,0,0,0.743,117886,141830,3.256,5.000,16.280
84132,1,0,0,0.743,117960,142025,3.256,5.000,16.280
84172,1,0,0,0.743,118054,142275,3.244,15.700,50.931
84212,1,0,0,0.743,118093,142410,3.244,15.700,50.931
84252,1,0,0,0.743,118094,142404,3.244,15.700,50.931
84292,1,0,0,0.743,118083,142338,3.252,4.500,14.634
84332,1,0,0,0.743,118088,142363,3.252,4.500,14.634
84372,1,0,0,0.743,118107,142444,3.156,4.900,15.464
84412,1,0,0,0.743,118144,142564,3.156,4.900,15.464
84452,1,0,0,0.743,118195,142695,3.156,4.900,15.464
84492,1,0,0,0.743,118249,142800,3.244,4.300,13.949
84532,1,0,0,0.743,118309,142914,3.244,4.300,13.949
84572,1,0,0,0.743,118348,142991,3.156,7.500,23.670
84612,1,0,0,0.743,118371,143073,3.156,7.500,23.670
84652,1,0,0,0.743,118284,142841,3.156,7.500,23.670
84692,1,0,0,0.743,118017,142158,3.252,5.000,16.260
84732,1,0,0,0.743,117812,141622,3.252,5.000,16.260
84772,1,0,0,0.743,117758,141502,3.244,15.200,49.309
84812,1,0,0,0.743,117797,141643,3.244,15.200,49.309
84852,1,0,0,0.743,117884,141841,3.244,15.200,49.309
84892,1,0,0,0.743,117966,142063,3.252,4.800,15.610
84932,1,0,0,0.743,118016,142193,3.252,4.800,15.610
84972,1,0,0,0.743,118039,142198,3.172,5.200,16.494
85012,1,0,0,0.743,118027,142156,3.172,5.200,16.494
85052,1,0,0,0.743,118023,142146,3.172,5.200,16.494
85092,1,0,0,0.743,118049,142214,3.244,3.900,12.652
85132,1,0,0,0.743,118084,142362,3.244,3.900,12.652
85172,1,0,0,0.743,118143,142524,3.140,6.000,18.840
85212,1,0,0,0.743,118184,142619,3.140,6.000,18.840
85252,1,0,0,0.743,118213,142696,3.140,6.000,18.840
85292,1,0,0,0.743,118258,142794,3.180,4.400,13.992
85332,1,0,0,0.743,118288,142891,3.180,4.400,13.992
85372,1,0,0,0.743,118276,142819,3.240,14.800,47.952
85412,1,0,0,0.743,118073,142258,3.240,14.800,47.952
85452,1,0,0,0.743,117856,141656,3.240,14.800,47.952
85492,1,0,0,0.743,117759,141414,3.256,4.600,14.978
85532,1,0,0,0.743,117789,141528,3.256,4.600,14.978
85572,1,0,0,0.743,117874,141750,3.248,4.900,15.915
85612,1,0,0,0.743,117944,142013,3.248,4.900,15.915
85652,1,0,0,0.743,118017,142199,3.248,4.900,15.915
85692,1,0,0,0.743,118051,142259,3.248,4.100,13.317
85732,1,0,0,0.743,118030,142222,3.248,4.100,13.317
85772,1,0,0,0.743,118022,142183,3.248,4.700,15.266
85812,1,0,0,0.743,118032,142230,3.248,4.700,15.266
85852,1,0,0,0.743,118076,142336,3.248,4.700,15.266
85892,1,0,0,0.743,118133,142466,3.196,4.900,15.660
85932,1,0,0,0.743,118173,142576,3.196,4.900,15.660
85972,1,0,0,0.743,118219,142692,3.248,4.800,15.590
86012,1,0,0,0.743,118274,142824,3.248,4.800,15.590
86052,1,0,0,0.743,118317,142921,3.248,4.800,15.590
86092,1,0,0,0.743,118309,142910,3.252,5.300,17.236
86132,1,0,0,0.743,118129,142420,3.252,5.300,17.236
86172,1,0,0,0.743,117894,141806,3.204,4.900,15.700
86212,1,0,0,0.743,117772,141529,3.204,4.900,15.700
86252,1,0,0,0.743,117807,141636,3.204,4.900,15.700
86292,1,0,0,0.743,117893,141849,3.244,4.500,14.598
86332,1,0,0,0.743,117988,142115,3.244,4.500,14.598
86372,1,0,0,0.743,118061,142296,3.248,5.100,16.565
86412,1,0,0,0.743,118068,142326,3.248,5.100,16.565
86452,1,0,0,0.743,118046,142252,3.248,5.100,16.565
86492,1,0,0,0.743,118038,142217,3.208,4.300,13.794
86532,1,0,0,0.743,118044,142251,3.208,4.300,13.794
86572,1,0,0,0.743,118071,142339,3.244,4.800,15.571
86612,1,0,0,0.743,118127,142463,3.244,4.800,15.571
86652,1,0,0,0.743,118176,142605,3.244,4.800,15.571
86692,1,0,0,0.743,118228,142720,3.256,5.300,17.257
86732,1,0,0,0.743,118272,142834,3.256,5.300,17.257
86772,1,0,0,0.743,118321,142955,3.212,4.700,15.096
86812,1,0,0,0.743,118236,142707,3.212,4.700,15.096
86852,1,0,0,0.743,117997,142067,3.212,4.700,15.096
86892,1,0,0,0.743,117804,141581,3.248,4.200,13.642
86932,1,0,0,0.743,117780,141527,3.248,4.200,13.642
86972,1,0,0,0.743,117848,141748,3.248,5.000,16.240
87012,1,0,0,0.743,117938,141989,3.248,5.000,16.240
87052,1,0,0,0.743,118023,142233,3.248,5.000,16.240
87092,1,0,0,0.743,118078,142340,3.228,4.400,14.203
87132,1,0,0,0.743,118079,142311,3.228,4.400,14.203
87172,1,0,0,0.743,118032,142243,3.248,4.800,15.590
87212,1,0,0,0.743,118033,142251,3.248,4.800,15.590
87252,1,0,0,0.743,118061,142366,3.248,4.800,15.590
87292,1,0,0,0.743,118137,142501,3.252,4.800,15.610
87332,1,0,0,0.743,118210,142672,3.252,4.800,15.610
87372,1,0,0,0.743,118261,142785,3.240,4.800,15.552
87412,1,0,0,0.743,118306,142893,3.240,4.800,15.552
87452,1,0,0,0.743,118358,143028,3.240,4.800,15.552
87492,1,0,0,0.743,118378,143072,3.248,4.500,14.616
87532,1,0,0,0.743,118203,142615,3.248,4.500,14.616
87572,1,0,0,0.743,117943,141943,3.144,4.800,15.091
87612,1,0,0,0.743,117796,141578,3.144,4.800,15.091
87652,1,0,0,0.743,117793,141596,3.144,4.800,15.091
87692,1,0,0,0.743,117853,141740,3.240,4.000,12.960
87732,1,0,0,0.743,117939,141969,3.240,4.000,12.960
87772,1,0,0,0.743,118029,142198,3.248,9.100,29.557
87812,1,0,0,0.743,118075,142277,3.248,9.100,29.557
87852,1,0,0,0.743,118084,142270,3.248,9.100,29.557
87892,1,0,0,0.743,118079,142252,3.252,5.100,16.585
87932,1,0,0,0.743,118106,142322,3.252,5.100,16.585
87972,1,0,0,0.743,118155,142453,3.244,4.700,15.247
88012,1,0,0,0.743,118181,142550,3.244,4.700,15.247
88052,1,0,0,0.743,118215,142655,3.244,4.700,15.247
88092,1,0,0,0.743,118265,142783,3.252,4.500,14.634
88132,1,0,0,0.743,118307,142906,3.252,4.500,14.634
88172,1,0,0,0.743,118351,143013,3.156,5.000,15.780
88212,1,0,0,0.743,118369,143022,3.156,5.000,15.780
88252,1,0,0,0.724,118221,142609,3.156,5.000,15.780
88292,1,0,0,0.724,117971,141940,3.244,4.100,13.300
88332,1,0,0,0.724,117809,141528,3.244,4.100,13.300
88372,1,0,0,0.724,117803,141519,3.248,7.500,24.360
88412,1,0,0,0.724,117888,141726,3.248,7.500,24.360
88452,1,0,0,0.724,117959,141963,3.248,7.500,24.360
88492,1,0,0,0.724,118028,142157,3.256,5.000,16.280
88532,1,0,0,0.724,118052,142253,3.256,5.000,16.280
88573,1,0,0,0.724,118026,142212,3.244,4.800,15.571
88612,1,0,0,0.724,118017,142168,3.244,4.800,15.571
88652,1,0,0,0.724,118020,142185,3.244,4.800,15.571
88692,1,0,0,0.724,118058,142283,3.252,4.600,14.959
88732,1,0,0,0.724,118114,142421,3.252,4.600,14.959
88773,1,0,0,0.724,118165,142546,3.168,4.700,14.890
88812,1,0,0,0.724,118204,142648,3.168,4.700,14.890
88852,1,0,0,0.724,118259,142785,3.168,4.700,14.890
88892,1,0,0,0.724,118298,142866,3.244,4.000,12.976
88932,1,0,0,0.724,118303,142894,3.244,4.000,12.976
88973,1,0,0,0.724,118169,142530,3.248,7.100,23.061
89012,1,0,0,0.724,117939,141913,3.248,7.100,23.061
89052,1,0,0,0.724,117782,141545,3.248,7.100,23.061
89093,1,0,0,0.724,117778,141558,3.168,4.800,15.206
89132,1,0,0,0.724,117831,141710,3.168,4.800,15.206
89173,1,0,0,0.724,117937,141994,3.244,4.900,15.896
89212,1,0,0,0.724,118029,142215,3.244,4.900,15.896
89252,1,0,0,0.724,118034,142225,3.244,4.900,15.896
89293,1,0,0,0.724,118005,142155,3.252,6.500,21.138
89332,1,0,0,0.724,117977,142111,3.252,6.500,21.138
89373,1,0,0,0.724,117994,142145,3.176,4.800,15.245
89412,1,0,0,0.724,118023,142227,3.176,4.800,15.245
89452,1,0,0,0.724,118058,142304,3.176,4.800,15.245
89493,1,0,0,0.724,118118,142464,3.248,4.400,14.291
89532,1,0,0,0.724,118181,142612,3.248,4.400,14.291
89573,1,0,0,0.724,118230,142751,3.140,5.800,18.212
89612,1,0,0,0.724,118272,142826,3.140,5.800,18.212
89652,1,0,0,0.724,118207,142617,3.140,5.800,18.212
89693,1,0,0,0.724,117976,142026,3.180,4.700,14.946
89732,1,0,0,0.724,117784,141568,3.180,4.700,14.946
89773,1,0,0,0.724,117760,141514,3.236,14.500,46.922
89812,1,0,0,0.724,117813,141672,3.236,14.500,46.922
89853,1,0,0,0.724,117909,141906,3.236,14.500,46.922
89893,1,0,0,0.724,118001,142125,3.256,5.500,17.908
89933,1,0,0,0.724,118062,142243,3.256,5.500,17.908
89973,1,0,0,0.724,118033,142207,3.188,5.000,15.940
90012,1,0,0,0.724,118022,142152,3.188,5.000,15.940
90053,1,0,0,0.724,118014,142144,3.188,5.000,15.940
90093,1,0,0,0.724,118039,142232,3.248,4.400,14.291
90133,1,0,0,0.724,118083,142339,3.248,4.400,14.291
90173,1,0,0,0.724,118128,142445,3.132,5.200,16.286
90213,1,0,0,0.724,118185,142578,3.132,5.200,16.286
90253,1,0,0,0.724,118227,142689,3.132,5.200,16.286
90293,1,0,0,0.724,118242,142779,3.192,4.400,14.045
90333,1,0,0,0.724,118248,142804,3.192,4.400,14.045
90373,1,0,0,0.724,118103,142386,3.228,13.800,44.546
90413,1,0,0,0.724,117880,141749,3.228,13.800,44.546
90453,1,0,0,0.724,117747,141418,3.228,13.800,44.546
90493,1,0,0,0.724,117766,141471,3.256,5.400,17.582
90533,1,0,0,0.724,117828,141644,3.256,5.400,17.582
90573,1,0,0,0.724,117898,141866,3.196,10.900,34.836
90613,1,0,0,0.724,117982,142079,3.196,10.900,34.836
