190,0,2,1,0.500,64237,67435,3.216,3.300,10.613
230,0,2,1,0.500,66004,70578,3.216,3.300,10.613
270,0,2,1,0.500,64873,65721,3.184,4.500,14.328
310,0,2,1,0.500,46582,36020,3.184,4.500,14.328
350,0,2,1,0.500,58771,56089,3.184,4.500,14.328
390,0,2,1,0.500,66283,71544,3.188,4.500,14.346
430,0,2,1,0.500,69356,76917,3.188,4.500,14.346
470,0,2,1,0.500,58503,56395,3.188,4.700,14.984
510,0,2,1,0.500,15624,11330,3.188,4.700,14.984
550,0,2,1,0.500,7931,6582,3.188,4.700,14.984
590,0,2,1,0.500,49828,47888,3.184,4.700,14.965
630,0,2,1,0.500,71191,80854,3.184,4.700,14.965
670,0,2,1,0.500,70539,79533,3.184,4.800,15.283
710,0,2,1,0.500,50100,43608,3.184,4.800,15.283
750,0,2,1,0.500,16076,13044,3.184,4.800,15.283
790,0,2,1,0.500,53429,49741,3.184,4.800,15.283
830,0,2,1,0.500,69933,78966,3.184,4.800,15.283
870,0,2,1,0.500,66708,72375,3.184,4.700,14.965
910,0,2,1,0.500,33328,26472,3.184,4.700,14.965
950,0,2,1,0.500,8594,7293,3.184,4.700,14.965
990,0,2,1,0.500,45941,44602,3.188,4.800,15.302
1030,0,2,1,0.500,71156,80584,3.188,4.800,15.302
1070,0,2,1,0.500,71616,81462,3.188,4.700,14.984
1110,0,2,1,0.500,63857,67852,3.188,4.700,14.984
1150,0,2,1,0.500,51889,42043,3.188,4.700,14.984
1190,0,2,1,0.500,66045,71423,3.184,4.400,14.010
1230,0,2,1,0.500,71652,81478,3.184,4.400,14.010
1270,0,2,1,0.500,72251,82284,3.188,4.800,15.302
1310,0,2,1,0.500,72337,81973,3.188,4.800,15.302
1350,0,2,1,0.500,71141,79030,3.188,4.800,15.302
1390,0,2,1,0.500,69124,74273,3.188,4.700,14.984
1430,0,2,1,0.500,65010,67490,3.188,4.700,14.984
1470,0,2,1,0.500,62338,58066,3.184,4.600,14.646
1510,0,2,1,0.500,33597,28646,3.184,4.600,14.646
1550,0,2,1,0.500,20957,19131,3.184,4.600,14.646
1590,0,2,1,0.500,52571,49104,3.184,4.800,15.283
1630,0,2,1,0.500,59736,64054,3.184,4.800,15.283
1670,0,2,1,0.500,58282,59315,3.184,4.800,15.283
1710,0,2,1,0.500,42124,34816,3.184,4.800,15.283
1750,0,2,1,0.500,16229,13812,3.184,4.800,15.283
1790,0,2,1,0.500,32604,27199,3.184,4.700,14.965
1830,0,2,1,0.500,54419,55074,3.184,4.700,14.965
1870,0,2,1,0.500,53228,51914,3.172,4.700,14.908
1910,0,2,1,0.500,52731,46493,3.172,4.700,14.908
1950,0,2,1,0.500,47278,39540,3.172,4.700,14.908
1990,0,2,1,0.500,48456,40418,3.184,4.800,15.283
2030,0,2,1,0.500,44781,37058,3.184,4.800,15.283
2070,0,2,1,0.500,50068,41155,3.176,4.500,14.292
2110,0,2,1,0.500,53783,43895,3.176,4.500,14.292
2150,0,2,1,0.500,59511,49288,3.176,4.500,14.292
2190,0,2,1,0.500,59785,49705,3.188,4.400,14.027
2230,0,2,1,0.500,53539,45116,3.188,4.400,14.027
2270,0,2,1,0.500,47011,40497,3.180,4.600,14.628
2310,0,2,1,0.500,41848,36257,3.180,4.600,14.628
2350,0,2,1,0.500,40276,34539,3.180,4.600,14.628
2390,0,2,1,0.500,53734,44242,3.172,4.500,14.274
2430,0,2,1,0.500,61092,50507,3.172,4.500,14.274
2470,0,2,1,0.500,55277,46386,3.184,4.200,13.373
2510,0,2,1,0.500,51256,44344,3.184,4.200,13.373
2550,0,2,1,0.500,52278,44994,3.184,4.200,13.373
2591,0,2,1,0.500,61344,51400,3.184,4.400,14.010
2630,0,2,1,0.500,63740,56262,3.184,4.400,14.010
2670,0,2,1,0.500,57939,57392,3.184,4.800,15.283
2710,0,2,1,0.500,56954,56783,3.184,4.800,15.283
2750,0,2,1,0.500,64402,56095,3.184,4.800,15.283
2790,0,2,1,0.500,62422,54765,3.180,4.800,15.264
2830,0,2,1,0.500,54579,44144,3.180,4.800,15.264
2870,0,2,1,0.500,51096,40915,3.180,4.700,14.946
2911,0,2,1,0.500,53214,49313,3.180,4.700,14.946
2950,0,2,1,0.500,52783,52000,3.180,4.700,14.946
2990,0,2,1,0.500,53195,49535,3.184,4.800,15.283
3031,0,2,1,0.500,58893,51564,3.184,4.800,15.283
3070,0,2,1,0.500,57269,59888,3.184,4.600,14.646
3110,0,2,1,0.500,54885,55966,3.184,4.600,14.646
3151,0,2,1,0.500,57776,51560,3.184,4.600,14.646
3190,0,2,1,0.500,59797,56844,3.184,4.500,14.328
3230,0,2,1,0.500,58915,54927,3.184,4.500,14.328
3270,0,2,1,0.500,43303,40813,3.168,4.700,14.890
3310,0,2,1,0.500,42796,42022,3.168,4.700,14.890
3350,0,2,1,0.500,55972,53265,3.168,4.700,14.890
3390,0,2,1,0.500,66812,64875,3.176,4.600,14.610
3430,0,2,1,0.500,61202,64744,3.176,4.600,14.610
3470,0,2,1,0.500,62008,66466,3.176,4.500,14.292
3510,0,2,1,0.500,63654,67054,3.176,4.500,14.292
3550,0,2,1,0.500,59594,51107,3.176,4.500,14.292
3590,0,2,1,0.500,26179,21035,3.172,4.400,13.957
3630,0,2,1,0.500,53197,44316,3.172,4.400,13.957
3671,0,2,1,0.500,66513,62205,3.176,4.600,14.610
3710,0,2,1,0.500,60037,60273,3.176,4.600,14.610
3750,0,2,1,0.500,59270,60046,3.176,4.600,14.610
3791,0,2,1,0.500,59161,60511,3.172,4.700,14.908
3830,0,2,1,0.500,58909,60368,3.172,4.700,14.908
3870,0,2,1,0.500,58976,60443,3.172,4.600,14.591
3911,0,2,1,0.500,59042,60515,3.172,4.600,14.591
3950,0,2,1,0.500,57586,58635,3.172,4.600,14.591
3991,0,2,1,0.500,70271,63998,3.176,4.700,14.927
4031,0,2,1,0.500,48321,37449,3.176,4.700,14.927
4070,0,2,1,0.500,34212,25263,3.172,4.700,14.908
4111,0,2,1,0.500,27249,20310,3.172,4.700,14.908
4151,0,2,1,0.500,42895,33361,3.172,4.700,14.908
4190,0,2,1,0.500,69544,58005,3.176,4.900,15.562
4231,0,2,1,0.500,61274,49712,3.176,4.900,15.562
4270,0,2,1,0.500,23977,19250,3.172,4.600,14.591
4311,0,2,1,0.500,16239,13154,3.172,4.600,14.591
4351,0,2,1,0.500,27035,20598,3.172,4.600,14.591
4390,0,2,1,0.500,62702,50171,3.180,4.800,15.264
4431,0,2,1,0.500,50435,39722,3.180,4.800,15.264
4470,0,2,1,0.500,33153,26211,3.176,4.600,14.610
4510,0,2,1,0.500,20375,16303,3.176,4.600,14.610
4551,0,2,1,0.500,31478,23813,3.176,4.600,14.610
4590,0,2,1,0.500,59762,53828,3.180,4.900,15.582
4630,0,2,1,0.500,61799,54210,3.180,4.900,15.582
4671,0,2,1,0.500,57843,46056,3.172,4.600,14.591
4710,0,2,1,0.500,25459,18621,3.172,4.600,14.591
4750,0,2,1,0.500,40196,32718,3.172,4.600,14.591
4791,0,2,1,0.500,58666,55936,3.176,4.700,14.927
4830,0,2,1,0.500,61126,53049,3.176,4.700,14.927
4871,0,2,1,0.500,59131,47438,3.180,4.500,14.310
4910,0,2,1,0.500,40460,30593,3.180,4.500,14.310
4950,0,2,1,0.500,44328,37537,3.180,4.500,14.310
4991,0,2,1,0.500,59786,61306,3.180,4.800,15.264
5030,0,2,1,0.500,57536,56694,3.180,4.800,15.264
5071,0,2,1,0.500,58539,55816,3.180,4.700,14.946
5111,0,2,1,0.500,59327,59932,3.180,4.700,14.946
5150,0,2,1,0.500,59095,60460,3.180,4.700,14.946
5191,0,2,1,0.500,59618,61391,3.180,4.400,13.992
5231,0,2,1,0.500,59404,61501,3.180,4.400,13.992
5271,0,2,1,0.500,58005,56963,3.180,4.600,14.628
5311,0,2,1,0.500,55825,44042,3.180,4.600,14.628
5351,0,2,1,0.500,55316,43814,3.180,4.600,14.628
5391,0,2,1,0.500,57750,54249,3.180,4.500,14.310
5431,0,2,1,0.500,58830,59832,3.180,4.500,14.310
5470,0,2,1,0.500,63935,66811,3.176,4.800,15.245
5511,0,2,1,0.500,65281,68918,3.176,4.800,15.245
5551,0,2,1,0.500,53557,45801,3.176,4.800,15.245
5590,0,2,1,0.500,18155,13736,3.176,4.800,15.245
5631,0,2,1,0.500,55862,55881,3.176,4.800,15.245
5670,0,2,1,0.500,67628,73579,3.176,4.900,15.562
5711,0,2,1,0.500,70852,80425,3.176,4.900,15.562
5751,0,2,1,0.500,68955,77293,3.176,4.900,15.562
5790,0,2,1,0.500,39349,33051,3.176,4.700,14.927
5831,0,2,1,0.500,43656,41875,3.176,4.700,14.927
5871,0,2,1,0.500,65021,70982,3.180,4.800,15.264
5910,0,2,1,0.500,67664,76806,3.180,4.800,15.264
5951,0,2,1,0.500,67135,76167,3.180,4.800,15.264
5991,0,2,1,0.500,67865,71654,3.180,4.600,14.628
6030,0,2,1,0.500,74309,70570,3.180,4.600,14.628
6071,0,2,1,0.500,68855,74891,3.180,4.600,14.628
6111,0,2,1,0.500,69211,75716,3.180,4.600,14.628
6150,0,2,1,0.500,70217,78161,3.180,4.600,14.628
6191,0,2,1,0.500,70149,78192,3.176,4.600,14.610
6231,0,2,1,0.500,68751,75670,3.176,4.600,14.610
6271,0,2,1,0.500,57382,53705,3.176,4.700,14.927
6311,0,2,1,0.500,22526,16771,3.176,4.700,14.927
6350,0,2,1,0.500,46539,35519,3.176,4.700,14.927
6391,0,2,1,0.500,57860,48512,3.180,4.800,15.264
6431,0,2,1,0.500,53399,42263,3.180,4.800,15.264
6471,0,2,1,0.500,41179,29569,3.180,4.600,14.628
6511,0,2,1,0.500,43185,32507,3.180,4.600,14.628
6551,0,2,1,0.500,50342,43108,3.180,4.600,14.628
6591,0,2,1,0.500,48762,40406,3.176,4.800,15.245
6631,0,2,1,0.500,51564,42115,3.176,4.800,15.245
6671,0,2,1,0.500,58848,49549,3.172,4.700,14.908
6711,0,2,1,0.500,54009,41701,3.172,4.700,14.908
6751,0,2,1,0.500,46572,35411,3.172,4.700,14.908
6791,0,2,1,0.500,57984,46000,3.176,4.900,15.562
6831,0,2,1,0.500,69016,58022,3.176,4.900,15.562
6871,0,2,1,0.500,67105,56601,3.176,4.500,14.292
6911,0,2,1,0.500,54206,45920,3.176,4.500,14.292
6951,0,2,1,0.500,50164,42236,3.176,4.500,14.292
6991,0,2,1,0.500,53806,45446,3.180,4.700,14.946
7031,0,2,1,0.500,56722,47685,3.180,4.700,14.946
7071,0,2,1,0.500,51220,42571,3.180,4.500,14.310
7111,0,2,1,0.500,46128,37028,3.180,4.500,14.310
7151,0,2,1,0.500,54489,44884,3.180,4.500,14.310
7191,0,2,1,0.500,66589,55883,3.180,4.600,14.628
7231,0,2,1,0.500,59422,49555,3.180,4.600,14.628
7271,0,2,1,0.500,56843,47558,3.180,4.600,14.628
7311,0,2,1,0.500,63917,54170,3.180,4.600,14.628
7351,0,2,1,0.500,72952,63623,3.180,4.600,14.628
7391,0,2,1,0.500,72462,63942,3.180,4.800,15.264
7431,0,2,1,0.500,69664,65984,3.180,4.800,15.264
7471,0,2,1,0.500,42979,39718,3.184,4.500,14.328
7511,0,2,1,0.500,29733,26808,3.184,4.500,14.328
7551,0,2,1,0.500,30875,27944,3.184,4.500,14.328
7591,0,2,1,0.500,29229,26331,3.184,4.600,14.646
7631,0,2,1,0.500,22828,20143,3.184,4.600,14.646
7671,0,2,1,0.500,20208,17318,3.180,4.700,14.946
7711,0,2,1,0.500,31673,26898,3.180,4.700,14.946
7751,0,2,1,0.500,36973,31053,3.180,4.700,14.946
7791,0,2,1,0.500,27299,23168,3.180,4.700,14.946
7831,0,2,1,0.500,30086,26430,3.180,4.700,14.946
7871,0,2,1,0.500,47725,43210,3.180,4.800,15.264
7911,0,2,1,0.500,41936,37419,3.180,4.800,15.264
7951,0,2,1,0.500,38747,34851,3.180,4.800,15.264
7991,0,2,1,0.500,48418,44033,3.180,5.000,15.900
8031,0,2,1,0.500,58409,52458,3.180,5.000,15.900
8071,0,2,1,0.500,41361,39890,3.172,4.500,14.274
8111,0,2,1,0.500,53702,51430,3.172,4.500,14.274
8151,0,2,1,0.000,66600,63278,3.172,4.500,14.274
8191,0,2,1,0.000,58968,56499,3.176,4.700,14.927
8231,0,2,1,0.000,56230,53362,3.176,4.700,14.927
8271,0,2,1,0.000,57062,53648,3.180,4.800,15.264
8311,0,2,1,0.000,67002,61861,3.180,4.800,15.264
8351,0,2,1,0.000,56307,51980,3.180,4.800,15.264
8391,0,2,1,0.000,61459,55996,3.184,4.800,15.283
8431,0,2,1,0.000,72487,65824,3.184,4.800,15.283
8471,0,2,1,0.000,64568,57405,3.180,4.600,14.628
8511,0,2,1,0.000,63407,56810,3.180,4.600,14.628
8551,0,2,1,0.000,61852,56574,3.180,4.600,14.628
8591,0,2,1,0.000,58195,52933,3.180,4.600,14.628
8631,0,2,1,0.000,56909,51361,3.180,4.600,14.628
8671,0,2,1,0.000,58343,53305,3.180,4.800,15.264
8711,0,2,1,0.000,55997,50707,3.180,4.800,15.264
8751,0,2,1,0.000,48593,43514,3.180,4.800,15.264
8791,0,2,1,0.000,58718,52182,3.188,4.800,15.302
8831,0,2,1,0.000,64935,57306,3.188,4.800,15.302
8871,0,2,1,0.000,64039,56174,3.184,4.400,14.010
8911,0,2,1,0.000,75782,68159,3.184,4.400,14.010
8951,0,2,1,0.000,75167,68126,3.184,4.400,14.010
8991,0,2,1,0.000,75630,68234,3.184,4.300,13.691
9031,0,2,1,0.000,75634,67651,3.184,4.300,13.691
9071,0,2,1,0.000,74997,67719,3.184,4.500,14.328
9111,0,2,1,0.000,75239,67774,3.184,4.500,14.328
9151,0,2,1,0.000,74535,67782,3.184,4.500,14.328
9191,0,2,1,0.000,66758,64658,3.180,4.700,14.946
9231,0,2,1,0.000,62125,62647,3.180,4.700,14.946
9271,0,2,1,0.000,59555,61954,3.180,4.600,14.628
9311,0,2,1,0.000,59344,63385,3.180,4.600,14.628
9351,0,2,1,0.000,60898,66443,3.180,4.600,14.628
9391,0,2,1,0.000,61954,66795,3.180,4.800,15.264
9431,0,2,1,0.000,65647,62818,3.180,4.800,15.264
9471,0,2,1,0.000,52788,46579,3.180,4.700,14.946
9511,0,2,1,0.000,43999,38411,3.180,4.700,14.946
9551,0,2,1,0.000,38567,35014,3.180,4.700,14.946
9591,0,2,1,0.000,46418,44565,3.180,4.500,14.310
9631,0,2,1,0.000,43070,40357,3.180,4.500,14.310
9671,0,2,1,0.000,58741,50297,3.180,4.500,14.310
9711,0,2,1,0.000,61477,61912,3.180,4.500,14.310
9751,0,2,1,0.000,63889,70393,3.180,4.500,14.310
9791,0,2,1,0.000,61605,62898,3.180,4.600,14.628
9831,0,2,1,0.000,24427,16159,3.180,4.600,14.628
9871,0,2,1,0.000,13571,7767,3.180,4.400,13.992
9911,0,2,1,0.000,42105,34118,3.180,4.400,13.992
9951,0,2,1,0.000,61295,60275,3.180,4.400,13.992
9991,0,2,1,0.000,40885,30006,3.180,4.800,15.264
10031,0,2,1,0.000,16672,10282,3.180,4.800,15.264
10071,0,2,1,0.000,14692,9453,3.180,4.400,13.992
10111,0,2,1,0.000,16422,11076,3.180,4.400,13.992
10151,0,2,1,0.000,43675,32349,3.180,4.400,13.992
10191,0,2,1,0.000,45997,33567,3.184,4.500,14.328
10231,0,2,1,0.000,50774,38502,3.184,4.500,14.328
10271,0,2,1,0.000,62687,58589,3.184,4.700,14.965
10311,0,2,1,0.000,63997,61230,3.184,4.700,14.965
10351,0,2,1,0.000,59462,47035,3.184,4.700,14.965
10391,0,2,1,0.000,64095,55052,3.180,4.800,15.264
10431,0,2,1,0.000,62669,60087,3.180,4.800,15.264
10471,0,2,1,0.000,63543,57544,3.180,4.600,14.628
10511,0,2,1,0.000,51382,39425,3.180,4.600,14.628
10551,0,2,1,0.000,46289,34599,3.180,4.600,14.628
10591,0,2,1,0.000,60180,53698,3.180,4.500,14.310
10631,0,2,1,0.000,60162,59273,3.180,4.500,14.310
10671,0,2,1,0.000,62673,54942,3.184,4.700,14.965
10711,0,2,1,0.000,60503,58679,3.184,4.700,14.965
10751,0,2,1,0.000,59937,60342,3.184,4.700,14.965
10791,0,2,1,0.000,59342,59070,3.180,4.300,13.674
10831,0,2,1,0.000,59876,59773,3.180,4.300,13.674
10871,0,2,1,0.000,60277,61409,3.184,4.500,14.328
10911,0,2,1,0.000,59994,61176,3.184,4.500,14.328
10951,0,2,1,0.000,59778,61058,3.184,4.500,14.328
10991,0,2,1,0.000,59319,60661,3.184,4.400,14.010
11031,0,2,1,0.000,58563,59702,3.184,4.400,14.010
11071,0,2,1,0.000,58962,60279,3.184,4.700,14.965
11111,0,2,1,0.000,60413,62039,3.184,4.700,14.965
11151,0,2,1,0.000,61382,62835,3.184,4.700,14.965
11191,0,2,1,0.000,61854,63176,3.180,4.700,14.946
11231,0,2,1,0.000,61694,63232,3.180,4.700,14.946
11271,0,2,1,0.000,58979,60436,3.184,4.600,14.646
11311,0,2,1,0.000,58185,59341,3.184,4.600,14.646
11351,0,2,1,0.000,59257,60641,3.184,4.600,14.646
11391,0,2,1,0.000,59323,61264,3.184,4.700,14.965
11431,0,2,1,0.000,57472,59912,3.184,4.700,14.965
11471,0,2,1,0.000,57693,61889,3.180,4.500,14.310
11511,0,2,1,0.000,63845,73277,3.180,4.500,14.310
11551,0,2,1,0.000,67885,80701,3.180,4.500,14.310
11591,0,2,1,0.000,69383,82707,3.180,4.600,14.628
11631,0,2,1,0.000,70023,83754,3.180,4.600,14.628
11671,0,2,1,0.000,70020,84016,3.180,4.600,14.628
11711,0,2,1,0.000,69939,84225,3.180,4.600,14.628
11751,0,2,1,0.000,69842,84392,3.180,4.600,14.628
11791,0,2,1,0.000,69707,84210,3.176,4.800,15.245
11831,0,2,1,0.000,72424,81858,3.176,4.800,15.245
11871,0,2,1,0.000,38675,30342,3.180,4.700,14.946
11911,0,2,1,0.000,8261,6559,3.180,4.700,14.946
11951,0,2,1,0.000,5454,4191,3.180,4.700,14.946
11991,0,2,1,0.000,20182,15624,3.176,4.800,15.245
12031,0,2,1,0.000,68505,73792,3.176,4.800,15.245
12071,0,2,1,0.000,73956,82723,3.172,4.800,15.226
12111,0,2,1,0.000,74504,84027,3.172,4.800,15.226
12151,0,2,1,0.000,74196,83843,3.172,4.800,15.226
12191,0,2,1,0.000,67010,72506,3.176,4.700,14.927
12231,0,2,1,0.000,65728,69950,3.176,4.700,14.927
12271,0,2,1,0.000,45653,40482,3.176,4.700,14.927
12311,0,2,1,0.000,11587,8601,3.176,4.700,14.927
12351,0,2,1,0.000,6986,5834,3.176,4.700,14.927
12391,0,2,1,0.000,54909,55332,3.180,4.700,14.946
12431,0,2,1,0.000,71586,80094,3.180,4.700,14.946
12471,0,2,1,0.000,72530,82287,3.172,4.500,14.274
12511,0,2,1,0.000,73079,83499,3.172,4.500,14.274
12551,0,2,1,0.000,73416,84515,3.172,4.500,14.274
12591,0,2,1,0.000,73586,84810,3.172,4.800,15.226
12631,0,2,1,0.000,73574,84930,3.172,4.800,15.226
12671,0,2,1,0.000,72848,83811,3.172,4.700,14.908
12711,0,2,1,0.000,71003,82105,3.172,4.700,14.908
12751,0,2,1,0.000,70926,81339,3.172,4.700,14.908
12791,0,2,1,0.000,70732,80454,3.176,4.500,14.292
12831,0,2,1,0.000,71144,80273,3.176,4.500,14.292
12871,0,2,1,0.000,72191,80266,3.176,4.600,14.610
12911,0,2,1,0.000,73130,80606,3.176,4.600,14.610
12951,0,2,1,0.000,71410,72330,3.176,4.600,14.610
12991,0,2,1,0.000,70778,66829,3.176,4.800,15.245
13031,0,2,1,0.000,67907,63915,3.176,4.800,15.245
13071,0,2,1,0.000,66137,61672,3.176,4.800,15.245
13111,0,2,1,0.000,63318,57946,3.176,4.800,15.245
13151,0,2,1,0.000,60458,52616,3.176,4.800,15.245
13191,0,2,1,0.000,61141,52899,3.176,4.600,14.610
13231,0,2,1,0.000,70432,73135,3.176,4.600,14.610
13271,0,2,1,0.000,77290,84744,3.176,4.500,14.292
13311,0,2,1,0.000,78918,89950,3.176,4.500,14.292
13351,0,2,1,0.000,79052,91190,3.176,4.500,14.292
13391,0,2,1,0.000,79512,92224,3.176,5.000,15.880
13431,0,2,1,0.000,79904,92944,3.176,5.000,15.880
13471,0,2,1,0.000,79991,93160,3.176,4.800,15.245
13511,0,2,1,0.000,79643,92763,3.176,4.800,15.245
13551,0,2,1,0.000,79113,91909,3.176,4.800,15.245
13591,0,2,1,0.000,53692,58821,3.176,4.600,14.610
13631,0,2,1,0.000,6523,6622,3.176,4.600,14.610
13671,0,2,1,0.000,23265,20436,3.176,4.700,14.927
13711,0,2,1,0.000,64112,60958,3.176,4.700,14.927
13751,0,2,1,0.000,72861,81203,3.176,4.700,14.927
13791,0,2,1,0.000,73939,82539,3.172,4.500,14.274
13831,0,2,1,0.000,74575,83429,3.172,4.500,14.274
13871,0,2,1,0.000,75023,83857,3.172,4.800,15.226
13911,0,2,1,0.000,75544,84489,3.172,4.800,15.226
13951,0,2,1,0.000,75284,84056,3.172,4.800,15.226
13991,0,2,1,0.000,74236,82785,3.172,4.900,15.543
14031,0,2,1,0.000,74392,83820,3.172,4.900,15.543
14071,0,2,1,0.000,74552,84694,3.172,4.800,15.226
14111,0,2,1,0.000,74511,85189,3.172,4.800,15.226
14151,0,2,1,0.000,74508,85606,3.172,4.800,15.226
14191,0,2,1,0.000,74589,85864,3.172,4.700,14.908
14231,0,2,1,0.000,74628,86074,3.172,4.700,14.908
14271,0,2,1,0.000,74668,86175,3.168,5.000,15.840
14311,0,2,1,0.000,74854,86351,3.168,5.000,15.840
14351,0,2,1,0.000,63008,72815,3.168,5.000,15.840
14391,0,2,1,0.000,6665,5260,3.176,4.800,15.245
14431,0,2,1,0.000,1353,1554,3.176,4.800,15.245
14471,0,2,1,0.000,942,1107,3.176,4.800,15.245
14511,0,2,1,0.000,856,996,3.176,4.800,15.245
14551,0,2,1,0.000,1477,1675,3.176,4.800,15.245
14591,0,2,1,0.000,35176,31261,3.172,4.900,15.543
14631,0,2,1,0.000,68696,74447,3.172,4.900,15.543
14671,0,2,1,0.000,69910,77380,3.176,4.500,14.292
14711,0,2,1,0.000,70422,78708,3.176,4.500,14.292
14751,0,2,1,0.000,64801,64001,3.176,4.500,14.292
14791,0,2,1,0.000,33111,27337,3.176,4.500,14.292
14831,0,2,1,0.000,65451,67594,3.176,4.500,14.292
14871,0,2,1,0.000,70391,75545,3.176,4.400,13.974
14911,0,2,1,0.000,72417,79277,3.176,4.400,13.974
14951,0,2,1,0.000,73509,81462,3.176,4.400,13.974
14991,0,2,1,0.000,73811,81945,3.172,4.600,14.591
15031,0,2,1,0.000,73447,81940,3.172,4.600,14.591
15071,0,2,1,0.000,73040,82017,3.176,4.500,14.292
15111,0,2,1,0.000,72863,82221,3.176,4.500,14.292
15151,0,2,1,0.000,72834,82454,3.176,4.500,14.292
15191,0,2,1,0.000,72767,82345,3.176,4.700,14.927
15231,0,2,1,0.000,72759,82124,3.176,4.700,14.927
15271,0,2,1,0.000,71939,80130,3.176,4.400,13.974
15311,0,2,1,0.000,58924,54566,3.176,4.400,13.974
15351,0,2,1,0.000,35724,31192,3.176,4.400,13.974
15391,0,2,1,0.000,43425,38128,3.172,4.600,14.591
15431,0,2,1,0.000,65382,57940,3.172,4.600,14.591
15471,0,2,1,0.000,70865,64168,3.180,4.600,14.628
15511,0,2,1,0.000,70274,72757,3.180,4.600,14.628
15551,0,2,1,0.000,71268,77477,3.180,4.600,14.628
15591,0,2,1,0.000,71536,78508,3.172,4.500,14.274
15631,0,2,1,0.000,71777,79160,3.172,4.500,14.274
15671,0,2,1,0.000,71886,79442,3.176,4.700,14.927
15711,0,2,1,0.000,71942,79503,3.176,4.700,14.927
15751,0,2,1,0.000,68852,74547,3.176,4.700,14.927
15791,0,2,1,0.000,33218,29189,3.172,4.800,15.226
15831,0,2,1,0.000,42118,36309,3.172,4.800,15.226
15871,0,2,1,0.000,71145,76768,3.168,4.800,15.206
15911,0,2,1,0.000,71810,78666,3.168,4.800,15.206
15951,0,2,1,0.000,71473,78253,3.168,4.800,15.206
15992,0,2,1,0.000,59462,57050,3.176,4.600,14.610
16031,0,2,1,0.000,31050,24770,3.176,4.600,14.610
16072,0,2,1,0.000,65439,67863,3.172,4.600,14.591
16112,0,2,1,0.000,69788,75791,3.172,4.600,14.591
16151,0,2,1,0.000,69434,75640,3.172,4.600,14.591
16192,0,2,1,0.000,47110,42900,3.176,4.700,14.927
16231,0,2,1,0.000,6688,5849,3.176,4.700,14.927
16272,0,2,1,0.000,32149,28889,3.176,4.700,14.927
16311,0,2,1,0.000,67508,70667,3.176,4.700,14.927
16351,0,2,1,0.000,69333,75802,3.176,4.700,14.927
16392,0,2,1,0.000,67603,73525,3.168,4.900,15.523
16431,0,2,1,0.000,40171,30822,3.168,4.900,15.523
16471,0,2,1,0.000,8747,7198,3.176,4.700,14.927
16512,0,2,1,0.000,54615,52803,3.176,4.700,14.927
16551,0,2,1,0.000,67236,70026,3.176,4.700,14.927
16592,0,2,1,0.000,67523,70970,3.176,4.600,14.610
16632,0,2,1,0.000,64868,61172,3.176,4.600,14.610
16671,0,2,1,0.000,17948,15008,3.172,4.800,15.226
16712,0,2,1,0.000,6855,5945,3.172,4.800,15.226
16752,0,2,1,0.000,53322,50922,3.172,4.800,15.226
16792,0,2,1,0.000,67121,70452,3.176,4.600,14.610
16832,0,2,1,0.000,67888,72253,3.176,4.600,14.610
16871,0,2,1,0.000,54401,47954,3.172,4.500,14.274
16912,0,2,1,0.000,9108,6852,3.172,4.500,14.274
16952,0,2,1,0.000,4132,3422,3.172,4.500,14.274
16991,0,2,1,0.000,36336,33435,3.172,4.500,14.274
17032,0,2,1,0.000,67983,71956,3.172,4.500,14.274
17071,0,2,1,0.000,69531,75812,3.164,4.600,14.554
17111,0,2,1,0.000,65398,68392,3.164,4.600,14.554
17152,0,2,1,0.000,25668,17185,3.164,4.600,14.554
17191,0,2,1,0.000,3919,3310,3.168,4.800,15.206
17231,0,2,1,0.000,43489,41121,3.168,4.800,15.206
17272,0,2,1,0.000,70356,76068,3.172,4.600,14.591
17311,0,2,1,0.000,71798,79606,3.172,4.600,14.591
17352,0,2,1,0.000,66017,67612,3.172,4.600,14.591
17392,0,2,1,0.000,27123,19228,3.176,4.600,14.610
17431,0,2,1,0.000,3805,3354,3.176,4.600,14.610
17472,0,2,1,0.000,10752,8202,3.176,4.600,14.610
17511,0,2,1,0.000,54567,48678,3.176,4.600,14.610
17551,0,2,1,0.000,65344,67060,3.176,4.600,14.610
17592,0,2,1,0.000,52929,44896,3.176,4.600,14.610
17631,0,2,1,0.000,5782,3745,3.176,4.600,14.610
17672,0,2,1,0.000,2370,1866,3.176,4.700,14.927
17712,0,2,1,0.000,37556,35957,3.176,4.700,14.927
17751,0,2,1,0.000,72141,77065,3.176,4.700,14.927
17792,0,2,1,0.000,74389,81565,3.172,4.700,14.908
17832,0,2,1,0.000,74548,81972,3.172,4.700,14.908
17872,0,2,1,0.000,74148,81452,3.172,4.800,15.226
17912,0,2,1,0.000,66845,70131,3.172,4.800,15.226
17952,0,2,1,0.000,38978,29479,3.172,4.800,15.226
17992,0,2,1,0.000,4853,3849,3.180,4.700,14.946
18032,0,2,1,0.000,26047,23554,3.180,4.700,14.946
18071,0,2,1,0.000,72324,78414,3.172,4.800,15.226
18112,0,2,1,0.000,74651,83387,3.172,4.800,15.226
18152,0,2,1,0.000,74389,83107,3.172,4.800,15.226
18192,0,2,1,0.000,70802,74508,3.172,4.600,14.591
18232,0,2,1,0.000,27017,20972,3.172,4.600,14.591
18271,0,2,1,0.000,13374,10725,3.176,4.700,14.927
18312,0,2,1,0.000,5915,5135,3.176,4.700,14.927
18352,0,2,1,0.000,24546,21475,3.176,4.700,14.927
18391,0,2,1,0.000,64196,62015,3.176,4.800,15.245
18432,0,2,1,0.000,40382,29674,3.176,4.800,15.245
18472,0,2,1,0.000,5947,4960,3.176,4.800,15.245
18512,0,2,1,0.000,4757,4321,3.176,4.800,15.245
18552,0,2,1,0.000,51015,50280,3.176,4.800,15.245
18592,0,2,1,0.000,68556,74715,3.172,4.900,15.543
18632,0,2,1,0.000,69564,77340,3.172,4.900,15.543
18672,0,2,1,0.000,70021,78472,3.172,4.600,14.591
18712,0,2,1,0.000,58826,59067,3.172,4.600,14.591
18752,0,2,1,0.000,6544,6039,3.172,4.600,14.591
18792,0,2,1,0.000,8146,7214,3.172,4.800,15.226
18832,0,2,1,0.000,58187,58725,3.172,4.800,15.226
18872,0,2,1,0.000,71340,78648,3.164,4.800,15.187
18912,0,2,1,0.000,71623,79684,3.164,4.800,15.187
18952,0,2,1,0.000,67083,68010,3.164,4.800,15.187
18992,0,2,1,0.000,14436,13562,3.168,4.700,14.890
19032,0,2,1,0.000,4886,4589,3.168,4.700,14.890
19072,0,2,1,0.000,12245,10115,3.168,4.700,14.890
19112,0,2,1,0.000,57710,56405,3.168,4.700,14.890
19152,0,2,1,0.000,67812,71555,3.168,4.700,14.890
19192,0,2,1,0.000,65225,66211,3.168,4.600,14.573
19232,0,2,1,0.000,18266,13808,3.168,4.600,14.573
19272,0,2,1,0.000,2147,2267,3.164,4.600,14.554
19312,0,2,1,0.000,4203,3939,3.164,4.600,14.554
19352,0,2,1,0.000,51503,47435,3.164,4.600,14.554
19392,0,2,1,0.000,71219,77937,3.160,4.700,14.852
19432,0,2,1,0.000,72249,80208,3.160,4.700,14.852
19472,0,2,1,0.000,54656,50836,3.168,4.800,15.206
19512,0,2,1,0.000,6103,5520,3.168,4.800,15.206
19552,0,2,1,0.000,5411,4950,3.168,4.800,15.206
19592,0,2,1,0.000,51921,47581,3.164,4.700,14.871
19632,0,2,1,0.000,70679,77305,3.164,4.700,14.871
19672,0,2,1,0.000,72107,80793,3.164,4.800,15.187
19712,0,2,1,0.000,44487,40953,3.164,4.800,15.187
19752,0,2,1,0.000,4432,4097,3.164,4.800,15.187
19792,0,2,1,0.000,3866,3628,3.160,4.600,14.536
19832,0,2,1,0.000,12745,9586,3.160,4.600,14.536
19872,0,2,1,0.000,64368,63240,3.160,4.700,14.852
19912,0,2,1,0.000,78857,87392,3.160,4.700,14.852
19952,0,2,1,0.000,78476,86946,3.160,4.700,14.852
19992,0,2,1,0.000,27140,25154,3.164,4.600,14.554
20032,0,2,1,0.000,3022,2942,3.164,4.600,14.554
20072,0,2,1,0.000,27871,25434,3.164,4.800,15.187
20112,0,2,1,0.000,71341,78470,3.164,4.800,15.187
20152,0,2,1,0.000,72617,81284,3.164,4.800,15.187
20192,0,2,1,0.000,73271,82700,3.160,4.800,15.168
20232,0,2,1,0.000,57165,59793,3.160,4.800,15.168
20272,0,2,1,0.000,6545,6159,3.160,4.700,14.852
20312,0,2,1,0.000,9547,8665,3.160,4.700,14.852
20352,0,2,1,0.000,69119,72932,3.160,4.700,14.852
20392,0,2,1,0.000,72809,79930,3.152,4.600,14.499
20432,0,2,1,0.000,71340,78693,3.152,4.600,14.499
20472,0,2,1,0.000,33642,28297,3.152,4.300,13.554
20512,0,2,1,0.000,4178,4120,3.152,4.300,13.554
20552,0,2,1,0.000,4595,4452,3.152,4.300,13.554
20592,0,2,1,0.000,42838,42115,3.152,4.800,15.130
20632,0,2,1,0.000,71821,79000,3.152,4.800,15.130
20672,0,2,1,0.000,72605,80948,3.148,4.600,14.481
20712,0,2,1,0.000,71371,79116,3.148,4.600,14.481
20752,0,2,1,0.000,27748,24860,3.148,4.600,14.481
20792,0,2,1,0.000,11034,9522,3.152,4.600,14.499
20832,0,2,1,0.000,64198,62734,3.152,4.600,14.499
20872,0,2,1,0.000,72557,81395,3.148,4.800,15.110
20912,0,2,1,0.000,73185,82809,3.148,4.800,15.110
20952,0,2,1,0.000,73205,83065,3.148,4.800,15.110
20992,0,2,1,0.000,33432,30257,3.152,4.600,14.499
21032,0,2,1,0.000,4301,4206,3.152,4.600,14.499
21072,0,2,1,0.000,10729,9028,3.152,4.600,14.499
21112,0,2,1,0.000,31599,23767,3.152,4.600,14.499
21152,0,2,1,0.000,55782,46272,3.152,4.600,14.499
21192,0,2,1,0.000,60317,51972,3.152,4.600,14.499
21232,0,2,1,0.000,35981,26606,3.152,4.600,14.499
21272,0,2,1,0.000,10950,8849,3.156,4.200,13.255
21312,0,2,1,0.000,9531,7932,3.156,4.200,13.255
21352,0,2,1,0.000,27437,20936,3.156,4.200,13.255
21392,0,2,1,0.000,60329,52124,3.152,4.700,14.814
21432,0,2,1,0.000,60880,52320,3.152,4.700,14.814
21472,0,2,1,0.000,18068,13768,3.156,4.500,14.202
21512,0,2,1,0.000,3971,3830,3.156,4.500,14.202
21552,0,2,1,0.000,7994,7096,3.156,4.500,14.202
21592,0,2,1,0.000,65713,66975,3.156,4.700,14.833
21632,0,2,1,0.000,71620,79343,3.156,4.700,14.833
21672,0,2,1,0.000,71879,80221,3.152,4.800,15.130
21712,0,2,1,0.000,59558,58497,3.152,4.800,15.130
21752,0,2,1,0.000,27518,21770,3.152,4.800,15.130
21792,0,2,1,0.000,66301,69442,3.156,4.600,14.518
21832,0,2,1,0.000,72069,79985,3.156,4.600,14.518
21872,0,2,1,0.000,72930,82015,3.156,4.600,14.518
21912,0,2,1,0.000,73222,82696,3.156,4.600,14.518
21952,0,2,1,0.000,69554,77193,3.156,4.600,14.518
21992,0,2,1,0.000,64497,67927,3.156,4.800,15.149
22032,0,2,1,0.000,68997,76152,3.156,4.800,15.149
22072,0,2,1,0.000,63490,66045,3.156,4.700,14.833
22112,0,2,1,0.000,52026,44397,3.156,4.700,14.833
22152,0,2,1,0.000,47450,37562,3.156,4.700,14.833
22192,0,2,1,0.000,43781,32625,3.152,4.600,14.499
22232,0,2,1,0.000,37676,26169,3.152,4.600,14.499
22272,0,2,1,0.000,35444,24075,3.156,4.700,14.833
22312,0,2,1,0.000,39642,28172,3.156,4.700,14.833
22352,0,2,1,0.000,36548,24446,3.156,4.700,14.833
22392,0,2,1,0.000,15449,9176,3.156,4.600,14.518
22432,0,2,1,0.000,8105,5077,3.156,4.600,14.518
22472,0,2,1,0.000,30860,23772,3.156,4.800,15.149
22512,0,2,1,0.000,71665,74949,3.156,4.800,15.149
22552,0,2,1,0.000,74623,79524,3.156,4.800,15.149
22592,0,2,1,0.000,72644,77387,3.152,4.800,15.130
22632,0,2,1,0.000,36093,30096,3.152,4.800,15.130
22672,0,2,1,0.000,5330,3860,3.156,4.700,14.833
22712,0,2,1,0.000,15357,10460,3.156,4.700,14.833
22752,0,2,1,0.000,63122,62999,3.156,4.700,14.833
22792,0,2,1,0.000,70890,76565,3.152,4.800,15.130
22832,0,2,1,0.000,71641,78735,3.152,4.800,15.130
22872,0,2,1,0.000,69474,75267,3.156,4.700,14.833
22912,0,2,1,0.000,58918,57912,3.156,4.700,14.833
22952,0,2,1,0.000,53695,42337,3.156,4.700,14.833
22992,0,2,1,0.000,56112,45964,3.160,4.700,14.852
23032,0,2,1,0.000,56431,47823,3.160,4.700,14.852
23072,0,2,1,0.000,56055,47754,3.156,4.700,14.833
23112,0,2,1,0.000,54753,45981,3.156,4.700,14.833
23152,0,2,1,0.000,55132,46710,3.156,4.700,14.833
23192,0,2,1,0.000,53713,44396,3.156,4.700,14.833
23232,0,2,1,0.000,48624,37423,3.156,4.700,14.833
23272,0,2,1,0.000,24581,15754,3.156,4.700,14.833
23312,0,2,1,0.000,13591,8476,3.156,4.700,14.833
23352,0,2,1,0.000,25572,17126,3.156,4.700,14.833
23392,0,2,1,0.000,54101,45865,3.152,4.900,15.445
23432,0,2,1,0.000,53972,45866,3.152,4.900,15.445
23472,0,2,1,0.000,55664,48584,3.156,4.600,14.518
23512,0,2,1,0.000,56831,50262,3.156,4.600,14.518
23552,0,2,1,0.000,55925,48966,3.156,4.600,14.518
23592,0,2,1,0.000,55760,48904,3.156,4.500,14.202
23632,0,2,1,0.000,55958,49419,3.156,4.500,14.202
23672,0,2,1,0.000,55367,48657,3.152,4.400,13.869
23712,0,2,1,0.000,55222,48621,3.152,4.400,13.869
23752,0,2,1,0.000,58528,54579,3.152,4.400,13.869
23792,0,2,1,0.000,67655,69339,3.156,5.000,15.780
23832,0,2,1,0.000,75210,81188,3.156,5.000,15.780
23872,0,2,1,0.000,78746,88408,3.156,4.700,14.833
23912,0,2,1,0.000,78953,90381,3.156,4.700,14.833
23952,0,2,1,0.000,78589,90334,3.156,4.700,14.833
23992,0,2,1,0.000,78138,90255,3.152,4.700,14.814
24032,0,2,1,0.000,77699,89880,3.152,4.700,14.814
24072,0,2,1,0.000,77006,89099,3.152,4.300,13.554
24112,0,2,1,0.000,75948,87670,3.152,4.300,13.554
24152,0,2,1,0.000,72720,81480,3.152,4.300,13.554
24192,0,2,1,0.000,46530,39848,3.152,4.800,15.130
24232,0,2,1,0.000,36585,29463,3.152,4.800,15.130
24272,0,2,1,0.000,62675,58902,3.152,4.500,14.184
24312,0,2,1,0.000,66391,71474,3.152,4.500,14.184
24352,0,2,1,0.000,66173,71916,3.152,4.500,14.184
24392,0,2,1,0.000,65411,71126,3.152,4.300,13.554
24432,0,2,1,0.000,63351,67707,3.152,4.300,13.554
24472,0,2,1,0.000,60500,63470,3.156,5.000,15.780
24512,0,2,1,0.000,63990,57030,3.156,5.000,15.780
24552,0,2,1,0.000,42256,35759,3.156,5.000,15.780
24592,0,2,1,0.000,56636,50694,3.156,4.600,14.518
24632,0,2,1,0.000,63638,63627,3.156,4.600,14.518
24672,0,2,1,0.000,64305,65099,3.152,4.600,14.499
24712,0,2,1,0.000,64567,65511,3.152,4.600,14.499
24752,0,2,1,0.000,65003,65997,3.152,4.600,14.499
24792,0,2,1,0.000,65420,66742,3.152,4.500,14.184
24832,0,2,1,0.000,65443,67385,3.152,4.500,14.184
24872,0,2,1,0.000,65582,67629,3.152,4.600,14.499
24912,0,2,1,0.000,65659,67818,3.152,4.600,14.499
24952,0,2,1,0.000,66051,68493,3.152,4.600,14.499
24992,0,2,1,0.000,65836,68059,3.152,4.600,14.499
25032,0,2,1,0.000,65062,66804,3.152,4.600,14.499
25072,0,2,1,0.000,64532,66212,3.152,4.600,14.499
25112,0,2,1,0.000,64470,66196,3.152,4.600,14.499
25152,0,2,1,0.000,63862,65036,3.152,4.600,14.499
25192,0,2,1,0.000,58187,55229,3.152,4.500,14.184
25232,0,2,1,0.000,8426,7555,3.152,4.500,14.184
25272,0,2,1,0.000,2561,2517,3.152,4.600,14.499
25312,0,2,1,0.000,9453,8134,3.152,4.600,14.499
25352,0,2,1,0.000,62648,63527,3.152,4.600,14.499
25392,0,2,1,0.000,65363,68215,3.148,4.700,14.796
25432,0,2,1,0.000,65357,68636,3.148,4.700,14.796
25472,0,2,1,0.000,64056,66709,3.156,4.600,14.518
25512,0,2,1,0.000,43916,35145,3.156,4.600,14.518
25552,0,2,1,0.000,10331,8281,3.156,4.600,14.518
25592,0,2,1,0.000,7849,6611,3.152,4.400,13.869
25632,0,2,1,0.000,42449,40131,3.152,4.400,13.869
25672,0,2,1,0.000,64137,66127,3.152,4.600,14.499
25712,0,2,1,0.000,65701,69450,3.152,4.600,14.499
25753,0,2,1,0.000,64444,67172,3.152,4.600,14.499
25792,0,2,1,0.000,52922,48159,3.148,4.500,14.166
25832,0,2,1,0.000,10476,8624,3.148,4.500,14.166
25872,0,2,1,0.000,4485,4119,3.152,4.800,15.130
25912,0,2,1,0.000,28638,26069,3.152,4.800,15.130
25952,0,2,1,0.000,65229,67481,3.152,4.800,15.130
25992,0,2,1,0.000,68207,73797,3.152,4.800,15.130
26032,0,2,1,0.000,68771,75060,3.152,4.800,15.130
26072,0,2,1,0.000,67102,71781,3.152,4.700,14.814
26112,0,2,1,0.000,60029,58126,3.152,4.700,14.814
26152,0,2,1,0.000,12328,8134,3.152,4.700,14.814
26192,0,2,1,0.000,1761,1857,3.152,4.400,13.869
26232,0,2,1,0.000,1845,1925,3.152,4.400,13.869
26273,0,2,1,0.000,22781,21244,3.152,4.400,13.869
26312,0,2,1,0.000,65568,68136,3.152,4.400,13.869
26352,0,2,1,0.000,67724,72730,3.152,4.400,13.869
26393,0,2,1,0.000,68314,74027,3.156,4.800,15.149
26432,0,2,1,0.000,69086,75790,3.156,4.800,15.149
26472,0,2,1,0.000,70055,77946,3.152,4.700,14.814
26513,0,2,1,0.000,70505,78936,3.152,4.700,14.814
26552,0,2,1,0.000,70732,79443,3.152,4.700,14.814
26593,0,2,1,0.000,70984,79923,3.152,4.700,14.814
26633,0,2,1,0.000,71148,80308,3.152,4.700,14.814
26672,0,2,1,0.000,71480,80825,3.152,4.800,15.130
26713,0,2,1,0.000,71687,81372,3.152,4.800,15.130
26753,0,2,1,0.000,71481,81063,3.152,4.800,15.130
26792,0,2,1,0.000,69397,76496,3.156,4.600,14.518
26833,0,2,1,0.000,63819,60517,3.156,4.600,14.518
26872,0,2,1,0.000,23685,22992,3.152,4.600,14.499
26913,0,2,1,0.000,12467,12584,3.152,4.600,14.499
26953,0,2,1,0.000,43407,37982,3.152,4.600,14.499
26992,0,2,1,0.000,67357,63611,3.156,4.700,14.833
27033,0,2,1,0.000,63005,64678,3.156,4.700,14.833
27072,0,2,1,0.000,65798,69709,3.152,4.900,15.445
27113,0,2,1,0.000,69021,76388,3.152,4.900,15.445
27153,0,2,1,0.000,69670,78080,3.152,4.900,15.445
27192,0,2,1,0.000,70068,79298,3.148,4.600,14.481
27233,0,2,1,0.000,70312,79920,3.148,4.600,14.481
27272,0,2,1,0.000,70121,79481,3.152,4.400,13.869
27312,0,2,1,0.000,69871,78904,3.152,4.400,13.869
27353,0,2,1,0.000,69277,77460,3.152,4.400,13.869
27393,0,2,1,0.000,65768,71801,3.148,4.800,15.110
27432,0,2,1,0.000,73483,69636,3.148,4.800,15.110
27473,0,2,1,0.000,48559,39381,3.152,4.400,13.869
27512,0,2,1,0.000,17179,13318,3.152,4.400,13.869
27553,0,2,1,0.000,5855,4502,3.152,4.400,13.869
27593,0,2,1,0.000,6014,4363,3.156,4.900,15.464
27632,0,2,1,0.000,21217,15260,3.156,4.900,15.464
27673,0,2,1,0.000,50864,47225,3.160,4.700,14.852
27713,0,2,1,0.000,55382,52894,3.160,4.700,14.852
27752,0,2,1,0.000,61614,61422,3.160,4.700,14.852
27793,0,2,1,0.000,68029,71411,3.148,4.900,15.425
27833,0,2,1,0.000,70797,76190,3.148,4.900,15.425
27873,0,2,1,0.000,74032,81278,3.144,4.700,14.777
27913,0,2,1,0.000,75409,83068,3.144,4.700,14.777
27953,0,2,1,0.000,75115,82887,3.144,4.700,14.777
27993,0,2,1,0.000,75037,83033,3.148,4.700,14.796
28033,0,2,1,0.000,71300,76702,3.148,4.700,14.796
28073,0,2,1,0.000,68315,69988,3.144,4.600,14.462
28113,0,2,1,0.000,66285,65901,3.144,4.600,14.462
28153,0,2,1,0.000,63564,60827,3.144,4.600,14.462
28193,0,2,1,0.000,59385,53030,3.144,4.600,14.462
28233,0,2,1,0.000,55033,48390,3.144,4.600,14.462
28273,0,2,1,0.000,50178,42802,3.144,4.800,15.091
28313,0,2,1,0.000,51681,45127,3.144,4.800,15.091
28353,0,2,1,0.000,58019,54171,3.144,4.800,15.091
28393,0,2,1,0.000,60908,58192,3.144,4.700,14.777
28433,0,2,1,0.000,61650,58927,3.144,4.700,14.777
28473,0,2,1,0.000,62657,59866,3.144,4.500,14.148
28513,0,2,1,0.000,62270,59402,3.144,4.500,14.148
28553,0,2,1,0.000,61025,55388,3.144,4.500,14.148
28593,0,2,1,0.000,58385,50541,3.144,4.700,14.777
28633,0,2,1,0.000,43155,30751,3.144,4.700,14.777
28673,0,2,1,0.000,49548,39908,3.140,4.700,14.758
28713,0,2,1,0.000,66764,68427,3.140,4.700,14.758
28753,0,2,1,0.000,67347,69602,3.140,4.700,14.758
28793,0,2,1,0.000,54024,44554,3.148,4.700,14.796
28833,0,2,1,0.000,25305,19321,3.148,4.700,14.796
28873,0,2,1,0.000,34142,26514,3.144,4.500,14.148
28913,0,2,1,0.000,60321,55991,3.144,4.500,14.148
28953,0,2,1,0.000,63667,56537,3.144,4.500,14.148
28993,0,2,1,0.000,48547,37887,3.148,4.600,14.481
29033,0,2,1,0.000,28062,22669,3.148,4.600,14.481
29073,0,2,1,0.000,27589,21657,3.124,4.700,14.683
29113,0,2,1,0.000,31535,23404,3.124,4.700,14.683
29153,0,2,1,0.000,57760,49860,3.124,4.700,14.683
29193,0,2,1,0.000,62410,52427,3.172,4.700,14.908
29233,0,2,1,0.000,36752,29864,3.172,4.700,14.908
29273,0,2,1,0.000,38058,30881,3.172,4.500,14.274
29313,0,2,1,0.000,64809,58118,3.172,4.500,14.274
29353,0,2,1,0.000,65892,56487,3.172,4.500,14.274
29393,0,2,1,0.000,45944,40458,3.168,4.600,14.573
29433,0,2,1,0.000,10755,9643,3.168,4.600,14.573
29473,0,2,1,0.000,9720,9290,3.176,4.400,13.974
29513,0,2,1,0.000,28342,29394,3.176,4.400,13.974
29553,0,2,1,0.000,20796,21249,3.176,4.400,13.974
29593,0,2,1,0.000,5397,5383,3.184,4.700,14.965
29633,0,2,1,0.000,6389,6363,3.184,4.700,14.965
29673,0,2,1,0.000,34324,32547,3.156,4.600,14.518
29713,0,2,1,0.000,63070,55674,3.156,4.600,14.518
29753,0,2,1,0.000,57224,51501,3.156,4.600,14.518
29793,0,2,1,0.000,48837,43749,3.180,4.600,14.628
29833,0,2,1,0.000,24800,22299,3.180,4.600,14.628
29873,0,2,1,0.000,23097,20479,3.184,4.600,14.646
29913,0,2,1,0.000,63825,58637,3.184,4.600,14.646
29953,0,2,1,0.000,68024,62103,3.184,4.600,14.646
29993,0,2,1,0.000,58079,50404,3.184,4.600,14.646
30033,0,2,1,0.000,21109,18815,3.184,4.600,14.646
30073,0,2,1,0.000,10647,9545,3.184,4.500,14.328
30113,0,2,1,0.000,51854,50825,3.184,4.500,14.328
30153,0,2,1,0.000,59956,51948,3.184,4.500,14.328
30193,0,2,1,0.000,19367,16290,3.180,4.700,14.946
30233,0,2,1,0.000,4288,3865,3.180,4.700,14.946
30273,0,2,1,0.000,21359,18370,3.176,4.700,14.927
30313,0,2,1,0.000,59835,59855,3.176,4.700,14.927
30353,0,2,1,0.000,52537,44379,3.176,4.700,14.927
30393,0,2,1,0.000,12239,10312,3.176,4.700,14.927
30433,0,2,1,0.000,8229,6877,3.176,4.700,14.927
30473,0,2,1,0.000,15717,13137,3.176,4.600,14.610
30513,0,2,1,0.000,12053,10546,3.176,4.600,14.610
30553,0,2,1,0.000,7604,7002,3.176,4.600,14.610
30593,0,2,1,0.000,4526,4293,3.180,4.400,13.992
30633,0,2,1,0.000,8617,7385,3.180,4.400,13.992
30673,0,2,1,0.000,44668,36370,3.180,4.400,13.992
30713,0,2,1,0.000,60752,49838,3.180,4.400,13.992
30753,0,2,1,0.000,68479,59943,3.180,4.400,13.992
30793,0,2,1,0.000,68890,61116,3.180,4.600,14.628
30833,0,2,1,0.000,65268,54880,3.180,4.600,14.628
30873,0,2,1,0.000,54758,45990,3.184,4.400,14.010
30913,0,2,1,0.000,34388,29141,3.184,4.400,14.010
30953,0,2,1,0.000,12207,11313,3.184,4.400,14.010
30993,0,2,1,0.000,12389,12714,3.180,4.700,14.946
31033,0,2,1,0.000,16477,16816,3.180,4.700,14.946
31073,0,2,1,0.000,15851,15784,3.180,4.600,14.628
31113,0,2,1,0.000,33971,34951,3.180,4.600,14.628
31153,0,2,1,0.000,46558,48195,3.180,4.600,14.628
31193,0,2,1,0.000,42419,44622,3.180,4.200,13.356
31233,0,2,1,0.000,35271,35589,3.180,4.200,13.356
31273,0,2,1,0.000,39947,39404,3.180,4.600,14.628
31313,0,2,1,0.000,52687,50915,3.180,4.600,14.628
31353,0,2,1,0.000,54410,51612,3.180,4.600,14.628
31393,0,2,1,0.000,43917,39324,3.180,4.600,14.628
31433,0,2,1,0.000,52287,45420,3.180,4.600,14.628
31473,0,2,1,0.000,70908,62116,3.184,4.500,14.328
31513,0,2,1,0.000,67042,56659,3.184,4.500,14.328
31553,0,2,1,0.000,58113,47830,3.184,4.500,14.328
31593,0,2,1,0.000,59338,59300,3.180,4.600,14.628
31633,0,2,1,0.000,61097,63629,3.180,4.600,14.628
31673,0,2,1,0.000,65607,71420,3.180,4.700,14.946
31713,0,2,1,0.000,69589,79479,3.180,4.700,14.946
31753,0,2,1,0.000,70641,81439,3.180,4.700,14.946
31793,0,2,1,0.000,71153,81996,3.176,4.800,15.245
31833,0,2,1,0.000,71329,82383,3.176,4.800,15.245
31873,0,2,1,0.000,71068,82043,3.176,4.900,15.562
31913,0,2,1,0.000,66436,70205,3.176,4.900,15.562
31953,0,2,1,0.000,41548,32778,3.176,4.900,15.562
31993,0,2,1,0.000,5629,3698,3.180,4.600,14.628
32033,0,2,1,0.000,11755,8144,3.180,4.600,14.628
32073,0,2,1,0.000,49979,46707,3.180,4.400,13.992
32113,0,2,1,0.000,70413,80930,3.180,4.400,13.992
32153,0,2,1,0.000,72305,85237,3.180,4.400,13.992
32193,0,2,1,0.000,72471,85929,3.176,4.700,14.927
32233,0,2,1,0.000,72731,86863,3.176,4.700,14.927
32273,0,2,1,0.000,72887,87579,3.176,4.900,15.562
32313,0,2,1,0.000,73170,88070,3.176,4.900,15.562
32353,0,2,1,0.000,73340,88428,3.176,4.900,15.562
32393,0,2,1,0.000,73456,88802,3.176,4.500,14.292
32433,0,2,1,0.000,73694,89396,3.176,4.500,14.292
32473,0,2,1,0.000,73742,89614,3.180,4.700,14.946
32513,0,2,1,0.000,73803,89854,3.180,4.700,14.946
32553,0,2,1,0.000,73652,89682,3.180,4.700,14.946
32593,0,2,1,0.000,73406,89330,3.180,4.700,14.946
32633,0,2,1,0.000,73187,88974,3.180,4.700,14.946
32673,0,2,1,0.000,73099,88740,3.176,4.800,15.245
32713,0,2,1,0.000,73220,88914,3.176,4.800,15.245
32753,0,2,1,0.000,73288,88946,3.176,4.800,15.245
32793,0,2,1,0.000,73074,88500,3.180,4.800,15.264
32833,0,2,1,0.000,72780,87962,3.180,4.800,15.264
32873,0,2,1,0.000,72660,87740,3.180,4.700,14.946
32913,0,2,1,0.000,72496,87649,3.180,4.700,14.946
32953,0,2,1,0.000,71508,86624,3.180,4.700,14.946
32993,0,2,1,0.000,70937,85847,3.176,4.700,14.927
33033,0,2,1,0.000,69347,80196,3.176,4.700,14.927
33073,0,2,1,0.000,20178,22031,3.176,4.600,14.610
33113,0,2,1,0.000,16461,14678,3.176,4.600,14.610
33153,0,2,1,0.000,55819,52747,3.176,4.600,14.610
33193,0,2,1,0.000,62097,65652,3.176,4.700,14.927
33233,0,2,1,0.000,67297,76046,3.176,4.700,14.927
33273,0,2,1,0.000,69381,80345,3.180,4.500,14.310
33313,0,2,1,0.000,69668,81234,3.180,4.500,14.310
33353,0,2,1,0.000,69627,81571,3.180,4.500,14.310
33393,0,2,1,0.000,69572,81747,3.176,4.900,15.562
33433,0,2,1,0.000,69544,81816,3.176,4.900,15.562
33473,0,2,1,0.000,69679,81807,3.176,4.800,15.245
33513,0,2,1,0.000,69924,82264,3.176,4.800,15.245
33553,0,2,1,0.000,69922,82342,3.176,4.800,15.245
33593,0,2,1,0.000,69025,77833,3.180,4.800,15.264
33633,0,2,1,0.000,24035,22292,3.180,4.800,15.264
33673,0,2,1,0.000,9089,6981,3.180,4.800,15.264
33713,0,2,1,0.000,13779,10367,3.180,4.800,15.264
33753,0,2,1,0.000,45408,39997,3.180,4.800,15.264
33793,0,2,1,0.000,66672,72015,3.180,4.400,13.992
33833,0,2,1,0.000,72085,80739,3.180,4.400,13.992
33873,0,2,1,0.000,73936,83041,3.176,4.900,15.562
33913,0,2,1,0.000,67644,73632,3.176,4.900,15.562
33953,0,2,1,0.000,47754,39607,3.176,4.900,15.562
33993,0,2,1,0.000,50673,44698,3.176,4.400,13.974
34033,0,2,1,0.000,47109,39781,3.176,4.400,13.974
34073,0,2,1,0.000,25592,19316,3.176,4.600,14.610
34113,0,2,1,0.000,21960,16383,3.176,4.600,14.610
34153,0,2,1,0.000,34357,28474,3.176,4.600,14.610
34193,0,2,1,0.000,57038,58507,3.164,4.400,13.922
34233,0,2,1,0.000,58602,61281,3.164,4.400,13.922
34273,0,2,1,0.000,47370,44338,3.164,4.700,14.871
34313,0,2,1,0.000,39393,34423,3.164,4.700,14.871
34353,0,2,1,0.000,33730,28318,3.164,4.700,14.871
34393,0,2,1,0.000,35361,30152,3.172,4.700,14.908
34433,0,2,1,0.000,38253,33318,3.172,4.700,14.908
34473,0,2,1,0.000,36576,31516,3.172,4.700,14.908
34513,0,2,1,0.000,36167,31043,3.172,4.700,14.908
34553,0,2,1,0.000,30933,25498,3.172,4.700,14.908
34593,0,2,1,0.000,21945,16483,3.176,4.600,14.610
34633,0,2,1,0.000,15695,9720,3.176,4.600,14.610
34673,0,2,1,0.000,21819,13489,3.176,4.600,14.610
34713,0,2,1,0.000,34586,25130,3.176,4.600,14.610
34753,0,2,1,0.000,55238,54663,3.176,4.600,14.610
34793,0,2,1,0.000,60624,63504,3.172,4.800,15.226
34833,0,2,1,0.000,62845,67193,3.172,4.800,15.226
34873,0,2,1,0.000,60361,62987,3.176,4.800,15.245
34913,0,2,1,0.000,59215,61214,3.176,4.800,15.245
34953,0,2,1,0.000,60529,63344,3.176,4.800,15.245
34993,0,2,1,0.000,61931,65892,3.172,4.500,14.274
35033,0,2,1,0.000,63264,68304,3.172,4.500,14.274
35073,0,2,1,0.000,62498,66893,3.176,4.500,14.292
35113,0,2,1,0.000,57910,59987,3.176,4.500,14.292
35153,0,2,1,0.000,42177,41181,3.176,4.500,14.292
35193,0,2,1,0.000,5656,6852,3.176,4.900,15.562
35233,0,2,1,0.000,11212,13673,3.176,4.900,15.562
35273,0,2,1,0.000,49163,52206,3.176,4.600,14.610
35313,0,2,1,0.000,64640,63565,3.176,4.600,14.610
35354,0,2,1,0.000,61645,61130,3.176,4.600,14.610
35393,0,2,1,0.000,58318,58345,3.172,4.600,14.591
35433,0,2,1,0.000,56731,57082,3.172,4.600,14.591
35473,0,2,1,0.000,56128,56755,3.172,4.500,14.274
35513,0,2,1,0.000,56093,56893,3.172,4.500,14.274
35553,0,2,1,0.000,56288,57034,3.172,4.500,14.274
35593,0,2,1,0.000,57875,58319,3.176,4.600,14.610
35633,0,2,1,0.000,60742,60714,3.176,4.600,14.610
35673,0,2,1,0.000,63383,62669,3.176,4.500,14.292
35713,0,2,1,0.000,51289,51321,3.176,4.500,14.292
35753,0,2,1,0.000,13751,15713,3.176,4.500,14.292
35793,0,2,1,0.000,7430,8854,3.176,4.700,14.927
35833,0,2,1,0.000,12116,14000,3.176,4.700,14.927
35874,0,2,1,0.000,51425,50981,3.176,4.600,14.610
35913,0,2,1,0.000,58322,58739,3.176,4.600,14.610
35953,0,2,1,0.000,57671,59116,3.176,4.600,14.610
35994,0,2,1,0.000,58534,59756,3.176,4.400,13.974
36033,0,2,1,0.000,59946,60703,3.176,4.400,13.974
36074,0,2,1,0.000,62000,61518,3.176,4.700,14.927
36114,0,2,1,0.000,68632,64196,3.176,4.700,14.927
36153,0,2,1,0.000,71693,64643,3.176,4.700,14.927
36194,0,2,1,0.000,67788,61714,3.176,4.600,14.610
36234,0,2,1,0.000,67844,61919,3.176,4.600,14.610
36273,0,2,1,0.000,64913,60724,3.176,4.900,15.562
36314,0,2,1,0.000,66849,60558,3.176,4.900,15.562
36354,0,2,1,0.000,65586,59077,3.176,4.900,15.562
36393,0,2,1,0.000,64783,58267,3.176,4.400,13.974
36434,0,2,1,0.000,61317,52809,3.176,4.400,13.974
36473,0,2,1,0.000,49661,38572,3.184,4.700,14.965
36514,0,2,1,0.000,50333,40119,3.184,4.700,14.965
36554,0,2,1,0.000,48716,37475,3.184,4.700,14.965
36593,0,2,1,0.000,46086,33859,3.184,4.600,14.646
36634,0,2,1,0.000,27465,17009,3.184,4.600,14.646
36673,0,2,1,0.000,31828,20823,3.180,4.700,14.946
36714,0,2,1,0.000,33393,21900,3.180,4.700,14.946
36754,0,2,1,0.000,13535,7978,3.180,4.700,14.946
36793,0,2,1,0.000,2370,1627,3.176,4.300,13.657
36834,0,2,1,0.000,1953,1421,3.176,4.300,13.657
36874,0,2,1,0.000,2311,1652,3.156,4.600,14.518
36913,0,2,1,0.000,2348,1590,3.156,4.600,14.518
36954,0,2,1,0.000,2265,1496,3.156,4.600,14.518
36994,0,2,1,0.000,15288,9895,3.180,4.400,13.992
37033,0,2,1,0.000,28876,20042,3.180,4.400,13.992
37074,0,2,1,0.000,31493,22471,3.172,4.700,14.908
37114,0,2,1,0.000,24135,15208,3.172,4.700,14.908
37153,0,2,1,0.000,7205,4071,3.172,4.700,14.908
37194,0,2,1,0.000,27385,20618,3.176,4.600,14.610
37234,0,2,1,0.000,49317,43569,3.176,4.600,14.610
37274,0,2,1,0.000,39640,32008,3.152,4.500,14.184
37314,0,2,1,0.000,3480,2298,3.152,4.500,14.184
37354,0,2,1,0.000,1839,1453,3.152,4.500,14.184
37394,0,2,1,0.000,3095,2274,3.168,4.600,14.573
37434,0,2,1,0.000,52314,50163,3.168,4.600,14.573
37474,0,2,1,0.000,59347,59330,3.136,4.500,14.112
37514,0,2,1,0.000,28808,21554,3.136,4.500,14.112
37554,0,2,1,0.000,2623,2039,3.136,4.500,14.112
37594,0,2,1,0.000,1959,1606,3.180,4.500,14.310
37634,0,2,1,0.000,2019,1610,3.180,4.500,14.310
37674,0,2,1,0.000,3245,2364,3.176,4.700,14.927
37714,0,2,1,0.000,14723,10156,3.176,4.700,14.927
37754,0,2,1,0.000,18566,13267,3.176,4.700,14.927
37794,0,2,1,0.000,60217,59144,3.172,4.600,14.591
37834,0,2,1,0.000,61490,64046,3.172,4.600,14.591
37874,0,2,1,0.000,61901,64829,3.172,4.800,15.226
37914,0,2,1,0.000,61371,63817,3.172,4.800,15.226
37954,0,2,1,0.000,60577,62601,3.172,4.800,15.226
37994,0,2,1,0.000,47332,39717,3.172,4.600,14.591
38034,0,2,1,0.000,12584,8233,3.172,4.600,14.591
38074,0,2,1,0.000,9491,6540,3.172,4.700,14.908
38114,0,2,1,0.000,15122,10938,3.172,4.700,14.908
38154,0,2,1,0.000,38325,28206,3.172,4.700,14.908
38194,0,2,1,0.000,56351,44585,3.176,4.500,14.292
38234,0,2,1,0.000,59441,47174,3.176,4.500,14.292
38274,0,2,1,0.000,61821,55362,3.172,4.500,14.274
38314,0,2,1,0.000,53178,42829,3.172,4.500,14.274
38354,0,2,1,0.000,52760,42855,3.172,4.500,14.274
38394,0,2,1,0.000,59456,51297,3.176,4.400,13.974
38434,0,2,1,0.000,57652,57370,3.176,4.400,13.974
38474,0,2,1,0.000,57821,57938,3.176,4.400,13.974
38514,0,2,1,0.000,57424,56428,3.176,4.400,13.974
38554,0,2,1,0.000,57700,57815,3.176,4.400,13.974
38594,0,2,1,0.000,54307,52217,3.172,4.600,14.591
38634,0,2,1,0.000,41000,31715,3.172,4.600,14.591
38674,0,2,1,0.000,50992,42750,3.172,4.700,14.908
38714,0,2,1,0.000,32715,21777,3.172,4.700,14.908
38754,0,2,1,0.000,27143,17376,3.172,4.700,14.908
38794,0,2,1,0.000,29261,19454,3.172,4.500,14.274
38834,0,2,1,0.000,33776,23019,3.172,4.500,14.274
38874,0,2,1,0.000,35192,24101,3.172,4.700,14.908
38914,0,2,1,0.000,41592,29970,3.172,4.700,14.908
38954,0,2,1,0.000,46148,33676,3.172,4.700,14.908
38994,0,2,1,0.000,46220,33535,3.172,4.600,14.591
39034,0,2,1,0.000,49689,37968,3.172,4.600,14.591
39074,0,2,1,0.000,50312,38288,3.168,4.800,15.206
39114,0,2,1,0.000,50650,38508,3.168,4.800,15.206
39154,0,2,1,0.000,48597,37092,3.168,4.800,15.206
39194,0,2,1,0.000,44594,33877,3.168,4.600,14.573
39234,0,2,1,0.000,48331,39536,3.168,4.600,14.573
39274,0,2,1,0.000,50067,41562,3.168,4.800,15.206
39314,0,2,1,0.000,51485,41219,3.168,4.800,15.206
39354,0,2,1,0.000,43016,31617,3.168,4.800,15.206
39394,0,2,1,0.000,39191,28680,3.160,4.700,14.852
39434,0,2,1,0.000,47000,36245,3.160,4.700,14.852
39474,0,2,1,0.000,49243,38736,3.160,4.600,14.536
39514,0,2,1,0.000,52448,44055,3.160,4.600,14.536
39554,0,2,1,0.000,57271,51801,3.160,4.600,14.536
39594,0,2,1,0.000,61541,62002,3.148,4.800,15.110
39634,0,2,1,0.000,63755,68891,3.148,4.800,15.110
39674,0,2,1,0.000,64707,72631,3.152,4.600,14.499
39714,0,2,1,0.000,64978,73920,3.152,4.600,14.499
39754,0,2,1,0.000,65221,74852,3.152,4.600,14.499
39794,0,2,1,0.000,65406,75754,3.152,4.600,14.499
39834,0,2,1,0.000,65128,75684,3.152,4.600,14.499
39874,0,2,1,0.000,64635,74668,3.104,4.700,14.589
39914,0,2,1,0.000,64248,73769,3.104,4.700,14.589
39954,0,2,1,0.000,63964,73152,3.104,4.700,14.589
39994,0,2,1,0.000,63617,72260,3.112,4.700,14.626
40034,0,2,1,0.000,62684,70004,3.112,4.700,14.626
40074,0,2,1,0.000,60715,64603,3.116,4.700,14.645
40114,0,2,1,0.000,58024,57391,3.116,4.700,14.645
40154,0,2,1,0.000,55931,52113,3.116,4.700,14.645
40194,0,2,1,0.000,54084,48446,3.116,4.800,14.957
40234,0,2,1,0.000,52754,46333,3.116,4.800,14.957
40274,0,2,1,0.000,53243,46248,3.116,4.800,14.957
40314,0,2,1,0.000,40278,32921,3.116,4.800,14.957
40354,0,2,1,0.000,26713,22097,3.116,4.800,14.957
40394,0,2,1,0.000,41291,34198,3.116,4.700,14.645
40434,0,2,1,0.000,45101,36245,3.116,4.700,14.645
40474,0,2,1,0.000,43357,33304,3.116,4.600,14.334
40514,0,2,1,0.000,50035,38974,3.116,4.600,14.334
40554,0,2,1,0.000,63358,52913,3.116,4.600,14.334
40594,0,2,1,0.000,61647,51669,3.144,4.800,15.091
40634,0,2,1,0.000,59392,56342,3.144,4.800,15.091
40674,0,2,1,0.000,60665,64565,3.120,4.600,14.352
40714,0,2,1,0.000,65868,74330,3.120,4.600,14.352
40754,0,2,1,0.000,68570,80031,3.120,4.600,14.352
40794,0,2,1,0.000,69429,81581,3.124,4.400,13.746
40834,0,2,1,0.000,69705,81909,3.124,4.400,13.746
40874,0,2,1,0.000,69900,82080,3.124,4.600,14.370
40914,0,2,1,0.000,69901,82061,3.124,4.600,14.370
40954,0,2,1,0.000,68830,80226,3.124,4.600,14.370
40994,0,2,1,0.000,57800,62706,3.128,4.600,14.389
41034,0,2,1,0.000,42476,35381,3.128,4.600,14.389
41074,0,2,1,0.000,15542,12477,3.128,4.700,14.702
41114,0,2,1,0.000,7552,6457,3.128,4.700,14.702
41154,0,2,1,0.000,9802,8515,3.128,4.700,14.702
41194,0,2,1,0.000,21095,18215,3.124,4.700,14.683
41234,0,2,1,0.000,44318,39979,3.124,4.700,14.683
41274,0,2,1,0.000,53500,55901,3.128,4.700,14.702
41314,0,2,1,0.000,54472,58236,3.128,4.700,14.702
41354,0,2,1,0.000,52032,52863,3.128,4.700,14.702
41394,0,2,1,0.000,47651,42667,3.128,4.800,15.014
41434,0,2,1,0.000,46551,41877,3.128,4.800,15.014
41474,0,2,1,0.000,49089,45894,3.128,4.700,14.702
41514,0,2,1,0.000,50815,49346,3.128,4.700,14.702
41554,0,2,1,0.000,52807,53247,3.128,4.700,14.702
41594,0,2,1,0.000,54519,57506,3.128,4.800,15.014
41634,0,2,1,0.000,56761,65067,3.128,4.800,15.014
41674,0,2,1,0.000,58670,69758,3.128,4.500,14.076
41714,0,2,1,0.000,59504,71159,3.128,4.500,14.076
41754,0,2,1,0.000,58709,69892,3.128,4.500,14.076
41794,0,2,1,0.000,56431,59264,3.128,4.600,14.389
41834,0,2,1,0.000,44192,35792,3.128,4.600,14.389
41874,0,2,1,0.000,36632,27774,3.128,4.500,14.076
41914,0,2,1,0.000,43522,32040,3.128,4.500,14.076
41954,0,2,1,0.000,49481,37052,3.128,4.500,14.076
41994,0,2,1,0.000,59469,48265,3.128,4.500,14.076
42034,0,2,1,0.000,60979,52381,3.128,4.500,14.076
42074,0,2,1,0.000,59682,57960,3.128,4.800,15.014
42114,0,2,1,0.000,63014,70116,3.128,4.800,15.014
42154,0,2,1,0.000,66930,77809,3.128,4.800,15.014
42194,0,2,1,0.000,68241,80264,3.140,4.700,14.758
42234,0,2,1,0.000,68966,81292,3.140,4.700,14.758
42274,0,2,1,0.000,69026,81211,3.148,4.500,14.166
42314,0,2,1,0.000,69199,81462,3.148,4.500,14.166
42354,0,2,1,0.000,67872,79518,3.148,4.500,14.166
42394,0,2,1,0.000,43524,38769,3.168,4.000,12.672
42434,0,2,1,0.000,3206,2340,3.168,4.000,12.672
42474,0,2,1,0.000,3008,2240,3.152,4.800,15.130
42514,0,2,1,0.000,3992,2826,3.152,4.800,15.130
42554,0,2,1,0.000,5055,3356,3.152,4.800,15.130
42594,0,2,1,0.000,11046,7404,3.152,4.900,15.445
42634,0,2,1,0.000,34288,27214,3.152,4.900,15.445
42674,0,2,1,0.000,66813,70925,3.152,4.500,14.184
42714,0,2,1,0.000,70074,78690,3.152,4.500,14.184
42754,0,2,1,0.000,71784,82273,3.152,4.500,14.184
42794,0,2,1,0.000,73021,85058,3.152,4.800,15.130
42834,0,2,1,0.000,73471,86202,3.152,4.800,15.130
42874,0,2,1,0.000,73406,86408,3.156,4.700,14.833
42914,0,2,1,0.000,73251,86616,3.156,4.700,14.833
42954,0,2,1,0.000,73091,86417,3.156,4.700,14.833
42994,0,2,1,0.000,73188,86504,3.152,4.600,14.499
43034,0,2,1,0.000,73361,86651,3.152,4.600,14.499
43074,0,2,1,0.000,73379,86621,3.156,4.800,15.149
43114,0,2,1,0.000,73178,86440,3.156,4.800,15.149
43154,0,2,1,0.000,73123,86240,3.156,4.800,15.149
43194,0,2,1,0.000,73177,86276,3.152,4.700,14.814
43234,0,2,1,0.000,73222,86168,3.152,4.700,14.814
43274,0,2,1,0.000,73212,85957,3.156,4.700,14.833
43314,0,2,1,0.000,73144,85779,3.156,4.700,14.833
43354,0,2,1,0.000,72496,84605,3.156,4.700,14.833
43394,0,2,1,0.000,45957,42252,3.156,4.700,14.833
43434,0,2,1,0.000,24553,19638,3.156,4.700,14.833
43474,0,2,1,0.000,48367,43962,3.160,4.800,15.168
43514,0,2,1,0.000,58488,63398,3.160,4.800,15.168
43554,0,2,1,0.000,57556,63692,3.160,4.800,15.168
43594,0,2,1,0.000,57421,64654,3.156,4.700,14.833
43634,0,2,1,0.000,58005,66201,3.156,4.700,14.833
43674,0,2,1,0.000,57866,66544,3.156,4.900,15.464
43714,0,2,1,0.000,57638,66509,3.156,4.900,15.464
43754,0,2,1,0.000,57699,66417,3.156,4.900,15.464
43794,0,2,1,0.000,57369,65714,3.152,5.100,16.075
43834,0,2,1,0.000,56890,64700,3.152,5.100,16.075
43874,0,2,1,0.000,57484,64718,3.156,4.500,14.202
43914,0,2,1,0.000,60231,64415,3.156,4.500,14.202
43955,0,2,1,0.000,14172,14748,3.156,4.500,14.202
43994,0,2,1,0.000,31876,34585,3.156,4.600,14.518
44034,0,2,1,0.000,60658,60728,3.156,4.600,14.518
44074,0,2,1,0.000,56808,58338,3.156,4.700,14.833
44114,0,2,1,0.000,54905,59338,3.156,4.700,14.833
44154,0,2,1,0.000,58180,66053,3.156,4.700,14.833
44194,0,2,1,0.000,60805,70756,3.156,4.700,14.833
44234,0,2,1,0.000,62314,73345,3.156,4.700,14.833
44274,0,2,1,0.000,62978,74480,3.152,4.800,15.130
44314,0,2,1,0.000,63423,75164,3.152,4.800,15.130
44354,0,2,1,0.000,63824,75658,3.152,4.800,15.130
44394,0,2,1,0.000,62405,73429,3.156,4.600,14.518
44434,0,2,1,0.000,63151,68108,3.156,4.600,14.518
44474,0,2,1,0.000,45972,42777,3.160,4.700,14.852
44514,0,2,1,0.000,48483,41815,3.160,4.700,14.852
44554,0,2,1,0.000,42684,34612,3.160,4.700,14.852
44594,0,2,1,0.000,35809,28052,3.160,4.900,15.484
44634,0,2,1,0.000,38316,29344,3.160,4.900,15.484
44675,0,2,1,0.000,49974,39463,3.156,4.600,14.518
44714,0,2,1,0.000,60412,55524,3.156,4.600,14.518
44754,0,2,1,0.000,61990,62118,3.156,4.600,14.518
44795,0,2,1,0.000,62321,63094,3.160,4.600,14.536
44834,0,2,1,0.000,60713,60148,3.160,4.600,14.536
44875,0,2,1,0.000,53228,44592,3.160,4.400,13.904
44915,0,2,1,0.000,31364,22220,3.160,4.400,13.904
44954,0,2,1,0.000,21434,14645,3.160,4.400,13.904
44995,0,2,1,0.000,25678,17024,3.156,4.500,14.202
45035,0,2,1,0.000,46185,36606,3.156,4.500,14.202
45074,0,2,1,0.000,61228,60034,3.148,4.300,13.536
45115,0,2,1,0.000,66665,68280,3.148,4.300,13.536
45154,0,2,1,0.000,67032,69124,3.148,4.300,13.536
45194,0,2,1,0.000,64477,65696,3.144,4.400,13.834
45235,0,2,1,0.000,43413,34650,3.144,4.400,13.834
45274,0,2,1,0.000,20647,12414,3.144,4.400,13.834
45315,0,2,1,0.000,10779,6027,3.144,4.400,13.834
45355,0,2,1,0.000,22054,14029,3.144,4.400,13.834
45394,0,2,1,0.000,46058,38635,3.148,4.700,14.796
45435,0,2,1,0.000,58044,55042,3.148,4.700,14.796
45474,0,2,1,0.000,63455,63721,3.140,4.700,14.758
45515,0,2,1,0.000,68176,71320,3.140,4.700,14.758
45555,0,2,1,0.000,69116,73159,3.140,4.700,14.758
45594,0,2,1,0.000,68578,72461,3.144,4.600,14.462
45635,0,2,1,0.000,61549,62166,3.144,4.600,14.462
45674,0,2,1,0.000,16833,11267,3.148,4.800,15.110
45714,0,2,1,0.000,2722,1907,3.148,4.800,15.110
45755,0,2,1,0.000,4647,3439,3.148,4.800,15.110
45794,0,2,1,0.000,52338,52092,3.144,4.500,14.148
45834,0,2,1,0.000,68232,75342,3.144,4.500,14.148
45875,0,2,1,0.000,69467,78110,3.144,4.800,15.091
45914,0,2,1,0.000,70001,79033,3.144,4.800,15.091
45955,0,2,1,0.000,66555,68615,3.144,4.800,15.091
45995,0,2,1,0.000,12897,12242,3.148,4.700,14.796
46034,0,2,1,0.000,2368,2305,3.148,4.700,14.796
46075,0,2,1,0.000,7916,7381,3.148,4.400,13.851
46114,0,2,1,0.000,60983,66009,3.148,4.400,13.851
46154,0,2,1,0.000,64849,74932,3.148,4.400,13.851
46195,0,2,1,0.000,64982,75747,3.152,4.800,15.130
46234,0,2,1,0.000,55863,55088,3.152,4.800,15.130
46275,0,2,1,0.000,4796,4349,3.148,4.700,14.796
46315,0,2,1,0.000,2778,2590,3.148,4.700,14.796
46354,0,2,1,0.000,23711,23141,3.148,4.700,14.796
46395,0,2,1,0.000,60539,65329,3.148,4.800,15.110
46435,0,2,1,0.000,60653,65627,3.148,4.800,15.110
46475,0,2,1,0.000,44739,42174,3.148,4.700,14.796
46515,0,2,1,0.000,4035,3768,3.148,4.700,14.796
46555,0,2,1,0.000,2506,2362,3.148,4.700,14.796
46595,0,2,1,0.000,5932,5637,3.148,4.800,15.110
46635,0,2,1,0.000,58799,60644,3.148,4.800,15.110
46675,0,2,1,0.000,59863,64115,3.152,4.500,14.184
46715,0,2,1,0.000,65991,63121,3.152,4.500,14.184
46755,0,2,1,0.000,15373,12809,3.152,4.500,14.184
46795,0,2,1,0.000,2530,2301,3.156,4.600,14.518
46835,0,2,1,0.000,8121,7409,3.156,4.600,14.518
46875,0,2,1,0.000,60137,63119,3.156,4.500,14.202
46915,0,2,1,0.000,60424,65283,3.156,4.500,14.202
46955,0,2,1,0.000,64665,59687,3.156,4.500,14.202
46994,0,2,1,0.000,12461,7965,3.164,4.600,14.554
47035,0,2,1,0.000,2711,2436,3.164,4.600,14.554
47075,0,2,1,0.000,23104,22150,3.164,4.800,15.187
47115,0,2,1,0.000,62288,67277,3.164,4.800,15.187
47155,0,2,1,0.000,62135,67708,3.164,4.800,15.187
47195,0,2,1,0.000,49294,46067,3.160,4.500,14.220
47235,0,2,1,0.000,4523,4234,3.160,4.500,14.220
47275,0,2,1,0.000,5505,5077,3.160,4.500,14.220
47315,0,2,1,0.000,52320,51522,3.160,4.500,14.220
47355,0,2,1,0.000,62213,67415,3.160,4.500,14.220
47395,0,2,1,0.000,64186,71470,3.160,4.700,14.852
47435,0,2,1,0.000,64174,71087,3.160,4.700,14.852
47475,0,2,1,0.000,50096,44889,3.156,4.500,14.202
47515,0,2,1,0.000,17284,14071,3.156,4.500,14.202
47555,0,2,1,0.000,7512,6181,3.156,4.500,14.202
47595,0,2,1,0.000,38924,32143,3.160,4.400,13.904
47635,0,2,1,0.000,71718,77073,3.160,4.400,13.904
47675,0,2,1,0.000,76677,86949,3.160,4.700,14.852
47715,0,2,1,0.000,77496,88606,3.160,4.700,14.852
47755,0,2,1,0.000,77811,89362,3.160,4.700,14.852
47795,0,2,1,0.000,77962,89725,3.156,4.700,14.833
47835,0,2,1,0.000,77987,89786,3.156,4.700,14.833
47875,0,2,1,0.000,77522,89113,3.160,4.600,14.536
47915,0,2,1,0.000,75753,85356,3.160,4.600,14.536
47955,0,2,1,0.000,71261,77843,3.160,4.600,14.536
47995,0,2,1,0.000,53372,46071,3.160,4.600,14.536
48035,0,2,1,0.000,12717,9860,3.160,4.600,14.536
48075,0,2,1,0.000,17840,13749,3.156,4.700,14.833
48115,0,2,1,0.000,60323,59096,3.156,4.700,14.833
48155,0,2,1,0.000,69150,73014,3.156,4.700,14.833
48195,0,2,1,0.000,70375,75468,3.152,4.700,14.814
48235,0,2,1,0.000,69134,73062,3.152,4.700,14.814
48275,0,2,1,0.000,67359,70789,3.160,4.600,14.536
48315,0,2,1,0.000,65586,68813,3.160,4.600,14.536
48355,0,2,1,0.000,66443,69461,3.160,4.600,14.536
48395,0,2,1,0.000,65930,69049,3.172,4.600,14.591
48435,0,2,1,0.000,63206,63712,3.172,4.600,14.591
48475,0,2,1,0.000,63357,64974,3.168,4.500,14.256
48515,0,2,1,0.000,61535,65253,3.168,4.500,14.256
48555,0,2,1,0.000,60221,64335,3.168,4.500,14.256
48595,0,2,1,0.000,66252,60903,3.168,4.600,14.573
48635,0,2,1,0.000,22741,20190,3.168,4.600,14.573
48675,0,2,1,0.000,12930,12998,3.172,4.900,15.543
48715,0,2,1,0.000,7940,9128,3.172,4.900,15.543
48755,0,2,1,0.000,8549,9363,3.172,4.900,15.543
48795,0,2,1,0.000,15059,14305,3.176,4.500,14.292
48835,0,2,1,0.000,12126,10016,3.176,4.500,14.292
48875,0,2,1,0.000,6805,4788,3.172,4.700,14.908
48915,0,2,1,0.000,4936,3218,3.172,4.700,14.908
48955,0,2,1,0.000,3417,2169,3.172,4.700,14.908
48995,0,2,1,0.000,1935,1403,3.168,4.400,13.939
49035,0,2,1,0.000,1801,1351,3.168,4.400,13.939
49075,0,2,1,0.000,20219,18238,3.172,4.800,15.226
49115,0,2,1,0.000,62000,64827,3.172,4.800,15.226
49155,0,2,1,0.000,65056,70871,3.172,4.800,15.226
49195,0,2,1,0.000,66355,74183,3.164,4.700,14.871
49235,0,2,1,0.000,66187,73845,3.164,4.700,14.871
49275,0,2,1,0.000,64671,70563,3.172,4.600,14.591
49315,0,2,1,0.000,63246,67900,3.172,4.600,14.591
49355,0,2,1,0.000,65182,71357,3.172,4.600,14.591
49395,0,2,1,0.000,67169,75440,3.172,4.700,14.908
49435,0,2,1,0.000,67367,76218,3.172,4.700,14.908
49475,0,2,1,0.000,67534,76845,3.164,4.700,14.871
49515,0,2,1,0.000,67820,77456,3.164,4.700,14.871
49555,0,2,1,0.000,66496,74891,3.164,4.700,14.871
49595,0,2,1,0.000,22758,15501,3.172,4.600,14.591
49635,0,2,1,0.000,1659,1409,3.172,4.600,14.591
49675,0,2,1,0.000,1396,1196,3.168,4.900,15.523
49715,0,2,1,0.000,1599,1346,3.168,4.900,15.523
49755,0,2,1,0.000,2617,2009,3.168,4.900,15.523
49795,0,2,1,0.000,3020,2252,3.164,4.600,14.554
49835,0,2,1,0.000,3581,2676,3.164,4.600,14.554
49875,0,2,1,0.000,28084,24590,3.172,4.900,15.543
49915,0,2,1,0.000,74100,80457,3.172,4.900,15.543
49955,0,2,1,0.000,75568,84376,3.172,4.900,15.543
49995,0,2,1,0.000,76239,85477,3.168,4.700,14.890
50035,0,2,1,0.000,76538,86214,3.168,4.700,14.890
50075,0,2,1,0.000,76796,86721,3.168,4.600,14.573
50115,0,2,1,0.000,77144,87200,3.168,4.600,14.573
50155,0,2,1,0.000,77211,87470,3.168,4.600,14.573
50195,0,2,1,0.000,77182,87742,3.168,4.700,14.890
50235,0,2,1,0.000,73740,82768,3.168,4.700,14.890
50275,0,2,1,0.000,36774,31178,3.168,4.600,14.573
50315,0,2,1,0.000,57683,57616,3.168,4.600,14.573
50355,0,2,1,0.000,74541,84847,3.168,4.600,14.573
50395,0,2,1,0.000,75428,86889,3.168,4.400,13.939
50435,0,2,1,0.000,75144,86449,3.168,4.400,13.939
50475,0,2,1,0.000,55466,51107,3.168,4.600,14.573
50515,0,2,1,0.000,20890,17000,3.168,4.600,14.573
50555,0,2,1,0.000,60928,62263,3.168,4.600,14.573
50595,0,2,1,0.000,72313,81136,3.168,4.800,15.206
50635,0,2,1,0.000,72539,81352,3.168,4.800,15.206
50675,0,2,1,0.000,71737,79446,3.172,4.500,14.274
50715,0,2,1,0.000,71129,78227,3.172,4.500,14.274
50755,0,2,1,0.000,70526,77106,3.172,4.500,14.274
50795,0,2,1,0.000,68163,73954,3.168,4.700,14.890
50835,0,2,1,0.000,65581,70129,3.168,4.700,14.890
50875,0,2,1,0.000,64439,67047,3.172,4.700,14.908
50915,0,2,1,0.000,61962,62733,3.172,4.700,14.908
50955,0,2,1,0.000,58239,49737,3.172,4.700,14.908
50995,0,2,1,0.000,50492,39193,3.172,4.800,15.226
51035,0,2,1,0.000,33979,24971,3.172,4.800,15.226
51075,0,2,1,0.000,33967,24805,3.168,4.800,15.206
51115,0,2,1,0.000,38377,27992,3.168,4.800,15.206
51155,0,2,1,0.000,46100,34185,3.168,4.800,15.206
51195,0,2,1,0.000,49331,37937,3.168,4.800,15.206
51235,0,2,1,0.000,53734,45418,3.168,4.800,15.206
51275,0,2,1,0.000,52162,43925,3.172,4.500,14.274
51315,0,2,1,0.000,51554,44826,3.172,4.500,14.274
51355,0,2,1,0.000,51420,46118,3.172,4.500,14.274
51395,0,2,1,0.000,50531,43043,3.168,4.900,15.523
51435,0,2,1,0.000,47950,37481,3.168,4.900,15.523
51475,0,2,1,0.000,32424,22299,3.164,4.800,15.187
51515,0,2,1,0.000,21626,15971,3.164,4.800,15.187
51555,0,2,1,0.000,29217,23939,3.164,4.800,15.187
51595,0,2,1,0.000,26205,23472,3.168,4.700,14.890
51635,0,2,1,0.000,19433,19194,3.168,4.700,14.890
51675,0,2,1,0.000,22841,23963,3.168,4.700,14.890
51715,0,2,1,0.000,27587,29111,3.168,4.700,14.890
51755,0,2,1,0.000,34536,34269,3.168,4.700,14.890
51795,0,2,1,0.000,45098,41831,3.168,4.700,14.890
51835,0,2,1,0.000,44478,39863,3.168,4.700,14.890
51875,0,2,1,0.000,54135,47207,3.168,4.800,15.206
51915,0,2,1,0.000,66978,57970,3.168,4.800,15.206
51955,0,2,1,0.000,61697,52727,3.168,4.800,15.206
51995,0,2,1,0.000,55911,46610,3.168,4.900,15.523
52035,0,2,1,0.000,53074,43137,3.168,4.900,15.523
52075,0,2,1,0.000,35412,27507,3.168,4.700,14.890
52115,0,2,1,0.000,30559,22954,3.168,4.700,14.890
52155,0,2,1,0.000,27110,20229,3.168,4.700,14.890
52195,0,2,1,0.000,41672,32569,3.172,4.700,14.908
52235,0,2,1,0.000,65536,65852,3.172,4.700,14.908
52275,0,2,1,0.000,70333,77025,3.168,4.900,15.523
52315,0,2,1,0.000,73388,83583,3.168,4.900,15.523
52355,0,2,1,0.000,74657,86506,3.168,4.900,15.523
52395,0,2,1,0.000,75727,89228,3.168,4.500,14.256
52435,0,2,1,0.000,76364,90792,3.168,4.500,14.256
52475,0,2,1,0.000,76569,91465,3.168,4.400,13.939
52515,0,2,1,0.000,76707,91820,3.168,4.400,13.939
52555,0,2,1,0.000,76789,92047,3.168,4.400,13.939
52595,0,2,1,0.000,76929,92421,3.164,4.600,14.554
52635,0,2,1,0.000,77029,92781,3.164,4.600,14.554
52675,0,2,1,0.000,77130,93032,3.164,4.800,15.187
52715,0,2,1,0.000,77104,93120,3.164,4.800,15.187
52755,0,2,1,0.000,77127,93185,3.164,4.800,15.187
52795,0,2,1,0.000,77107,93168,3.164,4.800,15.187
52835,0,2,1,0.000,77143,93217,3.164,4.800,15.187
52875,0,2,1,0.000,77148,93261,3.164,4.600,14.554
52915,0,2,1,0.000,77186,93340,3.164,4.600,14.554
52955,0,2,1,0.000,77237,93411,3.164,4.600,14.554
52995,0,2,1,0.000,77233,93421,3.164,4.800,15.187
53035,0,2,1,0.000,77216,93439,3.164,4.800,15.187
53075,0,2,1,0.000,77263,93493,3.164,4.700,14.871
53115,0,2,1,0.000,77240,93493,3.164,4.700,14.871
53155,0,2,1,0.000,77209,93408,3.164,4.700,14.871
53195,0,2,1,0.000,77085,93040,3.168,4.900,15.523
53235,0,2,1,0.000,76973,92725,3.168,4.900,15.523
53275,0,2,1,0.000,76948,92727,3.164,4.800,15.187
53315,0,2,1,0.000,76924,92689,3.164,4.800,15.187
53355,0,2,1,0.000,76906,92685,3.164,4.800,15.187
53395,0,2,1,0.000,76865,92608,3.164,4.700,14.871
53435,0,2,1,0.000,76715,92367,3.164,4.700,14.871
53475,0,2,1,0.000,76639,92245,3.164,4.700,14.871
53515,0,2,1,0.000,76541,92094,3.164,4.700,14.871
53555,0,2,1,0.000,76447,91971,3.164,4.700,14.871
53595,0,2,1,0.000,76448,91897,3.168,4.600,14.573
53635,0,2,1,0.000,76579,91973,3.168,4.600,14.573
53675,0,2,1,0.000,76602,92002,3.164,4.600,14.554
53715,0,2,1,0.000,76562,91966,3.164,4.600,14.554
53755,0,2,1,0.000,76179,91475,3.164,4.600,14.554
53795,0,2,1,0.000,75548,90517,3.168,4.800,15.206
53835,0,2,1,0.000,74746,89365,3.168,4.800,15.206
53875,0,2,1,0.000,73971,88419,3.172,4.900,15.543
53915,0,2,1,0.000,73869,88368,3.172,4.900,15.543
53955,0,2,1,0.000,73907,88366,3.172,4.900,15.543
53996,0,2,1,0.000,73915,88444,3.164,4.600,14.554
54035,0,2,1,0.000,74042,88703,3.164,4.600,14.554
54076,0,2,1,0.000,74172,88931,3.168,4.900,15.523
54115,0,2,1,0.000,74273,89076,3.168,4.900,15.523
54155,0,2,1,0.000,74047,88782,3.168,4.900,15.523
54196,0,2,1,0.000,73174,87675,3.168,4.900,15.523
54235,0,2,1,0.000,73197,87127,3.168,4.900,15.523
54275,0,2,1,0.000,66882,73485,3.164,4.800,15.187
54316,0,2,1,0.000,35806,26706,3.164,4.800,15.187
54355,0,2,1,0.000,20410,13509,3.164,4.800,15.187
54396,0,2,1,0.000,28709,20181,3.168,4.600,14.573
54436,0,2,1,0.000,46052,36490,3.168,4.600,14.573
54475,0,2,1,0.000,52605,45841,3.168,4.800,15.206
54516,0,2,1,0.000,52571,47240,3.168,4.800,15.206
54556,0,2,1,0.000,49929,43818,3.168,4.800,15.206
54596,0,2,1,0.000,46594,39402,3.164,4.700,14.871
54636,0,2,1,0.000,47025,41145,3.164,4.700,14.871
54675,0,2,1,0.000,50174,46369,3.172,4.900,15.543
54716,0,2,1,0.000,46733,41404,3.172,4.900,15.543
54756,0,2,1,0.000,44407,38007,3.172,4.900,15.543
54795,0,2,1,0.000,45403,39455,3.168,4.500,14.256
54836,0,2,1,0.000,46101,40485,3.168,4.500,14.256
54875,0,2,1,0.000,46311,40814,3.164,4.900,15.504
54916,0,2,1,0.000,46188,40624,3.164,4.900,15.504
54956,0,2,1,0.000,46903,41628,3.164,4.900,15.504
54995,0,2,1,0.000,52769,50682,3.168,4.600,14.573
55036,0,2,1,0.000,69308,76456,3.168,4.600,14.573
55076,0,2,1,0.000,73745,83231,3.168,4.900,15.523
55115,0,2,1,0.000,74396,84553,3.168,4.900,15.523
55156,0,2,1,0.000,75092,85753,3.168,4.900,15.523
55195,0,2,1,0.000,75582,86469,3.164,4.600,14.554
55235,0,2,1,0.000,76001,86872,3.164,4.600,14.554
55276,0,2,1,0.000,76274,87077,3.164,5.000,15.820
55315,0,2,1,0.000,76218,87225,3.164,5.000,15.820
55356,0,2,1,0.000,75987,87392,3.164,5.000,15.820
55396,0,2,1,0.000,75606,87325,3.164,4.800,15.187
55435,0,2,1,0.000,75552,87601,3.164,4.800,15.187
55476,0,2,1,0.000,48884,54745,3.168,4.900,15.523
55516,0,2,1,0.000,4118,3529,3.168,4.900,15.523
55555,0,2,1,0.000,4548,3671,3.168,4.900,15.523
55596,0,2,1,0.000,5022,3814,3.164,4.500,14.238
55636,0,2,1,0.000,5620,4006,3.164,4.500,14.238
55676,0,2,1,0.000,6311,4236,3.164,4.500,14.238
55716,0,2,1,0.000,6240,3983,3.164,4.500,14.238
55756,0,2,1,0.000,6075,3681,3.164,4.500,14.238
55796,0,2,1,0.000,6719,3879,3.168,4.800,15.206
55836,0,2,1,0.000,8622,4853,3.168,4.800,15.206
55875,0,2,1,0.000,16779,10335,3.164,4.800,15.187
55916,0,2,1,0.000,59269,58665,3.164,4.800,15.187
55956,0,2,1,0.000,73426,79918,3.164,4.800,15.187
55996,0,2,1,0.000,74502,81709,3.160,4.800,15.168
56036,0,2,1,0.000,48312,44893,3.160,4.800,15.168
56076,0,2,1,0.000,5416,3527,3.164,4.600,14.554
56116,0,2,1,0.000,3013,2227,3.164,4.600,14.554
56156,0,2,1,0.000,19659,14781,3.164,4.600,14.554
56196,0,2,1,0.000,62140,61133,3.164,4.600,14.554
56236,0,2,1,0.000,66391,73196,3.164,4.600,14.554
56276,0,2,1,0.000,67286,75256,3.168,4.700,14.890
56316,0,2,1,0.000,67662,72299,3.168,4.700,14.890
56356,0,2,1,0.000,33579,29047,3.168,4.700,14.890
56396,0,2,1,0.000,5994,5555,3.168,4.700,14.890
56436,0,2,1,0.000,5920,5279,3.168,4.700,14.890
56476,0,2,1,0.000,6575,5537,3.168,4.600,14.573
56516,0,2,1,0.000,25263,21525,3.168,4.600,14.573
56556,0,2,1,0.000,69491,73797,3.168,4.600,14.573
56596,0,2,1,0.000,71622,82719,3.168,4.700,14.890
56636,0,2,1,0.000,70165,80390,3.168,4.700,14.890
56676,0,2,1,0.000,34258,34301,3.168,4.900,15.523
56716,0,2,1,0.000,8050,7260,3.168,4.900,15.523
56756,0,2,1,0.000,53011,54763,3.168,4.900,15.523
56796,0,2,1,0.000,67355,77457,3.160,5.000,15.800
56836,0,2,1,0.000,67740,78695,3.160,5.000,15.800
56876,0,2,1,0.000,62023,64194,3.168,4.700,14.890
56916,0,2,1,0.000,10844,10222,3.168,4.700,14.890
56956,0,2,1,0.000,32756,31161,3.168,4.700,14.890
56996,0,2,1,0.000,64305,69986,3.168,4.900,15.523
57036,0,2,1,0.000,66785,76093,3.168,4.900,15.523
57076,0,2,1,0.000,66811,76443,3.152,5.100,16.075
57116,0,2,1,0.000,66583,70829,3.152,5.100,16.075
57156,0,2,1,0.000,49893,46187,3.152,5.100,16.075
57196,0,2,1,0.000,65172,68848,3.168,4.700,14.890
57236,0,2,1,0.000,67692,76446,3.168,4.700,14.890
57276,0,2,1,0.000,68734,78617,3.164,4.500,14.238
57316,0,2,1,0.000,68819,78833,3.164,4.500,14.238
57356,0,2,1,0.000,67332,76627,3.164,4.500,14.238
57396,0,2,1,0.000,68598,70284,3.168,4.800,15.206
57436,0,2,1,0.000,75956,67825,3.168,4.800,15.206
57476,0,2,1,0.000,69465,65430,3.168,5.100,16.157
57516,0,2,1,0.000,65901,70756,3.168,5.100,16.157
57556,0,2,1,0.000,69179,77260,3.168,5.100,16.157
57596,0,2,1,0.000,70269,79863,3.160,4.800,15.168
57636,0,2,1,0.000,66893,69638,3.160,4.800,15.168
57676,0,2,1,0.000,47567,37997,3.172,4.800,15.226
57716,0,2,1,0.000,65247,64852,3.172,4.800,15.226
57756,0,2,1,0.000,69309,76228,3.172,4.800,15.226
57796,0,2,1,0.000,71073,79988,3.164,4.700,14.871
57836,0,2,1,0.000,70321,78661,3.164,4.700,14.871
57876,0,2,1,0.000,64279,67906,3.168,4.900,15.523
57916,0,2,1,0.000,66420,61741,3.168,4.900,15.523
57956,0,2,1,0.000,66555,61947,3.168,4.900,15.523
57996,0,2,1,0.000,62594,62386,3.168,4.900,15.523
58036,0,2,1,0.000,61832,61565,3.168,4.900,15.523
58076,0,2,1,0.000,63731,60566,3.168,4.800,15.206
58116,0,2,1,0.000,65133,54861,3.168,4.800,15.206
58156,0,2,1,0.000,53209,43207,3.168,4.800,15.206
58196,0,2,1,0.000,56447,46192,3.168,4.900,15.523
58236,0,2,1,0.000,62703,54292,3.168,4.900,15.523
58276,0,2,1,0.000,59808,61677,3.164,4.500,14.238
58316,0,2,1,0.000,60472,63442,3.164,4.500,14.238
58356,0,2,1,0.000,60115,63015,3.164,4.500,14.238
58396,0,2,1,0.000,59378,61790,3.156,4.600,14.518
58436,0,2,1,0.000,60505,60904,3.156,4.600,14.518
58476,0,2,1,0.000,61973,60505,3.168,4.800,15.206
58516,0,2,1,0.000,62431,59927,3.168,4.800,15.206
58556,0,2,1,0.000,62164,59931,3.168,4.800,15.206
58596,0,2,1,0.000,61530,60070,3.164,4.800,15.187
58636,0,2,1,0.000,61400,59962,3.164,4.800,15.187
58676,0,2,1,0.000,61604,59746,3.136,4.700,14.739
58716,0,2,1,0.000,62408,58482,3.136,4.700,14.739
58756,0,2,1,0.000,61044,51980,3.136,4.700,14.739
58796,0,2,1,0.000,15374,10289,3.168,5.300,16.790
58836,0,2,1,0.000,4639,3271,3.168,5.300,16.790
58876,0,2,1,0.000,9686,6809,3.164,4.700,14.871
58916,0,2,1,0.000,22789,16779,3.164,4.700,14.871
58956,0,2,1,0.000,35822,27086,3.164,4.700,14.871
58996,0,2,1,0.000,28255,21258,3.116,4.700,14.645
59036,0,2,1,0.000,16217,12033,3.116,4.700,14.645
59076,0,2,1,0.000,9741,7258,3.168,4.900,15.523
59116,0,2,1,0.000,6603,5009,3.168,4.900,15.523
59156,0,2,1,0.000,4282,3310,3.168,4.900,15.523
59196,0,2,1,0.000,3236,2505,3.152,4.600,14.499
59236,0,2,1,0.000,4289,3296,3.152,4.600,14.499
59276,0,2,1,0.000,26881,24503,3.164,5.000,15.820
59316,0,2,1,0.000,67457,72856,3.164,5.000,15.820
59356,0,2,1,0.000,68696,75168,3.164,5.000,15.820
59396,0,2,1,0.000,67437,73626,3.164,4.900,15.504
59436,0,2,1,0.000,48753,44435,3.164,4.900,15.504
59476,0,2,1,0.000,17258,13591,3.112,5.000,15.560
59516,0,2,1,0.000,49680,43092,3.112,5.000,15.560
59556,0,2,1,0.000,62126,63576,3.112,5.000,15.560
59596,0,2,1,0.000,63463,63474,3.168,5.400,17.107
59636,0,2,1,0.000,59222,50374,3.168,5.400,17.107
59676,0,2,1,0.000,50953,42983,3.160,4.700,14.852
59716,0,2,1,0.000,61817,64345,3.160,4.700,14.852
59756,0,2,1,0.000,66574,74837,3.160,4.700,14.852
59796,0,2,1,0.000,67644,77167,3.116,4.800,14.957
59836,0,2,1,0.000,66802,75829,3.116,4.800,14.957
59876,0,2,1,0.000,66521,65681,3.168,6.800,21.542
59916,0,2,1,0.000,60538,55512,3.168,6.800,21.542
59956,0,2,1,0.000,63301,67255,3.168,6.800,21.542
59996,0,2,1,0.000,63900,69077,3.140,4.700,14.758
60036,0,2,1,0.000,62240,67037,3.140,4.700,14.758
60076,0,2,1,0.000,62327,65877,3.112,5.200,16.182
60116,0,2,1,0.000,57508,50936,3.112,5.200,16.182
60156,0,2,1,0.000,20873,17862,3.112,5.200,16.182
60196,0,2,1,0.000,16586,14853,3.164,4.400,13.922
60236,0,2,1,0.000,28729,25709,3.164,4.400,13.922
60276,0,2,1,0.000,66156,62598,3.112,4.800,14.938
60316,0,2,1,0.000,68242,68965,3.112,4.800,14.938
60356,0,2,1,0.000,67448,69445,3.112,4.800,14.938
60396,0,2,1,0.000,67086,70146,3.168,6.200,19.642
60436,0,2,1,0.000,66887,72400,3.168,6.200,19.642
60476,0,2,1,0.000,67494,73906,3.152,4.800,15.130
60516,0,2,1,0.000,68069,74276,3.152,4.800,15.130
60556,0,2,1,0.000,68927,74865,3.152,4.800,15.130
60596,0,2,1,0.000,68145,74137,3.112,5.100,15.871
60636,0,2,1,0.000,67952,74666,3.112,5.100,15.871
60676,0,2,1,0.000,68585,79500,3.164,4.900,15.504
60716,0,2,1,0.000,70985,84018,3.164,4.900,15.504
60756,0,2,1,0.000,71529,85839,3.164,4.900,15.504
60796,0,2,1,0.000,71950,87189,3.124,4.900,15.308
60836,0,2,1,0.000,72187,88097,3.124,4.900,15.308
60877,0,2,1,0.000,72309,88516,3.168,5.200,16.474
60916,0,2,1,0.000,72340,88761,3.168,5.200,16.474
60956,0,2,1,0.000,72438,89024,3.168,5.200,16.474
60997,0,2,1,0.000,72387,88875,3.164,4.800,15.187
61036,0,2,1,0.000,72326,88678,3.164,4.800,15.187
61076,0,2,1,0.000,72222,88192,3.112,4.800,14.938
61116,0,2,1,0.000,71877,87144,3.112,4.800,14.938
61156,0,2,1,0.000,67018,74813,3.112,4.800,14.938
61196,0,2,1,0.000,27268,20920,3.108,6.500,20.202
61237,0,2,1,0.000,24824,18053,3.108,6.500,20.202
61276,0,2,1,0.000,49506,41047,3.152,4.800,15.130
61317,0,2,1,0.000,70781,75360,3.152,4.800,15.130
61356,0,2,1,0.000,74529,81021,3.152,4.800,15.130
61396,0,2,1,0.000,76565,85293,3.112,5.000,15.560
61437,0,2,1,0.000,77728,87953,3.112,5.000,15.560
61476,0,2,1,0.000,76915,85891,3.168,6.500,20.592
61516,0,2,1,0.000,71598,76738,3.168,6.500,20.592
61557,0,2,1,0.000,60744,56798,3.168,6.500,20.592
61596,0,2,1,0.000,61892,58471,3.112,4.500,14.004
61636,0,2,1,0.000,63310,64609,3.112,4.500,14.004
61676,0,2,1,0.000,67951,73434,3.104,5.500,17.072
61716,0,2,1,0.000,69785,77359,3.104,5.500,17.072
61756,0,2,1,0.000,71691,81510,3.104,5.500,17.072
61796,0,2,1,0.000,72472,82943,3.156,6.800,21.461
61836,0,2,1,0.000,72755,83520,3.156,6.800,21.461
61877,0,2,1,0.000,72434,82822,3.116,4.800,14.957
61916,0,2,1,0.000,67859,73867,3.116,4.800,14.957
61956,0,2,1,0.000,44873,35946,3.116,4.800,14.957
61997,0,2,1,0.000,28291,22213,3.168,6.800,21.542
62036,0,2,1,0.000,57710,56951,3.168,6.800,21.542
62077,0,2,1,0.000,66792,72795,3.140,7.100,22.294
62116,0,2,1,0.000,67240,73752,3.140,7.100,22.294
62156,0,2,1,0.000,63385,67843,3.140,7.100,22.294
62197,0,2,1,0.000,60763,54725,3.112,5.000,15.560
62237,0,2,1,0.000,36969,26958,3.112,5.000,15.560
62277,0,2,1,0.000,29633,20713,3.116,6.800,21.189
62317,0,2,1,0.000,19204,13125,3.116,6.800,21.189
62357,0,2,1,0.000,19305,13001,3.116,6.800,21.189
62397,0,2,1,0.000,31452,21492,3.116,4.700,14.645
62437,0,2,1,0.000,27636,17825,3.116,4.700,14.645
62477,0,2,1,0.000,20098,11739,3.112,6.200,19.294
62517,0,2,1,0.000,14783,7770,3.112,6.200,19.294
62557,0,2,1,0.000,13701,6827,3.112,6.200,19.294
62597,0,2,1,0.000,21803,12995,3.148,6.900,21.721
62637,0,2,1,0.000,51638,41348,3.148,6.900,21.721
62677,0,2,1,0.000,58002,50525,3.116,4.900,15.268
62717,0,2,1,0.000,61328,60358,3.116,4.900,15.268
62757,0,2,1,0.000,63175,67519,3.116,4.900,15.268
62797,0,2,1,0.000,63509,68941,3.124,6.800,21.243
62837,0,2,1,0.000,63988,69922,3.124,6.800,21.243
62877,0,2,1,0.000,64123,70475,3.120,4.800,14.976
62917,0,2,1,0.000,62743,66139,3.120,4.800,14.976
62957,0,2,1,0.000,42098,31948,3.120,4.800,14.976
62997,0,2,1,0.000,10565,6404,3.108,6.400,19.891
63037,0,2,1,0.000,13552,8495,3.108,6.400,19.891
63077,0,2,1,0.000,26113,17554,3.156,6.700,21.145
63117,0,2,1,0.000,38521,27840,3.156,6.700,21.145
63157,0,2,1,0.000,44429,33346,3.156,6.700,21.145
63197,0,2,1,0.000,42990,32075,3.116,4.800,14.957
63237,0,2,1,0.000,39051,28646,3.116,4.800,14.957
63277,0,2,1,0.000,33776,24086,3.112,6.800,21.162
63317,0,2,1,0.000,18713,12401,3.112,6.800,21.162
63357,0,2,1,0.000,12613,8272,3.112,6.800,21.162
63397,0,2,1,0.000,11745,7860,3.116,6.900,21.500
63437,0,2,1,0.000,12525,8492,3.116,6.900,21.500
63477,0,2,1,0.000,24437,17502,3.112,6.000,18.672
63517,0,2,1,0.000,60627,55760,3.112,6.000,18.672
63557,0,2,1,0.000,60593,60651,3.112,6.000,18.672
63597,0,2,1,0.000,61256,59952,3.128,6.900,21.583
63637,0,2,1,0.000,40728,30323,3.128,6.900,21.583
63677,0,2,1,0.000,22601,16342,3.116,6.700,20.877
63717,0,2,1,0.000,41962,32575,3.116,6.700,20.877
63757,0,2,1,0.000,60517,60573,3.116,6.700,20.877
63797,0,2,1,0.000,61889,64361,3.116,6.600,20.566
63837,0,2,1,0.000,60533,61536,3.116,6.600,20.566
63877,0,2,1,0.000,38633,29116,3.176,6.900,21.914
63917,0,2,1,0.000,14487,10217,3.176,6.900,21.914
63957,0,2,1,0.000,29445,21804,3.176,6.900,21.914
63997,0,2,1,0.000,60142,60903,3.112,5.500,17.116
64037,0,2,1,0.000,62656,66008,3.112,5.500,17.116
64077,0,2,1,0.000,63024,66700,3.128,6.700,20.958
64117,0,2,1,0.000,60790,61165,3.128,6.700,20.958
64157,0,2,1,0.000,58846,51329,3.128,6.700,20.958
64197,0,2,1,0.000,59749,61905,3.116,5.200,16.203
64237,0,2,1,0.000,62982,67026,3.116,5.200,16.203
64277,0,2,1,0.000,65916,73143,3.112,6.900,21.473
64317,0,2,1,0.000,66936,75677,3.112,6.900,21.473
64357,0,2,1,0.000,66856,75610,3.112,6.900,21.473
64397,0,2,1,0.000,52076,47063,3.124,6.900,21.556
64437,0,2,1,0.000,8686,6146,3.124,6.900,21.556
64477,0,2,1,0.000,5052,3605,3.116,5.700,17.761
64517,0,2,1,0.000,5693,4130,3.116,5.700,17.761
64557,0,2,1,0.000,5642,4126,3.116,5.700,17.761
64597,0,2,1,0.000,5410,3986,3.124,6.800,21.243
64637,0,2,1,0.000,4941,3665,3.124,6.800,21.243
64677,0,2,1,0.000,4337,3228,3.116,6.800,21.189
64717,0,2,1,0.000,3710,2787,3.116,6.800,21.189
64757,0,2,1,0.000,3402,2575,3.116,6.800,21.189
64797,0,2,1,0.000,3191,2429,3.116,6.800,21.189
64837,0,2,1,0.000,2780,2140,3.116,6.800,21.189
64877,0,2,1,0.000,2663,2033,3.172,6.800,21.570
64917,0,2,1,0.000,2773,2164,3.172,6.800,21.570
64957,0,2,1,0.000,4823,3669,3.172,6.800,21.570
64997,0,2,1,0.000,45173,42754,3.112,5.800,18.050
65037,0,2,1,0.000,61848,64942,3.112,5.800,18.050
65077,0,2,1,0.000,61094,58115,3.124,6.500,20.306
65117,0,2,1,0.000,14278,10048,3.124,6.500,20.306
65157,0,2,1,0.000,3303,2459,3.124,6.500,20.306
65197,0,2,1,0.000,5391,3975,3.176,6.800,21.597
65237,0,2,1,0.000,40613,37349,3.176,6.800,21.597
65277,0,2,1,0.000,61683,65394,3.112,6.900,21.473
65317,0,2,1,0.000,60632,63844,3.112,6.900,21.473
65357,0,2,1,0.000,37376,30307,3.112,6.900,21.473
65397,0,2,1,0.000,6041,4390,3.164,7.200,22.781
65437,0,2,1,0.000,4866,3619,3.164,7.200,22.781
65477,0,2,1,0.000,18541,13933,3.116,6.100,19.008
65517,0,2,1,0.000,59617,60765,3.116,6.100,19.008
65557,0,2,1,0.000,59484,62085,3.116,6.100,19.008
65597,0,2,1,0.000,57692,51951,3.116,6.600,20.566
65637,0,2,1,0.000,15942,11518,3.116,6.600,20.566
65677,0,2,1,0.000,4466,3455,3.176,6.500,20.644
65717,0,2,1,0.000,3081,2425,3.176,6.500,20.644
65757,0,2,1,0.000,4046,3089,3.176,6.500,20.644
65797,0,2,1,0.000,28727,25466,3.112,6.700,20.850
65837,0,2,1,0.000,61416,65258,3.112,6.700,20.850
65877,0,2,1,0.000,60595,64108,3.152,7.000,22.064
65917,0,2,1,0.000,38431,30282,3.152,7.000,22.064
65957,0,2,1,0.000,10235,7496,3.152,7.000,22.064
65997,0,2,1,0.000,45169,42240,3.120,6.700,20.904
66037,0,2,1,0.000,62347,65841,3.120,6.700,20.904
66077,0,2,1,0.000,63016,67116,3.120,6.600,20.592
66117,0,2,1,0.000,54059,50853,3.120,6.600,20.592
66157,0,2,1,0.000,6364,4624,3.120,6.600,20.592
66197,0,2,1,0.000,3479,2529,3.176,6.900,21.914
66237,0,2,1,0.000,8381,5907,3.176,6.900,21.914
66277,0,2,1,0.000,45532,43008,3.112,4.700,14.626
66317,0,2,1,0.000,68950,78107,3.112,4.700,14.626
66357,0,2,1,0.000,68117,76716,3.112,4.700,14.626
66397,0,2,1,0.000,42134,36282,3.144,6.700,21.065
66437,0,2,1,0.000,5583,4008,3.144,6.700,21.065
66477,0,2,1,0.000,7934,5915,3.176,6.400,20.326
66517,0,2,1,0.000,58154,58575,3.176,6.400,20.326
66557,0,2,1,0.000,68112,76128,3.176,6.400,20.326
66597,0,2,1,0.000,69464,79169,3.120,4.500,14.040
66637,0,2,1,0.000,68426,77349,3.120,4.500,14.040
66677,0,2,1,0.000,34010,29461,3.172,6.800,21.570
66717,0,2,1,0.000,17474,13510,3.172,6.800,21.570
66757,0,2,1,0.000,63495,68370,3.172,6.800,21.570
66797,0,2,1,0.000,67280,76744,3.112,4.600,14.315
66837,0,2,1,0.000,68170,78523,3.112,4.600,14.315
66877,0,2,1,0.000,68327,79008,3.140,6.800,21.352
66917,0,2,1,0.000,67144,76858,3.140,6.800,21.352
66957,0,2,1,0.000,62326,69002,3.140,6.800,21.352
66997,0,2,1,0.000,55382,48336,3.116,6.500,20.254
67037,0,2,1,0.000,24038,18551,3.116,6.500,20.254
67077,0,2,1,0.000,48791,40670,3.116,4.500,14.022
67117,0,2,1,0.000,72771,80163,3.116,4.500,14.022
67157,0,2,1,0.000,74318,84021,3.116,4.500,14.022
67197,0,2,1,0.000,74545,84664,3.172,6.700,21.252
67237,0,2,1,0.000,50260,47451,3.172,6.700,21.252
67277,0,2,1,0.000,12548,8941,3.172,5.000,15.860
67317,0,2,1,0.000,12279,8347,3.172,5.000,15.860
67357,0,2,1,0.000,28776,20577,3.172,5.000,15.860
67397,0,2,1,0.000,29553,20720,3.132,7.000,21.924
67437,0,2,1,0.000,15376,9932,3.132,7.000,21.924
67478,0,2,1,0.000,5840,3877,3.176,6.700,21.279
67518,0,2,1,0.000,3434,2466,3.176,6.700,21.279
67557,0,2,1,0.000,3437,2468,3.176,6.700,21.279
67598,0,2,1,0.000,3366,2403,3.116,4.500,14.022
67638,0,2,1,0.000,2945,2136,3.116,4.500,14.022
67677,0,2,1,0.000,2672,1983,3.176,6.800,21.597
67718,0,2,1,0.000,2655,1985,3.176,6.800,21.597
67758,0,2,1,0.000,2653,2023,3.176,6.800,21.597
67797,0,2,1,0.000,2563,1977,3.176,4.900,15.562
67838,0,2,1,0.000,2465,1908,3.176,4.900,15.562
67877,0,2,1,0.000,2437,1899,3.132,4.700,14.720
67917,0,2,1,0.000,2360,1832,3.132,4.700,14.720
67958,0,2,1,0.000,2339,1835,3.132,4.700,14.720
67998,0,2,1,0.000,2310,1836,3.176,6.700,21.279
68037,0,2,1,0.000,2259,1778,3.176,6.700,21.279
68078,0,2,1,0.000,2196,1763,3.176,4.500,14.292
68118,0,2,1,0.000,2201,1749,3.176,4.500,14.292
68157,0,2,1,0.000,2147,1745,3.176,4.500,14.292
68198,0,2,1,0.000,2171,1751,3.172,6.900,21.887
68238,0,2,1,0.000,2221,1822,3.172,6.900,21.887
68278,0,2,1,0.000,2258,1843,3.172,5.400,17.129
68318,0,2,1,0.000,2287,1870,3.172,5.400,17.129
68358,0,2,1,0.000,2262,1865,3.172,5.400,17.129
68398,0,2,1,0.000,2259,1866,3.132,4.600,14.407
68438,0,2,1,0.000,2284,1898,3.132,4.600,14.407
68478,0,2,1,0.000,2337,1925,3.176,6.700,21.279
68518,0,2,1,0.000,2301,1893,3.176,6.700,21.279
68558,0,2,1,0.000,2202,1832,3.176,6.700,21.279
68598,0,2,1,0.000,2211,1760,3.172,4.600,14.591
68638,0,2,1,0.000,3240,2501,3.172,4.600,14.591
68678,0,2,1,0.000,27120,24477,3.176,7.000,22.232
68718,0,2,1,0.000,61868,65947,3.176,7.000,22.232
68758,0,2,1,0.000,60586,64254,3.176,7.000,22.232
68798,0,2,1,0.000,25007,18842,3.176,5.500,17.468
68838,0,2,1,0.000,3443,2749,3.176,5.500,17.468
68878,0,2,1,0.000,4637,3583,3.128,4.700,14.702
68918,0,2,1,0.000,41170,39657,3.128,4.700,14.702
68958,0,2,1,0.000,65219,70533,3.128,4.700,14.702
68998,0,2,1,0.000,65956,72305,3.172,6.700,21.252
69038,0,2,1,0.000,57658,56200,3.172,6.700,21.252
69078,0,2,1,0.000,16210,11318,3.176,4.600,14.610
69118,0,2,1,0.000,6078,4688,3.176,4.600,14.610
69158,0,2,1,0.000,28662,23886,3.176,4.600,14.610
69198,0,2,1,0.000,62064,65349,3.172,4.700,14.908
69238,0,2,1,0.000,63888,68677,3.172,4.700,14.908
69278,0,2,1,0.000,62084,66090,3.176,5.800,18.421
69318,0,2,1,0.000,41754,32468,3.176,5.800,18.421
69358,0,2,1,0.000,6593,5134,3.176,5.800,18.421
69398,0,2,1,0.000,15171,11853,3.172,4.600,14.591
69438,0,2,1,0.000,61976,65037,3.172,4.600,14.591
69478,0,2,1,0.000,63945,69153,3.172,4.800,15.226
69518,0,2,1,0.000,49106,42240,3.172,4.800,15.226
69558,0,2,1,0.000,9612,7058,3.172,4.800,15.226
69598,0,2,1,0.000,19075,14660,3.172,4.700,14.908
69638,0,2,1,0.000,64457,68394,3.172,4.700,14.908
69678,0,2,1,0.000,68258,76386,3.168,4.700,14.890
69718,0,2,1,0.000,69152,78396,3.168,4.700,14.890
69758,0,2,1,0.000,68800,78269,3.168,4.700,14.890
69798,0,2,1,0.000,62563,68826,3.172,6.400,20.301
69838,0,2,1,0.000,65089,72458,3.172,6.400,20.301
69878,0,2,1,0.000,63385,69397,3.172,4.600,14.591
69918,0,2,1,0.000,68621,75014,3.172,4.600,14.591
69958,0,2,1,0.000,58521,55093,3.172,4.600,14.591
69998,0,2,1,0.000,23853,18555,3.172,4.400,13.957
70038,0,2,1,0.000,57537,59744,3.172,4.400,13.957
70078,0,2,1,0.000,69172,79332,3.176,4.900,15.562
70118,0,2,1,0.000,70271,81605,3.176,4.900,15.562
70158,0,2,1,0.000,70597,81980,3.176,4.900,15.562
70198,0,2,1,0.000,70869,82420,3.168,4.300,13.622
70238,0,2,1,0.000,70985,82736,3.168,4.300,13.622
70278,0,2,1,0.000,71070,82889,3.176,6.600,20.962
70318,0,2,1,0.000,71155,82953,3.176,6.600,20.962
70358,0,2,1,0.000,71542,83362,3.176,6.600,20.962
70398,0,2,1,0.000,57008,60885,3.176,4.500,14.292
70438,0,2,1,0.000,13289,8796,3.176,4.500,14.292
70478,0,2,1,0.000,37193,33384,3.172,4.600,14.591
70518,0,2,1,0.000,76836,84682,3.172,4.600,14.591
70558,0,2,1,0.000,79022,90919,3.172,4.600,14.591
70598,0,2,1,0.000,79829,92229,3.168,6.200,19.642
70638,0,2,1,0.000,80268,92925,3.168,6.200,19.642
70678,0,2,1,0.000,80459,93331,3.168,4.600,14.573
70718,0,2,1,0.000,78692,91124,3.168,4.600,14.573
70758,0,2,1,0.000,44100,40314,3.168,4.600,14.573
70798,0,2,1,0.000,35632,31638,3.168,4.500,14.256
70838,0,2,1,0.000,78048,86894,3.168,4.500,14.256
70878,0,2,1,0.000,80151,92328,3.172,4.600,14.591
70918,0,2,1,0.000,80501,92947,3.172,4.600,14.591
70958,0,2,1,0.000,80043,93045,3.172,4.600,14.591
70998,0,2,1,0.000,26001,18761,3.172,4.700,14.908
71038,0,2,1,0.000,5897,4443,3.172,4.700,14.908
71078,0,2,1,0.000,39865,37843,3.172,4.800,15.226
71118,0,2,1,0.000,80845,92575,3.172,4.800,15.226
71158,0,2,1,0.000,81529,93591,3.172,4.800,15.226
71198,0,2,1,0.000,81846,94607,3.168,4.600,14.573
71238,0,2,1,0.000,54620,58560,3.168,4.600,14.573
71278,0,2,1,0.000,6048,4388,3.172,4.400,13.957
71318,0,2,1,0.000,27450,24516,3.172,4.400,13.957
71358,0,2,1,0.000,77821,86537,3.172,4.400,13.957
71398,0,2,1,0.000,80055,91376,3.176,4.700,14.927
71438,0,2,1,0.000,80527,91942,3.176,4.700,14.927
71478,0,2,1,0.000,80473,92637,3.168,4.600,14.573
71518,0,2,1,0.000,35272,36292,3.168,4.600,14.573
71558,0,2,1,0.000,7590,5832,3.168,4.600,14.573
71598,0,2,1,0.000,20804,17775,3.176,4.600,14.610
71638,0,2,1,0.000,70076,75776,3.176,4.600,14.610
71678,0,2,1,0.000,76749,86435,3.176,4.900,15.562
71718,0,2,1,0.000,76297,86036,3.176,4.900,15.562
71758,0,2,1,0.000,70441,77779,3.176,4.900,15.562
71798,0,2,1,0.000,25307,23453,3.168,4.500,14.256
71838,0,2,1,0.000,8558,6428,3.168,4.500,14.256
71878,0,2,1,0.000,17099,12944,3.168,4.600,14.573
71918,0,2,1,0.000,64703,69013,3.168,4.600,14.573
71958,0,2,1,0.000,72353,79524,3.168,4.600,14.573
71998,0,2,1,0.000,70979,77504,3.172,4.600,14.591
72038,0,2,1,0.000,63108,65971,3.172,4.600,14.591
72078,0,2,1,0.000,37997,32815,3.164,4.600,14.554
72118,0,2,1,0.000,36967,31234,3.164,4.600,14.554
72158,0,2,1,0.000,45652,41668,3.164,4.600,14.554
72198,0,2,1,0.000,48971,45678,3.164,4.400,13.922
72238,0,2,1,0.000,49813,46107,3.164,4.400,13.922
72278,0,2,1,0.000,64201,68061,3.168,4.800,15.206
72318,0,2,1,0.000,66671,74355,3.168,4.800,15.206
72358,0,2,1,0.000,69882,80727,3.168,4.800,15.206
72398,0,2,1,0.000,71101,82836,3.172,4.500,14.274
72438,0,2,1,0.000,71933,83860,3.172,4.500,14.274
72478,0,2,1,0.000,72269,84362,3.168,4.600,14.573
72518,0,2,1,0.000,72383,84816,3.168,4.600,14.573
72558,0,2,1,0.000,72468,85059,3.168,4.600,14.573
72598,0,2,1,0.000,72519,85275,3.172,4.800,15.226
72638,0,2,1,0.000,72550,85381,3.172,4.800,15.226
72678,0,2,1,0.000,72549,85446,3.172,4.500,14.274
72718,0,2,1,0.000,72544,85490,3.172,4.500,14.274
72758,0,2,1,0.000,72567,85526,3.172,4.500,14.274
72798,0,2,1,0.000,72593,85572,3.168,4.600,14.573
72838,0,2,1,0.000,72593,85583,3.168,4.600,14.573
72878,0,2,1,0.000,72599,85596,3.172,4.600,14.591
72918,0,2,1,0.000,72726,85740,3.172,4.600,14.591
72958,0,2,1,0.000,72980,86217,3.172,4.600,14.591
72998,0,2,1,0.000,73191,87094,3.168,4.700,14.890
73038,0,2,1,0.000,66251,73985,3.168,4.700,14.890
73078,0,2,1,0.000,15691,9443,3.172,4.500,14.274
73118,0,2,1,0.000,8708,6108,3.172,4.500,14.274
73158,0,2,1,0.000,34623,28704,3.172,4.500,14.274
73198,0,2,1,0.000,60625,63750,3.172,4.500,14.274
73238,0,2,1,0.000,58562,60832,3.172,4.500,14.274
73278,0,2,1,0.000,61282,66423,3.172,4.600,14.591
73318,0,2,1,0.000,66664,75405,3.172,4.600,14.591
73359,0,2,1,0.000,69317,79823,3.172,4.600,14.591
73398,0,2,1,0.000,70337,80711,3.168,4.800,15.206
73438,0,2,1,0.000,70690,80781,3.168,4.800,15.206
73478,0,2,1,0.000,70676,80986,3.168,4.500,14.256
73518,0,2,1,0.000,70456,80618,3.168,4.500,14.256
73559,0,2,1,0.000,70362,80536,3.168,4.500,14.256
73598,0,2,1,0.000,70513,81111,3.172,4.600,14.591
73638,0,2,1,0.000,70779,81760,3.172,4.600,14.591
73678,0,2,1,0.000,71155,82329,3.176,4.400,13.974
73718,0,2,1,0.000,58760,62015,3.176,4.400,13.974
73758,0,2,1,0.000,8267,6584,3.176,4.400,13.974
73798,0,2,1,0.000,3050,2560,3.172,4.600,14.591
73838,0,2,1,0.000,2993,2527,3.172,4.600,14.591
73879,0,2,1,0.000,3811,3159,3.172,4.700,14.908
73918,0,2,1,0.000,4062,3330,3.172,4.700,14.908
73958,0,2,1,0.000,7080,6036,3.172,4.700,14.908
73999,0,2,1,0.000,36057,33076,3.172,4.500,14.274
74038,0,2,1,0.000,78179,85576,3.172,4.500,14.274
74079,0,2,1,0.000,80271,90518,3.172,4.800,15.226
74119,0,2,1,0.000,81074,91802,3.172,4.800,15.226
74158,0,2,1,0.000,81447,92507,3.172,4.800,15.226
74199,0,2,1,0.000,81615,92893,3.172,4.800,15.226
74239,0,2,1,0.000,81659,93094,3.172,4.800,15.226
74278,0,2,1,0.000,81708,93286,3.172,4.500,14.274
74319,0,2,1,0.000,81774,93600,3.172,4.500,14.274
74359,0,2,1,0.000,81802,94085,3.172,4.500,14.274
74398,0,2,1,0.000,81379,94180,3.176,4.500,14.292
74439,0,2,1,0.000,79474,91033,3.176,4.500,14.292
74478,0,2,1,0.000,71376,78605,3.168,4.400,13.939
74519,0,2,1,0.000,63192,59634,3.168,4.400,13.939
74559,0,2,1,0.000,59775,56559,3.168,4.400,13.939
74598,0,2,1,0.000,64944,68526,3.172,4.800,15.226
74639,0,2,1,0.000,73008,80701,3.172,4.800,15.226
74679,0,2,1,0.000,70951,76100,3.172,4.500,14.274
74719,0,2,1,0.000,38452,32686,3.172,4.500,14.274
74759,0,2,1,0.000,9594,8661,3.172,4.500,14.274
74799,0,2,1,0.000,3094,2947,3.172,4.600,14.591
74838,0,2,1,0.000,2799,2676,3.172,4.600,14.591
74879,0,2,1,0.000,11991,10664,3.176,4.700,14.927
74918,0,2,1,0.000,40145,34472,3.176,4.700,14.927
74959,0,2,1,0.000,64419,66388,3.176,4.700,14.927
74999,0,2,1,0.000,64046,68675,3.176,4.700,14.927
75038,0,2,1,0.000,64723,66755,3.176,4.700,14.927
75079,0,2,1,0.000,45726,38776,3.176,4.600,14.610
75119,0,2,1,0.000,13842,11748,3.176,4.600,14.610
75159,0,2,1,0.000,7609,6523,3.176,4.600,14.610
75199,0,2,1,0.000,7072,6123,3.172,4.600,14.591
75239,0,2,1,0.000,16555,13853,3.172,4.600,14.591
75279,0,2,1,0.000,65962,64392,3.176,4.400,13.974
75319,0,2,1,0.000,69362,75171,3.176,4.400,13.974
75359,0,2,1,0.000,69134,74864,3.176,4.400,13.974
75399,0,2,1,0.000,68924,74489,3.172,4.700,14.908
75439,0,2,1,0.000,65058,68167,3.172,4.700,14.908
75479,0,2,1,0.000,42378,31508,3.176,4.300,13.657
75519,0,2,1,0.000,35758,25547,3.176,4.300,13.657
75559,0,2,1,0.000,23639,15720,3.176,4.300,13.657
75599,0,2,1,0.000,56878,57708,3.176,4.400,13.974
75639,0,2,1,0.000,72282,81883,3.176,4.400,13.974
75679,0,2,1,0.000,74296,85118,3.172,4.600,14.591
75719,0,2,1,0.000,74456,85756,3.172,4.600,14.591
75759,0,2,1,0.000,57772,59029,3.172,4.600,14.591
75799,0,2,1,0.000,51127,47633,3.172,4.400,13.957
75839,0,2,1,0.000,73438,84081,3.172,4.400,13.957
75879,0,2,1,0.000,75237,86570,3.168,4.700,14.890
75919,0,2,1,0.000,75735,87532,3.168,4.700,14.890
75959,0,2,1,0.000,76102,88185,3.168,4.700,14.890
75999,0,2,1,0.000,76141,88744,3.168,4.600,14.573
76039,0,2,1,0.000,68280,77756,3.168,4.600,14.573
76079,0,2,1,0.000,42647,35181,3.172,4.400,13.957
76119,0,2,1,0.000,27528,19162,3.172,4.400,13.957
76159,0,2,1,0.000,31317,24722,3.172,4.400,13.957
76199,0,2,1,0.000,43944,40778,3.172,4.500,14.274
76239,0,2,1,0.000,55113,56333,3.172,4.500,14.274
76279,0,2,1,0.000,68177,75039,3.172,4.400,13.957
76319,0,2,1,0.000,71787,81305,3.172,4.400,13.957
76359,0,2,1,0.000,74463,84885,3.172,4.400,13.957
76399,0,2,1,0.000,75517,86250,3.164,4.800,15.187
76439,0,2,1,0.000,75634,86476,3.164,4.800,15.187
76479,0,2,1,0.000,76744,88049,3.164,4.600,14.554
76519,0,2,1,0.000,76662,88086,3.164,4.600,14.554
76559,0,2,1,0.000,74165,84574,3.164,4.600,14.554
76599,0,2,1,0.000,73244,83144,3.168,4.800,15.206
76639,0,2,1,0.000,73894,84461,3.168,4.800,15.206
76679,0,2,1,0.000,74018,84579,3.160,4.800,15.168
76719,0,2,1,0.000,76074,87216,3.160,4.800,15.168
76759,0,2,1,0.000,77788,89339,3.160,4.800,15.168
76799,0,2,1,0.000,79071,91052,3.160,4.700,14.852
76839,0,2,1,0.000,80300,92737,3.160,4.700,14.852
76879,0,2,1,0.000,81093,93744,3.152,4.800,15.130
76919,0,2,1,0.000,81462,94253,3.152,4.800,15.130
76959,0,2,1,0.000,81653,94557,3.152,4.800,15.130
76999,0,2,1,0.000,81688,94659,3.148,4.800,15.110
77039,0,2,1,0.000,81701,94746,3.148,4.800,15.110
77079,0,2,1,0.000,81728,94832,3.148,4.600,14.481
77119,0,2,1,0.000,81837,95014,3.148,4.600,14.481
77159,0,2,1,0.000,81682,95215,3.148,4.600,14.481
77199,0,2,1,0.000,81700,95370,3.152,4.900,15.445
77239,0,2,1,0.000,81693,95210,3.152,4.900,15.445
77279,0,2,1,0.000,81853,95426,3.148,4.700,14.796
77319,0,2,1,0.000,81933,95628,3.148,4.700,14.796
77359,0,2,1,0.000,82037,95797,3.148,4.700,14.796
77399,0,2,1,0.000,82147,95954,3.152,4.800,15.130
77439,0,2,1,0.000,82176,96012,3.152,4.800,15.130
77479,0,2,1,0.000,82128,95943,3.152,4.800,15.130
77519,0,2,1,0.000,81802,95238,3.152,4.800,15.130
77559,0,2,1,0.000,81418,94526,3.152,4.800,15.130
77599,0,2,1,0.000,81317,94460,3.156,4.800,15.149
77639,0,2,1,0.000,81052,94372,3.156,4.800,15.149
77679,0,2,1,0.000,80780,94379,3.156,4.800,15.149
77719,0,2,1,0.000,80859,94868,3.156,4.800,15.149
77759,0,2,1,0.000,80883,94997,3.156,4.800,15.149
77799,0,2,1,0.000,79408,93476,3.156,4.600,14.518
77839,0,2,1,0.000,75991,88921,3.156,4.600,14.518
77879,0,2,1,0.000,67975,75372,3.160,4.800,15.168
77919,0,2,1,0.000,54764,52445,3.160,4.800,15.168
77959,0,2,1,0.000,58910,53758,3.160,4.800,15.168
77999,0,2,1,0.000,56770,51242,3.160,4.700,14.852
78039,0,2,1,0.000,56044,51496,3.160,4.700,14.852
78079,0,2,1,0.000,61282,63374,3.160,4.800,15.168
78119,0,2,1,0.000,64748,71386,3.160,4.800,15.168
78159,0,2,1,0.000,66901,76983,3.160,4.800,15.168
78199,0,2,1,0.000,68436,80797,3.160,4.600,14.536
78239,0,2,1,0.000,69158,82407,3.160,4.600,14.536
78279,0,2,1,0.000,71833,86672,3.156,4.600,14.518
78319,0,2,1,0.000,71990,87354,3.156,4.600,14.518
78359,0,2,1,0.000,71843,87204,3.156,4.600,14.518
78399,0,2,1,0.000,71590,86945,3.152,4.400,13.869
78439,0,2,1,0.000,71451,86722,3.152,4.400,13.869
78479,0,2,1,0.000,71658,86652,3.156,4.600,14.518
78519,0,2,1,0.000,72001,87197,3.156,4.600,14.518
78559,0,2,1,0.000,71737,87210,3.156,4.600,14.518
78599,0,2,1,0.000,71848,87424,3.160,4.900,15.484
78639,0,2,1,0.000,72119,87593,3.160,4.900,15.484
78679,0,2,1,0.000,72659,88049,3.156,5.000,15.780
78719,0,2,1,0.000,73123,88506,3.156,5.000,15.780
78759,0,2,1,0.000,73413,88890,3.156,5.000,15.780
78799,0,2,1,0.000,73741,89164,3.160,4.900,15.484
78839,0,2,1,0.000,73841,89213,3.160,4.900,15.484
78879,0,2,1,0.000,73810,89145,3.160,4.600,14.536
78919,0,2,1,0.000,73692,88993,3.160,4.600,14.536
78959,0,2,1,0.000,73674,88902,3.160,4.600,14.536
78999,0,2,1,0.000,73943,88983,3.160,4.500,14.220
79039,0,2,1,0.000,74264,89161,3.160,4.500,14.220
79079,0,2,1,0.000,74214,89286,3.160,4.600,14.536
79119,0,2,1,0.000,74174,89463,3.160,4.600,14.536
79159,0,2,1,0.000,74125,89352,3.160,4.600,14.536
79199,0,2,1,0.000,74075,89150,3.156,4.600,14.518
79239,0,2,1,0.000,74087,89235,3.156,4.600,14.518
79279,0,2,1,0.000,74209,89641,3.160,4.700,14.852
79319,0,2,1,0.000,74345,89719,3.160,4.700,14.852
79359,0,2,1,0.000,74361,89541,3.160,4.700,14.852
79399,0,2,1,0.000,74208,89496,3.160,4.900,15.484
79439,0,2,1,0.000,74123,89790,3.160,4.900,15.484
79479,0,2,1,0.000,74036,89815,3.160,4.600,14.536
79519,0,2,1,0.000,73827,89718,3.160,4.600,14.536
79559,0,2,1,0.000,73792,89900,3.160,4.600,14.536
79599,0,2,1,0.000,73734,89873,3.160,4.900,15.484
79639,0,2,1,0.000,73770,89735,3.160,4.900,15.484
79679,0,2,1,0.000,73798,89246,3.156,4.500,14.202
79719,0,2,1,0.000,73900,88847,3.156,4.500,14.202
79759,0,2,1,0.000,74021,88697,3.156,4.500,14.202
79799,0,2,1,0.000,73513,87979,3.156,4.600,14.518
79839,0,2,1,0.000,70622,78255,3.156,4.600,14.518
79879,0,2,1,0.000,30078,27390,3.160,4.500,14.220
79919,0,2,1,0.000,14422,10830,3.160,4.500,14.220
79959,0,2,1,0.000,25095,19558,3.160,4.500,14.220
79999,0,2,1,0.000,59074,59857,3.156,4.800,15.149
80039,0,2,1,0.000,59701,64940,3.156,4.800,15.149
80079,0,2,1,0.000,57807,60103,3.156,4.400,13.886
80119,0,2,1,0.000,55630,57973,3.156,4.400,13.886
80159,0,2,1,0.000,58395,63274,3.156,4.400,13.886
80199,0,2,1,0.000,57599,64645,3.160,4.600,14.536
80239,0,2,1,0.000,54734,60774,3.160,4.600,14.536
80279,0,2,1,0.000,56446,64001,3.164,4.600,14.554
80319,0,2,1,0.000,59967,72216,3.164,4.600,14.554
80359,0,2,1,0.000,62488,77744,3.164,4.600,14.554
80400,0,2,1,0.000,62977,78402,3.164,4.500,14.238
80439,0,2,1,0.000,63629,79047,3.164,4.500,14.238
80479,0,2,1,0.000,64236,79563,3.164,4.600,14.554
80520,0,2,1,0.000,64919,80093,3.164,4.600,14.554
80559,0,2,1,0.000,65522,80677,3.164,4.600,14.554
80599,0,2,1,0.000,65863,81108,3.160,4.800,15.168
80640,0,2,1,0.000,66290,81470,3.160,4.800,15.168
80679,0,2,1,0.000,66536,81664,3.160,4.500,14.220
80720,0,2,1,0.000,66640,81701,3.160,4.500,14.220
80760,0,2,1,0.000,66732,81784,3.160,4.500,14.220
80799,0,2,1,0.000,66758,81744,3.164,4.700,14.871
80840,0,2,1,0.000,66755,81689,3.164,4.700,14.871
80879,0,2,1,0.000,66773,81645,3.160,4.800,15.168
80919,0,2,1,0.000,66766,81520,3.160,4.800,15.168
80960,0,2,1,0.000,66190,80504,3.160,4.800,15.168
80999,0,2,1,0.000,63143,76444,3.160,4.500,14.220
81039,0,2,1,0.000,63556,75060,3.160,4.500,14.220
81079,0,2,1,0.000,65050,76644,3.164,4.500,14.238
81119,0,2,1,0.000,68210,79298,3.164,4.500,14.238
81160,0,2,1,0.000,71617,79474,3.164,4.500,14.238
81199,0,2,1,0.000,76268,74067,3.160,4.800,15.168
81239,0,2,1,0.000,74438,68423,3.160,4.800,15.168
81280,0,2,1,0.000,60969,50919,3.164,4.500,14.238
81319,0,2,1,0.000,60429,51592,3.164,4.500,14.238
81359,0,2,1,0.000,60941,59653,3.164,4.500,14.238
81400,0,2,1,0.000,67388,73135,3.164,4.400,13.922
81439,0,2,1,0.000,72417,81227,3.164,4.400,13.922
81480,0,2,1,0.000,73232,83267,3.160,4.400,13.904
81520,0,2,1,0.000,73250,84108,3.160,4.400,13.904
81559,0,2,1,0.000,73277,84763,3.160,4.400,13.904
81600,0,2,1,0.000,73219,85065,3.160,4.700,14.852
81640,0,2,1,0.000,73112,85170,3.160,4.700,14.852
81680,0,2,1,0.000,73034,85287,3.160,4.500,14.220
81720,0,2,1,0.000,73010,85437,3.160,4.500,14.220
81760,0,2,1,0.000,73125,85665,3.160,4.500,14.220
81800,0,2,1,0.000,73291,85979,3.160,4.600,14.536
81840,0,2,1,0.000,73374,86204,3.160,4.600,14.536
81880,0,2,1,0.000,73397,86323,3.160,4.500,14.220
81920,0,2,1,0.000,73431,86396,3.160,4.500,14.220
81960,0,2,1,0.000,73434,86348,3.160,4.500,14.220
82000,0,2,1,0.000,73448,86344,3.160,4.600,14.536
82040,0,2,1,0.000,73462,86407,3.160,4.600,14.536
82079,0,2,1,0.000,73478,86461,3.160,4.400,13.904
82120,0,2,1,0.000,73491,86500,3.160,4.400,13.904
82160,0,2,1,0.000,73504,86476,3.160,4.400,13.904
82200,0,2,1,0.000,73514,86494,3.156,4.800,15.149
82240,0,2,1,0.000,73483,86497,3.156,4.800,15.149
82280,0,2,1,0.000,73502,86453,3.156,4.700,14.833
82320,0,2,1,0.000,73615,86532,3.156,4.700,14.833
82360,0,2,1,0.000,73697,86601,3.156,4.700,14.833
82400,0,2,1,0.000,73781,86717,3.160,4.700,14.852
82440,0,2,1,0.000,73867,86699,3.160,4.700,14.852
82480,0,2,1,0.000,73753,86242,3.160,4.600,14.536
82520,0,2,1,0.000,73351,85292,3.160,4.600,14.536
82560,0,2,1,0.000,72992,84390,3.160,4.600,14.536
82600,0,2,1,0.000,72593,83374,3.164,4.700,14.871
82640,0,2,1,0.000,70282,79898,3.164,4.700,14.871
82680,0,2,1,0.000,66640,76345,3.160,4.500,14.220
82720,0,2,1,0.000,66782,78681,3.160,4.500,14.220
82760,0,2,1,0.000,66209,78590,3.160,4.500,14.220
82800,0,2,1,0.000,63538,75555,3.160,4.600,14.536
82840,0,2,1,0.000,61578,75459,3.160,4.600,14.536
82880,0,2,1,0.000,63207,77971,3.160,4.800,15.168
82920,0,2,1,0.000,65717,80992,3.160,4.800,15.168
82960,0,2,1,0.000,67432,83008,3.160,4.800,15.168
83000,0,2,1,0.000,68449,85192,3.160,4.500,14.220
83040,0,2,1,0.000,68744,86187,3.160,4.500,14.220
83080,0,2,1,0.000,68792,86814,3.160,4.800,15.168
83120,0,2,1,0.000,68733,87356,3.160,4.800,15.168
83160,0,2,1,0.000,68807,87733,3.160,4.800,15.168
83200,0,2,1,0.000,68750,87896,3.164,4.400,13.922
83240,0,2,1,0.000,68513,87700,3.164,4.400,13.922
83280,0,2,1,0.000,68263,87420,3.160,4.700,14.852
83320,0,2,1,0.000,68243,87408,3.160,4.700,14.852
83360,0,2,1,0.000,68141,87359,3.160,4.700,14.852
83400,0,2,1,0.000,68067,87273,3.156,4.800,15.149
83440,0,2,1,0.000,68085,87298,3.156,4.800,15.149
83480,0,2,1,0.000,68141,87379,3.156,4.800,15.149
83520,0,2,1,0.000,68152,87423,3.156,4.800,15.149
83560,0,2,1,0.000,68158,87439,3.156,4.800,15.149
83600,0,2,1,0.000,68174,87442,3.160,4.400,13.904
83640,0,2,1,0.000,68150,87373,3.160,4.400,13.904
83680,0,2,1,0.000,68018,87140,3.160,4.500,14.220
83720,0,2,1,0.000,67968,87018,3.160,4.500,14.220
83760,0,2,1,0.000,67977,87017,3.160,4.500,14.220
83800,0,2,1,0.000,67961,87033,3.160,4.700,14.852
83840,0,2,1,0.000,67970,87059,3.160,4.700,14.852
83880,0,2,1,0.000,67949,87043,3.160,4.700,14.852
83920,0,2,1,0.000,67968,87070,3.160,4.700,14.852
83960,0,2,1,0.000,67952,87072,3.160,4.700,14.852
84000,0,2,1,0.000,67962,87072,3.160,4.800,15.168
84040,0,2,1,0.000,68016,87122,3.160,4.800,15.168
84080,0,2,1,0.000,68043,87191,3.160,4.400,13.904
84120,0,2,1,0.000,68028,87181,3.160,4.400,13.904
84160,0,2,1,0.000,67860,87000,3.160,4.400,13.904
84200,0,2,1,0.000,67296,86304,3.160,4.600,14.536
84240,0,2,1,0.000,67269,86290,3.160,4.600,14.536
84280,0,2,1,0.000,66045,84669,3.160,4.400,13.904
84320,0,2,1,0.000,64877,82150,3.160,4.400,13.904
84360,0,2,1,0.000,73115,86993,3.160,4.400,13.904
84400,0,2,1,0.000,49609,45136,3.160,4.400,13.904
84440,0,2,1,0.000,14000,7801,3.160,4.400,13.904
84480,0,2,1,0.000,38782,30319,3.160,4.700,14.852
84520,0,2,1,0.000,52009,47236,3.160,4.700,14.852
84560,0,2,1,0.000,53078,50290,3.160,4.700,14.852
84600,0,2,1,0.000,53035,50841,3.160,4.600,14.536
84640,0,2,1,0.000,55404,55184,3.160,4.600,14.536
84680,0,2,1,0.000,58589,60058,3.160,4.700,14.852
84720,0,2,1,0.000,58373,59630,3.160,4.700,14.852
84760,0,2,1,0.000,57954,58451,3.160,4.700,14.852
84800,0,2,1,0.000,62077,64835,3.160,4.600,14.536
84840,0,2,1,0.000,66560,72267,3.160,4.600,14.536
84880,0,2,1,0.000,68734,76930,3.160,4.600,14.536
84920,0,2,1,0.000,69675,79367,3.160,4.600,14.536
84960,0,2,1,0.000,70177,80587,3.160,4.600,14.536
85000,0,2,1,0.000,70469,81277,3.160,4.600,14.536
85040,0,2,1,0.000,70591,81636,3.160,4.600,14.536
85080,0,2,1,0.000,70628,81793,3.164,4.900,15.504
85120,0,2,1,0.000,70130,80853,3.164,4.900,15.504
85160,0,2,1,0.000,65289,71766,3.164,4.900,15.504
85200,0,2,1,0.000,25799,18209,3.160,4.500,14.220
85240,0,2,1,0.000,4522,2382,3.160,4.500,14.220
85280,0,2,1,0.000,5314,2812,3.160,4.400,13.904
85320,0,2,1,0.000,12655,7274,3.160,4.400,13.904
85360,0,2,1,0.000,20071,12833,3.160,4.400,13.904
85400,0,2,1,0.000,35527,28381,3.160,4.900,15.484
85440,0,2,1,0.000,49349,45250,3.160,4.900,15.484
85480,0,2,1,0.000,56307,54769,3.160,4.700,14.852
85520,0,2,1,0.000,61958,63249,3.160,4.700,14.852
85560,0,2,1,0.000,66324,70010,3.160,4.700,14.852
85600,0,2,1,0.000,69473,75455,3.160,4.300,13.588
85640,0,2,1,0.000,70772,77960,3.160,4.300,13.588
85680,0,2,1,0.000,70327,77261,3.160,4.600,14.536
85720,0,2,1,0.000,69680,76163,3.160,4.600,14.536
85760,0,2,1,0.000,69702,76006,3.160,4.600,14.536
85800,0,2,1,0.000,69904,76363,3.160,4.300,13.588
85840,0,2,1,0.000,68218,73688,3.160,4.300,13.588
85880,0,2,1,0.000,65080,68839,3.160,4.800,15.168
85920,0,2,1,0.000,60498,62128,3.160,4.800,15.168
85960,0,2,1,0.000,53356,51714,3.160,4.800,15.168
86000,0,2,1,0.000,50819,48267,3.160,4.800,15.168
86040,0,2,1,0.000,47039,43217,3.160,4.800,15.168
86080,0,2,1,0.000,37353,30951,3.160,4.700,14.852
86120,0,2,1,0.000,29173,21351,3.160,4.700,14.852
86160,0,2,1,0.000,26450,18443,3.160,4.700,14.852
86200,0,2,1,0.000,34265,26268,3.164,4.500,14.238
86240,0,2,1,0.000,37011,29349,3.164,4.500,14.238
86280,0,2,1,0.000,37801,30461,3.160,4.900,15.484
86320,0,2,1,0.000,38116,30991,3.160,4.900,15.484
86360,0,2,1,0.000,56987,56660,3.160,4.900,15.484
86400,0,2,1,0.000,68552,74161,3.160,4.700,14.852
86440,0,2,1,0.000,70746,78244,3.160,4.700,14.852
86480,0,2,1,0.000,71568,79699,3.160,4.500,14.220
86520,0,2,1,0.000,72383,81025,3.160,4.500,14.220
86560,0,2,1,0.000,72449,81224,3.160,4.500,14.220
86600,0,2,1,0.000,72404,81306,3.160,4.900,15.484
86640,0,2,1,0.000,72766,81756,3.160,4.900,15.484
86680,0,2,1,0.000,72402,81197,3.160,4.700,14.852
86720,0,2,1,0.000,71097,79399,3.160,4.700,14.852
86760,0,2,1,0.000,65352,69872,3.160,4.700,14.852
86800,0,2,1,0.000,52475,49362,3.164,4.400,13.922
86840,0,2,1,0.000,49563,42238,3.164,4.400,13.922
86880,0,2,1,0.000,63207,63730,3.164,4.600,14.554
86920,0,2,1,0.000,66277,69507,3.164,4.600,14.554
86960,0,2,1,0.000,64793,66598,3.164,4.600,14.554
87000,0,2,1,0.000,63714,65960,3.160,4.600,14.536
87040,0,2,1,0.000,63563,66750,3.160,4.600,14.536
87080,0,2,1,0.000,62860,65634,3.160,4.500,14.220
87120,0,2,1,0.000,61616,63776,3.160,4.500,14.220
87160,0,2,1,0.000,59169,58518,3.160,4.500,14.220
87200,0,2,1,0.000,59292,55846,3.164,4.700,14.871
87240,0,2,1,0.000,62054,59302,3.164,4.700,14.871
87280,0,2,1,0.000,65559,61264,3.160,4.800,15.168
87320,0,2,1,0.000,68879,62700,3.160,4.800,15.168
87360,0,2,1,0.000,68024,64810,3.160,4.800,15.168
87400,0,2,1,0.000,68005,64492,3.160,4.600,14.536
87440,0,2,1,0.000,71632,64731,3.160,4.600,14.536
87481,0,2,1,0.000,71862,64861,3.160,4.700,14.852
87520,0,2,1,0.000,69129,62351,3.160,4.700,14.852
87560,0,2,1,0.000,30640,23201,3.160,4.700,14.852
87600,0,2,1,0.000,20978,15740,3.160,4.500,14.220
87640,0,2,1,0.000,33224,25581,3.160,4.500,14.220
87680,0,2,1,0.000,61288,57060,3.160,4.700,14.852
87720,0,2,1,0.000,62997,69371,3.160,4.700,14.852
87760,0,2,1,0.000,64148,71479,3.160,4.700,14.852
87801,0,2,1,0.000,65166,64722,3.164,4.500,14.238
87840,0,2,1,0.000,32742,26501,3.164,4.500,14.238
87880,0,2,1,0.000,18131,14904,3.164,4.800,15.187
87921,0,2,1,0.000,23478,20099,3.164,4.800,15.187
87960,0,2,1,0.000,28722,24612,3.164,4.800,15.187
88001,0,2,1,0.000,28500,24939,3.164,4.500,14.238
88041,0,2,1,0.000,25880,23032,3.164,4.500,14.238
88080,0,2,1,0.000,25441,22710,3.164,4.500,14.238
88121,0,2,1,0.000,27735,24674,3.164,4.500,14.238
88161,0,2,1,0.000,48744,43098,3.164,4.500,14.238
88201,0,2,1,0.000,62428,54828,3.160,4.600,14.536
88241,0,2,1,0.000,54804,47225,3.160,4.600,14.536
88280,0,2,1,0.000,29600,24572,3.176,4.500,14.292
88321,0,2,1,0.000,29038,24288,3.176,4.500,14.292
88361,0,2,1,0.000,56168,48500,3.176,4.500,14.292
88401,0,2,1,0.000,33751,28324,3.132,4.500,14.094
88441,0,2,1,0.000,22174,18688,3.132,4.500,14.094
88480,0,2,1,0.000,28889,24497,3.148,4.500,14.166
88521,0,2,1,0.000,41441,35256,3.148,4.500,14.166
88561,0,2,1,0.000,54337,47381,3.148,4.500,14.166
88601,0,2,1,0.000,56822,49625,3.144,4.700,14.777
88641,0,2,1,0.000,47382,40701,3.144,4.700,14.777
88680,0,2,1,0.000,29185,24661,3.144,4.800,15.091
88721,0,2,1,0.000,33992,29094,3.144,4.800,15.091
88761,0,2,1,0.000,41057,35532,3.144,4.800,15.091
88800,0,2,1,0.000,40482,35164,3.144,4.700,14.777
88841,0,2,1,0.000,39649,34436,3.144,4.700,14.777
88881,0,2,1,0.000,36315,31502,3.140,4.600,14.444
88921,0,2,1,0.000,37764,32619,3.140,4.600,14.444
88961,0,2,1,0.000,38881,33472,3.140,4.600,14.444
89001,0,2,1,0.000,40188,34660,3.144,4.700,14.777
89041,0,2,1,0.000,40870,35376,3.144,4.700,14.777
89081,0,2,1,0.000,40630,35228,3.140,4.600,14.444
89121,0,2,1,0.000,40050,34585,3.140,4.600,14.444
89161,0,2,1,0.000,38579,33355,3.140,4.600,14.444
89201,0,2,1,0.000,34620,29681,3.144,4.500,14.148
89241,0,2,1,0.000,28337,23875,3.144,4.500,14.148
89281,0,2,1,0.000,22689,18682,3.148,4.600,14.481
89321,0,2,1,0.000,32180,26174,3.148,4.600,14.481
89361,0,2,1,0.000,51709,41916,3.148,4.600,14.481
89401,0,2,1,0.000,57492,46765,3.144,4.800,15.091
89441,0,2,1,0.000,45447,36559,3.144,4.800,15.091
89481,0,2,1,0.000,36879,29775,3.148,4.400,13.851
89521,0,2,1,0.000,35243,28605,3.148,4.400,13.851
89561,0,2,1,0.000,37922,30924,3.148,4.400,13.851
89601,0,2,1,0.000,38289,31412,3.148,4.400,13.851
89641,0,2,1,0.000,39060,32215,3.148,4.400,13.851
89681,0,2,1,0.000,41913,34671,3.148,4.500,14.166
89721,0,2,1,0.000,43322,36170,3.148,4.500,14.166
89761,0,2,1,0.000,43810,36777,3.148,4.500,14.166
89801,0,2,1,0.000,43819,36783,3.140,4.600,14.444
89841,0,2,1,0.000,43363,36423,3.140,4.600,14.444
89881,0,2,1,0.000,42424,35576,3.148,4.800,15.110
89921,0,2,1,0.000,41864,35120,3.148,4.800,15.110
89961,0,2,1,0.000,40492,34073,3.148,4.800,15.110
90001,0,2,1,0.000,38946,32768,3.148,4.600,14.481
90041,0,2,1,0.000,37122,31282,3.148,4.600,14.481
90081,0,2,1,0.000,37271,31508,3.148,4.600,14.481
90121,0,2,1,0.000,36892,31192,3.148,4.600,14.481
90161,0,2,1,0.000,35306,29872,3.148,4.600,14.481
90201,0,2,1,0.000,35108,29773,3.144,4.600,14.462
90241,0,2,1,0.000,34937,29723,3.144,4.600,14.462
90281,0,2,1,0.000,34507,29419,3.148,4.500,14.166
90321,0,2,1,0.000,33624,28646,3.148,4.500,14.166
90361,0,2,1,0.000,33419,28495,3.148,4.500,14.166
90401,0,2,1,0.000,33960,28984,3.148,4.300,13.536
90441,0,2,1,0.000,33597,28693,3.148,4.300,13.536
90481,0,2,1,0.000,33417,28576,3.148,4.600,14.481
90521,0,2,1,0.000,33139,28426,3.148,4.600,14.481
90561,0,2,1,0.000,33697,28882,3.148,4.600,14.481
90601,0,2,1,0.000,32883,28256,3.148,4.700,14.796
90641,0,2,1,0.000,32935,28355,3.148,4.700,14.796
