190,0,2,1,0.500,72640,78885,3.264,3.300,10.771
230,0,2,1,0.500,78382,91013,3.264,3.300,10.771
270,0,2,1,0.500,78329,90810,3.248,4.700,15.266
310,0,2,1,0.500,78203,90526,3.248,4.700,15.266
350,0,2,1,0.500,77969,89916,3.248,4.700,15.266
390,0,2,1,0.500,77402,88252,3.252,4.400,14.309
430,0,2,1,0.500,75316,83300,3.252,4.400,14.309
470,0,2,1,0.500,74653,80374,3.252,4.300,13.984
510,0,2,1,0.500,76206,77288,3.252,4.300,13.984
550,0,2,1,0.500,69696,64756,3.252,4.300,13.984
590,0,2,1,0.500,68429,62622,3.252,4.200,13.658
630,0,2,1,0.500,74158,78584,3.252,4.200,13.658
670,0,2,1,0.500,75287,81306,3.252,4.700,15.284
710,0,2,1,0.500,77944,86648,3.252,4.700,15.284
750,0,2,1,0.500,79959,90677,3.252,4.700,15.284
790,0,2,1,0.500,81129,93091,3.248,4.800,15.590
830,0,2,1,0.500,81893,94714,3.248,4.800,15.590
870,0,2,1,0.500,82172,95609,3.248,5.000,16.240
910,0,2,1,0.500,82384,95909,3.248,5.000,16.240
950,0,2,1,0.500,82606,96303,3.248,5.000,16.240
990,0,2,1,0.500,82583,96226,3.248,5.300,17.214
1030,0,2,1,0.500,82474,95918,3.248,5.300,17.214
1070,0,2,1,0.500,82273,95598,3.248,4.900,15.915
1110,0,2,1,0.500,81767,94676,3.248,4.900,15.915
1150,0,2,1,0.500,81093,93387,3.248,4.900,15.915
1190,0,2,1,0.500,80036,90983,3.248,4.500,14.616
1230,0,2,1,0.500,70129,63984,3.248,4.500,14.616
1270,0,2,1,0.500,75391,70631,3.252,4.700,15.284
1310,0,2,1,0.500,78693,80172,3.252,4.700,15.284
1350,0,2,1,0.500,75775,83956,3.252,4.700,15.284
1390,0,2,1,0.500,76082,87114,3.252,4.400,14.309
1430,0,2,1,0.500,77351,90037,3.252,4.400,14.309
1470,0,2,1,0.500,77969,91497,3.248,4.400,14.291
1510,0,2,1,0.500,78516,92508,3.248,4.400,14.291
1550,0,2,1,0.500,79042,93323,3.248,4.400,14.291
1590,0,2,1,0.500,79379,93868,3.248,4.900,15.915
1630,0,2,1,0.500,79620,94223,3.248,4.900,15.915
1670,0,2,1,0.500,79803,94518,3.248,4.900,15.915
1710,0,2,1,0.500,79736,94382,3.248,4.900,15.915
1750,0,2,1,0.500,79778,94376,3.248,4.900,15.915
1790,0,2,1,0.500,79760,94330,3.248,4.500,14.616
1830,0,2,1,0.500,79578,93957,3.248,4.500,14.616
1870,0,2,1,0.500,79116,93164,3.248,4.700,15.266
1910,0,2,1,0.500,78533,92134,3.248,4.700,15.266
1950,0,2,1,0.500,78117,91299,3.248,4.700,15.266
1990,0,2,1,0.500,77504,89763,3.248,4.800,15.590
2030,0,2,1,0.500,78038,85000,3.248,4.800,15.590
2070,0,2,1,0.500,66265,64061,3.252,4.500,14.634
2110,0,2,1,0.500,46246,45320,3.252,4.500,14.634
2150,0,2,1,0.500,67968,67135,3.252,4.500,14.634
2190,0,2,1,0.500,74987,78327,3.248,4.400,14.291
2230,0,2,1,0.500,70918,75307,3.248,4.400,14.291
2270,0,2,1,0.500,71930,76810,3.248,4.300,13.966
2310,0,2,1,0.500,74376,81666,3.248,4.300,13.966
2350,0,2,1,0.500,77167,87450,3.248,4.300,13.966
2390,0,2,1,0.500,78926,91122,3.248,4.600,14.941
2430,0,2,1,0.500,80101,93244,3.248,4.600,14.941
2470,0,2,1,0.500,80870,94430,3.244,4.700,15.247
2510,0,2,1,0.500,81366,95121,3.244,4.700,15.247
2550,0,2,1,0.500,81422,95105,3.244,4.700,15.247
2590,0,2,1,0.500,81017,94489,3.248,5.000,16.240
2630,0,2,1,0.500,80640,93850,3.248,5.000,16.240
2670,0,2,1,0.500,80216,92847,3.248,4.700,15.266
2710,0,2,1,0.500,79524,91276,3.248,4.700,15.266
2750,0,2,1,0.500,79393,89592,3.248,4.700,15.266
2790,0,2,1,0.500,81435,91050,3.252,4.500,14.634
2830,0,2,1,0.500,80989,90495,3.252,4.500,14.634
2870,0,2,1,0.500,81724,91129,3.252,4.400,14.309
2910,0,2,1,0.500,81619,91496,3.252,4.400,14.309
2950,0,2,1,0.500,81508,91412,3.252,4.400,14.309
2990,0,2,1,0.500,80653,90227,3.248,4.500,14.616
3030,0,2,1,0.500,80771,90302,3.248,4.500,14.616
3070,0,2,1,0.500,81767,91945,3.248,4.900,15.915
3110,0,2,1,0.500,83013,94229,3.248,4.900,15.915
3150,0,2,1,0.500,84477,96949,3.248,4.900,15.915
3190,0,2,1,0.500,86008,99528,3.248,5.300,17.214
3230,0,2,1,0.500,86588,100636,3.248,5.300,17.214
3270,0,2,1,0.500,86494,100457,3.248,5.000,16.240
3310,0,2,1,0.500,86151,99812,3.248,5.000,16.240
3350,0,2,1,0.500,85560,98764,3.248,5.000,16.240
3390,0,2,1,0.500,84351,96605,3.248,4.800,15.590
3430,0,2,1,0.500,81179,92507,3.248,4.800,15.590
3470,0,2,1,0.500,63066,56833,3.248,4.500,14.616
3510,0,2,1,0.500,52125,43947,3.248,4.500,14.616
3550,0,2,1,0.500,70388,64015,3.248,4.500,14.616
3590,0,2,1,0.500,77610,77598,3.248,4.700,15.266
3630,0,2,1,0.500,78742,79780,3.248,4.700,15.266
3670,0,2,1,0.500,75578,78851,3.248,4.400,14.291
3710,0,2,1,0.500,78832,78488,3.248,4.400,14.291
3750,0,2,1,0.500,73986,69903,3.248,4.400,14.291
3790,0,2,1,0.500,79714,77169,3.252,4.500,14.634
3830,0,2,1,0.500,81705,79709,3.252,4.500,14.634
3870,0,2,1,0.500,73847,68856,3.248,4.400,14.291
3910,0,2,1,0.500,53235,46764,3.248,4.400,14.291
3950,0,2,1,0.500,50950,42593,3.248,4.400,14.291
3990,0,2,1,0.500,55793,46005,3.252,4.400,14.309
4030,0,2,1,0.500,65632,56167,3.252,4.400,14.309
4070,0,2,1,0.500,72968,66024,3.240,4.400,14.256
4110,0,2,1,0.500,68943,61101,3.240,4.400,14.256
4150,0,2,1,0.500,54488,46633,3.240,4.400,14.256
4190,0,2,1,0.500,55548,47808,3.244,4.500,14.598
4230,0,2,1,0.500,70724,62465,3.244,4.500,14.598
4270,0,2,1,0.500,73965,66833,3.236,4.400,14.238
4310,0,2,1,0.500,70699,63514,3.236,4.400,14.238
4350,0,2,1,0.500,59716,52855,3.236,4.400,14.238
4390,0,2,1,0.500,53404,47057,3.240,4.600,14.904
4430,0,2,1,0.500,58047,51048,3.240,4.600,14.904
4470,0,2,1,0.500,63530,55632,3.240,4.500,14.580
4510,0,2,1,0.500,62099,54261,3.240,4.500,14.580
4550,0,2,1,0.500,60303,52705,3.240,4.500,14.580
4590,0,2,1,0.500,62220,54384,3.232,4.700,15.190
4630,0,2,1,0.500,58602,50401,3.232,4.700,15.190
4670,0,2,1,0.500,58527,50536,3.240,4.700,15.228
4710,0,2,1,0.500,62642,54645,3.240,4.700,15.228
4750,0,2,1,0.500,67426,59519,3.240,4.700,15.228
4790,0,2,1,0.500,69808,62030,3.236,4.500,14.562
4830,0,2,1,0.500,68913,60599,3.236,4.500,14.562
4870,0,2,1,0.500,69190,60961,3.236,4.600,14.886
4910,0,2,1,0.500,66948,58050,3.236,4.600,14.886
4950,0,2,1,0.500,64765,55528,3.236,4.600,14.886
4990,0,2,1,0.500,63931,54518,3.236,4.500,14.562
5030,0,2,1,0.500,63963,54309,3.236,4.500,14.562
5070,0,2,1,0.500,70365,62357,3.244,4.500,14.598
5110,0,2,1,0.500,71159,63175,3.244,4.500,14.598
5150,0,2,1,0.500,64918,55549,3.244,4.500,14.598
5190,0,2,1,0.500,64552,55099,3.236,4.600,14.886
5230,0,2,1,0.500,71266,64241,3.236,4.600,14.886
5270,0,2,1,0.500,75172,68910,3.236,4.500,14.562
5310,0,2,1,0.500,64834,54862,3.236,4.500,14.562
5350,0,2,1,0.500,50573,40041,3.236,4.500,14.562
5390,0,2,1,0.500,50230,39436,3.240,4.900,15.876
5430,0,2,1,0.500,47938,37532,3.240,4.900,15.876
5470,0,2,1,0.500,43180,33969,3.240,4.400,14.256
5510,0,2,1,0.500,47944,37904,3.240,4.400,14.256
5550,0,2,1,0.500,59205,47681,3.240,4.400,14.256
5590,0,2,1,0.500,68961,59017,3.240,4.500,14.580
5630,0,2,1,0.500,71208,61915,3.240,4.500,14.580
5670,0,2,1,0.500,61661,52064,3.236,4.500,14.562
5710,0,2,1,0.500,67458,58721,3.236,4.500,14.562
5750,0,2,1,0.500,72000,66024,3.236,4.500,14.562
5790,0,2,1,0.500,69647,69986,3.240,4.500,14.580
5830,0,2,1,0.500,64433,66992,3.240,4.500,14.580
5870,0,2,1,0.500,64323,67131,3.232,4.700,15.190
5910,0,2,1,0.500,67355,66510,3.232,4.700,15.190
5950,0,2,1,0.500,32651,31061,3.232,4.700,15.190
5990,0,2,1,0.500,18477,16396,3.240,4.500,14.580
6030,0,2,1,0.500,22779,20089,3.240,4.500,14.580
6070,0,2,1,0.500,26964,23718,3.244,4.600,14.922
6110,0,2,1,0.500,24010,21121,3.244,4.600,14.922
6150,0,2,1,0.500,24249,21551,3.244,4.600,14.922
6190,0,2,1,0.500,27138,24054,3.240,4.500,14.580
6230,0,2,1,0.500,36954,32953,3.240,4.500,14.580
6270,0,2,1,0.500,56688,50005,3.240,4.400,14.256
6310,0,2,1,0.500,66728,58820,3.240,4.400,14.256
6350,0,2,1,0.500,72754,74386,3.240,4.400,14.256
6390,0,2,1,0.500,74776,77164,3.240,4.700,15.228
6430,0,2,1,0.500,76372,80166,3.240,4.700,15.228
6470,0,2,1,0.500,77201,81503,3.240,4.400,14.256
6510,0,2,1,0.500,71552,70324,3.240,4.400,14.256
6550,0,2,1,0.500,31849,24907,3.240,4.400,14.256
6590,0,2,1,0.500,62571,60140,3.236,4.500,14.562
6630,0,2,1,0.500,76867,82596,3.236,4.500,14.562
6670,0,2,1,0.500,79060,87264,3.236,4.700,15.209
6710,0,2,1,0.500,77453,84131,3.236,4.700,15.209
6750,0,2,1,0.500,47098,37289,3.236,4.700,15.209
6790,0,2,1,0.500,47721,38202,3.240,4.700,15.228
6830,0,2,1,0.500,78213,83634,3.240,4.700,15.228
6870,0,2,1,0.500,81822,93038,3.232,4.800,15.514
6910,0,2,1,0.500,82127,94060,3.232,4.800,15.514
6950,0,2,1,0.500,81830,93450,3.232,4.800,15.514
6990,0,2,1,0.500,81323,92633,3.236,4.700,15.209
7030,0,2,1,0.500,80973,91930,3.236,4.700,15.209
7071,0,2,1,0.500,80548,90759,3.232,4.800,15.514
7110,0,2,1,0.500,79809,88737,3.232,4.800,15.514
7150,0,2,1,0.500,78691,86146,3.232,4.800,15.514
7190,0,2,1,0.500,76232,81467,3.232,4.400,14.221
7230,0,2,1,0.500,67080,56896,3.232,4.400,14.221
7270,0,2,1,0.500,65255,57332,3.244,4.800,15.571
7310,0,2,1,0.500,75589,78588,3.244,4.800,15.571
7350,0,2,1,0.500,75928,78852,3.244,4.800,15.571
7390,0,2,1,0.500,75812,78780,3.244,4.500,14.598
7430,0,2,1,0.500,73459,75113,3.244,4.500,14.598
7470,0,2,1,0.500,71744,72282,3.248,4.300,13.966
7511,0,2,1,0.500,74576,76369,3.248,4.300,13.966
7550,0,2,1,0.500,71109,72237,3.248,4.300,13.966
7590,0,2,1,0.500,69229,70176,3.236,4.500,14.562
7631,0,2,1,0.500,74978,72190,3.236,4.500,14.562
7670,0,2,1,0.500,72401,66655,3.248,4.500,14.616
7710,0,2,1,0.500,72353,72029,3.248,4.500,14.616
7751,0,2,1,0.500,76106,83614,3.248,4.500,14.616
7790,0,2,1,0.500,78392,88578,3.244,4.400,14.274
7830,0,2,1,0.500,79309,90544,3.244,4.400,14.274
7870,0,2,1,0.500,79289,90412,3.244,4.600,14.922
7910,0,2,1,0.500,76815,84163,3.244,4.600,14.922
7950,0,2,1,0.500,64809,58891,3.244,4.600,14.922
7990,0,2,1,0.500,71756,76767,3.244,4.800,15.571
8030,0,2,1,0.500,77857,89396,3.244,4.800,15.571
8070,0,2,1,0.500,78285,90661,3.244,4.900,15.896
8110,0,2,1,0.500,78122,90745,3.244,4.900,15.896
8150,0,2,1,0.000,78321,91383,3.244,4.900,15.896
8190,0,2,1,0.000,78306,91671,3.240,4.600,14.904
8231,0,2,1,0.000,78517,92279,3.240,4.600,14.904
8270,0,2,1,0.000,78474,92424,3.240,4.600,14.904
8310,0,2,1,0.000,78722,92989,3.240,4.600,14.904
8351,0,2,1,0.000,78819,93221,3.240,4.600,14.904
8390,0,2,1,0.000,78589,92951,3.244,4.700,15.247
8430,0,2,1,0.000,78560,92948,3.244,4.700,15.247
8470,0,2,1,0.000,78845,93291,3.244,4.600,14.922
8510,0,2,1,0.000,79864,94453,3.244,4.600,14.922
8550,0,2,1,0.000,80982,95835,3.244,4.600,14.922
8590,0,2,1,0.000,81682,96649,3.244,4.500,14.598
8630,0,2,1,0.000,81851,97088,3.244,4.500,14.598
8671,0,2,1,0.000,81663,97410,3.236,4.600,14.886
8710,0,2,1,0.000,81275,96922,3.236,4.600,14.886
8750,0,2,1,0.000,80540,95652,3.236,4.600,14.886
8791,0,2,1,0.000,79532,93839,3.240,4.700,15.228
8830,0,2,1,0.000,76831,88460,3.240,4.700,15.228
8871,0,2,1,0.000,72003,78110,3.244,4.500,14.598
8911,0,2,1,0.000,76419,85807,3.244,4.500,14.598
8950,0,2,1,0.000,75272,84092,3.244,4.500,14.598
8991,0,2,1,0.000,67684,59376,3.236,4.800,15.533
9031,0,2,1,0.000,58114,48681,3.236,4.800,15.533
9070,0,2,1,0.000,71237,71917,3.228,4.600,14.849
9111,0,2,1,0.000,72876,77282,3.228,4.600,14.849
9151,0,2,1,0.000,75941,84310,3.228,4.600,14.849
9191,0,2,1,0.000,78978,89965,3.220,4.800,15.456
9231,0,2,1,0.000,80265,92396,3.220,4.800,15.456
9270,0,2,1,0.000,80977,93663,3.212,4.700,15.096
9311,0,2,1,0.000,81344,94237,3.212,4.700,15.096
9351,0,2,1,0.000,81252,94047,3.212,4.700,15.096
9390,0,2,1,0.000,80949,93210,3.224,4.800,15.475
9431,0,2,1,0.000,80136,91515,3.224,4.800,15.475
9470,0,2,1,0.000,51820,49872,3.240,4.600,14.904
9511,0,2,1,0.000,17251,15523,3.240,4.600,14.904
9551,0,2,1,0.000,20408,20380,3.240,4.600,14.904
9590,0,2,1,0.000,23188,24135,3.228,4.600,14.849
9631,0,2,1,0.000,23385,25283,3.228,4.600,14.849
9670,0,2,1,0.000,52931,53672,3.232,4.600,14.867
9710,0,2,1,0.000,70533,79928,3.232,4.600,14.867
9751,0,2,1,0.000,70352,80386,3.232,4.600,14.867
9790,0,2,1,0.000,75104,75328,3.224,4.700,15.153
9830,0,2,1,0.000,44254,42148,3.224,4.700,15.153
9871,0,2,1,0.000,34277,29235,3.232,4.400,14.221
9910,0,2,1,0.000,35345,30819,3.232,4.400,14.221
9951,0,2,1,0.000,54759,48398,3.232,4.400,14.221
9991,0,2,1,0.000,59538,54645,3.236,4.500,14.562
10030,0,2,1,0.000,35000,30781,3.236,4.500,14.562
10071,0,2,1,0.000,40351,33202,3.244,4.300,13.949
10111,0,2,1,0.000,69862,62625,3.244,4.300,13.949
10150,0,2,1,0.000,82659,80874,3.244,4.300,13.949
10191,0,2,1,0.000,61430,61295,3.232,4.500,14.544
10230,0,2,1,0.000,72017,65640,3.232,4.500,14.544
10271,0,2,1,0.000,70062,61864,3.244,4.600,14.922
10311,0,2,1,0.000,57817,47243,3.244,4.600,14.922
10350,0,2,1,0.000,70085,66636,3.244,4.600,14.922
10391,0,2,1,0.000,68941,64563,3.248,4.600,14.941
10431,0,2,1,0.000,45659,37362,3.248,4.600,14.941
10471,0,2,1,0.000,44058,31988,3.248,4.700,15.266
10511,0,2,1,0.000,39869,28837,3.248,4.700,15.266
10551,0,2,1,0.000,51216,41360,3.248,4.700,15.266
10591,0,2,1,0.000,62949,54568,3.244,4.600,14.922
10631,0,2,1,0.000,67795,56495,3.244,4.600,14.922
10671,0,2,1,0.000,65671,54310,3.248,4.700,15.266
10711,0,2,1,0.000,59711,48841,3.248,4.700,15.266
10751,0,2,1,0.000,55521,49809,3.248,4.700,15.266
10791,0,2,1,0.000,41651,39986,3.236,4.600,14.886
10831,0,2,1,0.000,50588,42518,3.236,4.600,14.886
10870,0,2,1,0.000,51118,38607,3.248,4.700,15.266
10911,0,2,1,0.000,54671,42193,3.248,4.700,15.266
10951,0,2,1,0.000,63526,53895,3.248,4.700,15.266
10990,0,2,1,0.000,66796,59387,3.248,4.600,14.941
11031,0,2,1,0.000,73718,63725,3.248,4.600,14.941
11071,0,2,1,0.000,67057,65890,3.248,4.800,15.590
11111,0,2,1,0.000,65844,66313,3.248,4.800,15.590
11151,0,2,1,0.000,65971,65955,3.248,4.800,15.590
11191,0,2,1,0.000,70568,64523,3.236,4.400,14.238
11231,0,2,1,0.000,61122,53125,3.236,4.400,14.238
11271,0,2,1,0.000,68790,65906,3.244,4.500,14.598
11311,0,2,1,0.000,65337,67978,3.244,4.500,14.598
11351,0,2,1,0.000,66207,67134,3.244,4.500,14.598
11391,0,2,1,0.000,71779,66044,3.236,4.600,14.886
11430,0,2,1,0.000,64893,59000,3.236,4.600,14.886
11471,0,2,1,0.000,73091,64246,3.240,4.500,14.580
11511,0,2,1,0.000,78715,70867,3.240,4.500,14.580
11551,0,2,1,0.000,80542,73877,3.240,4.500,14.580
11591,0,2,1,0.000,79669,73076,3.240,4.400,14.256
11631,0,2,1,0.000,73414,67199,3.240,4.400,14.256
11671,0,2,1,0.000,73394,67314,3.244,4.600,14.922
11711,0,2,1,0.000,77705,71476,3.244,4.600,14.922
11751,0,2,1,0.000,77449,71242,3.244,4.600,14.922
11791,0,2,1,0.000,73455,66745,3.240,4.400,14.256
11831,0,2,1,0.000,68151,62336,3.240,4.400,14.256
11871,0,2,1,0.000,67918,61738,3.240,4.700,15.228
11911,0,2,1,0.000,67205,60793,3.240,4.700,15.228
11951,0,2,1,0.000,76235,73189,3.240,4.700,15.228
11991,0,2,1,0.000,71734,71679,3.244,4.500,14.598
12031,0,2,1,0.000,72253,71958,3.244,4.500,14.598
12071,0,2,1,0.000,73976,74315,3.244,4.300,13.949
12111,0,2,1,0.000,73299,78138,3.244,4.300,13.949
12151,0,2,1,0.000,77785,87358,3.244,4.300,13.949
12191,0,2,1,0.000,80511,92879,3.236,4.700,15.209
12231,0,2,1,0.000,81740,95187,3.236,4.700,15.209
12271,0,2,1,0.000,82316,96745,3.240,5.000,16.200
12311,0,2,1,0.000,83090,97714,3.240,5.000,16.200
12351,0,2,1,0.000,83580,98159,3.240,5.000,16.200
12391,0,2,1,0.000,83661,98045,3.244,4.800,15.571
12431,0,2,1,0.000,83449,97477,3.244,4.800,15.571
12471,0,2,1,0.000,82722,96168,3.240,4.700,15.228
12511,0,2,1,0.000,81676,89881,3.240,4.700,15.228
12551,0,2,1,0.000,28578,25023,3.240,4.700,15.228
12591,0,2,1,0.000,15911,15440,3.244,4.600,14.922
12631,0,2,1,0.000,60631,63047,3.244,4.600,14.922
12671,0,2,1,0.000,76946,87929,3.240,4.400,14.256
12711,0,2,1,0.000,77887,89871,3.240,4.400,14.256
12751,0,2,1,0.000,77807,89707,3.240,4.400,14.256
12791,0,2,1,0.000,73824,79776,3.244,4.700,15.247
12831,0,2,1,0.000,13698,14069,3.244,4.700,15.247
12871,0,2,1,0.000,24790,26241,3.248,4.400,14.291
12911,0,2,1,0.000,76642,85006,3.248,4.400,14.291
12951,0,2,1,0.000,78349,91171,3.248,4.400,14.291
12991,0,2,1,0.000,78532,91912,3.244,4.700,15.247
13031,0,2,1,0.000,78093,90700,3.244,4.700,15.247
13071,0,2,1,0.000,63460,65797,3.248,4.700,15.266
13111,0,2,1,0.000,8825,8201,3.248,4.700,15.266
13151,0,2,1,0.000,30230,28741,3.248,4.700,15.266
13191,0,2,1,0.000,78456,85995,3.248,4.800,15.590
13231,0,2,1,0.000,80486,91540,3.248,4.800,15.590
13271,0,2,1,0.000,80253,91049,3.244,4.600,14.922
13311,0,2,1,0.000,48008,46128,3.244,4.600,14.922
13351,0,2,1,0.000,19548,17515,3.244,4.600,14.922
13391,0,2,1,0.000,72724,77528,3.232,4.500,14.544
13431,0,2,1,0.000,79779,90660,3.232,4.500,14.544
13471,0,2,1,0.000,79851,90904,3.240,4.800,15.552
13511,0,2,1,0.000,61502,63614,3.240,4.800,15.552
13551,0,2,1,0.000,9069,8125,3.240,4.800,15.552
13591,0,2,1,0.000,47234,47457,3.244,4.500,14.598
13631,0,2,1,0.000,75733,85478,3.244,4.500,14.598
13671,0,2,1,0.000,76274,86873,3.240,4.500,14.580
13711,0,2,1,0.000,77433,83449,3.240,4.500,14.580
13751,0,2,1,0.000,30627,28170,3.240,4.500,14.580
13791,0,2,1,0.000,51776,49190,3.244,4.600,14.922
13831,0,2,1,0.000,77267,86514,3.244,4.600,14.922
13871,0,2,1,0.000,78452,89574,3.244,4.600,14.922
13911,0,2,1,0.000,78720,90310,3.244,4.600,14.922
13951,0,2,1,0.000,78244,89281,3.244,4.600,14.922
13991,0,2,1,0.000,67954,67797,3.244,4.500,14.598
14031,0,2,1,0.000,36969,32151,3.244,4.500,14.598
14071,0,2,1,0.000,68530,65855,3.248,4.700,15.266
14111,0,2,1,0.000,77464,88215,3.248,4.700,15.266
14151,0,2,1,0.000,77649,89428,3.248,4.700,15.266
14191,0,2,1,0.000,77728,89935,3.244,4.700,15.247
14231,0,2,1,0.000,77918,90564,3.244,4.700,15.247
14271,0,2,1,0.000,77879,90590,3.248,4.700,15.266
14311,0,2,1,0.000,77935,90644,3.248,4.700,15.266
14351,0,2,1,0.000,77859,90404,3.248,4.700,15.266
14391,0,2,1,0.000,77643,89603,3.248,4.800,15.590
14431,0,2,1,0.000,77120,87294,3.248,4.800,15.590
14471,0,2,1,0.000,40900,35473,3.248,4.700,15.266
14511,0,2,1,0.000,49087,47113,3.248,4.700,15.266
14551,0,2,1,0.000,77174,86534,3.248,4.700,15.266
14591,0,2,1,0.000,79157,90803,3.248,4.700,15.266
14631,0,2,1,0.000,80198,93095,3.248,4.700,15.266
14671,0,2,1,0.000,80762,94350,3.248,4.700,15.266
14711,0,2,1,0.000,81009,94664,3.248,4.700,15.266
14751,0,2,1,0.000,81320,94822,3.248,4.700,15.266
14791,0,2,1,0.000,81279,94421,3.248,4.700,15.266
14831,0,2,1,0.000,80340,92238,3.248,4.700,15.266
14871,0,2,1,0.000,63834,61664,3.248,4.500,14.616
14911,0,2,1,0.000,48274,42271,3.248,4.500,14.616
14951,0,2,1,0.000,76929,82724,3.248,4.500,14.616
14991,0,2,1,0.000,77809,88947,3.244,4.600,14.922
15031,0,2,1,0.000,78908,91598,3.244,4.600,14.922
15071,0,2,1,0.000,79246,92598,3.244,4.800,15.571
15111,0,2,1,0.000,78897,91786,3.244,4.800,15.571
15151,0,2,1,0.000,78248,90011,3.244,4.800,15.571
15191,0,2,1,0.000,78063,89295,3.248,4.600,14.941
15231,0,2,1,0.000,78356,89588,3.248,4.600,14.941
15271,0,2,1,0.000,79493,92334,3.244,4.300,13.949
15311,0,2,1,0.000,80850,95116,3.244,4.300,13.949
15351,0,2,1,0.000,81548,96478,3.244,4.300,13.949
15391,0,2,1,0.000,81792,97148,3.244,4.700,15.247
15431,0,2,1,0.000,81617,97361,3.244,4.700,15.247
15471,0,2,1,0.000,81636,97387,3.244,4.800,15.571
15511,0,2,1,0.000,81388,96930,3.244,4.800,15.571
15551,0,2,1,0.000,80838,95720,3.244,4.800,15.571
15591,0,2,1,0.000,79888,93584,3.244,4.800,15.571
15631,0,2,1,0.000,78568,89151,3.244,4.800,15.571
15671,0,2,1,0.000,76957,73779,3.248,4.800,15.590
15711,0,2,1,0.000,67940,65703,3.248,4.800,15.590
15751,0,2,1,0.000,76047,79075,3.248,4.800,15.590
15791,0,2,1,0.000,75960,81081,3.248,4.800,15.590
15831,0,2,1,0.000,75810,81439,3.248,4.800,15.590
15871,0,2,1,0.000,75524,81842,3.244,4.500,14.598
15911,0,2,1,0.000,74828,82874,3.244,4.500,14.598
15951,0,2,1,0.000,74819,84475,3.244,4.500,14.598
15991,0,2,1,0.000,75508,86022,3.248,4.700,15.266
16031,0,2,1,0.000,76300,87533,3.248,4.700,15.266
16071,0,2,1,0.000,76771,88528,3.248,4.300,13.966
16111,0,2,1,0.000,77180,89358,3.248,4.300,13.966
16151,0,2,1,0.000,77363,89760,3.248,4.300,13.966
16191,0,2,1,0.000,77286,89719,3.248,4.700,15.266
16231,0,2,1,0.000,77207,89550,3.248,4.700,15.266
16271,0,2,1,0.000,77070,89270,3.244,4.600,14.922
16311,0,2,1,0.000,76805,88787,3.244,4.600,14.922
16351,0,2,1,0.000,76673,88524,3.244,4.600,14.922
16391,0,2,1,0.000,76956,88900,3.244,4.800,15.571
16431,0,2,1,0.000,77296,88939,3.244,4.800,15.571
16471,0,2,1,0.000,73930,78366,3.248,4.400,14.291
16511,0,2,1,0.000,50420,40525,3.248,4.400,14.291
16551,0,2,1,0.000,66989,61630,3.248,4.400,14.291
16591,0,2,1,0.000,75407,80951,3.248,4.700,15.266
16631,0,2,1,0.000,78998,88569,3.248,4.700,15.266
16671,0,2,1,0.000,80823,92179,3.244,4.900,15.896
16711,0,2,1,0.000,81730,93958,3.244,4.900,15.896
16751,0,2,1,0.000,82131,95174,3.244,4.900,15.896
16791,0,2,1,0.000,82389,95616,3.244,4.800,15.571
16831,0,2,1,0.000,82425,95646,3.244,4.800,15.571
16871,0,2,1,0.000,82273,95312,3.244,4.800,15.571
16911,0,2,1,0.000,81752,94365,3.244,4.800,15.571
16951,0,2,1,0.000,80593,92348,3.244,4.800,15.571
16991,0,2,1,0.000,80041,89035,3.248,4.700,15.266
17031,0,2,1,0.000,32316,28693,3.248,4.700,15.266
17071,0,2,1,0.000,22277,20168,3.248,4.700,15.266
17111,0,2,1,0.000,71947,68331,3.248,4.700,15.266
17151,0,2,1,0.000,81887,92678,3.248,4.700,15.266
17191,0,2,1,0.000,82738,94926,3.244,4.600,14.922
17231,0,2,1,0.000,83661,96516,3.244,4.600,14.922
17271,0,2,1,0.000,84403,97730,3.244,4.700,15.247
17311,0,2,1,0.000,84868,98324,3.244,4.700,15.247
17351,0,2,1,0.000,84956,98217,3.244,4.700,15.247
17391,0,2,1,0.000,84965,98096,3.244,4.400,14.274
17431,0,2,1,0.000,84625,97603,3.244,4.400,14.274
17471,0,2,1,0.000,70510,73508,3.248,4.600,14.941
17511,0,2,1,0.000,34013,30895,3.248,4.600,14.941
17551,0,2,1,0.000,49781,43738,3.248,4.600,14.941
17591,0,2,1,0.000,71010,75526,3.240,4.700,15.228
17631,0,2,1,0.000,73455,84432,3.240,4.700,15.228
17671,0,2,1,0.000,74526,86641,3.236,4.600,14.886
17711,0,2,1,0.000,75200,87852,3.236,4.600,14.886
17751,0,2,1,0.000,75849,88884,3.236,4.600,14.886
17791,0,2,1,0.000,76341,89629,3.244,5.000,16.220
17831,0,2,1,0.000,76556,89967,3.244,5.000,16.220
17871,0,2,1,0.000,76618,90065,3.244,4.600,14.922
17911,0,2,1,0.000,76457,89913,3.244,4.600,14.922
17951,0,2,1,0.000,76188,89912,3.244,4.600,14.922
17991,0,2,1,0.000,76456,87306,3.244,4.500,14.598
18031,0,2,1,0.000,76575,71339,3.244,4.500,14.598
18071,0,2,1,0.000,78675,79481,3.248,4.400,14.291
18111,0,2,1,0.000,73134,80324,3.248,4.400,14.291
18151,0,2,1,0.000,72388,82541,3.248,4.400,14.291
18191,0,2,1,0.000,73057,83748,3.244,4.700,15.247
18231,0,2,1,0.000,73994,85026,3.244,4.700,15.247
18271,0,2,1,0.000,74610,85881,3.244,4.900,15.896
18311,0,2,1,0.000,74816,86075,3.244,4.900,15.896
18351,0,2,1,0.000,74593,85789,3.244,4.900,15.896
18391,0,2,1,0.000,74199,85700,3.244,4.600,14.922
18431,0,2,1,0.000,74182,85796,3.244,4.600,14.922
18471,0,2,1,0.000,76286,81147,3.244,4.400,14.274
18511,0,2,1,0.000,71291,65081,3.244,4.400,14.274
18551,0,2,1,0.000,71206,66800,3.244,4.400,14.274
18591,0,2,1,0.000,69336,74288,3.244,4.500,14.598
18631,0,2,1,0.000,67677,79639,3.244,4.500,14.598
18671,0,2,1,0.000,70005,83021,3.248,4.700,15.266
18711,0,2,1,0.000,70942,84580,3.248,4.700,15.266
18751,0,2,1,0.000,71149,84887,3.248,4.700,15.266
18791,0,2,1,0.000,70362,83176,3.248,4.800,15.590
18831,0,2,1,0.000,69723,82393,3.248,4.800,15.590
18871,0,2,1,0.000,76264,80251,3.248,4.600,14.941
18911,0,2,1,0.000,51722,49685,3.248,4.600,14.941
18951,0,2,1,0.000,23007,20476,3.248,4.600,14.941
18991,0,2,1,0.000,60222,58428,3.248,4.400,14.291
19031,0,2,1,0.000,74318,82001,3.248,4.400,14.291
19071,0,2,1,0.000,76275,86665,3.244,4.700,15.247
19111,0,2,1,0.000,77326,89049,3.244,4.700,15.247
19151,0,2,1,0.000,78107,90624,3.244,4.700,15.247
19191,0,2,1,0.000,78332,90891,3.248,4.700,15.266
19231,0,2,1,0.000,78083,89772,3.248,4.700,15.266
19271,0,2,1,0.000,71793,74757,3.248,4.700,15.266
19311,0,2,1,0.000,22635,20430,3.248,4.700,15.266
19351,0,2,1,0.000,52202,50863,3.248,4.700,15.266
19391,0,2,1,0.000,74313,81472,3.244,4.500,14.598
19431,0,2,1,0.000,75251,84388,3.244,4.500,14.598
19471,0,2,1,0.000,76187,86639,3.244,4.600,14.922
19511,0,2,1,0.000,76567,87428,3.244,4.600,14.922
19551,0,2,1,0.000,78130,86163,3.244,4.600,14.922
19591,0,2,1,0.000,27242,23166,3.248,4.600,14.941
19631,0,2,1,0.000,11823,10828,3.248,4.600,14.941
19671,0,2,1,0.000,58113,59580,3.252,4.700,15.284
19711,0,2,1,0.000,76256,85940,3.252,4.700,15.284
19751,0,2,1,0.000,77246,88258,3.252,4.700,15.284
19791,0,2,1,0.000,77489,88818,3.248,4.600,14.941
19831,0,2,1,0.000,77342,88472,3.248,4.600,14.941
19871,0,2,1,0.000,78386,85449,3.248,4.600,14.941
19911,0,2,1,0.000,49482,42230,3.248,4.600,14.941
19951,0,2,1,0.000,74516,78980,3.248,4.600,14.941
19991,0,2,1,0.000,77061,87220,3.248,4.400,14.291
20031,0,2,1,0.000,78339,90077,3.248,4.400,14.291
20071,0,2,1,0.000,78683,90843,3.248,4.900,15.915
20111,0,2,1,0.000,78436,90457,3.248,4.900,15.915
20151,0,2,1,0.000,77637,88836,3.248,4.900,15.915
20191,0,2,1,0.000,76585,81681,3.248,4.600,14.941
20231,0,2,1,0.000,27417,25649,3.248,4.600,14.941
20271,0,2,1,0.000,29922,27535,3.248,4.600,14.941
20311,0,2,1,0.000,74535,74608,3.248,4.600,14.941
20351,0,2,1,0.000,75762,85586,3.248,4.600,14.941
20391,0,2,1,0.000,77291,89121,3.244,4.700,15.247
20431,0,2,1,0.000,77739,90120,3.244,4.700,15.247
20471,0,2,1,0.000,77612,89832,3.248,4.500,14.616
20511,0,2,1,0.000,76789,87979,3.248,4.500,14.616
20551,0,2,1,0.000,60225,59595,3.248,4.500,14.616
20591,0,2,1,0.000,41793,40492,3.248,4.700,15.266
20631,0,2,1,0.000,76120,79250,3.248,4.700,15.266
20671,0,2,1,0.000,75481,83712,3.244,4.400,14.274
20711,0,2,1,0.000,75195,84318,3.244,4.400,14.274
20751,0,2,1,0.000,75317,84716,3.244,4.400,14.274
20791,0,2,1,0.000,75621,85346,3.244,4.700,15.247
20831,0,2,1,0.000,76233,86369,3.244,4.700,15.247
20872,0,2,1,0.000,76888,86833,3.248,4.400,14.291
20911,0,2,1,0.000,77278,87184,3.248,4.400,14.291
20951,0,2,1,0.000,77429,87484,3.248,4.400,14.291
20992,0,2,1,0.000,77862,88287,3.244,4.600,14.922
21031,0,2,1,0.000,78723,90079,3.244,4.600,14.922
21071,0,2,1,0.000,79038,90936,3.244,4.700,15.247
21112,0,2,1,0.000,79398,91827,3.244,4.700,15.247
21151,0,2,1,0.000,79694,92422,3.244,4.700,15.247
21191,0,2,1,0.000,79596,92301,3.244,4.700,15.247
21232,0,2,1,0.000,78964,90967,3.244,4.700,15.247
21271,0,2,1,0.000,75895,80216,3.248,4.700,15.266
21312,0,2,1,0.000,22808,20213,3.248,4.700,15.266
21352,0,2,1,0.000,19146,16695,3.248,4.700,15.266
21391,0,2,1,0.000,62930,63690,3.248,4.400,14.291
21432,0,2,1,0.000,74158,83437,3.248,4.400,14.291
21471,0,2,1,0.000,75329,86651,3.244,4.700,15.247
21511,0,2,1,0.000,75670,87403,3.244,4.700,15.247
21552,0,2,1,0.000,75175,86460,3.244,4.700,15.247
21591,0,2,1,0.000,74292,83717,3.244,4.800,15.571
21631,0,2,1,0.000,38889,32109,3.244,4.800,15.571
21671,0,2,1,0.000,33189,27771,3.244,4.400,14.274
21711,0,2,1,0.000,77030,82202,3.244,4.400,14.274
21752,0,2,1,0.000,80150,90373,3.244,4.400,14.274
21791,0,2,1,0.000,81291,92989,3.244,4.600,14.922
21831,0,2,1,0.000,81466,93576,3.244,4.600,14.922
21872,0,2,1,0.000,81096,92882,3.244,4.600,14.922
21911,0,2,1,0.000,79959,90407,3.244,4.600,14.922
21952,0,2,1,0.000,54752,48097,3.244,4.600,14.922
21991,0,2,1,0.000,16374,15915,3.244,4.600,14.922
22031,0,2,1,0.000,63831,65680,3.244,4.600,14.922
22072,0,2,1,0.000,77217,87630,3.244,4.600,14.922
22111,0,2,1,0.000,78639,90725,3.244,4.600,14.922
22151,0,2,1,0.000,79111,91803,3.244,4.600,14.922
22192,0,2,1,0.000,78992,91696,3.244,4.700,15.247
22231,0,2,1,0.000,78360,90521,3.244,4.700,15.247
22272,0,2,1,0.000,77421,88511,3.248,4.700,15.266
22312,0,2,1,0.000,75939,77846,3.248,4.700,15.266
22351,0,2,1,0.000,35311,32765,3.248,4.700,15.266
22392,0,2,1,0.000,36334,34423,3.248,4.400,14.291
22432,0,2,1,0.000,71536,67258,3.248,4.400,14.291
22472,0,2,1,0.000,72846,77532,3.248,4.500,14.616
22512,0,2,1,0.000,75286,84665,3.248,4.500,14.616
22551,0,2,1,0.000,76290,86921,3.248,4.500,14.616
22592,0,2,1,0.000,76777,87945,3.248,4.600,14.941
22632,0,2,1,0.000,76988,88341,3.248,4.600,14.941
22672,0,2,1,0.000,76958,87947,3.248,4.700,15.266
22712,0,2,1,0.000,58614,57541,3.248,4.700,15.266
22752,0,2,1,0.000,14349,12905,3.248,4.700,15.266
22792,0,2,1,0.000,25252,24175,3.248,4.400,14.291
22832,0,2,1,0.000,69923,72099,3.248,4.400,14.291
22871,0,2,1,0.000,75542,82835,3.248,4.600,14.941
22912,0,2,1,0.000,77795,87645,3.248,4.600,14.941
22952,0,2,1,0.000,77897,87420,3.248,4.600,14.941
22991,0,2,1,0.000,62836,60118,3.248,4.500,14.616
23032,0,2,1,0.000,14884,13114,3.248,4.500,14.616
23072,0,2,1,0.000,30775,28849,3.248,4.600,14.941
23112,0,2,1,0.000,57711,51053,3.248,4.600,14.941
23152,0,2,1,0.000,38545,33110,3.248,4.600,14.941
23192,0,2,1,0.000,25706,22306,3.244,4.600,14.922
23232,0,2,1,0.000,26187,22669,3.244,4.600,14.922
23272,0,2,1,0.000,67181,63530,3.248,4.400,14.291
23312,0,2,1,0.000,73613,80875,3.248,4.400,14.291
23352,0,2,1,0.000,75231,84218,3.248,4.400,14.291
23392,0,2,1,0.000,75430,84710,3.244,4.500,14.598
23431,0,2,1,0.000,73480,77125,3.244,4.500,14.598
23472,0,2,1,0.000,46377,40927,3.244,4.700,15.247
23512,0,2,1,0.000,73557,74784,3.244,4.700,15.247
23552,0,2,1,0.000,79900,89128,3.244,4.700,15.247
23592,0,2,1,0.000,82040,94055,3.244,4.600,14.922
23632,0,2,1,0.000,82453,95448,3.244,4.600,14.922
23672,0,2,1,0.000,82758,96227,3.244,4.700,15.247
23712,0,2,1,0.000,82981,96713,3.244,4.700,15.247
23752,0,2,1,0.000,83054,96885,3.244,4.700,15.247
23792,0,2,1,0.000,83084,97046,3.244,5.000,16.220
23832,0,2,1,0.000,83150,97075,3.244,5.000,16.220
23872,0,2,1,0.000,83003,96507,3.240,4.700,15.228
23912,0,2,1,0.000,82700,95442,3.240,4.700,15.228
23952,0,2,1,0.000,73141,76897,3.240,4.700,15.228
23992,0,2,1,0.000,19376,14772,3.244,4.500,14.598
24032,0,2,1,0.000,12611,7310,3.244,4.500,14.598
24072,0,2,1,0.000,31499,25958,3.244,4.900,15.896
24112,0,2,1,0.000,58614,61483,3.244,4.900,15.896
24152,0,2,1,0.000,64835,70352,3.244,4.900,15.896
24192,0,2,1,0.000,51949,47469,3.244,4.500,14.598
24232,0,2,1,0.000,41820,36498,3.244,4.500,14.598
24272,0,2,1,0.000,77910,77329,3.244,4.500,14.598
24312,0,2,1,0.000,79048,89814,3.244,4.500,14.598
24352,0,2,1,0.000,79858,92504,3.244,4.500,14.598
24392,0,2,1,0.000,80715,94204,3.228,4.400,14.203
24432,0,2,1,0.000,81361,95239,3.228,4.400,14.203
24472,0,2,1,0.000,81850,95970,3.236,4.600,14.886
24512,0,2,1,0.000,82173,96727,3.236,4.600,14.886
24552,0,2,1,0.000,82428,96741,3.236,4.600,14.886
24592,0,2,1,0.000,82634,96340,3.236,4.800,15.533
24632,0,2,1,0.000,81871,94509,3.236,4.800,15.533
24672,0,2,1,0.000,79884,91571,3.236,4.500,14.562
24712,0,2,1,0.000,78640,90242,3.236,4.500,14.562
24752,0,2,1,0.000,74214,83488,3.236,4.500,14.562
24792,0,2,1,0.000,58506,58713,3.236,4.700,15.209
24832,0,2,1,0.000,47550,41521,3.236,4.700,15.209
24872,0,2,1,0.000,55912,53103,3.240,4.200,13.608
24912,0,2,1,0.000,80354,91406,3.240,4.200,13.608
24952,0,2,1,0.000,81987,95666,3.240,4.200,13.608
24992,0,2,1,0.000,82919,98092,3.236,4.600,14.886
25032,0,2,1,0.000,83537,99139,3.236,4.600,14.886
25072,0,2,1,0.000,83442,99226,3.236,4.700,15.209
25112,0,2,1,0.000,82913,98349,3.236,4.700,15.209
25152,0,2,1,0.000,72100,78247,3.236,4.700,15.209
25192,0,2,1,0.000,26254,22807,3.240,4.700,15.228
25232,0,2,1,0.000,29471,26448,3.240,4.700,15.228
25272,0,2,1,0.000,69758,69407,3.240,4.400,14.256
25312,0,2,1,0.000,80099,87510,3.240,4.400,14.256
25352,0,2,1,0.000,79773,87992,3.240,4.400,14.256
25392,0,2,1,0.000,80568,90037,3.236,4.900,15.856
25432,0,2,1,0.000,81507,91916,3.236,4.900,15.856
25472,0,2,1,0.000,81725,92489,3.236,4.800,15.533
25512,0,2,1,0.000,81533,92138,3.236,4.800,15.533
25552,0,2,1,0.000,80452,89871,3.236,4.800,15.533
25592,0,2,1,0.000,44953,40808,3.240,4.400,14.256
25632,0,2,1,0.000,12672,11900,3.240,4.400,14.256
25672,0,2,1,0.000,59557,60758,3.240,4.500,14.580
25712,0,2,1,0.000,76220,84935,3.240,4.500,14.580
25752,0,2,1,0.000,77548,88099,3.240,4.500,14.580
25792,0,2,1,0.000,77929,89054,3.236,4.800,15.533
25832,0,2,1,0.000,77796,88881,3.236,4.800,15.533
25872,0,2,1,0.000,77108,87298,3.236,4.700,15.209
25912,0,2,1,0.000,51222,46526,3.236,4.700,15.209
25952,0,2,1,0.000,47087,42091,3.236,4.700,15.209
25992,0,2,1,0.000,75203,79467,3.240,4.600,14.904
26032,0,2,1,0.000,75031,83398,3.240,4.600,14.904
26072,0,2,1,0.000,75462,85115,3.236,4.900,15.856
26112,0,2,1,0.000,75788,86346,3.236,4.900,15.856
26152,0,2,1,0.000,76094,87305,3.236,4.900,15.856
26192,0,2,1,0.000,76259,87862,3.236,4.700,15.209
26232,0,2,1,0.000,76259,87822,3.236,4.700,15.209
26272,0,2,1,0.000,76317,87488,3.244,4.400,14.274
26312,0,2,1,0.000,48275,46828,3.244,4.400,14.274
26352,0,2,1,0.000,9999,9534,3.244,4.400,14.274
26392,0,2,1,0.000,43561,44466,3.240,4.400,14.256
26432,0,2,1,0.000,75290,86635,3.240,4.400,14.256
26472,0,2,1,0.000,75831,88545,3.240,4.800,15.552
26512,0,2,1,0.000,75854,88708,3.240,4.800,15.552
26552,0,2,1,0.000,75812,88005,3.240,4.800,15.552
26592,0,2,1,0.000,67235,64967,3.240,4.700,15.228
26632,0,2,1,0.000,67067,65722,3.240,4.700,15.228
26672,0,2,1,0.000,81802,90483,3.236,4.900,15.856
26712,0,2,1,0.000,82640,93720,3.236,4.900,15.856
26752,0,2,1,0.000,83003,94760,3.236,4.900,15.856
26792,0,2,1,0.000,83271,95411,3.240,4.500,14.580
26832,0,2,1,0.000,83359,95735,3.240,4.500,14.580
26872,0,2,1,0.000,83627,96346,3.236,5.000,16.180
26912,0,2,1,0.000,84013,97189,3.236,5.000,16.180
26952,0,2,1,0.000,84128,97504,3.236,5.000,16.180
26992,0,2,1,0.000,84005,97019,3.236,4.800,15.533
27032,0,2,1,0.000,83841,96100,3.236,4.800,15.533
27072,0,2,1,0.000,83609,95305,3.240,4.500,14.580
27112,0,2,1,0.000,66550,65937,3.240,4.500,14.580
27152,0,2,1,0.000,35066,31233,3.240,4.500,14.580
27192,0,2,1,0.000,57270,53907,3.236,4.500,14.562
27232,0,2,1,0.000,79340,82770,3.236,4.500,14.562
27272,0,2,1,0.000,76910,83847,3.240,4.800,15.552
27312,0,2,1,0.000,77059,84098,3.240,4.800,15.552
27352,0,2,1,0.000,77076,84093,3.240,4.800,15.552
27392,0,2,1,0.000,77561,85173,3.236,4.700,15.209
27432,0,2,1,0.000,78013,86324,3.236,4.700,15.209
27472,0,2,1,0.000,78519,87480,3.240,4.600,14.904
27512,0,2,1,0.000,78911,88287,3.240,4.600,14.904
27552,0,2,1,0.000,79131,88815,3.240,4.600,14.904
27592,0,2,1,0.000,79197,89029,3.240,4.900,15.876
27632,0,2,1,0.000,79127,88979,3.240,4.900,15.876
27672,0,2,1,0.000,78829,88448,3.244,4.700,15.247
27712,0,2,1,0.000,73352,74099,3.244,4.700,15.247
27752,0,2,1,0.000,47245,43176,3.244,4.700,15.247
27792,0,2,1,0.000,59023,55578,3.240,4.500,14.580
27832,0,2,1,0.000,78327,85705,3.240,4.500,14.580
27872,0,2,1,0.000,80079,89080,3.236,4.500,14.562
27912,0,2,1,0.000,80409,89776,3.236,4.500,14.562
27952,0,2,1,0.000,79353,87632,3.236,4.500,14.562
27992,0,2,1,0.000,73717,72732,3.240,4.500,14.580
28032,0,2,1,0.000,72573,66654,3.240,4.500,14.580
28072,0,2,1,0.000,73560,78489,3.240,4.400,14.256
28112,0,2,1,0.000,74259,79826,3.240,4.400,14.256
28152,0,2,1,0.000,73163,78333,3.240,4.400,14.256
28192,0,2,1,0.000,74622,72242,3.240,4.500,14.580
28232,0,2,1,0.000,75828,69374,3.240,4.500,14.580
28272,0,2,1,0.000,68045,61273,3.244,4.600,14.922
28312,0,2,1,0.000,71645,64566,3.244,4.600,14.922
28352,0,2,1,0.000,73658,68146,3.244,4.600,14.922
28392,0,2,1,0.000,70865,69614,3.240,4.500,14.580
28432,0,2,1,0.000,71781,71252,3.240,4.500,14.580
28472,0,2,1,0.000,71111,72186,3.240,4.700,15.228
28512,0,2,1,0.000,71134,71717,3.240,4.700,15.228
28552,0,2,1,0.000,72220,71299,3.240,4.700,15.228
28592,0,2,1,0.000,74169,68484,3.240,4.600,14.904
28632,0,2,1,0.000,67474,57033,3.240,4.600,14.904
28672,0,2,1,0.000,62693,51967,3.240,4.600,14.904
28713,0,2,1,0.000,56826,46307,3.240,4.600,14.904
28752,0,2,1,0.000,49234,39398,3.240,4.600,14.904
28792,0,2,1,0.000,43543,33903,3.240,4.400,14.256
28833,0,2,1,0.000,35962,27463,3.240,4.400,14.256
28872,0,2,1,0.000,28013,20937,3.240,4.500,14.580
28912,0,2,1,0.000,22033,16969,3.240,4.500,14.580
28953,0,2,1,0.000,19253,14917,3.240,4.500,14.580
28992,0,2,1,0.000,20467,15574,3.244,4.700,15.247
29032,0,2,1,0.000,25475,19673,3.244,4.700,15.247
29072,0,2,1,0.000,38505,29879,3.236,4.500,14.562
29112,0,2,1,0.000,48112,37635,3.236,4.500,14.562
29153,0,2,1,0.000,54389,42779,3.236,4.500,14.562
29192,0,2,1,0.000,60657,49330,3.240,4.600,14.904
29232,0,2,1,0.000,66322,60823,3.240,4.600,14.904
29272,0,2,1,0.000,65465,61311,3.244,4.600,14.922
29312,0,2,1,0.000,64906,57806,3.244,4.600,14.922
29352,0,2,1,0.000,65790,57070,3.244,4.600,14.922
29392,0,2,1,0.000,62076,50325,3.240,4.500,14.580
29432,0,2,1,0.000,50985,38885,3.240,4.500,14.580
29472,0,2,1,0.000,43190,32297,3.240,4.600,14.904
29512,0,2,1,0.000,37832,28445,3.240,4.600,14.904
29552,0,2,1,0.000,36142,27339,3.240,4.600,14.904
29592,0,2,1,0.000,33763,25762,3.240,4.400,14.256
29632,0,2,1,0.000,33467,25856,3.240,4.400,14.256
29673,0,2,1,0.000,38820,30520,3.240,4.500,14.580
29712,0,2,1,0.000,48391,38279,3.240,4.500,14.580
29752,0,2,1,0.000,47934,36983,3.240,4.500,14.580
29793,0,2,1,0.000,45587,34067,3.240,4.400,14.256
29832,0,2,1,0.000,47757,35740,3.240,4.400,14.256
29873,0,2,1,0.000,49239,37139,3.240,4.500,14.580
29913,0,2,1,0.000,46736,35429,3.240,4.500,14.580
29952,0,2,1,0.000,51332,39375,3.240,4.500,14.580
29993,0,2,1,0.000,57582,45386,3.244,4.500,14.598
30033,0,2,1,0.000,60370,48435,3.244,4.500,14.598
30073,0,2,1,0.000,60738,48822,3.240,4.400,14.256
30113,0,2,1,0.000,56512,45129,3.240,4.400,14.256
30153,0,2,1,0.000,51281,40187,3.240,4.400,14.256
30193,0,2,1,0.000,44214,33985,3.240,4.500,14.580
30233,0,2,1,0.000,38606,30019,3.240,4.500,14.580
30272,0,2,1,0.000,34276,27297,3.240,4.500,14.580
30313,0,2,1,0.000,32374,25994,3.240,4.500,14.580
30353,0,2,1,0.000,31952,25195,3.240,4.500,14.580
30392,0,2,1,0.000,28016,22217,3.244,4.600,14.922
30433,0,2,1,0.000,26711,21531,3.244,4.600,14.922
30472,0,2,1,0.000,28281,22907,3.236,4.400,14.238
30513,0,2,1,0.000,26592,21389,3.236,4.400,14.238
30553,0,2,1,0.000,24739,19073,3.236,4.400,14.238
30593,0,2,1,0.000,21770,15305,3.244,4.300,13.949
30633,0,2,1,0.000,17238,10992,3.244,4.300,13.949
30673,0,2,1,0.000,16598,10552,3.244,4.600,14.922
30712,0,2,1,0.000,16599,10671,3.244,4.600,14.922
30753,0,2,1,0.000,17100,11175,3.244,4.600,14.922
30793,0,2,1,0.000,17160,11331,3.244,4.400,14.274
30832,0,2,1,0.000,15754,10305,3.244,4.400,14.274
30873,0,2,1,0.000,14585,9603,3.244,4.500,14.598
30913,0,2,1,0.000,13776,9155,3.244,4.500,14.598
30953,0,2,1,0.000,13060,8826,3.244,4.500,14.598
30993,0,2,1,0.000,12774,8692,3.244,4.600,14.922
31033,0,2,1,0.000,12062,7970,3.244,4.600,14.922
31073,0,2,1,0.000,10777,6886,3.244,4.700,15.247
31113,0,2,1,0.000,10714,6875,3.244,4.700,15.247
31153,0,2,1,0.000,10980,7066,3.244,4.700,15.247
31193,0,2,1,0.000,10261,6369,3.240,4.700,15.228
31233,0,2,1,0.000,9613,5838,3.240,4.700,15.228
31273,0,2,1,0.000,8844,5192,3.240,4.600,14.904
31313,0,2,1,0.000,7697,4354,3.240,4.600,14.904
31353,0,2,1,0.000,7534,4118,3.240,4.600,14.904
31393,0,2,1,0.000,7779,4173,3.244,4.300,13.949
31433,0,2,1,0.000,7664,4047,3.244,4.300,13.949
31473,0,2,1,0.000,7605,4052,3.240,4.300,13.932
31513,0,2,1,0.000,7415,4012,3.240,4.300,13.932
31553,0,2,1,0.000,7501,4144,3.240,4.300,13.932
31593,0,2,1,0.000,7420,4073,3.244,4.400,14.274
31633,0,2,1,0.000,7077,3852,3.244,4.400,14.274
31673,0,2,1,0.000,7404,4109,3.244,4.600,14.922
31713,0,2,1,0.000,9124,5280,3.244,4.600,14.922
31753,0,2,1,0.000,9547,5515,3.244,4.600,14.922
31793,0,2,1,0.000,9142,5103,3.244,4.600,14.922
31833,0,2,1,0.000,10313,5788,3.244,4.600,14.922
31873,0,2,1,0.000,20242,12379,3.244,4.600,14.922
31913,0,2,1,0.000,43228,31779,3.244,4.600,14.922
31953,0,2,1,0.000,60731,54715,3.244,4.600,14.922
31993,0,2,1,0.000,63130,58762,3.248,4.700,15.266
32033,0,2,1,0.000,63622,59600,3.248,4.700,15.266
32073,0,2,1,0.000,66655,64392,3.244,4.500,14.598
32113,0,2,1,0.000,69618,69304,3.244,4.500,14.598
32153,0,2,1,0.000,65297,58640,3.244,4.500,14.598
32193,0,2,1,0.000,60673,48261,3.244,4.500,14.598
32233,0,2,1,0.000,72755,63788,3.244,4.500,14.598
32273,0,2,1,0.000,72242,72489,3.240,4.800,15.552
32313,0,2,1,0.000,71862,74050,3.240,4.800,15.552
32353,0,2,1,0.000,72554,75510,3.240,4.800,15.552
32393,0,2,1,0.000,73927,78296,3.240,4.500,14.580
32433,0,2,1,0.000,76141,82839,3.240,4.500,14.580
32473,0,2,1,0.000,78970,88759,3.240,4.500,14.580
32513,0,2,1,0.000,79790,90417,3.240,4.500,14.580
32553,0,2,1,0.000,79736,90093,3.240,4.500,14.580
32593,0,2,1,0.000,79104,88534,3.240,4.600,14.904
32633,0,2,1,0.000,76948,83724,3.240,4.600,14.904
32673,0,2,1,0.000,51306,44083,3.240,4.200,13.608
32713,0,2,1,0.000,25227,20237,3.240,4.200,13.608
32753,0,2,1,0.000,51819,45182,3.240,4.200,13.608
32793,0,2,1,0.000,74779,72464,3.244,4.400,14.274
32833,0,2,1,0.000,72590,74909,3.244,4.400,14.274
32873,0,2,1,0.000,72520,74920,3.236,4.500,14.562
32913,0,2,1,0.000,72451,74814,3.236,4.500,14.562
32953,0,2,1,0.000,67491,63391,3.236,4.500,14.562
32993,0,2,1,0.000,27339,23002,3.240,4.500,14.580
33033,0,2,1,0.000,39298,33887,3.240,4.500,14.580
33073,0,2,1,0.000,71892,69948,3.244,4.600,14.922
33113,0,2,1,0.000,72969,75856,3.244,4.600,14.922
33153,0,2,1,0.000,74371,78930,3.244,4.600,14.922
33193,0,2,1,0.000,74863,79958,3.240,4.400,14.256
33233,0,2,1,0.000,73847,77909,3.240,4.400,14.256
33273,0,2,1,0.000,54061,47345,3.244,4.600,14.922
33313,0,2,1,0.000,21023,17877,3.244,4.600,14.922
33353,0,2,1,0.000,60579,56584,3.244,4.600,14.922
33393,0,2,1,0.000,71302,73161,3.244,4.500,14.598
33433,0,2,1,0.000,71988,74627,3.244,4.500,14.598
33473,0,2,1,0.000,70245,71843,3.244,4.600,14.922
33513,0,2,1,0.000,53586,44504,3.244,4.600,14.922
33553,0,2,1,0.000,57010,48816,3.244,4.600,14.922
33593,0,2,1,0.000,70758,72066,3.244,4.600,14.922
33633,0,2,1,0.000,71664,74225,3.244,4.600,14.922
33673,0,2,1,0.000,72208,75352,3.244,4.500,14.598
33713,0,2,1,0.000,72221,75394,3.244,4.500,14.598
33753,0,2,1,0.000,72155,75263,3.244,4.500,14.598
33793,0,2,1,0.000,73019,77237,3.240,4.700,15.228
33833,0,2,1,0.000,75502,82562,3.240,4.700,15.228
33873,0,2,1,0.000,77028,85759,3.236,4.500,14.562
33913,0,2,1,0.000,77753,87591,3.236,4.500,14.562
33953,0,2,1,0.000,78266,88861,3.236,4.500,14.562
33993,0,2,1,0.000,78509,89498,3.240,4.600,14.904
34033,0,2,1,0.000,78614,89653,3.240,4.600,14.904
34073,0,2,1,0.000,78266,88567,3.240,4.700,15.228
34113,0,2,1,0.000,78408,87605,3.240,4.700,15.228
34153,0,2,1,0.000,78973,87641,3.240,4.700,15.228
34193,0,2,1,0.000,78954,86795,3.240,4.400,14.256
34233,0,2,1,0.000,77743,84009,3.240,4.400,14.256
34273,0,2,1,0.000,76902,82161,3.240,4.500,14.580
34313,0,2,1,0.000,75501,79865,3.240,4.500,14.580
34353,0,2,1,0.000,74425,73242,3.240,4.500,14.580
34393,0,2,1,0.000,74045,75820,3.244,4.600,14.922
34433,0,2,1,0.000,75306,78098,3.244,4.600,14.922
34473,0,2,1,0.000,75693,78444,3.244,4.500,14.598
34513,0,2,1,0.000,75530,78082,3.244,4.500,14.598
34553,0,2,1,0.000,75188,77465,3.244,4.500,14.598
34593,0,2,1,0.000,73697,73883,3.240,4.600,14.904
34633,0,2,1,0.000,75989,68563,3.240,4.600,14.904
34673,0,2,1,0.000,64785,56305,3.240,4.400,14.256
34713,0,2,1,0.000,58373,51010,3.240,4.400,14.256
34753,0,2,1,0.000,65575,58022,3.240,4.400,14.256
34793,0,2,1,0.000,71326,71439,3.240,4.600,14.904
34833,0,2,1,0.000,70417,71871,3.240,4.600,14.904
34873,0,2,1,0.000,71265,73658,3.240,4.700,15.228
34913,0,2,1,0.000,72165,75541,3.240,4.700,15.228
34953,0,2,1,0.000,73316,78125,3.240,4.700,15.228
34993,0,2,1,0.000,74655,81109,3.244,4.700,15.247
35033,0,2,1,0.000,74883,81493,3.244,4.700,15.247
35073,0,2,1,0.000,73687,78766,3.244,4.600,14.922
35113,0,2,1,0.000,72753,76741,3.244,4.600,14.922
35153,0,2,1,0.000,72051,75277,3.244,4.600,14.922
35193,0,2,1,0.000,71508,74168,3.244,4.500,14.598
35233,0,2,1,0.000,71144,73405,3.244,4.500,14.598
35273,0,2,1,0.000,70711,72589,3.240,4.500,14.580
35313,0,2,1,0.000,69759,71189,3.240,4.500,14.580
35353,0,2,1,0.000,69360,70557,3.240,4.500,14.580
35393,0,2,1,0.000,68684,69714,3.240,4.700,15.228
35433,0,2,1,0.000,72989,70386,3.240,4.700,15.228
35473,0,2,1,0.000,74399,64828,3.244,4.500,14.598
35513,0,2,1,0.000,75541,68693,3.244,4.500,14.598
35553,0,2,1,0.000,68893,69819,3.244,4.500,14.598
35593,0,2,1,0.000,69138,70185,3.244,4.600,14.922
35633,0,2,1,0.000,69348,70627,3.244,4.600,14.922
35673,0,2,1,0.000,69596,71130,3.244,4.400,14.274
35713,0,2,1,0.000,69329,70720,3.244,4.400,14.274
35753,0,2,1,0.000,68250,69338,3.244,4.400,14.274
35793,0,2,1,0.000,68060,69041,3.240,4.800,15.552
35833,0,2,1,0.000,67562,68453,3.240,4.800,15.552
35873,0,2,1,0.000,76759,71750,3.244,4.800,15.571
35913,0,2,1,0.000,76466,67483,3.244,4.800,15.571
35953,0,2,1,0.000,73378,69890,3.244,4.800,15.571
35993,0,2,1,0.000,68817,70009,3.244,4.500,14.598
36033,0,2,1,0.000,68921,70546,3.244,4.500,14.598
36073,0,2,1,0.000,68985,70661,3.244,4.300,13.949
36113,0,2,1,0.000,69703,71936,3.244,4.300,13.949
36153,0,2,1,0.000,69813,71904,3.244,4.300,13.949
36193,0,2,1,0.000,69087,70529,3.244,4.600,14.922
36233,0,2,1,0.000,74044,69275,3.244,4.600,14.922
36273,0,2,1,0.000,71948,64090,3.240,4.600,14.904
36313,0,2,1,0.000,70210,70152,3.240,4.600,14.904
36353,0,2,1,0.000,70789,74341,3.240,4.600,14.904
36393,0,2,1,0.000,75386,84744,3.244,4.700,15.247
36433,0,2,1,0.000,76933,88003,3.244,4.700,15.247
36473,0,2,1,0.000,77500,89118,3.244,4.500,14.598
36513,0,2,1,0.000,77856,89846,3.244,4.500,14.598
36553,0,2,1,0.000,78066,90235,3.244,4.500,14.598
36593,0,2,1,0.000,78149,90368,3.240,4.500,14.580
36633,0,2,1,0.000,78309,90623,3.240,4.500,14.580
36673,0,2,1,0.000,78344,90700,3.244,4.700,15.247
36713,0,2,1,0.000,78364,90686,3.244,4.700,15.247
36753,0,2,1,0.000,78343,90558,3.244,4.700,15.247
36793,0,2,1,0.000,78331,90451,3.240,4.700,15.228
36833,0,2,1,0.000,78363,90432,3.240,4.700,15.228
36873,0,2,1,0.000,78412,90487,3.244,4.500,14.598
36913,0,2,1,0.000,78371,90460,3.244,4.500,14.598
36953,0,2,1,0.000,78368,90449,3.244,4.500,14.598
36993,0,2,1,0.000,78378,90404,3.240,4.800,15.552
37033,0,2,1,0.000,78235,90068,3.240,4.800,15.552
37073,0,2,1,0.000,78079,89638,3.244,4.600,14.922
37113,0,2,1,0.000,77891,89256,3.244,4.600,14.922
37153,0,2,1,0.000,77823,88985,3.244,4.600,14.922
37194,0,2,1,0.000,77656,88661,3.244,4.600,14.922
37233,0,2,1,0.000,77469,88232,3.244,4.600,14.922
37273,0,2,1,0.000,77260,87777,3.240,4.200,13.608
37313,0,2,1,0.000,76964,87112,3.240,4.200,13.608
37353,0,2,1,0.000,76389,85774,3.240,4.200,13.608
37393,0,2,1,0.000,75880,84568,3.240,4.600,14.904
37433,0,2,1,0.000,75360,83467,3.240,4.600,14.904
37473,0,2,1,0.000,75004,82672,3.244,4.800,15.571
37514,0,2,1,0.000,74367,81215,3.244,4.800,15.571
37553,0,2,1,0.000,73224,78374,3.244,4.800,15.571
37593,0,2,1,0.000,76338,72973,3.244,4.500,14.598
37634,0,2,1,0.000,75976,70717,3.244,4.500,14.598
37673,0,2,1,0.000,70020,72132,3.240,4.900,15.876
37713,0,2,1,0.000,72790,79245,3.240,4.900,15.876
37754,0,2,1,0.000,75451,85220,3.240,4.900,15.876
37793,0,2,1,0.000,76143,86833,3.236,4.800,15.533
37833,0,2,1,0.000,76427,87341,3.236,4.800,15.533
37873,0,2,1,0.000,76635,87845,3.244,4.500,14.598
37913,0,2,1,0.000,76987,88662,3.244,4.500,14.598
37954,0,2,1,0.000,77276,89399,3.244,4.500,14.598
37993,0,2,1,0.000,77426,89738,3.240,4.500,14.580
38033,0,2,1,0.000,77296,89468,3.240,4.500,14.580
38073,0,2,1,0.000,77052,88777,3.244,4.700,15.247
38113,0,2,1,0.000,76862,88132,3.244,4.700,15.247
38153,0,2,1,0.000,76691,87461,3.244,4.700,15.247
38193,0,2,1,0.000,76424,86641,3.244,4.700,15.247
38233,0,2,1,0.000,75946,85384,3.244,4.700,15.247
38274,0,2,1,0.000,75302,83845,3.240,4.600,14.904
38313,0,2,1,0.000,74641,82314,3.240,4.600,14.904
38353,0,2,1,0.000,73889,80752,3.240,4.600,14.904
38393,0,2,1,0.000,72793,78930,3.228,4.600,14.849
38433,0,2,1,0.000,72054,77416,3.228,4.600,14.849
38474,0,2,1,0.000,71519,76231,3.240,4.700,15.228
38513,0,2,1,0.000,71485,75757,3.240,4.700,15.228
38553,0,2,1,0.000,71327,75275,3.240,4.700,15.228
38594,0,2,1,0.000,71059,74619,3.236,4.600,14.886
38633,0,2,1,0.000,70631,73710,3.236,4.600,14.886
38674,0,2,1,0.000,70234,72916,3.236,4.800,15.533
38714,0,2,1,0.000,69958,72358,3.236,4.800,15.533
38753,0,2,1,0.000,69665,71819,3.236,4.800,15.533
38794,0,2,1,0.000,69315,71211,3.236,4.600,14.886
38834,0,2,1,0.000,68848,70552,3.236,4.600,14.886
38874,0,2,1,0.000,69875,67178,3.236,4.700,15.209
38914,0,2,1,0.000,58453,47395,3.236,4.700,15.209
38954,0,2,1,0.000,52179,42590,3.236,4.700,15.209
38994,0,2,1,0.000,62286,53206,3.236,4.900,15.856
39034,0,2,1,0.000,73282,64651,3.236,4.900,15.856
39073,0,2,1,0.000,76608,69879,3.240,4.800,15.552
39114,0,2,1,0.000,75319,68757,3.240,4.800,15.552
39154,0,2,1,0.000,69936,67907,3.240,4.800,15.552
39194,0,2,1,0.000,67593,66383,3.240,4.200,13.608
39234,0,2,1,0.000,68896,65723,3.240,4.200,13.608
39273,0,2,1,0.000,70063,66691,3.240,4.400,14.256
39314,0,2,1,0.000,71722,64960,3.240,4.400,14.256
39354,0,2,1,0.000,50867,43323,3.240,4.400,14.256
39393,0,2,1,0.000,27274,23847,3.240,4.600,14.904
39434,0,2,1,0.000,13975,12239,3.240,4.600,14.904
39474,0,2,1,0.000,13211,11601,3.240,4.300,13.932
39514,0,2,1,0.000,32182,28520,3.240,4.300,13.932
39554,0,2,1,0.000,66907,63796,3.240,4.300,13.932
39594,0,2,1,0.000,69912,72940,3.236,4.500,14.562
39634,0,2,1,0.000,71655,76939,3.236,4.500,14.562
39674,0,2,1,0.000,73032,80079,3.240,4.600,14.904
39714,0,2,1,0.000,74219,82385,3.240,4.600,14.904
39754,0,2,1,0.000,74645,83189,3.240,4.600,14.904
39794,0,2,1,0.000,74883,83690,3.236,4.700,15.209
39834,0,2,1,0.000,74971,83875,3.236,4.700,15.209
39874,0,2,1,0.000,75348,84669,3.236,4.700,15.209
39914,0,2,1,0.000,75839,85833,3.236,4.700,15.209
39954,0,2,1,0.000,76327,87003,3.236,4.700,15.209
39994,0,2,1,0.000,76860,88280,3.240,4.600,14.904
40034,0,2,1,0.000,77271,89173,3.240,4.600,14.904
40074,0,2,1,0.000,77528,89727,3.240,4.800,15.552
40114,0,2,1,0.000,77376,89526,3.240,4.800,15.552
40154,0,2,1,0.000,76841,88534,3.240,4.800,15.552
40194,0,2,1,0.000,75641,86137,3.236,4.700,15.209
40234,0,2,1,0.000,78033,78038,3.236,4.700,15.209
40274,0,2,1,0.000,65677,59862,3.236,4.700,15.209
40314,0,2,1,0.000,72873,78954,3.236,4.700,15.209
40354,0,2,1,0.000,73773,82872,3.236,4.700,15.209
40394,0,2,1,0.000,74271,83511,3.236,4.400,14.238
40434,0,2,1,0.000,64495,62890,3.236,4.400,14.238
40474,0,2,1,0.000,23168,19050,3.236,4.800,15.533
40514,0,2,1,0.000,32644,28016,3.236,4.800,15.533
40554,0,2,1,0.000,39420,32678,3.236,4.800,15.533
40594,0,2,1,0.000,11193,9915,3.236,4.600,14.886
40634,0,2,1,0.000,44664,37934,3.236,4.600,14.886
40674,0,2,1,0.000,70859,62560,3.232,4.600,14.867
40714,0,2,1,0.000,70409,63042,3.232,4.600,14.867
40754,0,2,1,0.000,57954,46551,3.232,4.600,14.867
40794,0,2,1,0.000,56773,45206,3.228,4.400,14.203
40834,0,2,1,0.000,70170,64135,3.228,4.400,14.203
40874,0,2,1,0.000,69908,69888,3.228,4.600,14.849
40914,0,2,1,0.000,72028,65837,3.228,4.600,14.849
40954,0,2,1,0.000,46172,35024,3.228,4.600,14.849
40994,0,2,1,0.000,15958,11452,3.232,4.500,14.544
41034,0,2,1,0.000,13334,9433,3.232,4.500,14.544
41074,0,2,1,0.000,16528,12461,3.228,4.400,14.203
41114,0,2,1,0.000,18404,13684,3.228,4.400,14.203
41154,0,2,1,0.000,18168,12267,3.228,4.400,14.203
41194,0,2,1,0.000,16485,10840,3.228,4.800,15.494
41234,0,2,1,0.000,18804,13886,3.228,4.800,15.494
41274,0,2,1,0.000,26297,19040,3.224,4.500,14.508
41314,0,2,1,0.000,52374,41478,3.224,4.500,14.508
41354,0,2,1,0.000,57292,45546,3.224,4.500,14.508
41394,0,2,1,0.000,65960,54759,3.228,4.600,14.849
41434,0,2,1,0.000,69565,61170,3.228,4.600,14.849
41474,0,2,1,0.000,67542,59211,3.224,4.500,14.508
41514,0,2,1,0.000,42654,36604,3.224,4.500,14.508
41554,0,2,1,0.000,48758,45442,3.224,4.500,14.508
41594,0,2,1,0.000,48712,39465,3.228,4.600,14.849
41634,0,2,1,0.000,53722,44450,3.228,4.600,14.849
41674,0,2,1,0.000,57533,50414,3.228,4.600,14.849
41714,0,2,1,0.000,54098,44665,3.228,4.600,14.849
41754,0,2,1,0.000,53033,42552,3.228,4.600,14.849
41794,0,2,1,0.000,53188,43668,3.228,4.700,15.172
41834,0,2,1,0.000,43777,35247,3.228,4.700,15.172
41874,0,2,1,0.000,50738,41485,3.228,4.700,15.172
41914,0,2,1,0.000,49268,40578,3.228,4.700,15.172
41954,0,2,1,0.000,51178,43518,3.228,4.700,15.172
41994,0,2,1,0.000,56111,47066,3.228,4.600,14.849
42034,0,2,1,0.000,59395,53425,3.228,4.600,14.849
42074,0,2,1,0.000,62863,58290,3.232,4.300,13.898
42114,0,2,1,0.000,68161,61000,3.232,4.300,13.898
42154,0,2,1,0.000,65798,56131,3.232,4.300,13.898
42194,0,2,1,0.000,64797,54941,3.232,4.700,15.190
42234,0,2,1,0.000,65858,58521,3.232,4.700,15.190
42274,0,2,1,0.000,66791,62384,3.232,4.700,15.190
42314,0,2,1,0.000,66586,58728,3.232,4.700,15.190
42354,0,2,1,0.000,70128,65084,3.232,4.700,15.190
42394,0,2,1,0.000,66290,59605,3.236,4.700,15.209
42434,0,2,1,0.000,64698,63752,3.236,4.700,15.209
42474,0,2,1,0.000,65220,66103,3.232,4.500,14.544
42514,0,2,1,0.000,65341,62191,3.232,4.500,14.544
42554,0,2,1,0.000,66586,58457,3.232,4.500,14.544
42594,0,2,1,0.000,65054,56173,3.236,4.800,15.533
42634,0,2,1,0.000,53366,44516,3.236,4.800,15.533
42674,0,2,1,0.000,58095,47907,3.232,4.700,15.190
42714,0,2,1,0.000,51860,42248,3.232,4.700,15.190
42754,0,2,1,0.000,55490,46387,3.232,4.700,15.190
42794,0,2,1,0.000,59570,52573,3.236,4.600,14.886
42834,0,2,1,0.000,63484,57645,3.236,4.600,14.886
42874,0,2,1,0.000,69499,62598,3.232,4.700,15.190
42914,0,2,1,0.000,74867,68073,3.232,4.700,15.190
42954,0,2,1,0.000,73333,72323,3.232,4.700,15.190
42994,0,2,1,0.000,66898,69186,3.232,4.400,14.221
43034,0,2,1,0.000,66472,68786,3.232,4.400,14.221
43074,0,2,1,0.000,72361,73000,3.232,4.500,14.544
43114,0,2,1,0.000,70195,69740,3.232,4.500,14.544
43154,0,2,1,0.000,74841,71065,3.232,4.500,14.544
43194,0,2,1,0.000,69572,60912,3.228,4.700,15.172
43234,0,2,1,0.000,57329,47237,3.228,4.700,15.172
43274,0,2,1,0.000,65338,58020,3.232,4.700,15.190
43314,0,2,1,0.000,73577,69492,3.232,4.700,15.190
43354,0,2,1,0.000,76576,74002,3.232,4.700,15.190
43394,0,2,1,0.000,75487,73037,3.236,4.600,14.886
43434,0,2,1,0.000,71169,71568,3.236,4.600,14.886
43474,0,2,1,0.000,67963,68221,3.232,4.400,14.221
43514,0,2,1,0.000,68559,61608,3.232,4.400,14.221
43554,0,2,1,0.000,66352,56905,3.232,4.400,14.221
43594,0,2,1,0.000,63768,54072,3.232,4.700,15.190
43634,0,2,1,0.000,58557,48179,3.232,4.700,15.190
43674,0,2,1,0.000,68428,60165,3.232,4.400,14.221
43714,0,2,1,0.000,71288,68008,3.232,4.400,14.221
43754,0,2,1,0.000,73768,70685,3.232,4.400,14.221
43794,0,2,1,0.000,72363,65875,3.236,4.100,13.268
43834,0,2,1,0.000,65328,62844,3.236,4.100,13.268
43874,0,2,1,0.000,62154,61212,3.232,4.300,13.898
43914,0,2,1,0.000,51418,42006,3.232,4.300,13.898
43954,0,2,1,0.000,61083,57427,3.232,4.300,13.898
43994,0,2,1,0.000,71879,77418,3.228,4.400,14.203
44034,0,2,1,0.000,70083,74614,3.228,4.400,14.203
44074,0,2,1,0.000,66306,60513,3.232,4.500,14.544
44114,0,2,1,0.000,53557,45528,3.232,4.500,14.544
44154,0,2,1,0.000,52723,46019,3.232,4.500,14.544
44194,0,2,1,0.000,57751,51476,3.232,4.600,14.867
44234,0,2,1,0.000,65072,59603,3.232,4.600,14.867
44274,0,2,1,0.000,74465,78303,3.232,4.600,14.867
44314,0,2,1,0.000,76208,80720,3.232,4.600,14.867
44355,0,2,1,0.000,75984,80881,3.232,4.600,14.867
44394,0,2,1,0.000,73535,78185,3.228,4.800,15.494
44434,0,2,1,0.000,69120,64371,3.228,4.800,15.494
44474,0,2,1,0.000,45913,39225,3.244,4.200,13.625
44514,0,2,1,0.000,45931,40302,3.244,4.200,13.625
44555,0,2,1,0.000,55855,49974,3.244,4.200,13.625
44594,0,2,1,0.000,60128,53195,3.236,4.400,14.238
44634,0,2,1,0.000,71302,72769,3.236,4.400,14.238
44674,0,2,1,0.000,70398,72841,3.232,4.900,15.837
44714,0,2,1,0.000,67788,64476,3.232,4.900,15.837
44754,0,2,1,0.000,55550,46323,3.232,4.900,15.837
44794,0,2,1,0.000,38361,30169,3.232,4.600,14.867
44834,0,2,1,0.000,30862,23650,3.232,4.600,14.867
44875,0,2,1,0.000,25864,19321,3.240,4.500,14.580
44914,0,2,1,0.000,35971,27509,3.240,4.500,14.580
44954,0,2,1,0.000,53408,43416,3.240,4.500,14.580
44995,0,2,1,0.000,65075,58295,3.228,4.900,15.817
45034,0,2,1,0.000,69347,65875,3.228,4.900,15.817
45075,0,2,1,0.000,67501,60985,3.228,4.600,14.849
45115,0,2,1,0.000,61279,53574,3.228,4.600,14.849
45154,0,2,1,0.000,54602,47600,3.228,4.600,14.849
45195,0,2,1,0.000,51521,44723,3.236,4.400,14.238
45235,0,2,1,0.000,53992,46566,3.236,4.400,14.238
45275,0,2,1,0.000,61184,54602,3.232,4.500,14.544
45315,0,2,1,0.000,68943,69377,3.232,4.500,14.544
45355,0,2,1,0.000,71853,72429,3.232,4.500,14.544
45395,0,2,1,0.000,72814,70251,3.228,4.600,14.849
45435,0,2,1,0.000,65839,59946,3.228,4.600,14.849
45474,0,2,1,0.000,56331,49123,3.244,4.500,14.598
45515,0,2,1,0.000,55617,48400,3.244,4.500,14.598
45555,0,2,1,0.000,62740,55833,3.244,4.500,14.598
45595,0,2,1,0.000,70538,68286,3.240,4.500,14.580
45635,0,2,1,0.000,71767,67801,3.240,4.500,14.580
45674,0,2,1,0.000,63087,56798,3.244,4.600,14.922
45715,0,2,1,0.000,58412,51824,3.244,4.600,14.922
45755,0,2,1,0.000,66838,60366,3.244,4.600,14.922
45794,0,2,1,0.000,68871,61289,3.256,4.500,14.652
45835,0,2,1,0.000,69082,60684,3.256,4.500,14.652
45875,0,2,1,0.000,73118,65609,3.252,4.300,13.984
45915,0,2,1,0.000,75148,69572,3.252,4.300,13.984
45955,0,2,1,0.000,70164,64726,3.252,4.300,13.984
45995,0,2,1,0.000,62327,56321,3.248,4.700,15.266
46035,0,2,1,0.000,61517,55341,3.248,4.700,15.266
46075,0,2,1,0.000,58925,51127,3.228,4.500,14.526
46115,0,2,1,0.000,63105,58481,3.228,4.500,14.526
46155,0,2,1,0.000,67390,67893,3.228,4.500,14.526
46195,0,2,1,0.000,69820,71635,3.180,4.600,14.628
46235,0,2,1,0.000,71140,73998,3.180,4.600,14.628
46275,0,2,1,0.000,66885,67115,3.228,4.800,15.494
46315,0,2,1,0.000,64729,63679,3.228,4.800,15.494
46355,0,2,1,0.000,61147,55919,3.228,4.800,15.494
46395,0,2,1,0.000,60529,50438,3.072,4.600,14.131
46435,0,2,1,0.000,66775,57658,3.072,4.600,14.131
46475,0,2,1,0.000,71096,62741,3.208,4.500,14.436
46515,0,2,1,0.000,73412,65116,3.208,4.500,14.436
46555,0,2,1,0.000,73924,66207,3.208,4.500,14.436
46595,0,2,1,0.000,74971,67568,3.168,4.500,14.256
46635,0,2,1,0.000,67939,58271,3.168,4.500,14.256
46675,0,2,1,0.000,66907,59807,3.204,4.300,13.777
46715,0,2,1,0.000,66787,60342,3.204,4.300,13.777
46755,0,2,1,0.000,77137,71009,3.204,4.300,13.777
46795,0,2,1,0.000,77802,71848,3.172,4.700,14.908
46835,0,2,1,0.000,76626,73244,3.172,4.700,14.908
46875,0,2,1,0.000,73305,70844,3.180,4.400,13.992
46915,0,2,1,0.000,78281,72453,3.180,4.400,13.992
46955,0,2,1,0.000,78701,72057,3.180,4.400,13.992
46995,0,2,1,0.000,67052,61342,3.180,4.600,14.628
47035,0,2,1,0.000,61484,58039,3.180,4.600,14.628
47075,0,2,1,0.000,66235,61008,3.140,4.600,14.444
47115,0,2,1,0.000,69051,62428,3.140,4.600,14.444
47155,0,2,1,0.000,66633,60766,3.140,4.600,14.444
47195,0,2,1,0.000,65821,62154,3.104,4.500,13.968
47235,0,2,1,0.000,60551,58294,3.104,4.500,13.968
47275,0,2,1,0.000,55627,50032,3.160,4.400,13.904
47315,0,2,1,0.000,45937,38871,3.160,4.400,13.904
47355,0,2,1,0.000,39604,33004,3.160,4.400,13.904
47395,0,2,1,0.000,42277,36773,3.176,4.400,13.974
47435,0,2,1,0.000,36335,33008,3.176,4.400,13.974
47475,0,2,1,0.000,36942,31861,3.228,4.600,14.849
47515,0,2,1,0.000,43429,37167,3.228,4.600,14.849
47555,0,2,1,0.000,55213,51825,3.228,4.600,14.849
47595,0,2,1,0.000,54363,53805,3.212,4.500,14.454
47635,0,2,1,0.000,70851,68687,3.212,4.500,14.454
47675,0,2,1,0.000,74618,70345,3.220,4.500,14.490
47715,0,2,1,0.000,60917,59013,3.220,4.500,14.490
47755,0,2,1,0.000,43138,44405,3.220,4.500,14.490
47795,0,2,1,0.000,28001,32345,3.236,4.500,14.562
47835,0,2,1,0.000,27916,33794,3.236,4.500,14.562
47875,0,2,1,0.000,30581,37215,3.248,4.600,14.941
47915,0,2,1,0.000,42875,47766,3.248,4.600,14.941
47955,0,2,1,0.000,41717,44869,3.248,4.600,14.941
47995,0,2,1,0.000,45785,46104,3.224,4.700,15.153
48035,0,2,1,0.000,45363,44476,3.224,4.700,15.153
48075,0,2,1,0.000,45193,44760,3.244,4.500,14.598
48115,0,2,1,0.000,46865,47315,3.244,4.500,14.598
48155,0,2,1,0.000,49659,50567,3.244,4.500,14.598
48195,0,2,1,0.000,41069,41579,3.248,4.500,14.616
48235,0,2,1,0.000,35682,34964,3.248,4.500,14.616
48275,0,2,1,0.000,30857,29722,3.248,4.600,14.941
48315,0,2,1,0.000,45858,42355,3.248,4.600,14.941
48355,0,2,1,0.000,54153,48512,3.248,4.600,14.941
48395,0,2,1,0.000,40623,36935,3.248,4.600,14.941
48435,0,2,1,0.000,39914,37549,3.248,4.600,14.941
48475,0,2,1,0.000,39861,37484,3.256,4.400,14.326
48515,0,2,1,0.000,40728,37780,3.256,4.400,14.326
48555,0,2,1,0.000,59181,53044,3.256,4.400,14.326
48595,0,2,1,0.000,71546,67030,3.240,4.600,14.904
48635,0,2,1,0.000,73756,73810,3.240,4.600,14.904
48675,0,2,1,0.000,70028,73196,3.236,4.400,14.238
48715,0,2,1,0.000,74415,72228,3.236,4.400,14.238
48755,0,2,1,0.000,59531,53195,3.236,4.400,14.238
48795,0,2,1,0.000,46427,40360,3.240,4.600,14.904
48835,0,2,1,0.000,43486,37496,3.240,4.600,14.904
48875,0,2,1,0.000,41801,35516,3.160,4.800,15.168
48915,0,2,1,0.000,55097,45959,3.160,4.800,15.168
48955,0,2,1,0.000,68232,60028,3.160,4.800,15.168
48995,0,2,1,0.000,61478,55076,3.208,4.500,14.436
49035,0,2,1,0.000,48455,44026,3.208,4.500,14.436
49075,0,2,1,0.000,41245,37453,3.244,4.600,14.922
49115,0,2,1,0.000,34274,31457,3.244,4.600,14.922
49155,0,2,1,0.000,31600,29203,3.244,4.600,14.922
49195,0,2,1,0.000,45446,41199,3.248,4.400,14.291
49235,0,2,1,0.000,67508,60585,3.248,4.400,14.291
49275,0,2,1,0.000,75540,69039,3.220,4.400,14.168
49315,0,2,1,0.000,74771,74726,3.220,4.400,14.168
49355,0,2,1,0.000,72992,74705,3.220,4.400,14.168
49395,0,2,1,0.000,75648,74721,3.208,4.500,14.436
49435,0,2,1,0.000,74909,73742,3.208,4.500,14.436
49475,0,2,1,0.000,71091,74594,3.196,4.700,15.021
49515,0,2,1,0.000,74259,82414,3.196,4.700,15.021
49555,0,2,1,0.000,76324,86902,3.196,4.700,15.021
49595,0,2,1,0.000,76785,87738,3.252,4.800,15.610
49635,0,2,1,0.000,75967,85473,3.252,4.800,15.610
49675,0,2,1,0.000,75149,79203,3.240,4.500,14.580
49715,0,2,1,0.000,73299,68108,3.240,4.500,14.580
49755,0,2,1,0.000,70587,66995,3.240,4.500,14.580
49795,0,2,1,0.000,68401,70093,3.236,4.700,15.209
49835,0,2,1,0.000,67844,73467,3.236,4.700,15.209
49875,0,2,1,0.000,54494,57218,3.236,4.700,15.209
49915,0,2,1,0.000,50363,51855,3.236,4.700,15.209
49955,0,2,1,0.000,61198,64289,3.236,4.700,15.209
49995,0,2,1,0.000,65614,61067,3.236,4.500,14.562
50035,0,2,1,0.000,42795,35158,3.236,4.500,14.562
50075,0,2,1,0.000,61236,53989,3.236,4.700,15.209
50115,0,2,1,0.000,75889,80206,3.236,4.700,15.209
50155,0,2,1,0.000,76707,84007,3.236,4.700,15.209
50195,0,2,1,0.000,76848,84616,3.240,4.400,14.256
50235,0,2,1,0.000,76290,82354,3.240,4.400,14.256
50275,0,2,1,0.000,76332,82777,3.240,4.600,14.904
50315,0,2,1,0.000,76095,83335,3.240,4.600,14.904
50356,0,2,1,0.000,74770,82667,3.240,4.600,14.904
50395,0,2,1,0.000,73724,73801,3.232,4.600,14.867
50435,0,2,1,0.000,74750,72786,3.232,4.600,14.867
50475,0,2,1,0.000,70758,75249,3.236,4.400,14.238
50515,0,2,1,0.000,69705,73327,3.236,4.400,14.238
50556,0,2,1,0.000,69913,71036,3.236,4.400,14.238
50595,0,2,1,0.000,70091,69282,3.236,4.300,13.915
50635,0,2,1,0.000,66815,70060,3.236,4.300,13.915
50675,0,2,1,0.000,67742,73616,3.232,4.600,14.867
50715,0,2,1,0.000,70463,80070,3.232,4.600,14.867
50755,0,2,1,0.000,73058,85771,3.232,4.600,14.867
50795,0,2,1,0.000,74553,88660,3.232,4.500,14.544
50835,0,2,1,0.000,74850,89233,3.232,4.500,14.544
50875,0,2,1,0.000,73607,87148,3.236,4.800,15.533
50915,0,2,1,0.000,68776,77160,3.236,4.800,15.533
50955,0,2,1,0.000,67354,74002,3.236,4.800,15.533
50996,0,2,1,0.000,66599,73612,3.228,4.400,14.203
51035,0,2,1,0.000,68915,78728,3.228,4.400,14.203
51076,0,2,1,0.000,71444,84070,3.228,4.600,14.849
51116,0,2,1,0.000,72998,86703,3.228,4.600,14.849
51155,0,2,1,0.000,73808,87936,3.228,4.600,14.849
51196,0,2,1,0.000,74392,88826,3.228,4.800,15.494
51235,0,2,1,0.000,74381,88978,3.228,4.800,15.494
51276,0,2,1,0.000,74163,88743,3.228,4.400,14.203
51316,0,2,1,0.000,72833,86785,3.228,4.400,14.203
51355,0,2,1,0.000,66083,69967,3.228,4.400,14.203
51396,0,2,1,0.000,35230,31750,3.228,4.800,15.494
51436,0,2,1,0.000,20620,21258,3.228,4.800,15.494
51475,0,2,1,0.000,18499,21746,3.224,4.500,14.508
51516,0,2,1,0.000,48826,51490,3.224,4.500,14.508
51556,0,2,1,0.000,67381,71658,3.224,4.500,14.508
51596,0,2,1,0.000,64265,74243,3.224,4.400,14.186
51636,0,2,1,0.000,66049,77750,3.224,4.400,14.186
51675,0,2,1,0.000,67278,79780,3.228,4.600,14.849
51716,0,2,1,0.000,67414,80134,3.228,4.600,14.849
51756,0,2,1,0.000,68387,72561,3.228,4.600,14.849
51796,0,2,1,0.000,19852,18797,3.224,4.600,14.830
51836,0,2,1,0.000,26867,22839,3.224,4.600,14.830
51875,0,2,1,0.000,57870,52800,3.208,4.900,15.719
51916,0,2,1,0.000,75483,85224,3.208,4.900,15.719
51956,0,2,1,0.000,77017,88847,3.208,4.900,15.719
51995,0,2,1,0.000,77396,89584,3.208,4.700,15.078
52036,0,2,1,0.000,76517,87942,3.208,4.700,15.078
52076,0,2,1,0.000,68744,74964,3.208,4.700,15.078
52115,0,2,1,0.000,70598,77629,3.208,4.700,15.078
52156,0,2,1,0.000,72675,80550,3.208,4.700,15.078
52196,0,2,1,0.000,70883,77221,3.208,4.800,15.398
52236,0,2,1,0.000,35817,29075,3.208,4.800,15.398
52276,0,2,1,0.000,8417,5383,3.212,4.500,14.454
52316,0,2,1,0.000,9612,6142,3.212,4.500,14.454
52356,0,2,1,0.000,48489,46255,3.212,4.500,14.454
52396,0,2,1,0.000,77995,86003,3.208,4.500,14.436
52436,0,2,1,0.000,80666,91279,3.208,4.500,14.436
52476,0,2,1,0.000,81029,91889,3.232,4.600,14.867
52516,0,2,1,0.000,49523,53927,3.232,4.600,14.867
52555,0,2,1,0.000,10770,7119,3.232,4.600,14.867
52596,0,2,1,0.000,35413,31011,3.236,4.900,15.856
52636,0,2,1,0.000,77138,83455,3.236,4.900,15.856
52676,0,2,1,0.000,78377,87558,3.208,4.900,15.719
52716,0,2,1,0.000,68578,75089,3.208,4.900,15.719
52756,0,2,1,0.000,15577,10261,3.208,4.900,15.719
52796,0,2,1,0.000,4689,3516,3.216,4.600,14.794
52836,0,2,1,0.000,35123,31647,3.216,4.600,14.794
52876,0,2,1,0.000,76263,80938,3.212,4.800,15.418
52916,0,2,1,0.000,74449,79558,3.212,4.800,15.418
52956,0,2,1,0.000,29057,24635,3.212,4.800,15.418
52996,0,2,1,0.000,14009,11306,3.216,4.600,14.794
53036,0,2,1,0.000,50941,45981,3.216,4.600,14.794
53076,0,2,1,0.000,72691,76475,3.216,4.700,15.115
53116,0,2,1,0.000,72706,76943,3.216,4.700,15.115
53156,0,2,1,0.000,29782,24118,3.216,4.700,15.115
53196,0,2,1,0.000,5544,4133,3.224,4.500,14.508
53236,0,2,1,0.000,44601,41678,3.224,4.500,14.508
53276,0,2,1,0.000,75094,78493,3.232,4.700,15.190
53316,0,2,1,0.000,76174,80762,3.232,4.700,15.190
53356,0,2,1,0.000,48425,43907,3.232,4.700,15.190
53396,0,2,1,0.000,7825,6196,3.232,4.700,15.190
53436,0,2,1,0.000,33308,32171,3.232,4.700,15.190
53476,0,2,1,0.000,68504,73552,3.224,4.700,15.153
53516,0,2,1,0.000,69619,76130,3.224,4.700,15.153
53556,0,2,1,0.000,54142,49052,3.224,4.700,15.153
53596,0,2,1,0.000,7751,5766,3.236,4.600,14.886
53636,0,2,1,0.000,13921,11561,3.236,4.600,14.886
53676,0,2,1,0.000,61099,60322,3.232,4.700,15.190
53716,0,2,1,0.000,69890,74773,3.232,4.700,15.190
53756,0,2,1,0.000,66569,67279,3.232,4.700,15.190
53796,0,2,1,0.000,15430,9210,3.220,4.500,14.490
53836,0,2,1,0.000,15447,10204,3.220,4.500,14.490
53876,0,2,1,0.000,59019,60096,3.216,4.600,14.794
53916,0,2,1,0.000,70217,77962,3.216,4.600,14.794
53956,0,2,1,0.000,67728,73628,3.216,4.600,14.794
53996,0,2,1,0.000,23812,16250,3.200,4.700,15.040
54036,0,2,1,0.000,4680,3006,3.200,4.700,15.040
54076,0,2,1,0.000,21255,15311,3.192,4.900,15.641
54116,0,2,1,0.000,67756,71979,3.192,4.900,15.641
54156,0,2,1,0.000,71894,78793,3.192,4.900,15.641
54196,0,2,1,0.000,43755,39166,3.196,4.800,15.341
54236,0,2,1,0.000,6590,4787,3.196,4.800,15.341
54276,0,2,1,0.000,5050,4452,3.188,4.700,14.984
54316,0,2,1,0.000,42937,41951,3.188,4.700,14.984
54356,0,2,1,0.000,69821,74304,3.188,4.700,14.984
54396,0,2,1,0.000,70243,75333,3.188,4.700,14.984
54436,0,2,1,0.000,36603,31819,3.188,4.700,14.984
54476,0,2,1,0.000,5441,4682,3.188,4.700,14.984
54516,0,2,1,0.000,21175,18104,3.188,4.700,14.984
54556,0,2,1,0.000,63723,66396,3.188,4.700,14.984
54596,0,2,1,0.000,67612,74508,3.188,4.600,14.665
54636,0,2,1,0.000,67076,73663,3.188,4.600,14.665
54676,0,2,1,0.000,28515,20975,3.184,4.700,14.965
54716,0,2,1,0.000,5842,4935,3.184,4.700,14.965
54756,0,2,1,0.000,36454,31479,3.184,4.700,14.965
54796,0,2,1,0.000,70013,76473,3.180,5.000,15.900
54836,0,2,1,0.000,71018,78826,3.180,5.000,15.900
54876,0,2,1,0.000,41080,34942,3.188,4.300,13.708
54916,0,2,1,0.000,6957,5091,3.188,4.300,13.708
54956,0,2,1,0.000,25449,19993,3.188,4.300,13.708
54996,0,2,1,0.000,69108,71518,3.184,4.700,14.965
55036,0,2,1,0.000,71622,81356,3.184,4.700,14.965
55076,0,2,1,0.000,72793,83236,3.184,4.700,14.965
55116,0,2,1,0.000,62924,62581,3.184,4.700,14.965
55156,0,2,1,0.000,38487,32028,3.184,4.700,14.965
55196,0,2,1,0.000,66046,64507,3.188,4.600,14.665
55236,0,2,1,0.000,71834,77895,3.188,4.600,14.665
55276,0,2,1,0.000,74171,83057,3.184,4.900,15.602
55316,0,2,1,0.000,76742,87963,3.184,4.900,15.602
55356,0,2,1,0.000,77505,89773,3.184,4.900,15.602
55396,0,2,1,0.000,77984,90895,3.184,5.000,15.920
55436,0,2,1,0.000,78101,91048,3.184,5.000,15.920
55476,0,2,1,0.000,78171,90575,3.208,5.000,16.040
55516,0,2,1,0.000,77167,88763,3.208,5.000,16.040
55556,0,2,1,0.000,72125,75451,3.208,5.000,16.040
55596,0,2,1,0.000,51099,42298,3.224,4.700,15.153
55636,0,2,1,0.000,59421,49114,3.224,4.700,15.153
55676,0,2,1,0.000,65784,54639,3.212,4.800,15.418
55716,0,2,1,0.000,73362,66320,3.212,4.800,15.418
55756,0,2,1,0.000,75072,70931,3.212,4.800,15.418
55796,0,2,1,0.000,69695,59886,3.216,4.500,14.472
55836,0,2,1,0.000,30159,21944,3.216,4.500,14.472
55876,0,2,1,0.000,19216,13122,3.220,4.600,14.812
55916,0,2,1,0.000,60995,58904,3.220,4.600,14.812
55956,0,2,1,0.000,78600,88756,3.220,4.600,14.812
55996,0,2,1,0.000,80327,92205,3.216,4.800,15.437
56036,0,2,1,0.000,80587,92769,3.216,4.800,15.437
56076,0,2,1,0.000,79974,91439,3.232,4.800,15.514
56116,0,2,1,0.000,71344,76286,3.232,4.800,15.514
56156,0,2,1,0.000,31783,22953,3.232,4.800,15.514
56196,0,2,1,0.000,31240,25192,3.232,4.900,15.837
56236,0,2,1,0.000,72485,69172,3.232,4.900,15.837
56276,0,2,1,0.000,73170,79982,3.220,4.300,13.846
56316,0,2,1,0.000,73395,83403,3.220,4.300,13.846
56356,0,2,1,0.000,73909,84657,3.220,4.300,13.846
56396,0,2,1,0.000,73920,84510,3.240,4.500,14.580
56436,0,2,1,0.000,73561,82585,3.240,4.500,14.580
56476,0,2,1,0.000,52668,47024,3.240,4.700,15.228
56516,0,2,1,0.000,22825,19333,3.240,4.700,15.228
56556,0,2,1,0.000,49727,46016,3.240,4.700,15.228
56596,0,2,1,0.000,71088,78647,3.228,4.500,14.526
56636,0,2,1,0.000,73632,84792,3.228,4.500,14.526
56676,0,2,1,0.000,74114,86008,3.240,4.600,14.904
56716,0,2,1,0.000,74220,86286,3.240,4.600,14.904
56756,0,2,1,0.000,74030,85625,3.240,4.600,14.904
56796,0,2,1,0.000,72361,81165,3.240,4.700,15.228
56836,0,2,1,0.000,55988,48419,3.240,4.700,15.228
56876,0,2,1,0.000,22999,18128,3.236,4.700,15.209
56916,0,2,1,0.000,49767,42049,3.236,4.700,15.209
56956,0,2,1,0.000,72501,71898,3.236,4.700,15.209
56996,0,2,1,0.000,70879,73930,3.240,4.600,14.904
57036,0,2,1,0.000,71859,76877,3.240,4.600,14.904
57076,0,2,1,0.000,75042,84192,3.236,4.500,14.562
57116,0,2,1,0.000,76341,86900,3.236,4.500,14.562
57156,0,2,1,0.000,76395,86986,3.236,4.500,14.562
57196,0,2,1,0.000,62682,61302,3.232,4.700,15.190
57236,0,2,1,0.000,33452,24637,3.232,4.700,15.190
57276,0,2,1,0.000,61842,54744,3.236,6.300,20.387
57316,0,2,1,0.000,76021,82479,3.236,6.300,20.387
57356,0,2,1,0.000,78312,88249,3.236,6.300,20.387
57396,0,2,1,0.000,80096,91805,3.212,5.000,16.060
57436,0,2,1,0.000,80256,91871,3.212,5.000,16.060
57476,0,2,1,0.000,60671,60157,3.236,4.600,14.886
57516,0,2,1,0.000,17019,14030,3.236,4.600,14.886
57556,0,2,1,0.000,42244,35241,3.236,4.600,14.886
57596,0,2,1,0.000,75506,82046,3.232,4.800,15.514
57636,0,2,1,0.000,78401,90193,3.232,4.800,15.514
57676,0,2,1,0.000,79413,92279,3.212,4.800,15.418
57716,0,2,1,0.000,79424,91933,3.212,4.800,15.418
57756,0,2,1,0.000,51396,48671,3.212,4.800,15.418
57796,0,2,1,0.000,28543,26402,3.232,6.700,21.654
57836,0,2,1,0.000,71577,76020,3.232,6.700,21.654
57876,0,2,1,0.000,77184,87706,3.208,4.800,15.398
57916,0,2,1,0.000,78377,90146,3.208,4.800,15.398
57956,0,2,1,0.000,78672,90795,3.208,4.800,15.398
57996,0,2,1,0.000,74531,83886,3.228,4.800,15.494
58036,0,2,1,0.000,29013,26896,3.228,4.800,15.494
58076,0,2,1,0.000,16888,16945,3.232,6.900,22.301
58116,0,2,1,0.000,71895,76022,3.232,6.900,22.301
58156,0,2,1,0.000,79854,90391,3.232,6.900,22.301
58196,0,2,1,0.000,80449,91684,3.204,4.900,15.700
58236,0,2,1,0.000,79969,90728,3.204,4.900,15.700
58276,0,2,1,0.000,48012,45740,3.232,4.800,15.514
58316,0,2,1,0.000,13070,11786,3.232,4.800,15.514
58356,0,2,1,0.000,19118,16840,3.232,4.800,15.514
58396,0,2,1,0.000,58462,53133,3.208,6.000,19.248
58436,0,2,1,0.000,72409,77202,3.208,6.000,19.248
58476,0,2,1,0.000,73482,79349,3.212,4.800,15.418
58516,0,2,1,0.000,70594,74216,3.212,4.800,15.418
58556,0,2,1,0.000,54677,44845,3.212,4.800,15.418
58596,0,2,1,0.000,23427,18829,3.232,4.600,14.867
58636,0,2,1,0.000,22679,18119,3.232,4.600,14.867
58676,0,2,1,0.000,40541,33300,3.236,4.500,14.562
58716,0,2,1,0.000,71696,67954,3.236,4.500,14.562
58756,0,2,1,0.000,73250,76785,3.236,4.500,14.562
58796,0,2,1,0.000,74496,79320,3.220,4.700,15.134
58836,0,2,1,0.000,61675,58842,3.220,4.700,15.134
58876,0,2,1,0.000,18051,15129,3.236,6.500,21.034
58916,0,2,1,0.000,42509,35366,3.236,6.500,21.034
58956,0,2,1,0.000,76520,81451,3.236,6.500,21.034
58996,0,2,1,0.000,79732,89583,3.208,4.600,14.757
59036,0,2,1,0.000,80615,91326,3.208,4.600,14.757
59076,0,2,1,0.000,77845,85155,3.232,4.700,15.190
59116,0,2,1,0.000,33602,27876,3.232,4.700,15.190
59156,0,2,1,0.000,40065,33366,3.232,4.700,15.190
59197,0,2,1,0.000,75841,81321,3.232,6.400,20.685
59236,0,2,1,0.000,78542,87844,3.232,6.400,20.685
59276,0,2,1,0.000,79131,89348,3.208,4.900,15.719
59316,0,2,1,0.000,77325,85951,3.208,4.900,15.719
59356,0,2,1,0.000,47091,37285,3.208,4.900,15.719
59396,0,2,1,0.000,52802,43565,3.232,6.700,21.654
59436,0,2,1,0.000,69795,70312,3.232,6.700,21.654
59476,0,2,1,0.000,67344,62337,3.208,5.100,16.361
59517,0,2,1,0.000,52215,40317,3.208,5.100,16.361
59556,0,2,1,0.000,54982,44324,3.208,5.100,16.361
59596,0,2,1,0.000,77441,68678,3.204,4.500,14.418
59637,0,2,1,0.000,72796,64274,3.204,4.500,14.418
59676,0,2,1,0.000,66538,57367,3.224,6.700,21.601
59716,0,2,1,0.000,73038,63655,3.224,6.700,21.601
59757,0,2,1,0.000,76079,71646,3.224,6.700,21.601
59796,0,2,1,0.000,76490,69188,3.152,4.900,15.445
59836,0,2,1,0.000,74684,66283,3.152,4.900,15.445
59876,0,2,1,0.000,71556,60907,3.196,6.600,21.094
59916,0,2,1,0.000,50736,39435,3.196,6.600,21.094
59956,0,2,1,0.000,46351,36078,3.196,6.600,21.094
59996,0,2,1,0.000,61315,52449,3.128,4.800,15.014
60036,0,2,1,0.000,56573,49235,3.128,4.800,15.014
60076,0,2,1,0.000,40440,31457,3.156,5.500,17.358
60116,0,2,1,0.000,39883,28132,3.156,5.500,17.358
60156,0,2,1,0.000,37141,26024,3.156,5.500,17.358
60197,0,2,1,0.000,41404,30794,3.188,4.500,14.346
60236,0,2,1,0.000,36851,27740,3.188,4.500,14.346
60277,0,2,1,0.000,34067,23666,3.172,4.800,15.226
60317,0,2,1,0.000,35717,24585,3.172,4.800,15.226
60356,0,2,1,0.000,49167,39486,3.172,4.800,15.226
60397,0,2,1,0.000,66009,57160,3.192,4.800,15.322
60437,0,2,1,0.000,72576,72735,3.192,4.800,15.322
60477,0,2,1,0.000,74736,77316,3.172,4.900,15.543
60517,0,2,1,0.000,70583,72334,3.172,4.900,15.543
60556,0,2,1,0.000,60117,54685,3.172,4.900,15.543
60597,0,2,1,0.000,63530,55001,3.156,6.600,20.830
60637,0,2,1,0.000,44154,34048,3.156,6.600,20.830
60676,0,2,1,0.000,39934,28886,3.172,4.600,14.591
60717,0,2,1,0.000,36066,25420,3.172,4.600,14.591
60757,0,2,1,0.000,38592,27797,3.172,4.600,14.591
60797,0,2,1,0.000,48226,38293,3.212,6.500,20.878
60837,0,2,1,0.000,57912,51689,3.212,6.500,20.878
60876,0,2,1,0.000,54353,47185,3.184,4.800,15.283
60917,0,2,1,0.000,49776,40705,3.184,4.800,15.283
60957,0,2,1,0.000,51987,40978,3.184,4.800,15.283
60997,0,2,1,0.000,59965,49850,3.204,6.700,21.467
61037,0,2,1,0.000,63202,53219,3.204,6.700,21.467
61076,0,2,1,0.000,65814,56399,3.176,4.600,14.610
61117,0,2,1,0.000,59916,49280,3.176,4.600,14.610
61157,0,2,1,0.000,54593,43513,3.176,4.600,14.610
61196,0,2,1,0.000,55029,44472,3.200,6.800,21.760
61237,0,2,1,0.000,53315,43888,3.200,6.800,21.760
61276,0,2,1,0.000,55993,47480,3.184,5.400,17.194
61317,0,2,1,0.000,56220,48301,3.184,5.400,17.194
61357,0,2,1,0.000,52541,44682,3.184,5.400,17.194
61396,0,2,1,0.000,53283,46285,3.192,6.800,21.706
61437,0,2,1,0.000,55277,49435,3.192,6.800,21.706
61477,0,2,1,0.000,63977,57729,3.112,5.000,15.560
61516,0,2,1,0.000,68076,62387,3.112,5.000,15.560
61557,0,2,1,0.000,71902,66774,3.112,5.000,15.560
61597,0,2,1,0.000,63039,58191,3.136,6.800,21.325
61637,0,2,1,0.000,56371,50987,3.136,6.800,21.325
61677,0,2,1,0.000,51669,45062,3.144,4.900,15.406
61716,0,2,1,0.000,60617,52892,3.144,4.900,15.406
61757,0,2,1,0.000,53333,46489,3.144,4.900,15.406
61797,0,2,1,0.000,51243,43049,3.184,6.600,21.014
61836,0,2,1,0.000,42657,35741,3.184,6.600,21.014
61877,0,2,1,0.000,44144,37497,3.184,5.000,15.920
61917,0,2,1,0.000,43619,37646,3.184,5.000,15.920
61956,0,2,1,0.000,50366,43798,3.184,5.000,15.920
61997,0,2,1,0.000,53878,44398,3.188,6.500,20.722
62037,0,2,1,0.000,58894,46222,3.188,6.500,20.722
62077,0,2,1,0.000,55453,42673,3.188,4.700,14.984
62117,0,2,1,0.000,52795,41686,3.188,4.700,14.984
62156,0,2,1,0.000,55875,45945,3.188,4.700,14.984
62197,0,2,1,0.000,50849,40729,3.172,6.500,20.618
62237,0,2,1,0.000,52813,40722,3.172,6.500,20.618
62277,0,2,1,0.000,52814,40205,3.180,4.800,15.264
62317,0,2,1,0.000,51118,39805,3.180,4.800,15.264
62357,0,2,1,0.000,47182,38811,3.180,4.800,15.264
62397,0,2,1,0.000,47444,40066,3.192,6.700,21.386
62437,0,2,1,0.000,44907,37496,3.192,6.700,21.386
62477,0,2,1,0.000,45102,37347,3.180,4.600,14.628
62517,0,2,1,0.000,47654,38962,3.180,4.600,14.628
62557,0,2,1,0.000,47553,39859,3.180,4.600,14.628
62597,0,2,1,0.000,45860,39463,3.204,6.400,20.506
62637,0,2,1,0.000,43289,37921,3.204,6.400,20.506
62677,0,2,1,0.000,41220,35700,3.180,4.700,14.946
62717,0,2,1,0.000,43348,35807,3.180,4.700,14.946
62757,0,2,1,0.000,43136,34210,3.180,4.700,14.946
62797,0,2,1,0.000,40162,32477,3.208,6.500,20.852
62837,0,2,1,0.000,37794,32008,3.208,6.500,20.852
62877,0,2,1,0.000,39704,34825,3.184,5.000,15.920
62917,0,2,1,0.000,44854,39101,3.184,5.000,15.920
62957,0,2,1,0.000,47149,39325,3.184,5.000,15.920
62997,0,2,1,0.000,44446,34687,3.208,6.900,22.135
63037,0,2,1,0.000,42450,33259,3.208,6.900,22.135
63077,0,2,1,0.000,39115,32324,3.196,5.400,17.258
63117,0,2,1,0.000,39366,33572,3.196,5.400,17.258
63157,0,2,1,0.000,42932,35744,3.196,5.400,17.258
63197,0,2,1,0.000,42493,32970,3.204,6.900,22.108
63237,0,2,1,0.000,42158,32250,3.204,6.900,22.108
63277,0,2,1,0.000,44826,35403,3.176,6.800,21.597
63317,0,2,1,0.000,42711,35373,3.176,6.800,21.597
63357,0,2,1,0.000,53230,44547,3.176,6.800,21.597
63397,0,2,1,0.000,64442,53727,3.172,7.000,22.204
63437,0,2,1,0.000,68860,58530,3.172,7.000,22.204
63477,0,2,1,0.000,67722,57485,3.180,6.500,20.670
63517,0,2,1,0.000,66275,55188,3.180,6.500,20.670
63557,0,2,1,0.000,63428,52906,3.180,6.500,20.670
63597,0,2,1,0.000,66591,56360,3.180,6.800,21.624
63637,0,2,1,0.000,68996,61613,3.180,6.800,21.624
63677,0,2,1,0.000,67941,65343,3.180,6.400,20.352
63717,0,2,1,0.000,68613,68493,3.180,6.400,20.352
63757,0,2,1,0.000,69071,69768,3.180,6.400,20.352
63797,0,2,1,0.000,69748,62854,3.180,6.800,21.624
63837,0,2,1,0.000,65830,54745,3.180,6.800,21.624
63877,0,2,1,0.000,62826,51302,3.176,6.500,20.644
63917,0,2,1,0.000,61903,49947,3.176,6.500,20.644
63957,0,2,1,0.000,61965,50234,3.176,6.500,20.644
63997,0,2,1,0.000,62058,50336,3.184,4.800,15.283
64037,0,2,1,0.000,58929,46934,3.184,4.800,15.283
64077,0,2,1,0.000,46355,36647,3.176,6.700,21.279
64117,0,2,1,0.000,43926,34976,3.176,6.700,21.279
64157,0,2,1,0.000,46404,37202,3.176,6.700,21.279
64197,0,2,1,0.000,55237,43963,3.180,4.700,14.946
64237,0,2,1,0.000,59063,47761,3.180,4.700,14.946
64277,0,2,1,0.000,59019,48149,3.188,6.900,21.997
64317,0,2,1,0.000,56974,46416,3.188,6.900,21.997
64357,0,2,1,0.000,53253,44883,3.188,6.900,21.997
64397,0,2,1,0.000,55558,47661,3.188,4.800,15.302
64437,0,2,1,0.000,50812,42904,3.188,4.800,15.302
64477,0,2,1,0.000,55525,46748,3.196,6.900,22.052
64517,0,2,1,0.000,63400,53687,3.196,6.900,22.052
64557,0,2,1,0.000,65415,55949,3.196,6.900,22.052
64597,0,2,1,0.000,71348,61885,3.184,5.300,16.875
64637,0,2,1,0.000,68972,58378,3.184,5.300,16.875
64677,0,2,1,0.000,66397,56056,3.208,7.000,22.456
64717,0,2,1,0.000,65740,56190,3.208,7.000,22.456
64757,0,2,1,0.000,64053,54835,3.208,7.000,22.456
64797,0,2,1,0.000,64817,56517,3.184,6.600,21.014
64837,0,2,1,0.000,70454,71769,3.184,6.600,21.014
64877,0,2,1,0.000,72838,75394,3.188,6.900,21.997
64917,0,2,1,0.000,71834,74065,3.188,6.900,21.997
64957,0,2,1,0.000,72770,75577,3.188,6.900,21.997
64997,0,2,1,0.000,70968,73099,3.188,6.700,21.360
65037,0,2,1,0.000,65285,64466,3.188,6.700,21.360
65077,0,2,1,0.000,64241,62643,3.188,6.900,21.997
65117,0,2,1,0.000,68211,68323,3.188,6.900,21.997
65157,0,2,1,0.000,66548,65248,3.188,6.900,21.997
65197,0,2,1,0.000,69302,68991,3.184,6.500,20.696
65237,0,2,1,0.000,70168,71236,3.184,6.500,20.696
65277,0,2,1,0.000,71126,69270,3.184,6.800,21.651
65317,0,2,1,0.000,69150,60185,3.184,6.800,21.651
65357,0,2,1,0.000,65220,56021,3.184,6.800,21.651
65397,0,2,1,0.000,62180,55221,3.188,6.600,21.041
65437,0,2,1,0.000,62744,55347,3.188,6.600,21.041
65477,0,2,1,0.000,67492,66811,3.184,6.100,19.422
65517,0,2,1,0.000,71012,68774,3.184,6.100,19.422
65557,0,2,1,0.000,77413,72076,3.184,6.100,19.422
65597,0,2,1,0.000,78128,75226,3.200,7.000,22.400
65637,0,2,1,0.000,74348,69184,3.200,7.000,22.400
65677,0,2,1,0.000,74699,68433,3.180,6.100,19.398
65717,0,2,1,0.000,77546,72463,3.180,6.100,19.398
65757,0,2,1,0.000,75896,72145,3.180,6.100,19.398
65797,0,2,1,0.000,72437,69925,3.208,6.900,22.135
65837,0,2,1,0.000,75214,75570,3.208,6.900,22.135
65877,0,2,1,0.000,72924,73447,3.184,6.800,21.651
65917,0,2,1,0.000,66061,65543,3.184,6.800,21.651
65957,0,2,1,0.000,64613,56177,3.184,6.800,21.651
65997,0,2,1,0.000,59940,49977,3.212,7.100,22.805
66037,0,2,1,0.000,57051,48068,3.212,7.100,22.805
66077,0,2,1,0.000,51074,42659,3.188,6.600,21.041
66117,0,2,1,0.000,45459,39968,3.188,6.600,21.041
66157,0,2,1,0.000,46882,45480,3.188,6.600,21.041
66197,0,2,1,0.000,56123,59868,3.208,6.700,21.494
66237,0,2,1,0.000,45900,54446,3.208,6.700,21.494
66277,0,2,1,0.000,50885,59232,3.180,6.600,20.988
66317,0,2,1,0.000,70303,71868,3.180,6.600,20.988
66357,0,2,1,0.000,76635,74336,3.180,6.600,20.988
66397,0,2,1,0.000,75323,75527,3.184,6.600,21.014
66437,0,2,1,0.000,70886,73327,3.184,6.600,21.014
66477,0,2,1,0.000,72437,75028,3.188,6.600,21.041
66517,0,2,1,0.000,73997,77074,3.188,6.600,21.041
66557,0,2,1,0.000,74912,78272,3.188,6.600,21.041
66597,0,2,1,0.000,75242,78757,3.180,6.100,19.398
66637,0,2,1,0.000,75520,79171,3.180,6.100,19.398
66677,0,2,1,0.000,75883,79687,3.200,6.800,21.760
66717,0,2,1,0.000,75979,80143,3.200,6.800,21.760
66757,0,2,1,0.000,62267,61270,3.200,6.800,21.760
66797,0,2,1,0.000,33845,24876,3.180,4.700,14.946
66837,0,2,1,0.000,36903,27615,3.180,4.700,14.946
66877,0,2,1,0.000,38955,30241,3.208,7.000,22.456
66917,0,2,1,0.000,40575,31686,3.208,7.000,22.456
66957,0,2,1,0.000,51476,41868,3.208,7.000,22.456
66997,0,2,1,0.000,57682,50297,3.180,4.200,13.356
67037,0,2,1,0.000,72626,74242,3.180,4.200,13.356
67078,0,2,1,0.000,77123,80974,3.208,7.300,23.418
67117,0,2,1,0.000,80419,88154,3.208,7.300,23.418
67157,0,2,1,0.000,82146,92279,3.208,7.300,23.418
67198,0,2,1,0.000,83151,95025,3.180,4.900,15.582
67237,0,2,1,0.000,83986,97119,3.180,4.900,15.582
67277,0,2,1,0.000,84498,98327,3.208,7.000,22.456
67317,0,2,1,0.000,84832,99023,3.208,7.000,22.456
67357,0,2,1,0.000,85018,99406,3.208,7.000,22.456
67398,0,2,1,0.000,84945,99222,3.180,4.900,15.582
67437,0,2,1,0.000,84425,97916,3.180,4.900,15.582
67477,0,2,1,0.000,83911,96486,3.208,7.100,22.777
67518,0,2,1,0.000,71201,73391,3.208,7.100,22.777
67557,0,2,1,0.000,41627,44438,3.208,7.100,22.777
67597,0,2,1,0.000,53183,54938,3.188,4.600,14.665
67638,0,2,1,0.000,59802,60083,3.188,4.600,14.665
67677,0,2,1,0.000,72067,68430,3.212,6.600,21.199
67718,0,2,1,0.000,57536,49144,3.212,6.600,21.199
67758,0,2,1,0.000,51873,43029,3.212,6.600,21.199
67797,0,2,1,0.000,66360,58337,3.200,6.800,21.760
67838,0,2,1,0.000,69984,68271,3.200,6.800,21.760
67877,0,2,1,0.000,69655,64782,3.200,5.600,17.920
67917,0,2,1,0.000,44897,34935,3.200,5.600,17.920
67958,0,2,1,0.000,20162,11738,3.200,5.600,17.920
67997,0,2,1,0.000,28495,18531,3.236,6.800,22.005
68038,0,2,1,0.000,35513,24871,3.236,6.800,22.005
68078,0,2,1,0.000,51426,41550,3.212,4.600,14.775
68117,0,2,1,0.000,66855,62985,3.212,4.600,14.775
68158,0,2,1,0.000,71085,72729,3.212,4.600,14.775
68198,0,2,1,0.000,75106,80978,3.236,6.500,21.034
68237,0,2,1,0.000,75442,81591,3.236,6.500,21.034
68278,0,2,1,0.000,76918,84380,3.208,4.600,14.757
68317,0,2,1,0.000,77500,86213,3.208,4.600,14.757
68358,0,2,1,0.000,80003,92120,3.208,4.600,14.757
68398,0,2,1,0.000,81849,96063,3.224,4.400,14.186
68437,0,2,1,0.000,82436,97606,3.224,4.400,14.186
68478,0,2,1,0.000,82642,98057,3.232,7.400,23.917
68518,0,2,1,0.000,82677,98069,3.232,7.400,23.917
68557,0,2,1,0.000,82580,97683,3.232,7.400,23.917
68598,0,2,1,0.000,81978,96099,3.232,4.900,15.837
68638,0,2,1,0.000,74061,79961,3.232,4.900,15.837
68678,0,2,1,0.000,36035,26534,3.220,6.300,20.286
68718,0,2,1,0.000,24499,16499,3.220,6.300,20.286
68758,0,2,1,0.000,13765,8789,3.220,6.300,20.286
68798,0,2,1,0.000,7867,4839,3.232,6.700,21.654
68838,0,2,1,0.000,5447,3056,3.232,6.700,21.654
68878,0,2,1,0.000,4934,3109,3.176,4.300,13.657
68918,0,2,1,0.000,4489,3198,3.176,4.300,13.657
68958,0,2,1,0.000,29682,22979,3.176,4.300,13.657
68998,0,2,1,0.000,65102,66210,3.196,7.000,22.372
69038,0,2,1,0.000,75994,87169,3.196,7.000,22.372
69078,0,2,1,0.000,79531,93550,3.192,4.900,15.641
69118,0,2,1,0.000,81370,96466,3.192,4.900,15.641
69158,0,2,1,0.000,82064,98002,3.192,4.900,15.641
69198,0,2,1,0.000,82327,98184,3.200,7.100,22.720
69238,0,2,1,0.000,81842,97367,3.200,7.100,22.720
69278,0,2,1,0.000,80853,95760,3.196,4.500,14.382
69318,0,2,1,0.000,79450,93118,3.196,4.500,14.382
69358,0,2,1,0.000,68247,67912,3.196,4.500,14.382
69398,0,2,1,0.000,69260,61705,3.200,4.500,14.400
69438,0,2,1,0.000,72269,73008,3.200,4.500,14.400
69478,0,2,1,0.000,71730,77293,3.200,4.400,14.080
69518,0,2,1,0.000,72692,79971,3.200,4.400,14.080
69558,0,2,1,0.000,72268,78979,3.200,4.400,14.080
69598,0,2,1,0.000,72153,73833,3.200,4.500,14.400
69638,0,2,1,0.000,76072,69733,3.200,4.500,14.400
69678,0,2,1,0.000,73649,64768,3.196,4.800,15.341
69718,0,2,1,0.000,65269,54063,3.196,4.800,15.341
69758,0,2,1,0.000,50893,39359,3.196,4.800,15.341
69798,0,2,1,0.000,58219,47628,3.200,4.200,13.440
69838,0,2,1,0.000,61153,55892,3.200,4.200,13.440
69878,0,2,1,0.000,58229,49050,3.204,4.600,14.738
69918,0,2,1,0.000,54296,44064,3.204,4.600,14.738
69958,0,2,1,0.000,48565,36272,3.204,4.600,14.738
69998,0,2,1,0.000,42180,31270,3.200,4.500,14.400
70038,0,2,1,0.000,52222,40568,3.200,4.500,14.400
70078,0,2,1,0.000,60186,49008,3.204,4.500,14.418
70118,0,2,1,0.000,61576,50172,3.204,4.500,14.418
70158,0,2,1,0.000,54574,42364,3.204,4.500,14.418
70198,0,2,1,0.000,54996,42815,3.204,4.500,14.418
70238,0,2,1,0.000,57012,44854,3.204,4.500,14.418
70278,0,2,1,0.000,58297,46138,3.208,4.500,14.436
70318,0,2,1,0.000,57375,45258,3.208,4.500,14.436
70358,0,2,1,0.000,59884,48128,3.208,4.500,14.436
70398,0,2,1,0.000,59336,47619,3.208,7.000,22.456
70438,0,2,1,0.000,56553,44635,3.208,7.000,22.456
70478,0,2,1,0.000,55260,43659,3.208,4.500,14.436
70518,0,2,1,0.000,57088,45382,3.208,4.500,14.436
70558,0,2,1,0.000,56835,45015,3.208,4.500,14.436
70598,0,2,1,0.000,54651,42772,3.200,7.000,22.400
70638,0,2,1,0.000,56132,44061,3.200,7.000,22.400
70678,0,2,1,0.000,54790,42538,3.204,4.400,14.098
70718,0,2,1,0.000,46583,34875,3.204,4.400,14.098
70758,0,2,1,0.000,29363,20606,3.204,4.400,14.098
70798,0,2,1,0.000,27423,19296,3.204,6.800,21.787
70838,0,2,1,0.000,44774,33227,3.204,6.800,21.787
70878,0,2,1,0.000,57602,47883,3.204,4.700,15.059
70918,0,2,1,0.000,63211,59837,3.204,4.700,15.059
70958,0,2,1,0.000,69101,70389,3.204,4.700,15.059
70998,0,2,1,0.000,67115,67249,3.204,7.000,22.428
71038,0,2,1,0.000,53654,42904,3.204,7.000,22.428
71078,0,2,1,0.000,49542,36857,3.208,4.600,14.757
71118,0,2,1,0.000,54499,42217,3.208,4.600,14.757
71158,0,2,1,0.000,64463,61171,3.208,4.600,14.757
71198,0,2,1,0.000,70358,71782,3.208,6.700,21.494
71238,0,2,1,0.000,65524,64682,3.208,6.700,21.494
71278,0,2,1,0.000,57072,48088,3.212,4.400,14.133
71318,0,2,1,0.000,57869,47847,3.212,4.400,14.133
71358,0,2,1,0.000,57819,47371,3.212,4.400,14.133
71398,0,2,1,0.000,55953,44563,3.212,6.300,20.236
71438,0,2,1,0.000,52498,40416,3.212,6.300,20.236
71478,0,2,1,0.000,52686,41086,3.204,4.600,14.738
71518,0,2,1,0.000,46485,34126,3.204,4.600,14.738
71558,0,2,1,0.000,43843,31653,3.204,4.600,14.738
71598,0,2,1,0.000,37129,26067,3.220,4.600,14.812
71638,0,2,1,0.000,47992,36332,3.220,4.600,14.812
71678,0,2,1,0.000,58200,45287,3.220,4.400,14.168
71718,0,2,1,0.000,50212,38080,3.220,4.400,14.168
71758,0,2,1,0.000,68434,56375,3.220,4.400,14.168
71798,0,2,1,0.000,73332,63352,3.220,4.800,15.456
71838,0,2,1,0.000,77420,74405,3.220,4.800,15.456
71878,0,2,1,0.000,68823,69986,3.220,4.500,14.490
71918,0,2,1,0.000,75497,74507,3.220,4.500,14.490
71958,0,2,1,0.000,75888,73659,3.220,4.500,14.490
71998,0,2,1,0.000,70743,71764,3.224,4.500,14.508
72038,0,2,1,0.000,69354,71749,3.224,4.500,14.508
72078,0,2,1,0.000,69675,72443,3.212,5.300,17.024
72118,0,2,1,0.000,67478,70774,3.212,5.300,17.024
72158,0,2,1,0.000,69197,67356,3.212,5.300,17.024
72198,0,2,1,0.000,66721,55673,3.192,4.500,14.364
72238,0,2,1,0.000,56215,43470,3.192,4.500,14.364
72278,0,2,1,0.000,57434,45419,3.200,5.800,18.560
72318,0,2,1,0.000,52266,39496,3.200,5.800,18.560
72358,0,2,1,0.000,45561,32452,3.200,5.800,18.560
72398,0,2,1,0.000,42084,29358,3.212,4.500,14.454
72438,0,2,1,0.000,34200,22618,3.212,4.500,14.454
72478,0,2,1,0.000,28576,18561,3.216,4.500,14.472
72518,0,2,1,0.000,30649,20643,3.216,4.500,14.472
72558,0,2,1,0.000,30017,20211,3.216,4.500,14.472
72598,0,2,1,0.000,28616,18360,3.224,4.600,14.830
72638,0,2,1,0.000,23912,14575,3.224,4.600,14.830
72678,0,2,1,0.000,19190,11304,3.220,4.500,14.490
72718,0,2,1,0.000,16540,9381,3.220,4.500,14.490
72758,0,2,1,0.000,14269,7681,3.220,4.500,14.490
72798,0,2,1,0.000,17328,9787,3.224,4.500,14.508
72838,0,2,1,0.000,21411,12981,3.224,4.500,14.508
72878,0,2,1,0.000,22482,14020,3.220,4.500,14.490
72918,0,2,1,0.000,23375,14555,3.220,4.500,14.490
72958,0,2,1,0.000,21830,13116,3.220,4.500,14.490
72998,0,2,1,0.000,18027,10299,3.220,5.600,18.032
73038,0,2,1,0.000,14367,7732,3.220,5.600,18.032
73078,0,2,1,0.000,14039,7453,3.220,4.600,14.812
73118,0,2,1,0.000,17103,9583,3.220,4.600,14.812
73158,0,2,1,0.000,21308,12738,3.220,4.600,14.812
73198,0,2,1,0.000,29326,19078,3.224,4.700,15.153
73238,0,2,1,0.000,34612,23264,3.224,4.700,15.153
73278,0,2,1,0.000,36156,24502,3.220,4.300,13.846
73318,0,2,1,0.000,36510,24683,3.220,4.300,13.846
73358,0,2,1,0.000,37304,25289,3.220,4.300,13.846
73398,0,2,1,0.000,37932,25751,3.224,4.600,14.830
73438,0,2,1,0.000,41060,28449,3.224,4.600,14.830
73478,0,2,1,0.000,49820,37446,3.220,4.600,14.812
73518,0,2,1,0.000,51925,41078,3.220,4.600,14.812
73558,0,2,1,0.000,49812,37523,3.220,4.600,14.812
73598,0,2,1,0.000,52780,40530,3.220,4.600,14.812
73638,0,2,1,0.000,55962,43668,3.220,4.600,14.812
73678,0,2,1,0.000,55884,42897,3.224,4.600,14.830
73718,0,2,1,0.000,58595,46331,3.224,4.600,14.830
73758,0,2,1,0.000,59667,47916,3.224,4.600,14.830
73798,0,2,1,0.000,59866,47552,3.224,4.500,14.508
73838,0,2,1,0.000,60496,48544,3.224,4.500,14.508
73878,0,2,1,0.000,60132,48168,3.224,4.400,14.186
73918,0,2,1,0.000,56753,43925,3.224,4.400,14.186
73958,0,2,1,0.000,54880,42228,3.224,4.400,14.186
73998,0,2,1,0.000,47591,35781,3.220,4.700,15.134
74038,0,2,1,0.000,42893,31301,3.220,4.700,15.134
74078,0,2,1,0.000,43798,31798,3.224,4.400,14.186
74118,0,2,1,0.000,50298,38759,3.224,4.400,14.186
74158,0,2,1,0.000,53721,42393,3.224,4.400,14.186
74198,0,2,1,0.000,54638,42794,3.224,4.800,15.475
74238,0,2,1,0.000,53291,40999,3.224,4.800,15.475
74278,0,2,1,0.000,48911,36326,3.224,4.500,14.508
74318,0,2,1,0.000,48573,36803,3.224,4.500,14.508
74358,0,2,1,0.000,47383,36157,3.224,4.500,14.508
74398,0,2,1,0.000,49279,41155,3.220,4.700,15.134
74438,0,2,1,0.000,57083,49567,3.220,4.700,15.134
74478,0,2,1,0.000,64864,55542,3.220,4.400,14.168
74518,0,2,1,0.000,64386,53713,3.220,4.400,14.168
74558,0,2,1,0.000,62314,50146,3.220,4.400,14.168
74598,0,2,1,0.000,60812,48832,3.220,4.600,14.812
74638,0,2,1,0.000,57016,45557,3.220,4.600,14.812
74678,0,2,1,0.000,59770,49037,3.216,4.500,14.472
74718,0,2,1,0.000,68833,59851,3.216,4.500,14.472
74758,0,2,1,0.000,74070,68465,3.216,4.500,14.472
74798,0,2,1,0.000,76354,75473,3.216,4.600,14.794
74838,0,2,1,0.000,64191,60828,3.216,4.600,14.794
74878,0,2,1,0.000,37863,38157,3.216,4.400,14.150
74918,0,2,1,0.000,37447,38589,3.216,4.400,14.150
74958,0,2,1,0.000,46540,46524,3.216,4.400,14.150
74998,0,2,1,0.000,44557,41994,3.216,4.500,14.472
75038,0,2,1,0.000,39028,34879,3.216,4.500,14.472
75079,0,2,1,0.000,39583,35927,3.220,4.700,15.134
75118,0,2,1,0.000,42584,41260,3.220,4.700,15.134
75158,0,2,1,0.000,42945,43525,3.220,4.700,15.134
75199,0,2,1,0.000,44571,41923,3.176,4.800,15.245
75238,0,2,1,0.000,44801,38839,3.176,4.800,15.245
75279,0,2,1,0.000,43018,37250,3.224,4.500,14.508
75319,0,2,1,0.000,51193,46233,3.224,4.500,14.508
75358,0,2,1,0.000,42527,37864,3.224,4.500,14.508
75399,0,2,1,0.000,33561,26292,3.208,4.500,14.436
75439,0,2,1,0.000,33902,25050,3.208,4.500,14.436
75479,0,2,1,0.000,51194,41017,3.204,4.800,15.379
75519,0,2,1,0.000,65578,57504,3.204,4.800,15.379
75559,0,2,1,0.000,68306,63526,3.204,4.800,15.379
75599,0,2,1,0.000,66845,67666,3.196,4.600,14.702
75639,0,2,1,0.000,69486,72018,3.196,4.600,14.702
75678,0,2,1,0.000,69803,72546,3.220,4.600,14.812
75719,0,2,1,0.000,71782,76661,3.220,4.600,14.812
75759,0,2,1,0.000,74652,83065,3.220,4.600,14.812
75798,0,2,1,0.000,76834,87574,3.196,4.500,14.382
75839,0,2,1,0.000,77827,89604,3.196,4.500,14.382
75878,0,2,1,0.000,78351,90677,3.200,4.900,15.680
75919,0,2,1,0.000,78367,90802,3.200,4.900,15.680
75959,0,2,1,0.000,77705,89546,3.200,4.900,15.680
75998,0,2,1,0.000,77088,88156,3.192,4.700,15.002
76039,0,2,1,0.000,74002,82922,3.192,4.700,15.002
76079,0,2,1,0.000,70349,75647,3.192,4.800,15.322
76118,0,2,1,0.000,72923,78531,3.192,4.800,15.322
76159,0,2,1,0.000,71411,75595,3.192,4.800,15.322
76198,0,2,1,0.000,70964,75017,3.164,4.500,14.238
76238,0,2,1,0.000,69731,65943,3.164,4.500,14.238
76279,0,2,1,0.000,63630,52819,3.160,4.400,13.904
76318,0,2,1,0.000,63085,52179,3.160,4.400,13.904
76359,0,2,1,0.000,62355,52175,3.160,4.400,13.904
76399,0,2,1,0.000,69358,61131,3.160,4.600,14.536
76438,0,2,1,0.000,63770,52711,3.160,4.600,14.536
76479,0,2,1,0.000,61616,50197,3.216,4.500,14.472
76519,0,2,1,0.000,64712,53723,3.216,4.500,14.472
76559,0,2,1,0.000,73155,64253,3.216,4.500,14.472
76599,0,2,1,0.000,71337,63185,3.072,4.500,13.824
76639,0,2,1,0.000,69367,65253,3.072,4.500,13.824
76679,0,2,1,0.000,62302,54511,3.236,4.500,14.562
76719,0,2,1,0.000,55589,43974,3.236,4.500,14.562
76759,0,2,1,0.000,60368,49974,3.236,4.500,14.562
76799,0,2,1,0.000,63248,53468,3.236,4.500,14.562
76839,0,2,1,0.000,52625,41658,3.236,4.500,14.562
76879,0,2,1,0.000,41865,30470,3.244,4.400,14.274
76919,0,2,1,0.000,38468,27436,3.244,4.400,14.274
76959,0,2,1,0.000,40081,28863,3.244,4.400,14.274
76999,0,2,1,0.000,50735,39498,3.244,4.400,14.274
77039,0,2,1,0.000,57478,50325,3.244,4.400,14.274
77079,0,2,1,0.000,58668,53246,3.240,4.600,14.904
77119,0,2,1,0.000,58091,52503,3.240,4.600,14.904
77159,0,2,1,0.000,65591,65512,3.240,4.600,14.904
77199,0,2,1,0.000,70871,75051,3.244,4.700,15.247
77239,0,2,1,0.000,74797,82325,3.244,4.700,15.247
77279,0,2,1,0.000,76034,84784,3.244,4.700,15.247
77319,0,2,1,0.000,76197,85101,3.244,4.700,15.247
77359,0,2,1,0.000,76215,85082,3.244,4.700,15.247
77399,0,2,1,0.000,76047,84742,3.244,4.600,14.922
77439,0,2,1,0.000,75933,84423,3.244,4.600,14.922
77479,0,2,1,0.000,74167,81254,3.244,4.500,14.598
77519,0,2,1,0.000,67472,68613,3.244,4.500,14.598
77559,0,2,1,0.000,61865,56268,3.244,4.500,14.598
77599,0,2,1,0.000,60472,54071,3.244,4.500,14.598
77639,0,2,1,0.000,63588,59950,3.244,4.500,14.598
77679,0,2,1,0.000,62717,58835,3.244,4.900,15.896
77719,0,2,1,0.000,61274,56136,3.244,4.900,15.896
77759,0,2,1,0.000,62592,57965,3.244,4.900,15.896
77799,0,2,1,0.000,64495,61307,3.244,4.600,14.922
77839,0,2,1,0.000,63775,60016,3.244,4.600,14.922
77879,0,2,1,0.000,57061,48677,3.244,4.600,14.922
77919,0,2,1,0.000,59341,51305,3.244,4.600,14.922
77959,0,2,1,0.000,65614,63775,3.244,4.600,14.922
77999,0,2,1,0.000,67624,68300,3.244,4.600,14.922
78039,0,2,1,0.000,70391,74112,3.244,4.600,14.922
78079,0,2,1,0.000,73783,80223,3.244,4.600,14.922
78119,0,2,1,0.000,75348,83096,3.244,4.600,14.922
78159,0,2,1,0.000,76570,85697,3.244,4.600,14.922
78199,0,2,1,0.000,77616,87883,3.244,4.400,14.274
78239,0,2,1,0.000,78097,88823,3.244,4.400,14.274
78279,0,2,1,0.000,78345,89449,3.240,4.800,15.552
78319,0,2,1,0.000,78693,90297,3.240,4.800,15.552
78359,0,2,1,0.000,79018,91031,3.240,4.800,15.552
78399,0,2,1,0.000,79325,91727,3.244,4.800,15.571
78439,0,2,1,0.000,79536,92136,3.244,4.800,15.571
78479,0,2,1,0.000,79495,92119,3.244,4.800,15.571
78519,0,2,1,0.000,79217,91476,3.244,4.800,15.571
78559,0,2,1,0.000,78353,89660,3.244,4.800,15.571
78599,0,2,1,0.000,73829,80291,3.244,4.700,15.247
78639,0,2,1,0.000,59004,49746,3.244,4.700,15.247
78679,0,2,1,0.000,33019,26157,3.248,4.600,14.941
78719,0,2,1,0.000,23861,18429,3.248,4.600,14.941
78759,0,2,1,0.000,25172,18829,3.248,4.600,14.941
78799,0,2,1,0.000,39612,30054,3.248,4.600,14.941
78839,0,2,1,0.000,55536,46343,3.248,4.600,14.941
78879,0,2,1,0.000,43089,33125,3.248,4.500,14.616
78919,0,2,1,0.000,57388,46264,3.248,4.500,14.616
78959,0,2,1,0.000,38924,29722,3.248,4.500,14.616
78999,0,2,1,0.000,32471,24629,3.228,4.500,14.526
79039,0,2,1,0.000,36600,28170,3.228,4.500,14.526
79079,0,2,1,0.000,36439,29314,3.236,4.700,15.209
79119,0,2,1,0.000,48639,41495,3.236,4.700,15.209
79159,0,2,1,0.000,46100,38619,3.236,4.700,15.209
79199,0,2,1,0.000,35880,28228,3.248,4.400,14.291
79239,0,2,1,0.000,32776,24858,3.248,4.400,14.291
79279,0,2,1,0.000,33442,25397,3.244,4.400,14.274
79319,0,2,1,0.000,32617,25890,3.244,4.400,14.274
79359,0,2,1,0.000,38023,30819,3.244,4.400,14.274
79399,0,2,1,0.000,38405,30145,3.240,4.100,13.284
79439,0,2,1,0.000,36234,27968,3.240,4.100,13.284
79479,0,2,1,0.000,37845,29404,3.244,4.500,14.598
79519,0,2,1,0.000,40069,33711,3.244,4.500,14.598
79559,0,2,1,0.000,45572,40535,3.244,4.500,14.598
79599,0,2,1,0.000,39735,31039,3.240,4.800,15.552
79639,0,2,1,0.000,39081,28646,3.240,4.800,15.552
79679,0,2,1,0.000,46730,35529,3.232,4.600,14.867
79719,0,2,1,0.000,61963,51869,3.232,4.600,14.867
79759,0,2,1,0.000,68818,60335,3.232,4.600,14.867
79799,0,2,1,0.000,56449,45546,3.216,4.500,14.472
79839,0,2,1,0.000,51861,40157,3.216,4.500,14.472
79879,0,2,1,0.000,61360,50484,3.248,4.400,14.291
79919,0,2,1,0.000,62266,53288,3.248,4.400,14.291
79959,0,2,1,0.000,44866,40879,3.248,4.400,14.291
79999,0,2,1,0.000,38649,34635,3.244,4.600,14.922
80039,0,2,1,0.000,40717,34174,3.244,4.600,14.922
80079,0,2,1,0.000,37068,30550,3.220,4.500,14.490
80119,0,2,1,0.000,32052,26856,3.220,4.500,14.490
80159,0,2,1,0.000,30701,27805,3.220,4.500,14.490
80199,0,2,1,0.000,24661,23864,3.236,4.400,14.238
80239,0,2,1,0.000,18578,17027,3.236,4.400,14.238
80279,0,2,1,0.000,13250,10627,3.240,4.500,14.580
80319,0,2,1,0.000,11591,8875,3.240,4.500,14.580
80359,0,2,1,0.000,15887,11931,3.240,4.500,14.580
80399,0,2,1,0.000,35360,27287,3.240,4.500,14.580
80439,0,2,1,0.000,56272,46152,3.240,4.500,14.580
80479,0,2,1,0.000,53949,45349,3.240,4.500,14.580
80519,0,2,1,0.000,49115,40084,3.240,4.500,14.580
80559,0,2,1,0.000,39424,31796,3.240,4.500,14.580
80599,0,2,1,0.000,48748,39886,3.240,4.700,15.228
80639,0,2,1,0.000,50292,40661,3.240,4.700,15.228
80679,0,2,1,0.000,55802,45937,3.240,4.500,14.580
80719,0,2,1,0.000,66423,58540,3.240,4.500,14.580
80759,0,2,1,0.000,65286,56843,3.240,4.500,14.580
80799,0,2,1,0.000,70364,71390,3.240,4.500,14.580
80839,0,2,1,0.000,75627,79830,3.240,4.500,14.580
80879,0,2,1,0.000,78095,84765,3.236,4.700,15.209
80919,0,2,1,0.000,79179,87214,3.236,4.700,15.209
80959,0,2,1,0.000,79922,88935,3.236,4.700,15.209
80999,0,2,1,0.000,80132,89459,3.240,4.800,15.552
81039,0,2,1,0.000,79710,88374,3.240,4.800,15.552
81079,0,2,1,0.000,76068,81574,3.236,4.500,14.562
81119,0,2,1,0.000,44244,34615,3.236,4.500,14.562
81159,0,2,1,0.000,21222,17310,3.236,4.500,14.562
81199,0,2,1,0.000,33504,30185,3.240,4.300,13.932
81239,0,2,1,0.000,69925,66829,3.240,4.300,13.932
81279,0,2,1,0.000,71304,72962,3.240,4.600,14.904
81319,0,2,1,0.000,70965,71850,3.240,4.600,14.904
81359,0,2,1,0.000,74564,71336,3.240,4.600,14.904
81399,0,2,1,0.000,52792,45119,3.240,4.800,15.552
81439,0,2,1,0.000,45937,39560,3.240,4.800,15.552
81480,0,2,1,0.000,69668,64698,3.236,4.700,15.209
81519,0,2,1,0.000,69607,70035,3.236,4.700,15.209
81559,0,2,1,0.000,70207,70648,3.236,4.700,15.209
81599,0,2,1,0.000,69985,70548,3.236,4.600,14.886
81639,0,2,1,0.000,68393,68679,3.236,4.600,14.886
81679,0,2,1,0.000,65881,55267,3.240,4.300,13.932
81719,0,2,1,0.000,42110,30716,3.240,4.300,13.932
81759,0,2,1,0.000,58955,52669,3.240,4.300,13.932
81800,0,2,1,0.000,72286,75141,3.236,4.500,14.562
81839,0,2,1,0.000,74736,79564,3.236,4.500,14.562
81879,0,2,1,0.000,75390,81280,3.240,4.800,15.552
81920,0,2,1,0.000,72577,76115,3.240,4.800,15.552
81959,0,2,1,0.000,35848,27397,3.240,4.800,15.552
81999,0,2,1,0.000,10684,8480,3.236,4.500,14.562
82040,0,2,1,0.000,17601,14999,3.236,4.500,14.562
82079,0,2,1,0.000,63578,62859,3.232,4.300,13.898
82120,0,2,1,0.000,74046,77915,3.232,4.300,13.898
82160,0,2,1,0.000,73595,76953,3.232,4.300,13.898
82199,0,2,1,0.000,52286,45992,3.220,4.400,14.168
82240,0,2,1,0.000,24588,22985,3.220,4.400,14.168
82279,0,2,1,0.000,68367,68039,3.140,4.600,14.444
82319,0,2,1,0.000,73535,76740,3.140,4.600,14.444
82360,0,2,1,0.000,75981,82202,3.140,4.600,14.444
82399,0,2,1,0.000,78014,86377,3.108,4.500,13.986
82440,0,2,1,0.000,80043,90873,3.108,4.500,13.986
82479,0,2,1,0.000,81392,93786,3.084,4.600,14.186
82519,0,2,1,0.000,81947,95509,3.084,4.600,14.186
82560,0,2,1,0.000,82497,96633,3.084,4.600,14.186
82599,0,2,1,0.000,83167,97707,3.020,4.600,13.892
82639,0,2,1,0.000,83848,98577,3.020,4.600,13.892
82680,0,2,1,0.000,84379,99256,3.040,4.800,14.592
82719,0,2,1,0.000,84535,99474,3.040,4.800,14.592
82759,0,2,1,0.000,84397,99164,3.040,4.800,14.592
82800,0,2,1,0.000,84019,98187,3.068,4.700,14.420
82839,0,2,1,0.000,83098,96275,3.068,4.700,14.420
82880,0,2,1,0.000,82012,94263,3.076,4.400,13.534
82919,0,2,1,0.000,44847,40735,3.076,4.400,13.534
82959,0,2,1,0.000,8965,7511,3.076,4.400,13.534
83000,0,2,1,0.000,8843,7397,3.092,4.700,14.532
83040,0,2,1,0.000,14677,12312,3.092,4.700,14.532
83080,0,2,1,0.000,22048,18959,3.104,4.400,13.658
83120,0,2,1,0.000,22306,19593,3.104,4.400,13.658
83160,0,2,1,0.000,22364,19089,3.104,4.400,13.658
83200,0,2,1,0.000,23578,19971,3.104,4.400,13.658
83240,0,2,1,0.000,25630,21457,3.104,4.400,13.658
83280,0,2,1,0.000,24566,20254,3.108,4.600,14.297
83320,0,2,1,0.000,23932,19730,3.108,4.600,14.297
83360,0,2,1,0.000,25291,21137,3.108,4.600,14.297
83400,0,2,1,0.000,24409,20978,3.112,4.600,14.315
83440,0,2,1,0.000,24103,19861,3.112,4.600,14.315
83480,0,2,1,0.000,20680,16450,3.116,4.600,14.334
83520,0,2,1,0.000,23367,18417,3.116,4.600,14.334
83560,0,2,1,0.000,26869,20977,3.116,4.600,14.334
83600,0,2,1,0.000,56987,47823,3.112,4.400,13.693
83640,0,2,1,0.000,74587,78158,3.112,4.400,13.693
83679,0,2,1,0.000,76344,81271,3.116,4.600,14.334
83720,0,2,1,0.000,75766,80404,3.116,4.600,14.334
83760,0,2,1,0.000,70263,69786,3.116,4.600,14.334
83800,0,2,1,0.000,51272,40310,3.112,4.400,13.693
83840,0,2,1,0.000,42063,31796,3.112,4.400,13.693
83880,0,2,1,0.000,56722,48599,3.076,4.500,13.842
83920,0,2,1,0.000,56218,47760,3.076,4.500,13.842
83960,0,2,1,0.000,52752,40838,3.076,4.500,13.842
84000,0,2,1,0.000,39585,28937,3.096,4.600,14.242
84040,0,2,1,0.000,24962,18898,3.096,4.600,14.242
84080,0,2,1,0.000,17827,12483,3.060,4.700,14.382
84120,0,2,1,0.000,10724,6834,3.060,4.700,14.382
84160,0,2,1,0.000,6389,4089,3.060,4.700,14.382
84200,0,2,1,0.000,6704,4647,2.960,4.700,13.912
84240,0,2,1,0.000,6991,5254,2.960,4.700,13.912
84280,0,2,1,0.000,7344,5119,3.120,4.800,14.976
84320,0,2,1,0.000,6740,4112,3.120,4.800,14.976
84360,0,2,1,0.000,6753,4220,3.120,4.800,14.976
84400,0,2,1,0.000,11047,7516,3.120,4.600,14.352
84440,0,2,1,0.000,18170,13280,3.120,4.600,14.352
84480,0,2,1,0.000,25008,17587,3.228,4.700,15.172
84520,0,2,1,0.000,33472,22791,3.228,4.700,15.172
84560,0,2,1,0.000,30353,20172,3.228,4.700,15.172
84600,0,2,1,0.000,37466,26217,3.144,4.600,14.462
84640,0,2,1,0.000,42417,30697,3.144,4.600,14.462
84680,0,2,1,0.000,36932,25686,3.148,4.800,15.110
84720,0,2,1,0.000,33790,22581,3.148,4.800,15.110
84760,0,2,1,0.000,27335,17122,3.148,4.800,15.110
84800,0,2,1,0.000,23379,14069,3.180,4.600,14.628
84840,0,2,1,0.000,23541,14130,3.180,4.600,14.628
84880,0,2,1,0.000,24791,15096,3.180,4.700,14.946
84920,0,2,1,0.000,25355,15532,3.180,4.700,14.946
84960,0,2,1,0.000,23396,13990,3.180,4.700,14.946
85000,0,2,1,0.000,20782,12118,3.184,4.600,14.646
85040,0,2,1,0.000,34617,25455,3.184,4.600,14.646
85080,0,2,1,0.000,59361,55464,3.184,4.600,14.646
85120,0,2,1,0.000,71167,76441,3.184,4.600,14.646
85160,0,2,1,0.000,76147,85751,3.184,4.600,14.646
85200,0,2,1,0.000,78319,89523,3.184,4.600,14.646
85240,0,2,1,0.000,78262,89439,3.184,4.600,14.646
85280,0,2,1,0.000,76708,87039,3.188,4.300,13.708
85320,0,2,1,0.000,74330,82760,3.188,4.300,13.708
85360,0,2,1,0.000,68417,71920,3.188,4.300,13.708
85400,0,2,1,0.000,46780,39248,3.188,4.700,14.984
85440,0,2,1,0.000,31128,21112,3.188,4.700,14.984
85480,0,2,1,0.000,34251,24236,3.188,4.400,14.027
85520,0,2,1,0.000,46092,35432,3.188,4.400,14.027
85560,0,2,1,0.000,62754,51416,3.188,4.400,14.027
85600,0,2,1,0.000,65960,54385,3.188,4.400,14.027
85640,0,2,1,0.000,57900,47603,3.188,4.400,14.027
85680,0,2,1,0.000,50819,41420,3.192,4.600,14.683
85720,0,2,1,0.000,64292,55008,3.192,4.600,14.683
85760,0,2,1,0.000,72165,77170,3.192,4.600,14.683
85800,0,2,1,0.000,75940,86111,3.192,4.600,14.683
85840,0,2,1,0.000,77316,89033,3.192,4.600,14.683
85880,0,2,1,0.000,78198,90619,3.200,4.600,14.720
85920,0,2,1,0.000,79076,92199,3.200,4.600,14.720
85960,0,2,1,0.000,79912,93643,3.200,4.600,14.720
86000,0,2,1,0.000,80324,94243,3.196,4.700,15.021
86040,0,2,1,0.000,80334,94159,3.196,4.700,15.021
86080,0,2,1,0.000,79961,93363,3.200,4.800,15.360
86120,0,2,1,0.000,78712,90850,3.200,4.800,15.360
86160,0,2,1,0.000,76480,86378,3.200,4.800,15.360
86200,0,2,1,0.000,54231,47323,3.200,4.700,15.040
86240,0,2,1,0.000,51658,44492,3.200,4.700,15.040
86280,0,2,1,0.000,73944,66069,3.200,4.300,13.760
86320,0,2,1,0.000,67168,56469,3.200,4.300,13.760
86360,0,2,1,0.000,53855,45122,3.200,4.300,13.760
86400,0,2,1,0.000,39486,33597,3.200,4.600,14.720
86440,0,2,1,0.000,34684,30172,3.200,4.600,14.720
86480,0,2,1,0.000,62599,59001,3.200,4.800,15.360
86520,0,2,1,0.000,70657,73007,3.200,4.800,15.360
86560,0,2,1,0.000,74251,80904,3.200,4.800,15.360
86600,0,2,1,0.000,77540,87672,3.200,4.700,15.040
86640,0,2,1,0.000,79056,90887,3.200,4.700,15.040
86680,0,2,1,0.000,80027,92688,3.196,4.800,15.341
86720,0,2,1,0.000,80662,93751,3.196,4.800,15.341
86760,0,2,1,0.000,80923,94219,3.196,4.800,15.341
86800,0,2,1,0.000,81046,94404,3.196,4.900,15.660
86840,0,2,1,0.000,80968,94278,3.196,4.900,15.660
86880,0,2,1,0.000,80830,93940,3.204,4.800,15.379
86920,0,2,1,0.000,80363,92855,3.204,4.800,15.379
86960,0,2,1,0.000,79529,91198,3.204,4.800,15.379
87000,0,2,1,0.000,66294,67230,3.200,4.900,15.680
87040,0,2,1,0.000,20511,15988,3.200,4.900,15.680
87080,0,2,1,0.000,18050,14129,3.200,4.400,14.080
87120,0,2,1,0.000,28478,22730,3.200,4.400,14.080
87160,0,2,1,0.000,57748,49071,3.200,4.400,14.080
87201,0,2,1,0.000,61725,54693,3.200,4.400,14.080
87240,0,2,1,0.000,72611,79075,3.200,4.400,14.080
87280,0,2,1,0.000,74918,84899,3.204,4.800,15.379
87320,0,2,1,0.000,75916,86934,3.204,4.800,15.379
87360,0,2,1,0.000,76484,88095,3.204,4.800,15.379
87400,0,2,1,0.000,76679,88433,3.216,4.900,15.758
87440,0,2,1,0.000,76364,87825,3.216,4.900,15.758
87480,0,2,1,0.000,75632,86425,3.216,4.700,15.115
87521,0,2,1,0.000,49140,48962,3.216,4.700,15.115
87560,0,2,1,0.000,12675,13144,3.216,4.700,15.115
87600,0,2,1,0.000,40167,39778,3.220,4.600,14.812
87641,0,2,1,0.000,73499,77953,3.220,4.600,14.812
87680,0,2,1,0.000,68669,67599,3.220,4.600,14.812
87720,0,2,1,0.000,37064,34069,3.220,4.600,14.812
87761,0,2,1,0.000,48554,41505,3.220,4.600,14.812
87800,0,2,1,0.000,47074,36604,3.212,4.700,15.096
87841,0,2,1,0.000,62217,59782,3.212,4.700,15.096
87880,0,2,1,0.000,71264,74596,3.212,4.800,15.418
87920,0,2,1,0.000,63257,59233,3.212,4.800,15.418
87961,0,2,1,0.000,36218,29188,3.212,4.800,15.418
88000,0,2,1,0.000,30997,27201,3.156,4.600,14.518
88040,0,2,1,0.000,40033,32983,3.156,4.600,14.518
88080,0,2,1,0.000,50147,39266,3.144,4.600,14.462
88120,0,2,1,0.000,51248,41086,3.144,4.600,14.462
88161,0,2,1,0.000,39129,34202,3.144,4.600,14.462
88200,0,2,1,0.000,27151,25114,3.156,4.600,14.518
88241,0,2,1,0.000,14999,13153,3.156,4.600,14.518
88280,0,2,1,0.000,8080,6455,3.156,4.700,14.833
88320,0,2,1,0.000,7102,5330,3.156,4.700,14.833
88361,0,2,1,0.000,6955,5211,3.156,4.700,14.833
88400,0,2,1,0.000,7071,5399,3.172,4.500,14.274
88440,0,2,1,0.000,6837,5138,3.172,4.500,14.274
88481,0,2,1,0.000,6211,4527,3.152,4.600,14.499
88520,0,2,1,0.000,6257,4574,3.152,4.600,14.499
88560,0,2,1,0.000,6424,4738,3.152,4.600,14.499
88601,0,2,1,0.000,8248,5917,3.140,4.500,14.130
88641,0,2,1,0.000,10069,6754,3.140,4.500,14.130
88681,0,2,1,0.000,13005,8928,3.132,4.400,13.781
88721,0,2,1,0.000,14271,10175,3.132,4.400,13.781
88761,0,2,1,0.000,12826,9347,3.132,4.400,13.781
88801,0,2,1,0.000,13337,9877,3.128,4.500,14.076
88841,0,2,1,0.000,15637,11125,3.128,4.500,14.076
88881,0,2,1,0.000,23339,15512,3.156,4.200,13.255
88921,0,2,1,0.000,40789,31279,3.156,4.200,13.255
88961,0,2,1,0.000,63609,61102,3.156,4.200,13.255
89001,0,2,1,0.000,66683,64538,3.156,4.700,14.833
89041,0,2,1,0.000,71890,64068,3.156,4.700,14.833
89081,0,2,1,0.000,64273,53658,3.160,4.600,14.536
89121,0,2,1,0.000,50949,39928,3.160,4.600,14.536
89161,0,2,1,0.000,43890,34250,3.160,4.600,14.536
89201,0,2,1,0.000,41620,32796,3.156,4.700,14.833
89241,0,2,1,0.000,32193,25400,3.156,4.700,14.833
89281,0,2,1,0.000,20187,15446,3.152,4.500,14.184
89321,0,2,1,0.000,13185,9672,3.152,4.500,14.184
89361,0,2,1,0.000,11030,7821,3.152,4.500,14.184
89401,0,2,1,0.000,10157,7226,3.168,4.500,14.256
89441,0,2,1,0.000,10588,7708,3.168,4.500,14.256
89481,0,2,1,0.000,10457,7621,3.168,4.400,13.939
89521,0,2,1,0.000,10155,7392,3.168,4.400,13.939
89561,0,2,1,0.000,9924,7114,3.168,4.400,13.939
89601,0,2,1,0.000,9370,6314,3.168,4.800,15.206
89641,0,2,1,0.000,9825,6452,3.168,4.800,15.206
89681,0,2,1,0.000,12010,7937,3.176,4.300,13.657
89721,0,2,1,0.000,14972,9852,3.176,4.300,13.657
89761,0,2,1,0.000,14938,10258,3.176,4.300,13.657
89801,0,2,1,0.000,14272,10015,3.172,4.500,14.274
89841,0,2,1,0.000,14485,10190,3.172,4.500,14.274
89881,0,2,1,0.000,14749,9937,3.156,4.400,13.886
89921,0,2,1,0.000,18011,11788,3.156,4.400,13.886
89961,0,2,1,0.000,34884,24615,3.156,4.400,13.886
90001,0,2,1,0.000,63880,56616,3.160,4.700,14.852
90041,0,2,1,0.000,69180,69700,3.160,4.700,14.852
90081,0,2,1,0.000,70357,71108,3.084,4.400,13.570
90121,0,2,1,0.000,69252,70015,3.084,4.400,13.570
90161,0,2,1,0.000,65826,57742,3.084,4.400,13.570
90201,0,2,1,0.000,42459,31195,3.076,4.600,14.150
90241,0,2,1,0.000,51765,41539,3.076,4.600,14.150
90281,0,2,1,0.000,67841,67514,3.132,4.500,14.094
90321,0,2,1,0.000,75206,79145,3.132,4.500,14.094
90361,0,2,1,0.000,80673,90457,3.132,4.500,14.094
90401,0,2,1,0.000,82351,94730,3.040,4.600,13.984
90441,0,2,1,0.000,83306,96681,3.040,4.600,13.984
90481,0,2,1,0.000,84084,98069,3.160,4.800,15.168
90521,0,2,1,0.000,84524,98499,3.160,4.800,15.168
90561,0,2,1,0.000,84751,98887,3.160,4.800,15.168
90601,0,2,1,0.000,84664,98622,3.156,5.000,15.780
90641,0,2,1,0.000,84185,97409,3.156,5.000,15.780
90681,0,2,1,0.000,83161,95021,3.160,4.500,14.220
