190,0,2,1,0.500,70842,78618,3.064,3.000,9.192
230,0,2,1,0.500,74812,90468,3.064,3.000,9.192
270,0,2,1,0.500,74829,90501,3.052,4.600,14.039
310,0,2,1,0.500,74825,90528,3.052,4.600,14.039
350,0,2,1,0.500,74827,90557,3.052,4.600,14.039
390,0,2,1,0.500,74831,90531,3.052,4.800,14.650
430,0,2,1,0.500,74862,90585,3.052,4.800,14.650
470,0,2,1,0.500,74845,90545,3.052,4.600,14.039
510,0,2,1,0.500,74742,90309,3.052,4.600,14.039
550,0,2,1,0.500,74639,90114,3.052,4.600,14.039
590,0,2,1,0.500,74625,90085,3.048,4.700,14.326
630,0,2,1,0.500,74690,90177,3.048,4.700,14.326
670,0,2,1,0.500,74723,90295,3.052,4.500,13.734
710,0,2,1,0.500,74748,90354,3.052,4.500,13.734
750,0,2,1,0.500,74776,90418,3.052,4.500,13.734
790,0,2,1,0.500,74749,90413,3.052,4.600,14.039
830,0,2,1,0.500,74765,90379,3.052,4.600,14.039
870,0,2,1,0.500,74718,90355,3.052,4.500,13.734
910,0,2,1,0.500,74734,90383,3.052,4.500,13.734
950,0,2,1,0.500,74780,90429,3.052,4.500,13.734
990,0,2,1,0.500,74804,90461,3.052,4.600,14.039
1030,0,2,1,0.500,74782,90497,3.052,4.600,14.039
1070,0,2,1,0.500,74800,90523,3.052,4.500,13.734
1110,0,2,1,0.500,74805,90555,3.052,4.500,13.734
1150,0,2,1,0.500,74806,90543,3.052,4.500,13.734
1190,0,2,1,0.500,74720,90358,3.056,4.300,13.141
1230,0,2,1,0.500,74636,90090,3.056,4.300,13.141
1270,0,2,1,0.500,74603,90038,3.056,4.500,13.752
1310,0,2,1,0.500,74633,90106,3.056,4.500,13.752
1350,0,2,1,0.500,74682,90214,3.056,4.500,13.752
1390,0,2,1,0.500,74686,90290,3.052,4.600,14.039
1430,0,2,1,0.500,74720,90354,3.052,4.600,14.039
1470,0,2,1,0.500,74720,90350,3.056,4.600,14.058
1511,0,2,1,0.500,74719,90345,3.056,4.600,14.058
1550,0,2,1,0.500,74703,90361,3.056,4.600,14.058
1590,0,2,1,0.500,74742,90397,3.056,4.600,14.058
1631,0,2,1,0.500,74740,90426,3.056,4.600,14.058
1670,0,2,1,0.500,74780,90475,3.052,4.600,14.039
1710,0,2,1,0.500,74772,90491,3.052,4.600,14.039
1750,0,2,1,0.500,74764,90520,3.052,4.600,14.039
1790,0,2,1,0.500,74770,90534,3.056,4.600,14.058
1830,0,2,1,0.500,74790,90538,3.056,4.600,14.058
1870,0,2,1,0.500,74774,90556,3.056,4.400,13.446
1910,0,2,1,0.500,74716,90377,3.056,4.400,13.446
1950,0,2,1,0.500,74622,90097,3.056,4.400,13.446
1990,0,2,1,0.500,74557,89990,3.056,4.300,13.141
2030,0,2,1,0.500,74585,90061,3.056,4.300,13.141
2070,0,2,1,0.500,74612,90162,3.056,4.600,14.058
2110,0,2,1,0.500,74658,90246,3.056,4.600,14.058
2150,0,2,1,0.500,74679,90321,3.056,4.600,14.058
2190,0,2,1,0.500,74662,90320,3.056,4.700,14.363
2230,0,2,1,0.500,74655,90282,3.056,4.700,14.363
2270,0,2,1,0.500,74630,90233,3.056,4.700,14.363
2310,0,2,1,0.500,74640,90239,3.056,4.700,14.363
2350,0,2,1,0.500,74657,90265,3.056,4.700,14.363
2390,0,2,1,0.500,74677,90319,3.060,4.700,14.382
2430,0,2,1,0.500,74690,90336,3.060,4.700,14.382
2470,0,2,1,0.500,74708,90395,3.056,4.500,13.752
2510,0,2,1,0.500,74707,90407,3.056,4.500,13.752
2550,0,2,1,0.500,74694,90423,3.056,4.500,13.752
2590,0,2,1,0.500,74726,90451,3.056,4.600,14.058
2630,0,2,1,0.500,74720,90460,3.056,4.600,14.058
2671,0,2,1,0.500,74647,90269,3.056,4.500,13.752
2710,0,2,1,0.500,74517,89972,3.056,4.500,13.752
2750,0,2,1,0.500,74488,89872,3.056,4.500,13.752
2791,0,2,1,0.500,74510,89905,3.056,4.600,14.058
2830,0,2,1,0.500,74556,90010,3.056,4.600,14.058
2871,0,2,1,0.500,74539,90031,3.056,4.400,13.446
2910,0,2,1,0.500,74559,90076,3.056,4.400,13.446
2950,0,2,1,0.500,74541,90035,3.056,4.400,13.446
2991,0,2,1,0.500,74546,89998,3.044,4.400,13.394
3030,0,2,1,0.500,74523,89999,3.044,4.400,13.394
3070,0,2,1,0.500,74531,89980,3.048,4.600,14.021
3111,0,2,1,0.500,74535,90043,3.048,4.600,14.021
3150,0,2,1,0.500,74556,90103,3.048,4.600,14.021
3191,0,2,1,0.500,74593,90165,3.052,4.600,14.039
3231,0,2,1,0.500,74547,90120,3.052,4.600,14.039
3270,0,2,1,0.500,74562,90122,3.048,4.500,13.716
3311,0,2,1,0.500,74556,90154,3.048,4.500,13.716
3351,0,2,1,0.500,74596,90232,3.048,4.500,13.716
3390,0,2,1,0.500,74569,90209,3.048,4.500,13.716
3431,0,2,1,0.500,74553,90171,3.048,4.500,13.716
3470,0,2,1,0.500,74440,89881,3.048,4.600,14.021
3511,0,2,1,0.500,74403,89722,3.048,4.600,14.021
3551,0,2,1,0.500,74386,89678,3.048,4.600,14.021
3590,0,2,1,0.500,74383,89757,3.048,4.200,12.802
3631,0,2,1,0.500,74454,89958,3.048,4.200,12.802
3670,0,2,1,0.500,74560,90154,2.972,4.400,13.077
3710,0,2,1,0.500,74617,90269,2.972,4.400,13.077
3751,0,2,1,0.500,74586,90244,2.972,4.400,13.077
3790,0,2,1,0.500,74544,90167,3.028,4.500,13.626
3830,0,2,1,0.500,74533,90120,3.028,4.500,13.626
3870,0,2,1,0.500,74581,90198,3.028,4.400,13.323
3910,0,2,1,0.500,74603,90252,3.028,4.400,13.323
3951,0,2,1,0.500,74588,90253,3.028,4.400,13.323
3990,0,2,1,0.500,74588,90274,3.028,4.600,13.929
4030,0,2,1,0.500,74587,90310,3.028,4.600,13.929
4071,0,2,1,0.500,74608,90317,2.988,4.500,13.446
4110,0,2,1,0.500,74595,90324,2.988,4.500,13.446
4151,0,2,1,0.500,74609,90349,2.988,4.500,13.446
4191,0,2,1,0.500,74600,90353,3.004,4.500,13.518
4230,0,2,1,0.500,74554,90172,3.004,4.500,13.518
4271,0,2,1,0.500,74444,89870,2.972,4.500,13.374
4310,0,2,1,0.500,74395,89797,2.972,4.500,13.374
4350,0,2,1,0.500,74431,89905,2.972,4.500,13.374
4391,0,2,1,0.500,74493,90041,2.968,4.800,14.246
4430,0,2,1,0.500,74557,90195,2.968,4.800,14.246
4471,0,2,1,0.500,74606,90326,2.972,4.700,13.968
4511,0,2,1,0.500,74634,90355,2.972,4.700,13.968
4550,0,2,1,0.500,74637,90376,2.972,4.700,13.968
4591,0,2,1,0.500,74634,90351,2.972,4.400,13.077
4631,0,2,1,0.500,74619,90338,2.972,4.400,13.077
4671,0,2,1,0.500,74628,90396,2.968,4.600,13.653
4711,0,2,1,0.500,74655,90424,2.968,4.600,13.653
4751,0,2,1,0.500,74692,90446,2.968,4.600,13.653
4791,0,2,1,0.500,74675,90473,2.968,4.200,12.466
4831,0,2,1,0.500,74674,90524,2.968,4.200,12.466
4871,0,2,1,0.500,74705,90532,2.972,4.500,13.374
4911,0,2,1,0.500,74699,90558,2.972,4.500,13.374
4951,0,2,1,0.500,74709,90544,2.972,4.500,13.374
4991,0,2,1,0.500,74659,90508,2.968,4.600,13.653
5031,0,2,1,0.500,74572,90278,2.968,4.600,13.653
5070,0,2,1,0.500,74523,90049,2.972,4.700,13.968
5111,0,2,1,0.500,74451,89937,2.972,4.700,13.968
5151,0,2,1,0.500,74431,89942,2.972,4.700,13.968
5191,0,2,1,0.500,74502,90031,2.968,4.400,13.059
5231,0,2,1,0.500,74550,90119,2.968,4.400,13.059
5271,0,2,1,0.500,74564,90221,2.972,4.700,13.968
5311,0,2,1,0.500,74564,90219,2.972,4.700,13.968
5351,0,2,1,0.500,74536,90149,2.972,4.700,13.968
5391,0,2,1,0.500,74531,90063,2.972,4.600,13.671
5431,0,2,1,0.500,74480,90033,2.972,4.600,13.671
5471,0,2,1,0.500,74449,90010,2.972,4.400,13.077
5511,0,2,1,0.500,74502,90046,2.972,4.400,13.077
5551,0,2,1,0.500,74477,90086,2.972,4.400,13.077
5591,0,2,1,0.500,74453,90081,2.976,4.300,12.797
5631,0,2,1,0.500,74516,90153,2.976,4.300,12.797
5671,0,2,1,0.500,74524,90230,2.976,4.800,14.285
5711,0,2,1,0.500,74551,90310,2.976,4.800,14.285
5751,0,2,1,0.500,74562,90321,2.976,4.800,14.285
5791,0,2,1,0.500,74443,90051,2.976,4.400,13.094
5831,0,2,1,0.500,74341,89784,2.976,4.400,13.094
5871,0,2,1,0.500,74343,89724,2.980,4.700,14.006
5911,0,2,1,0.500,74324,89671,2.980,4.700,14.006
5951,0,2,1,0.500,74388,89816,2.980,4.700,14.006
5991,0,2,1,0.500,74377,89829,2.968,4.500,13.356
6031,0,2,1,0.500,74478,90012,2.968,4.500,13.356
6071,0,2,1,0.500,74361,89858,3.152,4.700,14.814
6111,0,2,1,0.500,74487,90046,3.152,4.700,14.814
6151,0,2,1,0.500,74346,89846,3.152,4.700,14.814
6191,0,2,1,0.500,74535,90083,3.080,4.600,14.168
6231,0,2,1,0.500,74394,89909,3.080,4.600,14.168
6271,0,2,1,0.500,74499,90071,3.180,4.700,14.946
6311,0,2,1,0.500,74368,89892,3.180,4.700,14.946
6351,0,2,1,0.500,74444,89942,3.180,4.700,14.946
6391,0,2,1,0.500,74249,89660,3.108,4.700,14.608
6431,0,2,1,0.500,74398,89863,3.108,4.700,14.608
6471,0,2,1,0.500,74225,89648,3.032,4.700,14.250
6511,0,2,1,0.500,74268,89619,3.032,4.700,14.250
6551,0,2,1,0.500,74122,89339,3.032,4.700,14.250
6591,0,2,1,0.500,74064,89215,3.068,4.500,13.806
6631,0,2,1,0.500,74162,89326,3.068,4.500,13.806
6671,0,2,1,0.500,74039,89231,3.080,4.700,14.476
6711,0,2,1,0.500,74306,89654,3.080,4.700,14.476
6751,0,2,1,0.500,74111,89402,3.080,4.700,14.476
6791,0,2,1,0.500,74301,89684,2.992,4.500,13.464
6831,0,2,1,0.500,74131,89453,2.992,4.500,13.464
6871,0,2,1,0.500,74233,89557,3.108,4.500,13.986
6911,0,2,1,0.500,74183,89527,3.108,4.500,13.986
6951,0,2,1,0.500,74323,89727,3.108,4.500,13.986
6991,0,2,1,0.500,74276,89791,3.032,4.600,13.947
7031,0,2,1,0.500,74294,89813,3.032,4.600,13.947
7071,0,2,1,0.500,74287,89770,3.028,4.500,13.626
7111,0,2,1,0.500,74308,89804,3.028,4.500,13.626
7151,0,2,1,0.500,74286,89789,3.028,4.500,13.626
7191,0,2,1,0.500,74189,89557,3.032,4.400,13.341
7231,0,2,1,0.500,74109,89365,3.032,4.400,13.341
7271,0,2,1,0.500,74057,89244,3.032,4.800,14.554
7311,0,2,1,0.500,74107,89318,3.032,4.800,14.554
7351,0,2,1,0.500,74141,89426,3.032,4.800,14.554
7391,0,2,1,0.500,74183,89539,3.032,4.600,13.947
7431,0,2,1,0.500,74197,89556,3.032,4.600,13.947
7471,0,2,1,0.500,74150,89472,3.032,4.600,13.947
7511,0,2,1,0.500,74120,89427,3.032,4.600,13.947
7551,0,2,1,0.500,74111,89411,3.032,4.600,13.947
7591,0,2,1,0.500,74139,89380,3.036,4.500,13.662
7631,0,2,1,0.500,74118,89399,3.036,4.500,13.662
7671,0,2,1,0.500,74152,89466,3.036,4.400,13.358
7711,0,2,1,0.500,74187,89466,3.036,4.400,13.358
7751,0,2,1,0.500,74117,89430,3.036,4.400,13.358
7791,0,2,1,0.500,74119,89417,3.040,4.500,13.680
7831,0,2,1,0.500,74133,89418,3.040,4.500,13.680
7871,0,2,1,0.500,74035,89148,3.040,4.400,13.376
7911,0,2,1,0.500,73879,88744,3.040,4.400,13.376
7951,0,2,1,0.500,73754,88444,3.040,4.400,13.376
7991,0,2,1,0.500,73736,88373,3.040,4.300,13.072
8031,0,2,1,0.500,73740,88400,3.040,4.300,13.072
8071,0,2,1,0.500,73718,88375,3.044,4.500,13.698
8111,0,2,1,0.500,73735,88355,3.044,4.500,13.698
I (8480) SYS_DEMO: Scheduler switch -> state=1 profile=100sps_med q=0 diff=0.307
8248,1,0,0,0.307,73722,88343,3.044,4.500,13.698
8281,1,0,0,0.307,82992,82990,3.056,3.400,10.390
8321,1,0,0,0.307,113041,135900,3.056,3.400,10.390
8361,1,0,0,0.307,113003,139723,3.048,4.600,14.021
8401,1,0,0,0.307,112962,139725,3.048,4.600,14.021
8441,1,0,0,0.307,113007,139848,3.048,4.600,14.021
8481,1,0,0,0.307,113030,139908,3.032,4.300,13.038
8521,1,0,0,0.307,112999,139919,3.032,4.300,13.038
8562,1,0,0,0.307,112938,139748,3.040,4.500,13.680
8601,1,0,0,0.307,112723,139164,3.040,4.500,13.680
8641,1,0,0,0.307,112470,138509,3.040,4.500,13.680
8681,1,0,0,0.307,112298,138148,3.036,4.700,14.269
8721,1,0,0,0.307,112235,138080,3.036,4.700,14.269
8762,1,0,0,0.307,112234,138127,3.032,4.600,13.947
8801,1,0,0,0.307,112230,138194,3.032,4.600,13.947
8841,1,0,0,0.307,112232,138256,3.032,4.600,13.947
8881,1,0,0,0.307,112227,138291,3.040,4.400,13.376
8921,1,0,0,0.307,112186,138191,3.040,4.400,13.376
8962,1,0,0,0.307,112126,138083,3.036,4.500,13.662
9001,1,0,0,0.307,112117,138109,3.036,4.500,13.662
9041,1,0,0,0.307,112125,138167,3.036,4.500,13.662
9082,1,0,0,0.307,112213,138392,3.036,4.700,14.269
9121,1,0,0,0.307,112253,138507,3.036,4.700,14.269
9162,1,0,0,0.307,112279,138618,3.036,4.600,13.966
9201,1,0,0,0.307,112331,138719,3.036,4.600,13.966
9241,1,0,0,0.307,112283,138588,3.036,4.600,13.966
9282,1,0,0,0.307,112091,138094,3.036,4.500,13.662
9321,1,0,0,0.307,111901,137620,3.036,4.500,13.662
9362,1,0,0,0.307,111805,137419,3.032,4.500,13.644
9401,1,0,0,0.307,111790,137421,3.032,4.500,13.644
9441,1,0,0,0.307,111818,137544,3.032,4.500,13.644
9482,1,0,0,0.307,111849,137653,3.036,4.600,13.966
9521,1,0,0,0.307,111848,137665,3.036,4.600,13.966
9562,1,0,0,0.307,111820,137606,3.040,4.700,14.288
9602,1,0,0,0.307,111779,137527,3.040,4.700,14.288
9641,1,0,0,0.307,111758,137457,3.040,4.700,14.288
9682,1,0,0,0.307,111731,137418,3.040,4.400,13.376
9721,1,0,0,0.307,111731,137408,3.040,4.400,13.376
9762,1,0,0,0.307,111760,137517,3.040,4.600,13.984
9802,1,0,0,0.307,111827,137679,3.040,4.600,13.984
9841,1,0,0,0.307,111868,137771,3.040,4.600,13.984
9882,1,0,0,0.307,111907,137849,3.040,4.400,13.376
9921,1,0,0,0.307,111858,137731,3.040,4.400,13.376
9962,1,0,0,0.307,111689,137269,3.044,4.200,12.785
10002,1,0,0,0.307,111515,136891,3.044,4.200,12.785
10041,1,0,0,0.307,111468,136762,3.044,4.200,12.785
10082,1,0,0,0.307,111479,136787,3.052,4.600,14.039
10122,1,0,0,0.307,111497,136825,3.052,4.600,14.039
10162,1,0,0,0.307,111555,136952,3.044,4.400,13.394
10202,1,0,0,0.307,111606,137052,3.044,4.400,13.394
10241,1,0,0,0.307,111597,137015,3.044,4.400,13.394
10282,1,0,0,0.307,111607,137051,3.048,4.500,13.716
10322,1,0,0,0.307,111757,137381,3.048,4.500,13.716
10362,1,0,0,0.307,111991,137872,3.048,4.300,13.106
10402,1,0,0,0.307,112090,138078,3.048,4.300,13.106
10442,1,0,0,0.307,112143,138173,3.048,4.300,13.106
10482,1,0,0,0.307,112198,138322,3.032,4.700,14.250
10522,1,0,0,0.307,112255,138421,3.032,4.700,14.250
10562,1,0,0,0.307,112296,138532,3.032,4.400,13.341
10602,1,0,0,0.307,112302,138506,3.032,4.400,13.341
10642,1,0,0,0.307,112157,138131,3.032,4.400,13.341
10682,1,0,0,0.307,111961,137660,3.036,4.600,13.966
10722,1,0,0,0.307,111875,137467,3.036,4.600,13.966
10762,1,0,0,0.307,111876,137492,3.028,4.800,14.534
10802,1,0,0,0.307,111918,137590,3.028,4.800,14.534
10842,1,0,0,0.307,111992,137791,3.028,4.800,14.534
10882,1,0,0,0.307,112145,138106,3.036,4.500,13.662
10922,1,0,0,0.307,112233,138276,3.036,4.500,13.662
10962,1,0,0,0.307,112218,138229,3.028,4.600,13.929
11002,1,0,0,0.307,112194,138184,3.028,4.600,13.929
11042,1,0,0,0.307,112179,138182,3.028,4.600,13.929
11082,1,0,0,0.307,112189,138222,3.032,4.800,14.554
11122,1,0,0,0.307,112216,138311,3.032,4.800,14.554
11162,1,0,0,0.307,112267,138413,3.028,4.600,13.929
11202,1,0,0,0.307,112289,138481,3.028,4.600,13.929
11242,1,0,0,0.307,112295,138536,3.028,4.600,13.929
11282,1,0,0,0.307,112307,138588,3.032,4.400,13.341
11322,1,0,0,0.307,112333,138659,3.032,4.400,13.341
11362,1,0,0,0.307,112321,138602,2.936,4.500,13.212
11402,1,0,0,0.307,112172,138210,2.936,4.500,13.212
11442,1,0,0,0.307,112010,137818,2.936,4.500,13.212
11482,1,0,0,0.307,111923,137643,3.036,4.800,14.573
11522,1,0,0,0.307,111938,137688,3.036,4.800,14.573
11562,1,0,0,0.307,111943,137709,3.036,4.700,14.269
11602,1,0,0,0.307,111949,137739,3.036,4.700,14.269
11642,1,0,0,0.307,111960,137771,3.036,4.700,14.269
11682,1,0,0,0.307,111951,137756,3.044,4.500,13.698
11722,1,0,0,0.307,111958,137766,3.044,4.500,13.698
11762,1,0,0,0.307,111974,137816,3.036,4.500,13.662
11802,1,0,0,0.307,111993,137862,3.036,4.500,13.662
11842,1,0,0,0.307,112021,137920,3.036,4.500,13.662
11882,1,0,0,0.307,112047,137993,3.060,4.500,13.770
11922,1,0,0,0.307,112092,138103,3.060,4.500,13.770
11962,1,0,0,0.307,112158,138222,3.060,4.600,14.076
12002,1,0,0,0.307,112184,138292,3.060,4.600,14.076
12042,1,0,0,0.307,112204,138338,3.060,4.600,14.076
12082,1,0,0,0.307,112236,138419,3.068,4.500,13.806
12122,1,0,0,0.307,112254,138515,3.068,4.500,13.806
12162,1,0,0,0.307,112257,138497,3.072,4.200,12.902
12202,1,0,0,0.307,112145,138220,3.072,4.200,12.902
12242,1,0,0,0.307,112030,137927,3.072,4.200,12.902
12282,1,0,0,0.307,111976,137787,3.076,4.500,13.842
12322,1,0,0,0.307,111964,137787,3.076,4.500,13.842
12362,1,0,0,0.307,111977,137843,3.072,4.400,13.517
12402,1,0,0,0.307,112039,138008,3.072,4.400,13.517
12442,1,0,0,0.307,112078,138080,3.072,4.400,13.517
12482,1,0,0,0.307,112091,138080,2.972,4.700,13.968
12522,1,0,0,0.307,112087,138045,2.972,4.700,13.968
12562,1,0,0,0.307,112117,138115,3.004,4.700,14.119
12602,1,0,0,0.307,112173,138270,3.004,4.700,14.119
12642,1,0,0,0.307,112256,138492,3.004,4.700,14.119
12682,1,0,0,0.307,112305,138630,3.036,4.600,13.966
12722,1,0,0,0.307,112362,138739,3.036,4.600,13.966
12762,1,0,0,0.307,112392,138830,3.052,4.800,14.650
12802,1,0,0,0.307,112450,138944,3.052,4.800,14.650
12842,1,0,0,0.307,112528,139128,3.052,4.800,14.650
12882,1,0,0,0.307,112614,139309,3.056,4.600,14.058
12922,1,0,0,0.307,112664,139416,3.056,4.600,14.058
12962,1,0,0,0.307,112689,139458,2.992,4.800,14.362
13002,1,0,0,0.307,112620,139224,2.992,4.800,14.362
13042,1,0,0,0.307,112534,138999,2.992,4.800,14.362
13082,1,0,0,0.307,112544,139017,2.992,4.500,13.464
13122,1,0,0,0.307,112545,139047,2.992,4.500,13.464
13162,1,0,0,0.307,112507,138999,3.096,4.400,13.622
13202,1,0,0,0.307,112502,139001,3.096,4.400,13.622
13242,1,0,0,0.307,112514,139060,3.096,4.400,13.622
13282,1,0,0,0.307,112544,139124,3.092,4.600,14.223
13322,1,0,0,0.307,112561,139164,3.092,4.600,14.223
13362,1,0,0,0.307,112558,139182,3.096,4.400,13.622
13402,1,0,0,0.307,112571,139194,3.096,4.400,13.622
13442,1,0,0,0.307,112579,139249,3.096,4.400,13.622
13482,1,0,0,0.307,112615,139344,3.096,4.600,14.242
13522,1,0,0,0.307,112621,139348,3.096,4.600,14.242
13562,1,0,0,0.307,112580,139325,3.100,4.600,14.260
13602,1,0,0,0.307,112585,139324,3.100,4.600,14.260
13642,1,0,0,0.307,112595,139387,3.100,4.600,14.260
13682,1,0,0,0.307,112636,139505,3.100,4.200,13.020
13722,1,0,0,0.307,112666,139591,3.100,4.200,13.020
13762,1,0,0,0.307,112677,139633,3.104,4.700,14.589
13802,1,0,0,0.307,112614,139434,3.104,4.700,14.589
13842,1,0,0,0.307,112516,139182,3.104,4.700,14.589
13882,1,0,0,0.307,112487,139116,3.096,4.600,14.242
13922,1,0,0,0.307,112469,139127,3.096,4.600,14.242
13962,1,0,0,0.307,112478,139188,3.104,4.400,13.658
14002,1,0,0,0.307,112511,139270,3.104,4.400,13.658
14042,1,0,0,0.307,112554,139370,3.104,4.400,13.658
14082,1,0,0,0.307,112578,139431,3.100,4.600,14.260
14122,1,0,0,0.307,112576,139414,3.100,4.600,14.260
14162,1,0,0,0.307,112565,139379,3.108,4.700,14.608
14202,1,0,0,0.307,112566,139400,3.108,4.700,14.608
14242,1,0,0,0.307,112606,139490,3.108,4.700,14.608
14282,1,0,0,0.307,112657,139603,3.104,4.500,13.968
14322,1,0,0,0.307,112672,139671,3.104,4.500,13.968
14362,1,0,0,0.307,112681,139691,3.108,4.500,13.986
14402,1,0,0,0.307,112713,139763,3.108,4.500,13.986
14442,1,0,0,0.307,112754,139868,3.108,4.500,13.986
14482,1,0,0,0.307,112789,139968,3.152,4.300,13.554
14522,1,0,0,0.307,112799,140019,3.152,4.300,13.554
14562,1,0,0,0.307,112812,140057,3.152,4.500,14.184
14602,1,0,0,0.307,112773,139934,3.152,4.500,14.184
14642,1,0,0,0.307,112677,139665,3.152,4.500,14.184
14682,1,0,0,0.307,112597,139500,3.152,4.400,13.869
14722,1,0,0,0.307,112565,139477,3.152,4.400,13.869
14762,1,0,0,0.307,112574,139505,3.156,4.700,14.833
14802,1,0,0,0.307,112559,139528,3.156,4.700,14.833
14842,1,0,0,0.307,112558,139522,3.156,4.700,14.833
14882,1,0,0,0.307,112532,139469,3.152,4.600,14.499
14922,1,0,0,0.307,112492,139372,3.152,4.600,14.499
14962,1,0,0,0.307,112454,139288,3.156,4.600,14.518
15002,1,0,0,0.307,112398,139198,3.156,4.600,14.518
15042,1,0,0,0.307,111803,138214,3.156,4.600,14.518
15082,1,0,0,0.307,112117,119072,3.148,4.500,14.166
15122,1,0,0,0.307,87917,87377,3.148,4.500,14.166
15162,1,0,0,0.307,96015,96205,3.156,4.600,14.518
15202,1,0,0,0.307,114607,115841,3.156,4.600,14.518
15242,1,0,0,0.307,112606,121154,3.156,4.600,14.518
15282,1,0,0,0.307,112952,119126,3.152,4.500,14.184
15322,1,0,0,0.307,112201,117604,3.152,4.500,14.184
15362,1,0,0,0.307,106777,116244,3.152,4.700,14.814
15402,1,0,0,0.307,100318,113657,3.152,4.700,14.814
15442,1,0,0,0.307,99371,113770,3.152,4.700,14.814
15482,1,0,0,0.307,99644,114656,3.156,4.500,14.202
15522,1,0,0,0.307,99444,114601,3.156,4.500,14.202
15562,1,0,0,0.307,99392,114713,3.156,4.800,15.149
15602,1,0,0,0.307,99015,114473,3.156,4.800,15.149
15642,1,0,0,0.307,99569,115470,3.156,4.800,15.149
15682,1,0,0,0.307,99470,115134,3.152,4.400,13.869
15722,1,0,0,0.307,100300,112017,3.152,4.400,13.869
15762,1,0,0,0.307,111061,110311,3.156,4.600,14.518
15802,1,0,0,0.307,110343,110835,3.156,4.600,14.518
15842,1,0,0,0.307,108035,112246,3.156,4.600,14.518
15882,1,0,0,0.307,102866,112398,3.156,4.200,13.255
15922,1,0,0,0.307,101502,117213,3.156,4.200,13.255
15962,1,0,0,0.307,103679,121105,3.156,4.700,14.833
16002,1,0,0,0.307,104593,122924,3.156,4.700,14.833
16042,1,0,0,0.307,106121,125885,3.156,4.700,14.833
16082,1,0,0,0.307,107056,128001,3.152,4.800,15.130
16122,1,0,0,0.307,106857,127710,3.152,4.800,15.130
16162,1,0,0,0.307,106310,126602,3.156,4.600,14.518
16202,1,0,0,0.307,106332,126685,3.156,4.600,14.518
16242,1,0,1,0.000,107222,126688,3.156,4.600,14.518
16282,1,0,1,0.000,108340,122863,3.152,4.500,14.184
16322,1,0,1,0.000,105352,119668,3.152,4.500,14.184
16362,1,0,1,0.000,104002,117793,3.156,4.700,14.833
16402,1,0,1,0.000,104730,119535,3.156,4.700,14.833
16442,1,0,1,0.000,103638,120411,3.156,4.700,14.833
16482,1,0,1,0.000,109877,125334,3.156,4.600,14.518
16522,1,0,1,0.000,114662,127010,3.156,4.600,14.518
16562,1,0,1,0.000,116248,129716,3.156,4.400,13.886
16603,1,0,1,0.000,117488,132994,3.156,4.400,13.886
16642,1,0,1,0.000,107006,123055,3.156,4.400,13.886
16682,1,0,1,0.000,104847,114742,3.152,4.600,14.499
16723,1,0,1,0.000,102938,115183,3.152,4.600,14.499
16762,1,0,1,0.000,102693,119707,3.152,4.500,14.184
16803,1,0,1,0.000,105991,124274,3.152,4.500,14.184
16842,1,0,1,0.000,114431,133985,3.152,4.500,14.184
16882,1,0,1,0.000,113802,127494,3.152,4.400,13.869
16923,1,0,1,0.000,111007,124132,3.152,4.400,13.869
16962,1,0,1,0.000,109987,118314,3.152,4.400,13.869
17003,1,0,1,0.000,112482,109559,3.152,4.400,13.869
17043,1,0,1,0.000,108071,122636,3.152,4.400,13.869
17082,1,0,1,0.000,109672,122060,3.156,4.400,13.886
17123,1,0,1,0.000,74939,75488,3.156,4.400,13.886
17162,1,0,1,0.000,75794,77528,3.152,4.700,14.814
17203,1,0,1,0.000,111763,123206,3.152,4.700,14.814
17243,1,0,1,0.000,110943,132526,3.152,4.700,14.814
17282,1,0,1,0.000,110456,131280,3.152,4.500,14.184
17323,1,0,1,0.000,116598,125252,3.152,4.500,14.184
17362,1,0,1,0.000,109555,130029,3.148,4.300,13.536
17403,1,0,1,0.000,110302,131273,3.148,4.300,13.536
17443,1,0,1,0.000,111685,134231,3.148,4.300,13.536
17482,1,0,1,0.000,112605,136154,3.160,4.600,14.536
17523,1,0,1,0.000,113989,137906,3.160,4.600,14.536
17562,1,0,1,0.000,114480,139207,3.148,4.500,14.166
17603,1,0,1,0.000,114689,139978,3.148,4.500,14.166
17643,1,0,1,0.000,114436,140137,3.148,4.500,14.166
17682,1,0,1,0.000,103290,108391,3.156,4.800,15.149
17723,1,0,1,0.000,28584,28073,3.156,4.800,15.149
17762,1,0,1,0.000,20033,19870,3.156,4.500,14.202
17802,1,0,1,0.000,39147,35545,3.156,4.500,14.202
17843,1,0,1,0.000,95667,97307,3.156,4.500,14.202
17882,1,0,1,0.000,116251,137504,3.156,4.700,14.833
17923,1,0,1,0.000,120267,145635,3.156,4.700,14.833
17963,1,0,1,0.000,120579,146615,3.140,4.600,14.444
18003,1,0,1,0.000,120642,146888,3.140,4.600,14.444
18043,1,0,1,0.000,120711,147014,3.140,4.600,14.444
18083,1,0,1,0.000,120330,145037,3.140,4.500,14.130
18123,1,0,1,0.000,117805,140094,3.140,4.500,14.130
18163,1,0,1,0.000,112850,119985,3.144,4.300,13.519
18203,1,0,1,0.000,51461,47751,3.144,4.300,13.519
18243,1,0,1,0.000,36925,36090,3.144,4.300,13.519
18283,1,0,1,0.000,82885,81391,3.140,4.600,14.444
18323,1,0,1,0.000,108253,116325,3.140,4.600,14.444
18363,1,0,1,0.000,108287,119072,3.144,4.600,14.462
18402,1,0,1,0.000,101621,98083,3.144,4.600,14.462
18443,1,0,1,0.000,67299,68780,3.144,4.600,14.462
18483,1,0,1,0.000,105963,111271,3.144,4.600,14.462
18523,1,0,1,0.000,111816,129799,3.144,4.600,14.462
18563,1,0,1,0.000,112071,129981,3.144,4.600,14.462
18603,1,0,1,0.000,106938,113354,3.144,4.600,14.462
18643,1,0,1,0.000,83217,87615,3.144,4.600,14.462
18683,1,0,1,0.000,107178,112470,3.144,4.500,14.148
18723,1,0,1,0.000,106428,116679,3.144,4.500,14.148
18763,1,0,1,0.000,112113,117456,3.144,4.500,14.148
18803,1,0,1,0.000,104290,102731,3.144,4.500,14.148
18843,1,0,1,0.000,111825,107027,3.144,4.500,14.148
18883,1,0,1,0.000,113347,104360,3.144,4.500,14.148
18923,1,0,1,0.000,108704,101549,3.144,4.500,14.148
18963,1,0,1,0.000,104461,106160,3.144,4.500,14.148
19003,1,0,1,0.000,104734,112784,3.144,4.500,14.148
19043,1,0,1,0.000,106845,119260,3.144,4.500,14.148
19083,1,0,1,0.000,110051,128103,3.144,4.600,14.462
19123,1,0,1,0.000,111665,131786,3.144,4.600,14.462
19163,1,0,1,0.000,111699,134253,3.144,4.700,14.777
19203,1,0,1,0.000,111830,135510,3.144,4.700,14.777
19243,1,0,1,0.000,113508,137475,3.144,4.700,14.777
19283,1,0,1,0.000,98008,108665,3.144,4.500,14.148
19323,1,0,1,0.000,30834,19568,3.144,4.500,14.148
19363,1,0,1,0.000,16488,7289,3.152,4.700,14.814
19403,1,0,1,0.000,18540,9246,3.152,4.700,14.814
19443,1,0,1,0.000,28721,18889,3.152,4.700,14.814
19483,1,0,1,0.000,41923,33849,3.132,4.500,14.094
19523,1,0,1,0.000,44617,36982,3.132,4.500,14.094
19563,1,0,1,0.000,39751,30299,3.140,4.500,14.130
19603,1,0,1,0.000,34064,23268,3.140,4.500,14.130
19643,1,0,1,0.000,29791,19309,3.140,4.500,14.130
19683,1,0,1,0.000,35720,25256,3.140,4.600,14.444
19723,1,0,1,0.000,70141,65360,3.140,4.600,14.444
19763,1,0,1,0.000,99618,96605,3.140,4.600,14.444
19803,1,0,1,0.000,104833,105846,3.140,4.600,14.444
19843,1,0,1,0.000,112018,118006,3.140,4.600,14.444
19883,1,0,1,0.000,109334,116241,3.144,4.600,14.462
19923,1,0,1,0.000,87244,90611,3.144,4.600,14.462
19963,1,0,1,0.000,79042,78424,3.148,4.600,14.481
20003,1,0,1,0.000,56819,51280,3.148,4.600,14.481
20043,1,0,1,0.000,32007,21332,3.148,4.600,14.481
20083,1,0,1,0.000,15296,9332,3.144,4.700,14.777
20123,1,0,1,0.000,12795,8182,3.144,4.700,14.777
20163,1,0,1,0.000,14641,9833,3.148,4.600,14.481
20203,1,0,1,0.000,18184,12392,3.148,4.600,14.481
20243,1,0,1,0.000,26147,17346,3.148,4.600,14.481
20283,1,0,1,0.000,49726,41004,3.148,4.400,13.851
20323,1,0,1,0.000,59045,47145,3.148,4.400,13.851
20363,1,0,1,0.000,53100,39274,3.152,4.600,14.499
20403,1,0,1,0.000,51550,38085,3.152,4.600,14.499
20443,1,0,1,0.000,73940,66619,3.152,4.600,14.499
20483,1,0,1,0.000,111318,106149,3.152,4.500,14.184
20523,1,0,1,0.000,98329,91123,3.152,4.500,14.184
20563,1,0,1,0.000,78506,73312,3.152,4.600,14.499
20603,1,0,1,0.000,61606,54997,3.152,4.600,14.499
20643,1,0,1,0.000,29498,20695,3.152,4.600,14.499
20683,1,0,1,0.000,11590,7565,3.152,4.500,14.184
20723,1,0,1,0.000,7117,4185,3.152,4.500,14.184
20763,1,0,1,0.000,6119,3278,3.152,4.600,14.499
20803,1,0,1,0.000,6612,3182,3.152,4.600,14.499
20843,1,0,1,0.000,12679,5823,3.152,4.600,14.499
20883,1,0,1,0.000,32200,18921,3.152,4.600,14.499
20923,1,0,1,0.000,40403,25429,3.152,4.600,14.499
20963,1,0,1,0.000,51529,38059,3.156,4.500,14.202
21003,1,0,1,0.000,92616,89255,3.156,4.500,14.202
21043,1,0,1,0.000,110055,116939,3.156,4.500,14.202
21083,1,0,1,0.000,110825,119096,3.152,4.600,14.499
21123,1,0,1,0.000,111596,118926,3.152,4.600,14.499
21163,1,0,1,0.000,116131,124251,3.148,4.300,13.536
21203,1,0,1,0.000,71313,64345,3.148,4.300,13.536
21243,1,0,1,0.000,25654,18087,3.148,4.300,13.536
21283,1,0,1,0.000,5498,3695,3.168,4.500,14.256
21323,1,0,1,0.000,3923,2663,3.168,4.500,14.256
21363,1,0,1,0.000,4366,2744,3.232,4.400,14.221
21403,1,0,1,0.000,5221,3065,3.232,4.400,14.221
21443,1,0,1,0.000,7057,3917,3.232,4.400,14.221
21483,1,0,1,0.000,22006,14263,3.048,4.500,13.716
21523,1,0,1,0.000,26761,17866,3.048,4.500,13.716
21563,1,0,1,0.000,27877,18971,3.064,4.600,14.094
21603,1,0,1,0.000,51245,44470,3.064,4.600,14.094
21643,1,0,1,0.000,94277,97717,3.064,4.600,14.094
21683,1,0,1,0.000,110219,122491,3.116,4.700,14.645
21723,1,0,1,0.000,108110,121056,3.116,4.700,14.645
21763,1,0,1,0.000,93291,101947,3.100,4.400,13.640
21803,1,0,1,0.000,87068,94166,3.100,4.400,13.640
21844,1,0,1,0.000,82575,87004,3.100,4.400,13.640
21883,1,0,1,0.000,71394,70279,3.092,4.700,14.532
21923,1,0,1,0.000,56478,49712,3.092,4.700,14.532
21963,1,0,1,0.000,24114,15298,3.124,4.500,14.058
22003,1,0,1,0.000,14251,9103,3.124,4.500,14.058
22044,1,0,1,0.000,9822,7257,3.124,4.500,14.058
22083,1,0,1,0.000,17464,13737,2.992,4.500,13.464
22123,1,0,1,0.000,44033,43426,2.992,4.500,13.464
22163,1,0,1,0.000,70459,71016,3.016,4.400,13.270
22203,1,0,1,0.000,109721,108294,3.016,4.400,13.270
22244,1,0,1,0.000,104503,109565,3.016,4.400,13.270
22283,1,0,1,0.000,99892,100889,3.056,4.500,13.752
22323,1,0,1,0.000,104602,107872,3.056,4.500,13.752
22363,1,0,1,0.000,113487,121982,3.060,4.700,14.382
22403,1,0,1,0.000,115550,125716,3.060,4.700,14.382
22444,1,0,1,0.000,115894,125710,3.060,4.700,14.382
22483,1,0,1,0.000,116030,124383,3.064,4.600,14.094
22524,1,0,1,0.000,120447,126729,3.064,4.600,14.094
22563,1,0,1,0.000,102555,114713,3.048,4.500,13.716
22603,1,0,1,0.000,89669,96303,3.048,4.500,13.716
22644,1,0,1,0.000,60613,56029,3.048,4.500,13.716
22683,1,0,1,0.000,41461,32224,3.036,4.600,13.966
22724,1,0,1,0.000,41598,32911,3.036,4.600,13.966
22763,1,0,1,0.000,66204,64345,3.044,4.400,13.394
22803,1,0,1,0.000,87261,89564,3.044,4.400,13.394
22844,1,0,1,0.000,94194,91676,3.044,4.400,13.394
22883,1,0,1,0.000,102680,106919,3.056,4.500,13.752
22924,1,0,1,0.000,112778,119845,3.056,4.500,13.752
22964,1,0,1,0.000,122064,130757,3.068,4.300,13.192
23003,1,0,1,0.000,107711,105706,3.068,4.300,13.192
23044,1,0,1,0.000,84128,80326,3.068,4.300,13.192
23084,1,0,1,0.000,52951,47046,3.076,4.800,14.765
23124,1,0,1,0.000,14990,9237,3.076,4.800,14.765
23164,1,0,1,0.000,5526,3571,3.116,4.800,14.957
23203,1,0,1,0.000,2290,2057,3.116,4.800,14.957
23244,1,0,1,0.000,1548,1759,3.116,4.800,14.957
23284,1,0,1,0.000,4617,4756,3.132,4.600,14.407
23323,1,0,1,0.000,25835,27003,3.132,4.600,14.407
23364,1,0,1,0.000,76993,78934,3.136,4.600,14.426
23404,1,0,1,0.000,110987,114527,3.136,4.600,14.426
23444,1,0,1,0.000,101460,96624,3.136,4.600,14.426
23484,1,0,1,0.000,78294,65255,3.136,4.700,14.739
23524,1,0,1,0.000,73691,62674,3.136,4.700,14.739
23564,1,0,1,0.000,91596,87450,3.140,4.700,14.758
23604,1,0,1,0.000,105457,108086,3.140,4.700,14.758
23644,1,0,1,0.000,109804,116406,3.140,4.700,14.758
23684,1,0,1,0.000,120414,130253,3.136,4.700,14.739
23724,1,0,1,0.000,106904,109048,3.136,4.700,14.739
23764,1,0,1,0.000,100779,106618,3.144,4.600,14.462
23804,1,0,1,0.000,88617,96331,3.144,4.600,14.462
23844,1,0,1,0.000,71150,73619,3.144,4.600,14.462
23884,1,0,1,0.000,65734,66862,3.140,4.800,15.072
23924,1,0,1,0.000,74199,75118,3.140,4.800,15.072
23964,1,0,1,0.000,94390,96213,3.140,4.300,13.502
24004,1,0,1,0.000,91802,93428,3.140,4.300,13.502
24044,1,0,1,0.000,94789,97882,3.140,4.300,13.502
24084,1,0,1,0.000,96244,98627,3.144,4.500,14.148
24124,1,0,1,0.000,97363,99793,3.144,4.500,14.148
24164,1,0,1,0.000,104152,97954,3.144,4.700,14.777
24204,1,0,1,0.000,47538,50807,3.144,4.700,14.777
24244,1,0,1,0.000,57321,64604,3.144,4.700,14.777
24284,1,0,1,0.000,96693,103394,3.144,4.600,14.462
24324,1,0,1,0.000,98939,110312,3.144,4.600,14.462
24364,1,0,1,0.000,94403,103541,3.144,4.400,13.834
24404,1,0,1,0.000,93125,102248,3.144,4.400,13.834
24444,1,0,1,0.000,103164,110057,3.144,4.400,13.834
24484,1,0,1,0.000,82343,77047,3.232,4.400,14.221
24524,1,0,1,0.000,34574,40069,3.232,4.400,14.221
24564,1,0,1,0.000,83085,84850,3.040,4.500,13.680
24604,1,0,1,0.000,117137,135855,3.040,4.500,13.680
24644,1,0,1,0.000,117754,140680,3.040,4.500,13.680
24684,1,0,1,0.000,112640,129895,3.088,4.800,14.822
24724,1,0,1,0.000,109615,117136,3.088,4.800,14.822
24764,1,0,1,0.000,102937,110585,3.096,4.600,14.242
24804,1,0,1,0.000,105491,121575,3.096,4.600,14.242
24844,1,0,1,0.000,109238,125081,3.096,4.600,14.242
24884,1,0,1,0.000,108089,121726,3.092,4.700,14.532
24924,1,0,1,0.000,94492,90848,3.092,4.700,14.532
24964,1,0,1,0.000,41626,42492,3.088,4.300,13.278
25004,1,0,1,0.000,66976,59143,3.088,4.300,13.278
25044,1,0,1,0.000,71537,66035,3.088,4.300,13.278
25084,1,0,1,0.000,54692,48978,3.092,4.500,13.914
25124,1,0,1,0.000,40235,32301,3.092,4.500,13.914
25164,1,0,1,0.000,32365,23055,3.092,4.600,14.223
25204,1,0,1,0.000,46379,32777,3.092,4.600,14.223
25244,1,0,1,0.000,41450,28378,3.092,4.600,14.223
25284,1,0,1,0.000,28995,20115,3.096,4.600,14.242
25324,1,0,1,0.000,40945,35294,3.096,4.600,14.242
25364,1,0,1,0.000,36624,35464,3.092,4.500,13.914
25404,1,0,1,0.000,11186,14251,3.092,4.500,13.914
25444,1,0,1,0.000,63801,64853,3.092,4.500,13.914
25484,1,0,1,0.000,93584,91602,3.092,4.400,13.605
25524,1,0,1,0.000,11635,14355,3.092,4.400,13.605
25564,1,0,1,0.000,22842,27017,3.092,4.700,14.532
25604,1,0,1,0.000,95009,94725,3.092,4.700,14.532
25644,1,0,1,0.000,24195,27453,3.092,4.700,14.532
25684,1,0,1,0.000,5489,9416,3.096,4.800,14.861
25724,1,0,1,0.000,67001,83115,3.096,4.800,14.861
25764,1,0,1,0.000,87301,89617,3.096,4.700,14.551
25804,1,0,1,0.000,9344,14036,3.096,4.700,14.551
25844,1,0,1,0.000,67713,82110,3.096,4.700,14.551
25884,1,0,1,0.000,114337,130170,3.092,4.600,14.223
25924,1,0,1,0.000,31509,41314,3.092,4.600,14.223
25964,1,0,1,0.000,38869,41824,3.080,4.300,13.244
26004,1,0,1,0.000,109663,115660,3.080,4.300,13.244
26044,1,0,1,0.000,58251,71082,3.080,4.300,13.244
26084,1,0,1,0.000,18225,22544,3.088,4.500,13.896
26124,1,0,1,0.000,98149,99439,3.088,4.500,13.896
26164,1,0,1,0.000,95989,104949,3.088,4.700,14.514
26204,1,0,1,0.000,6109,4924,3.088,4.700,14.514
26244,1,0,1,0.000,57965,59062,3.088,4.700,14.514
26284,1,0,1,0.000,108261,124006,2.820,4.800,13.536
26324,1,0,1,0.000,63352,72114,2.820,4.800,13.536
26364,1,0,1,0.000,64024,66405,2.868,4.600,13.193
26404,1,0,1,0.000,115992,129163,2.868,4.600,13.193
26444,1,0,1,0.000,114958,135806,2.868,4.600,13.193
26484,1,0,1,0.000,109512,128901,3.116,4.600,14.334
26524,1,0,1,0.000,115889,142507,3.116,4.600,14.334
26564,1,0,1,0.000,114718,139411,3.092,4.700,14.532
26604,1,0,1,0.000,106406,110516,3.092,4.700,14.532
26644,1,0,1,0.000,50658,57738,3.092,4.700,14.532
26684,1,0,1,0.000,105922,114571,3.048,4.800,14.630
26724,1,0,1,0.000,115357,135505,3.048,4.800,14.630
26764,1,0,1,0.000,112599,117515,2.996,4.400,13.182
26804,1,0,1,0.000,109690,120850,2.996,4.400,13.182
26844,1,0,1,0.000,30958,31790,2.996,4.400,13.182
26884,1,0,1,0.000,1146,1608,2.948,4.400,12.971
26924,1,0,1,0.000,24664,33883,2.948,4.400,12.971
26964,1,0,1,0.000,97658,115099,2.996,4.500,13.482
27004,1,0,1,0.000,85778,101115,2.996,4.500,13.482
27044,1,0,1,0.000,14608,18823,2.996,4.500,13.482
27084,1,0,1,0.000,82978,83084,3.016,4.600,13.874
27124,1,0,1,0.000,114580,134535,3.016,4.600,13.874
27164,1,0,1,0.000,113540,135939,2.936,4.600,13.506
27204,1,0,1,0.000,109869,119221,2.936,4.600,13.506
27244,1,0,1,0.000,39518,38203,2.936,4.600,13.506
27284,1,0,1,0.000,64667,67035,3.000,4.600,13.800
27325,1,0,1,0.000,114634,127895,3.000,4.600,13.800
27364,1,0,1,0.000,118238,142238,3.024,4.500,13.608
27405,1,0,1,0.000,118060,142433,3.024,4.500,13.608
27445,1,0,1,0.000,118273,143057,3.024,4.500,13.608
27484,1,0,1,0.000,118406,143386,3.028,4.500,13.626
27525,1,0,1,0.000,118118,142866,3.028,4.500,13.626
27564,1,0,1,0.000,117783,142271,3.024,4.400,13.306
27605,1,0,1,0.000,118034,142801,3.024,4.400,13.306
27645,1,0,1,0.000,118427,143656,3.024,4.400,13.306
27685,1,0,1,0.000,118547,144010,3.028,4.500,13.626
27725,1,0,1,0.000,118621,144189,3.028,4.500,13.626
27765,1,0,1,0.000,118668,144327,3.032,4.500,13.644
27805,1,0,1,0.000,118393,143820,3.032,4.500,13.644
27844,1,0,1,0.000,118192,143453,3.032,4.500,13.644
27885,1,0,1,0.000,118532,144141,3.028,4.600,13.929
27925,1,0,1,0.000,118743,144620,3.028,4.600,13.929
27965,1,0,1,0.000,118638,144488,3.028,4.400,13.323
28005,1,0,1,0.000,118601,144449,3.028,4.400,13.323
28044,1,0,1,0.000,118532,144335,3.028,4.400,13.323
28085,1,0,1,0.000,118505,144243,3.028,4.500,13.626
28124,1,0,1,0.000,118246,143624,3.028,4.500,13.626
28165,1,0,1,0.000,117882,142795,3.024,4.800,14.515
28205,1,0,1,0.000,118146,143243,3.024,4.800,14.515
28245,1,0,1,0.000,118414,143817,3.024,4.800,14.515
28285,1,0,1,0.000,118693,144447,3.028,4.600,13.929
28325,1,0,1,0.000,118834,144798,3.028,4.600,13.929
28365,1,0,1,0.000,119049,145261,3.028,4.700,14.232
28404,1,0,1,0.000,119738,146552,3.028,4.700,14.232
28445,1,0,1,0.000,119869,146855,3.028,4.700,14.232
28485,1,0,1,0.000,119635,146447,3.028,4.800,14.534
28525,1,0,1,0.000,119505,146203,3.028,4.800,14.534
28565,1,0,1,0.000,119476,146184,3.028,4.400,13.323
28605,1,0,1,0.000,119569,146374,3.028,4.400,13.323
28645,1,0,1,0.000,119439,146184,3.028,4.400,13.323
28685,1,0,1,0.000,119298,145953,3.032,4.600,13.947
28725,1,0,1,0.000,119339,146013,3.032,4.600,13.947
28765,1,0,1,0.000,119297,145916,3.032,4.800,14.554
28805,1,0,1,0.000,118958,145163,3.032,4.800,14.554
28845,1,0,1,0.000,118799,144794,3.032,4.800,14.554
28885,1,0,1,0.000,118735,144668,3.032,4.800,14.554
28925,1,0,1,0.000,118614,144474,3.032,4.800,14.554
28965,1,0,1,0.000,118563,144415,3.036,4.500,13.662
29005,1,0,1,0.000,118709,144742,3.036,4.500,13.662
29045,1,0,1,0.000,118899,145151,3.036,4.500,13.662
29085,1,0,1,0.000,118815,145038,3.032,4.600,13.947
29125,1,0,1,0.000,118416,144270,3.032,4.600,13.947
29165,1,0,1,0.000,118121,143694,3.032,4.500,13.644
29205,1,0,1,0.000,118151,143789,3.032,4.500,13.644
29245,1,0,1,0.000,118412,144338,3.032,4.500,13.644
29285,1,0,1,0.000,118257,144096,3.040,4.200,12.768
29325,1,0,1,0.000,118089,143797,3.040,4.200,12.768
29365,1,0,1,0.000,118384,144381,3.032,4.600,13.947
29405,1,0,1,0.000,118515,144672,3.032,4.600,13.947
29445,1,0,1,0.000,118426,144452,3.032,4.600,13.947
29485,1,0,1,0.000,118102,143762,3.036,4.700,14.269
29525,1,0,1,0.000,117722,143024,3.036,4.700,14.269
29565,1,0,1,0.000,117649,142912,3.036,4.600,13.966
29605,1,0,1,0.000,117622,142900,3.036,4.600,13.966
29645,1,0,1,0.000,117670,143035,3.036,4.600,13.966
29685,1,0,1,0.000,117749,143219,3.040,4.800,14.592
29725,1,0,1,0.000,118049,143833,3.040,4.800,14.592
29765,1,0,1,0.000,117991,143773,3.040,4.500,13.680
29805,1,0,1,0.000,117484,142788,3.040,4.500,13.680
29845,1,0,1,0.000,117081,142039,3.040,4.500,13.680
29885,1,0,1,0.000,116997,141906,3.040,4.600,13.984
29925,1,0,1,0.000,116914,141794,3.040,4.600,13.984
29965,1,0,1,0.000,116844,141703,3.040,4.600,13.984
30005,1,0,1,0.000,116962,141981,3.040,4.600,13.984
30045,1,0,1,0.000,117144,142372,3.040,4.600,13.984
30085,1,0,1,0.000,117100,142318,3.044,4.600,14.002
30125,1,0,1,0.000,116876,141850,3.044,4.600,14.002
30165,1,0,1,0.000,116590,141309,3.040,4.600,13.984
30205,1,0,1,0.000,116416,140923,3.040,4.600,13.984
30245,1,0,1,0.000,116287,140698,3.040,4.600,13.984
30285,1,0,1,0.000,116208,140581,3.040,4.600,13.984
30325,1,0,1,0.000,116165,140544,3.040,4.600,13.984
30365,1,0,1,0.000,116188,140654,3.040,4.500,13.680
30405,1,0,1,0.000,116211,140701,3.040,4.500,13.680
30445,1,0,1,0.000,116187,140666,3.040,4.500,13.680
30485,1,0,1,0.000,116227,140775,3.040,4.400,13.376
30525,1,0,1,0.000,116203,140724,3.040,4.400,13.376
30565,1,0,1,0.000,115785,139877,3.040,5.000,15.200
30605,1,0,1,0.000,114566,133108,3.040,5.000,15.200
30645,1,0,1,0.000,89856,88653,3.040,5.000,15.200
30685,1,0,1,0.000,47576,50634,3.044,4.600,14.002
30725,1,0,1,0.000,35736,40948,3.044,4.600,14.002
30765,1,0,1,0.000,36064,42306,3.044,4.600,14.002
30805,1,0,1,0.000,50561,57569,3.044,4.600,14.002
30845,1,0,1,0.000,63458,68567,3.044,4.600,14.002
30885,1,0,1,0.000,81929,82769,3.048,4.600,14.021
30925,1,0,1,0.000,101189,98721,3.048,4.600,14.021
30965,1,0,1,0.000,103212,107690,3.048,4.600,14.021
31005,1,0,1,0.000,102181,116256,3.048,4.600,14.021
31045,1,0,1,0.000,108515,124537,3.048,4.600,14.021
31085,1,0,1,0.000,110144,126759,3.044,4.500,13.698
31125,1,0,1,0.000,112407,130350,3.044,4.500,13.698
31165,1,0,1,0.000,113720,132335,3.044,4.600,14.002
31205,1,0,1,0.000,112882,131315,3.044,4.600,14.002
31245,1,0,1,0.000,111241,128519,3.044,4.600,14.002
31285,1,0,1,0.000,110594,127362,3.044,4.600,14.002
31325,1,0,1,0.000,110007,126710,3.044,4.600,14.002
31365,1,0,1,0.000,109501,126228,3.044,4.600,14.002
31405,1,0,1,0.000,108868,125454,3.044,4.600,14.002
31445,1,0,1,0.000,108226,124478,3.044,4.600,14.002
31485,1,0,1,0.000,108120,124378,3.044,4.500,13.698
31525,1,0,1,0.000,108722,125427,3.044,4.500,13.698
31565,1,0,1,0.000,109926,127419,3.048,4.600,14.021
31606,1,0,1,0.000,110137,127692,3.048,4.600,14.021
31645,1,0,1,0.000,110091,127539,3.048,4.600,14.021
31685,1,0,1,0.000,109985,127411,3.044,4.800,14.611
31725,1,0,1,0.000,109546,126611,3.044,4.800,14.611
31765,1,0,1,0.000,108964,125292,3.048,4.400,13.411
31805,1,0,1,0.000,109101,125047,3.048,4.400,13.411
31845,1,0,1,0.000,109197,125113,3.048,4.400,13.411
31886,1,0,1,0.000,108348,123764,3.044,4.500,13.698
31925,1,0,1,0.000,107257,121618,3.044,4.500,13.698
31966,1,0,1,0.000,106884,121353,3.048,4.600,14.021
32005,1,0,1,0.000,106740,121452,3.048,4.600,14.021
32045,1,0,1,0.000,107045,122156,3.048,4.600,14.021
32086,1,0,1,0.000,106583,121644,3.044,4.400,13.394
32125,1,0,1,0.000,107673,123492,3.044,4.400,13.394
32166,1,0,1,0.000,108110,123757,3.048,4.500,13.716
32205,1,0,1,0.000,110082,125605,3.048,4.500,13.716
I (32570) SYS_DEMO: Scheduler switch -> state=0 profile=50sps_med q=1 diff=0.000
32338,0,2,1,0.000,110427,125889,3.048,4.500,13.716
32370,0,2,1,0.000,69031,73954,3.060,4.000,12.240
32410,0,2,1,0.000,72127,80730,3.060,4.000,12.240
32450,0,2,1,0.000,72207,80952,3.044,4.600,14.002
32490,0,2,1,0.000,72746,81995,3.044,4.600,14.002
32530,0,2,1,0.000,73687,83215,3.044,4.600,14.002
32570,0,2,1,0.000,74067,84105,3.044,4.700,14.307
32610,0,2,1,0.000,74557,84696,3.044,4.700,14.307
32650,0,2,1,0.000,74902,85645,3.048,4.600,14.021
32690,0,2,1,0.000,75066,85688,3.048,4.600,14.021
32730,0,2,1,0.000,73516,83085,3.048,4.600,14.021
32770,0,2,1,0.000,67708,74702,3.048,4.500,13.716
32810,0,2,1,0.000,59873,64451,3.048,4.500,13.716
32850,0,2,1,0.000,55809,59399,3.048,4.600,14.021
32890,0,2,1,0.000,55239,58707,3.048,4.600,14.021
32930,0,2,1,0.000,55027,58403,3.048,4.600,14.021
32970,0,2,1,0.000,61609,65440,3.048,4.400,13.411
33010,0,2,1,0.000,67302,70248,3.048,4.400,13.411
33051,0,2,1,0.000,68130,72469,3.048,4.400,13.411
33090,0,2,1,0.000,68013,75225,3.048,4.400,13.411
33130,0,2,1,0.000,70377,78867,3.048,4.400,13.411
33170,0,2,1,0.000,72586,81986,3.048,4.500,13.716
33210,0,2,1,0.000,73542,83557,3.048,4.500,13.716
33251,0,2,1,0.000,73896,84012,3.048,4.500,13.716
33290,0,2,1,0.000,73943,84222,3.048,4.500,13.716
33330,0,2,1,0.000,74121,84140,3.048,4.500,13.716
33370,0,2,1,0.000,73973,84182,3.048,4.500,13.716
33410,0,2,1,0.000,74242,84190,3.048,4.500,13.716
33450,0,2,1,0.000,73823,83546,3.048,4.700,14.326
33490,0,2,1,0.000,71653,80017,3.048,4.700,14.326
33531,0,2,1,0.000,63733,68872,3.048,4.700,14.326
33570,0,2,1,0.000,51119,52600,3.052,4.500,13.734
33611,0,2,1,0.000,41428,39919,3.052,4.500,13.734
33650,0,2,1,0.000,38282,36090,3.052,4.600,14.039
33690,0,2,1,0.000,37862,35519,3.052,4.600,14.039
33731,0,2,1,0.000,44826,43131,3.052,4.600,14.039
33770,0,2,1,0.000,58240,56346,3.048,4.800,14.630
33811,0,2,1,0.000,63226,61776,3.048,4.800,14.630
33850,0,2,1,0.000,63851,65967,3.044,4.500,13.698
33891,0,2,1,0.000,67224,73667,3.044,4.500,13.698
33931,0,2,1,0.000,68591,76507,3.044,4.500,13.698
33971,0,2,1,0.000,68711,76957,3.044,4.200,12.785
34011,0,2,1,0.000,68740,76591,3.044,4.200,12.785
34050,0,2,1,0.000,69048,77269,3.048,4.600,14.021
34091,0,2,1,0.000,69582,78554,3.048,4.600,14.021
34131,0,2,1,0.000,71102,80890,3.048,4.600,14.021
34171,0,2,1,0.000,72264,81906,3.048,4.300,13.106
34211,0,2,1,0.000,73324,82712,3.048,4.300,13.106
34251,0,2,1,0.000,73315,82380,3.044,4.400,13.394
34291,0,2,1,0.000,73032,81678,3.044,4.400,13.394
34331,0,2,1,0.000,70163,77296,3.044,4.400,13.394
34371,0,2,1,0.000,65405,70754,3.044,4.500,13.698
34411,0,2,1,0.000,56640,59692,3.044,4.500,13.698
34451,0,2,1,0.000,43698,42885,3.048,4.600,14.021
34491,0,2,1,0.000,27174,21955,3.048,4.600,14.021
34531,0,2,1,0.000,14917,8736,3.048,4.600,14.021
34571,0,2,1,0.000,8938,4695,3.048,4.700,14.326
34611,0,2,1,0.000,7839,4135,3.048,4.700,14.326
34651,0,2,1,0.000,8245,4322,3.048,4.400,13.411
34691,0,2,1,0.000,11860,6608,3.048,4.400,13.411
34731,0,2,1,0.000,25604,20039,3.048,4.400,13.411
34771,0,2,1,0.000,42036,38237,3.044,4.400,13.394
34811,0,2,1,0.000,51528,50618,3.044,4.400,13.394
34851,0,2,1,0.000,57932,60519,3.048,4.600,14.021
34891,0,2,1,0.000,64106,69111,3.048,4.600,14.021
34931,0,2,1,0.000,69636,76695,3.048,4.600,14.021
34971,0,2,1,0.000,71019,78616,3.044,4.200,12.785
35011,0,2,1,0.000,74279,83179,3.044,4.200,12.785
35051,0,2,1,0.000,74737,84009,3.044,4.600,14.002
35091,0,2,1,0.000,73692,83500,3.044,4.600,14.002
35131,0,2,1,0.000,73987,84225,3.044,4.600,14.002
35171,0,2,1,0.000,73015,82793,3.044,4.400,13.394
35211,0,2,1,0.000,71579,81274,3.044,4.400,13.394
35251,0,2,1,0.000,69884,79133,3.048,4.300,13.106
35291,0,2,1,0.000,68691,77690,3.048,4.300,13.106
35331,0,2,1,0.000,67435,76125,3.048,4.300,13.106
35371,0,2,1,0.000,66824,75103,3.048,4.600,14.021
35411,0,2,1,0.000,68703,76588,3.048,4.600,14.021
35451,0,2,1,0.000,71242,79240,3.044,4.500,13.698
35491,0,2,1,0.000,72357,81350,3.044,4.500,13.698
35531,0,2,1,0.000,72540,81803,3.044,4.500,13.698
35571,0,2,1,0.000,72815,82101,3.048,4.500,13.716
35611,0,2,1,0.000,73425,83213,3.048,4.500,13.716
35651,0,2,1,0.000,73883,84065,3.044,4.700,14.307
35691,0,2,1,0.000,71652,80285,3.044,4.700,14.307
35731,0,2,1,0.000,65127,71652,3.044,4.700,14.307
35771,0,2,1,0.000,57879,61893,3.044,4.500,13.698
35811,0,2,1,0.000,51681,53403,3.044,4.500,13.698
35851,0,2,1,0.000,46454,46127,3.044,4.400,13.394
35891,0,2,1,0.000,40766,38628,3.044,4.400,13.394
35931,0,2,1,0.000,34521,31148,3.044,4.400,13.394
35971,0,2,1,0.000,29413,25020,3.044,4.400,13.394
36011,0,2,1,0.000,26787,22022,3.044,4.400,13.394
36051,0,2,1,0.000,26846,22221,3.048,4.500,13.716
36091,0,2,1,0.000,28757,24577,3.048,4.500,13.716
36131,0,2,1,0.000,30937,27289,3.048,4.500,13.716
36171,0,2,1,0.000,32236,29024,3.044,4.400,13.394
36211,0,2,1,0.000,33991,31245,3.044,4.400,13.394
36251,0,2,1,0.000,41120,39876,3.044,4.400,13.394
36291,0,2,1,0.000,49889,49659,3.044,4.400,13.394
36331,0,2,1,0.000,57975,56660,3.044,4.400,13.394
36371,0,2,1,0.000,64546,65850,3.044,4.800,14.611
36411,0,2,1,0.000,68032,74831,3.044,4.800,14.611
36451,0,2,1,0.000,71117,79775,3.044,4.400,13.394
36491,0,2,1,0.000,72016,81011,3.044,4.400,13.394
36531,0,2,1,0.000,73051,82164,3.044,4.400,13.394
36571,0,2,1,0.000,74517,84461,3.044,4.700,14.307
36611,0,2,1,0.000,75726,86192,3.044,4.700,14.307
36651,0,2,1,0.000,74201,83410,3.044,4.600,14.002
36691,0,2,1,0.000,69224,76232,3.044,4.600,14.002
36731,0,2,1,0.000,64648,69157,3.044,4.600,14.002
36771,0,2,1,0.000,62216,66006,3.044,4.700,14.307
36811,0,2,1,0.000,65149,69516,3.044,4.700,14.307
36851,0,2,1,0.000,75892,81912,3.044,4.600,14.002
36891,0,2,1,0.000,74251,81119,3.044,4.600,14.002
36931,0,2,1,0.000,70722,78188,3.044,4.600,14.002
36971,0,2,1,0.000,70079,76964,3.040,4.600,13.984
37011,0,2,1,0.000,69351,75659,3.040,4.600,13.984
37051,0,2,1,0.000,66603,72220,3.044,4.700,14.307
37091,0,2,1,0.000,64484,69307,3.044,4.700,14.307
37131,0,2,1,0.000,65461,70552,3.044,4.700,14.307
37171,0,2,1,0.000,67741,72841,3.228,4.700,15.172
37211,0,2,1,0.000,65467,71066,3.228,4.700,15.172
37251,0,2,1,0.000,54445,54809,3.184,4.500,14.328
37291,0,2,1,0.000,40486,35403,3.184,4.500,14.328
37331,0,2,1,0.000,30315,23699,3.184,4.500,14.328
37371,0,2,1,0.000,28571,21747,3.176,4.600,14.610
37411,0,2,1,0.000,40556,33697,3.176,4.600,14.610
37451,0,2,1,0.000,66485,56920,3.176,4.500,14.292
37491,0,2,1,0.000,68440,60793,3.176,4.500,14.292
37531,0,2,1,0.000,68730,70401,3.176,4.500,14.292
37571,0,2,1,0.000,69730,75920,3.120,4.600,14.352
37611,0,2,1,0.000,67920,74279,3.120,4.600,14.352
37651,0,2,1,0.000,66119,72027,3.152,4.500,14.184
37691,0,2,1,0.000,65429,70651,3.152,4.500,14.184
37731,0,2,1,0.000,65938,71647,3.152,4.500,14.184
37771,0,2,1,0.000,68147,74880,3.164,4.800,15.187
37812,0,2,1,0.000,69664,77009,3.164,4.800,15.187
37851,0,2,1,0.000,71503,79663,3.148,4.600,14.481
37892,0,2,1,0.000,73581,82614,3.148,4.600,14.481
37931,0,2,1,0.000,74999,85299,3.148,4.600,14.481
37971,0,2,1,0.000,75466,86505,3.156,4.600,14.518
38011,0,2,1,0.000,75229,86278,3.156,4.600,14.518
38051,0,2,1,0.000,74670,85203,3.156,4.500,14.202
38091,0,2,1,0.000,73957,83820,3.156,4.500,14.202
38131,0,2,1,0.000,74343,84433,3.156,4.500,14.202
38172,0,2,1,0.000,76038,87212,3.156,4.200,13.255
38211,0,2,1,0.000,76408,88263,3.156,4.200,13.255
38252,0,2,1,0.000,76255,88112,3.156,4.800,15.149
38291,0,2,1,0.000,75871,87420,3.156,4.800,15.149
38331,0,2,1,0.000,75268,86255,3.156,4.800,15.149
38372,0,2,1,0.000,74304,84348,3.156,4.700,14.833
38411,0,2,1,0.000,73805,83264,3.156,4.700,14.833
38452,0,2,1,0.000,73820,83016,3.160,4.600,14.536
38491,0,2,1,0.000,73351,81960,3.160,4.600,14.536
38531,0,2,1,0.000,74050,83165,3.160,4.600,14.536
38572,0,2,1,0.000,74362,83943,3.160,4.600,14.536
38611,0,2,1,0.000,73784,83148,3.160,4.600,14.536
38652,0,2,1,0.000,73379,82500,3.164,4.400,13.922
38691,0,2,1,0.000,72796,81399,3.164,4.400,13.922
38732,0,2,1,0.000,72571,80696,3.164,4.400,13.922
38772,0,2,1,0.000,63574,67844,3.172,4.400,13.957
38811,0,2,1,0.000,49780,47554,3.172,4.400,13.957
38852,0,2,1,0.000,44166,37391,3.172,4.500,14.274
38891,0,2,1,0.000,38533,30624,3.172,4.500,14.274
38932,0,2,1,0.000,42929,35397,3.172,4.500,14.274
38971,0,2,1,0.000,66653,58622,3.024,4.400,13.306
39012,0,2,1,0.000,69734,62888,3.024,4.400,13.306
39052,0,2,1,0.000,56427,51856,3.028,4.500,13.626
39092,0,2,1,0.000,45002,40748,3.028,4.500,13.626
39132,0,2,1,0.000,45011,40923,3.028,4.500,13.626
39171,0,2,1,0.000,48307,47801,3.052,4.600,14.039
39212,0,2,1,0.000,48867,48643,3.052,4.600,14.039
39251,0,2,1,0.000,51810,51733,2.996,4.600,13.782
39292,0,2,1,0.000,61348,60658,2.996,4.600,13.782
39332,0,2,1,0.000,63697,59418,2.996,4.600,13.782
39372,0,2,1,0.000,30791,30936,3.028,4.500,13.626
39412,0,2,1,0.000,11740,14077,3.028,4.500,13.626
39452,0,2,1,0.000,42035,37832,3.164,4.600,14.554
39492,0,2,1,0.000,69417,76207,3.164,4.600,14.554
39532,0,2,1,0.000,64733,62630,3.164,4.600,14.554
39572,0,2,1,0.000,20387,21694,3.124,4.500,14.058
39612,0,2,1,0.000,8971,11377,3.124,4.500,14.058
39652,0,2,1,0.000,16089,17642,3.096,4.700,14.551
39692,0,2,1,0.000,49773,48660,3.096,4.700,14.551
39732,0,2,1,0.000,64255,69066,3.096,4.700,14.551
39772,0,2,1,0.000,63554,66157,3.156,4.600,14.518
39812,0,2,1,0.000,41382,39374,3.156,4.600,14.518
39852,0,2,1,0.000,42461,41750,2.880,4.500,12.960
39892,0,2,1,0.000,71945,81202,2.880,4.500,12.960
39932,0,2,1,0.000,74533,85572,2.880,4.500,12.960
39972,0,2,1,0.000,74000,82246,3.044,4.600,14.002
40012,0,2,1,0.000,28319,28461,3.044,4.600,14.002
40052,0,2,1,0.000,3015,4280,3.040,4.900,14.896
40092,0,2,1,0.000,1892,2712,3.040,4.900,14.896
40132,0,2,1,0.000,3012,4062,3.040,4.900,14.896
40172,0,2,1,0.000,29374,29752,2.936,4.400,12.918
40212,0,2,1,0.000,72745,80736,2.936,4.400,12.918
40252,0,2,1,0.000,64963,68222,3.048,4.500,13.716
40292,0,2,1,0.000,13977,15565,3.048,4.500,13.716
40332,0,2,1,0.000,8657,10157,3.048,4.500,13.716
40372,0,2,1,0.000,47220,46461,2.956,4.900,14.484
40412,0,2,1,0.000,76967,89358,2.956,4.900,14.484
40452,0,2,1,0.000,77726,91166,2.872,4.600,13.211
40492,0,2,1,0.000,69803,76259,2.872,4.600,13.211
40532,0,2,1,0.000,8508,10656,2.872,4.600,13.211
40572,0,2,1,0.000,2371,3377,2.908,4.700,13.668
40612,0,2,1,0.000,2831,3880,2.908,4.700,13.668
40652,0,2,1,0.000,17323,18582,3.048,4.600,14.021
40692,0,2,1,0.000,69249,74519,3.048,4.600,14.021
40732,0,2,1,0.000,73100,83091,3.048,4.600,14.021
40772,0,2,1,0.000,73431,84045,3.132,4.700,14.720
40812,0,2,1,0.000,73129,81433,3.132,4.700,14.720
40852,0,2,1,0.000,59624,55681,3.140,4.400,13.816
40892,0,2,1,0.000,58909,56096,3.140,4.400,13.816
40932,0,2,1,0.000,77182,88752,3.140,4.400,13.816
40972,0,2,1,0.000,79295,93067,3.088,4.500,13.896
41012,0,2,1,0.000,78573,87790,3.088,4.500,13.896
41052,0,2,1,0.000,26957,26491,3.088,4.700,14.514
41092,0,2,1,0.000,4193,5446,3.088,4.700,14.514
41132,0,2,1,0.000,3620,4758,3.088,4.700,14.514
41172,0,2,1,0.000,10971,12271,3.092,4.500,13.914
41212,0,2,1,0.000,60331,63330,3.092,4.500,13.914
41252,0,2,1,0.000,74151,85209,3.088,4.500,13.896
41292,0,2,1,0.000,74581,86456,3.088,4.500,13.896
41332,0,2,1,0.000,74368,86064,3.088,4.500,13.896
41372,0,2,1,0.000,74286,80589,3.000,4.600,13.800
41412,0,2,1,0.000,63354,59630,3.000,4.600,13.800
41452,0,2,1,0.000,55224,52385,3.024,4.400,13.306
41492,0,2,1,0.000,71040,71527,3.024,4.400,13.306
41532,0,2,1,0.000,75196,85872,3.024,4.400,13.306
41572,0,2,1,0.000,75863,87706,3.140,4.500,14.130
41612,0,2,1,0.000,67730,72140,3.140,4.500,14.130
41652,0,2,1,0.000,12428,14365,3.152,4.500,14.184
41692,0,2,1,0.000,5457,6884,3.152,4.500,14.184
41732,0,2,1,0.000,10940,12323,3.152,4.500,14.184
41772,0,2,1,0.000,62636,65054,3.148,4.600,14.481
41812,0,2,1,0.000,75191,87096,3.148,4.600,14.481
41852,0,2,1,0.000,75264,87588,3.144,4.600,14.462
41892,0,2,1,0.000,68656,70360,3.144,4.600,14.462
41932,0,2,1,0.000,22048,23068,3.144,4.600,14.462
41972,0,2,1,0.000,9426,11272,3.156,4.600,14.518
42012,0,2,1,0.000,5836,7299,3.156,4.600,14.518
42052,0,2,1,0.000,2612,3313,3.160,4.900,15.484
42092,0,2,1,0.000,895,1104,3.160,4.900,15.484
42132,0,2,1,0.000,759,900,3.160,4.900,15.484
42172,0,2,1,0.000,1405,1790,3.156,4.500,14.202
42212,0,2,1,0.000,54472,57959,3.156,4.500,14.202
42252,0,2,1,0.000,75724,88263,3.100,4.600,14.260
42292,0,2,1,0.000,75603,88327,3.100,4.600,14.260
42332,0,2,1,0.000,44878,44385,3.100,4.600,14.260
42372,0,2,1,0.000,4034,5312,3.144,4.600,14.462
42412,0,2,1,0.000,2141,3086,3.144,4.600,14.462
42452,0,2,1,0.000,2148,3043,3.148,4.600,14.481
42492,0,2,1,0.000,2191,3037,3.148,4.600,14.481
42532,0,2,1,0.000,2269,3122,3.148,4.600,14.481
42572,0,2,1,0.000,2447,3301,3.148,4.200,13.222
42612,0,2,1,0.000,2623,3534,3.148,4.200,13.222
42653,0,2,1,0.000,2870,3792,3.148,4.600,14.481
42692,0,2,1,0.000,3829,4874,3.148,4.600,14.481
42732,0,2,1,0.000,6903,8154,3.148,4.600,14.481
42773,0,2,1,0.000,3499,4287,3.152,4.400,13.869
42812,0,2,1,0.000,1021,1324,3.152,4.400,13.869
42853,0,2,1,0.000,1448,1887,3.168,4.700,14.890
42892,0,2,1,0.000,39008,39510,3.168,4.700,14.890
42932,0,2,1,0.000,75899,88477,3.168,4.700,14.890
42973,0,2,1,0.000,76211,87079,3.076,4.500,13.842
43012,0,2,1,0.000,31182,29502,3.076,4.500,13.842
43053,0,2,1,0.000,4263,5212,3.020,4.300,12.986
43092,0,2,1,0.000,2559,3476,3.020,4.300,12.986
43132,0,2,1,0.000,3363,4582,3.020,4.300,12.986
43173,0,2,1,0.000,42434,43455,3.008,4.400,13.235
43212,0,2,1,0.000,73756,84347,3.008,4.400,13.235
43253,0,2,1,0.000,74969,84784,2.988,4.600,13.745
43292,0,2,1,0.000,49121,48203,2.988,4.600,13.745
43332,0,2,1,0.000,5725,7387,2.988,4.600,13.745
43373,0,2,1,0.000,6897,8720,3.032,4.400,13.341
43412,0,2,1,0.000,60844,63390,3.032,4.400,13.341
43453,0,2,1,0.000,75805,85834,3.224,4.400,14.186
43492,0,2,1,0.000,53829,56720,3.224,4.400,14.186
43533,0,2,1,0.000,3804,5197,3.224,4.400,14.186
43573,0,2,1,0.000,1690,2449,3.204,4.600,14.738
43612,0,2,1,0.000,1246,1806,3.204,4.600,14.738
43653,0,2,1,0.000,1148,1656,3.152,4.600,14.499
43692,0,2,1,0.000,1336,1898,3.152,4.600,14.499
43733,0,2,1,0.000,3121,3997,3.152,4.600,14.499
43773,0,2,1,0.000,48266,47577,3.152,4.400,13.869
43813,0,2,1,0.000,75378,86386,3.152,4.400,13.869
43853,0,2,1,0.000,75679,86997,3.144,4.500,14.148
43893,0,2,1,0.000,71085,74411,3.144,4.500,14.148
43933,0,2,1,0.000,13679,14571,3.144,4.500,14.148
43973,0,2,1,0.000,3066,3849,3.176,4.700,14.927
44013,0,2,1,0.000,2219,2792,3.176,4.700,14.927
44053,0,2,1,0.000,7951,9094,3.160,4.600,14.536
44093,0,2,1,0.000,70389,76088,3.160,4.600,14.536
44133,0,2,1,0.000,75154,87055,3.160,4.600,14.536
44173,0,2,1,0.000,74999,87058,3.216,4.600,14.794
44213,0,2,1,0.000,48246,47126,3.216,4.600,14.794
44253,0,2,1,0.000,4702,5564,3.180,4.500,14.310
44293,0,2,1,0.000,6770,7793,3.180,4.500,14.310
44333,0,2,1,0.000,63833,66226,3.180,4.500,14.310
44373,0,2,1,0.000,78931,93376,3.212,4.700,15.096
44413,0,2,1,0.000,78088,91285,3.212,4.700,15.096
44453,0,2,1,0.000,35308,36993,3.208,4.300,13.794
44493,0,2,1,0.000,3219,4198,3.208,4.300,13.794
44533,0,2,1,0.000,2294,3160,3.208,4.300,13.794
44573,0,2,1,0.000,2522,3378,3.184,4.600,14.646
44613,0,2,1,0.000,12425,14138,3.184,4.600,14.646
44653,0,2,1,0.000,70234,76154,3.208,4.400,14.115
44693,0,2,1,0.000,74809,86991,3.208,4.400,14.115
44733,0,2,1,0.000,75122,87836,3.208,4.400,14.115
44773,0,2,1,0.000,66357,74098,3.228,4.500,14.526
44813,0,2,1,0.000,7000,7995,3.228,4.500,14.526
44853,0,2,1,0.000,3143,3808,3.172,4.400,13.957
44893,0,2,1,0.000,43714,43676,3.172,4.400,13.957
44933,0,2,1,0.000,78823,92437,3.172,4.400,13.957
44973,0,2,1,0.000,79232,90166,3.172,4.400,13.957
45013,0,2,1,0.000,17457,17586,3.172,4.400,13.957
45053,0,2,1,0.000,1617,2104,3.184,4.700,14.965
45093,0,2,1,0.000,1561,1975,3.184,4.700,14.965
45133,0,2,1,0.000,3135,3897,3.184,4.700,14.965
45173,0,2,1,0.000,48240,48242,3.196,4.800,15.341
45213,0,2,1,0.000,75250,87063,3.196,4.800,15.341
45253,0,2,1,0.000,75688,88050,3.140,4.400,13.816
45293,0,2,1,0.000,74859,80275,3.140,4.400,13.816
45333,0,2,1,0.000,23126,25618,3.140,4.400,13.816
45373,0,2,1,0.000,9951,12010,3.108,4.500,13.986
45413,0,2,1,0.000,59988,62848,3.108,4.500,13.986
45453,0,2,1,0.000,76016,87384,2.984,4.700,14.025
45493,0,2,1,0.000,75896,87804,2.984,4.700,14.025
45533,0,2,1,0.000,42739,43749,2.984,4.700,14.025
45573,0,2,1,0.000,2726,3874,3.160,4.600,14.536
45613,0,2,1,0.000,1767,2590,3.160,4.600,14.536
45653,0,2,1,0.000,2313,3291,3.152,4.500,14.184
45693,0,2,1,0.000,20786,21555,3.152,4.500,14.184
45733,0,2,1,0.000,72525,80552,3.152,4.500,14.184
45773,0,2,1,0.000,73487,84092,3.120,4.500,14.040
45813,0,2,1,0.000,73100,83662,3.120,4.500,14.040
45853,0,2,1,0.000,50294,50738,3.112,4.700,14.626
45893,0,2,1,0.000,8693,11294,3.112,4.700,14.626
45933,0,2,1,0.000,44541,45708,3.112,4.700,14.626
45973,0,2,1,0.000,74853,86318,3.100,4.500,13.950
46013,0,2,1,0.000,74859,86684,3.100,4.500,13.950
46053,0,2,1,0.000,50896,56133,3.104,4.400,13.658
46093,0,2,1,0.000,3886,5292,3.104,4.400,13.658
46133,0,2,1,0.000,1745,2404,3.104,4.400,13.658
46173,0,2,1,0.000,1691,2267,3.100,4.600,14.260
46213,0,2,1,0.000,3523,4499,3.100,4.600,14.260
46253,0,2,1,0.000,31795,32038,3.132,4.600,14.407
46293,0,2,1,0.000,74060,82945,3.132,4.600,14.407
46333,0,2,1,0.000,74706,86890,3.132,4.600,14.407
46373,0,2,1,0.000,74702,83745,3.092,4.600,14.223
46413,0,2,1,0.000,27406,27583,3.092,4.600,14.223
46453,0,2,1,0.000,5668,7079,3.044,4.400,13.394
46493,0,2,1,0.000,27065,27460,3.044,4.400,13.394
46533,0,2,1,0.000,75828,84928,3.044,4.400,13.394
46573,0,2,1,0.000,76349,89402,3.068,4.600,14.113
46613,0,2,1,0.000,72343,79424,3.068,4.600,14.113
46653,0,2,1,0.000,11879,12891,3.064,4.400,13.482
46693,0,2,1,0.000,1802,2428,3.064,4.400,13.482
46733,0,2,1,0.000,1650,2172,3.064,4.400,13.482
46773,0,2,1,0.000,2626,3255,3.072,4.200,12.902
46813,0,2,1,0.000,7516,8347,3.072,4.200,12.902
46853,0,2,1,0.000,58152,59913,3.084,4.500,13.878
46893,0,2,1,0.000,76406,89370,3.084,4.500,13.878
46933,0,2,1,0.000,76587,90228,3.084,4.500,13.878
46973,0,2,1,0.000,46852,47968,3.088,4.500,13.896
47013,0,2,1,0.000,3092,3973,3.088,4.500,13.896
47053,0,2,1,0.000,2255,2876,3.080,4.500,13.860
47093,0,2,1,0.000,27832,28353,3.080,4.500,13.860
47133,0,2,1,0.000,77421,87015,3.080,4.500,13.860
47173,0,2,1,0.000,78462,91909,2.976,4.500,13.392
47213,0,2,1,0.000,64534,73366,2.976,4.500,13.392
47253,0,2,1,0.000,4352,5251,2.984,4.500,13.428
47293,0,2,1,0.000,1494,1928,2.984,4.500,13.428
47333,0,2,1,0.000,1115,1481,2.984,4.500,13.428
47373,0,2,1,0.000,1544,2014,2.980,4.700,14.006
47413,0,2,1,0.000,20982,22220,2.980,4.700,14.006
47453,0,2,1,0.000,74083,83262,3.000,4.800,14.400
47493,0,2,1,0.000,74759,87429,3.000,4.800,14.400
47533,0,2,1,0.000,63208,71590,3.000,4.800,14.400
47573,0,2,1,0.000,7081,7429,3.036,4.600,13.966
47613,0,2,1,0.000,6118,7433,3.036,4.600,13.966
47653,0,2,1,0.000,64755,66813,3.048,4.700,14.326
47693,0,2,1,0.000,76533,88162,3.048,4.700,14.326
47734,0,2,1,0.000,76674,84490,3.048,4.700,14.326
47773,0,2,1,0.000,17615,20161,3.100,4.500,13.950
47814,0,2,1,0.000,2312,3235,3.100,4.500,13.950
47853,0,2,1,0.000,3184,4189,3.080,4.600,14.168
47893,0,2,1,0.000,13984,15129,3.080,4.600,14.168
47934,0,2,1,0.000,69854,74900,3.080,4.600,14.168
47973,0,2,1,0.000,75887,87973,3.016,4.800,14.477
48014,0,2,1,0.000,74985,86455,3.016,4.800,14.477
48053,0,2,1,0.000,30088,33582,3.028,4.300,13.020
48094,0,2,1,0.000,2286,3018,3.028,4.300,13.020
48134,0,2,1,0.000,12773,13147,3.028,4.300,13.020
48173,0,2,1,0.000,71676,77854,3.040,4.600,13.984
48214,0,2,1,0.000,77133,90033,3.040,4.600,13.984
48253,0,2,1,0.000,76714,89598,3.044,4.500,13.698
48294,0,2,1,0.000,45053,45736,3.044,4.500,13.698
48334,0,2,1,0.000,3234,4236,3.044,4.500,13.698
48374,0,2,1,0.000,1764,2426,3.040,4.700,14.288
48414,0,2,1,0.000,1852,2572,3.040,4.700,14.288
48454,0,2,1,0.000,15408,16672,3.036,4.800,14.573
48494,0,2,1,0.000,70663,77005,3.036,4.800,14.573
48533,0,2,1,0.000,75142,88080,3.036,4.800,14.573
48574,0,2,1,0.000,72113,79369,3.064,4.700,14.401
48614,0,2,1,0.000,12351,13246,3.064,4.700,14.401
48654,0,2,1,0.000,2552,3081,3.076,4.500,13.842
48694,0,2,1,0.000,23744,23847,3.076,4.500,13.842
48734,0,2,1,0.000,77462,86985,3.076,4.500,13.842
48774,0,2,1,0.000,78830,92109,3.080,4.500,13.860
48814,0,2,1,0.000,64430,72603,3.080,4.500,13.860
48854,0,2,1,0.000,4710,5769,3.080,4.500,13.860
48893,0,2,1,0.000,1595,2139,3.080,4.500,13.860
48934,0,2,1,0.000,2823,3531,3.080,4.500,13.860
48974,0,2,1,0.000,46723,46428,3.076,4.400,13.534
49014,0,2,1,0.000,76071,88854,3.076,4.400,13.534
49054,0,2,1,0.000,76194,89423,3.060,4.800,14.688
49094,0,2,1,0.000,47382,53321,3.060,4.800,14.688
49134,0,2,1,0.000,5853,7250,3.060,4.800,14.688
49174,0,2,1,0.000,45263,45770,3.052,4.500,13.734
49214,0,2,1,0.000,75084,87483,3.052,4.500,13.734
49254,0,2,1,0.000,73945,81290,3.056,4.500,13.752
49294,0,2,1,0.000,14479,20266,3.056,4.500,13.752
49334,0,2,1,0.000,29337,30689,3.056,4.500,13.752
49374,0,2,1,0.000,75612,84346,3.064,4.800,14.707
49414,0,2,1,0.000,68288,71748,3.064,4.800,14.707
49454,0,2,1,0.000,11409,13643,3.064,4.500,13.788
49494,0,2,1,0.000,41568,42857,3.064,4.500,13.788
49534,0,2,1,0.000,76133,87788,3.064,4.500,13.788
49574,0,2,1,0.000,52562,55241,3.060,4.600,14.076
49614,0,2,1,0.000,4950,6414,3.060,4.600,14.076
49654,0,2,1,0.000,41783,42913,3.064,4.600,14.094
49694,0,2,1,0.000,73909,83739,3.064,4.600,14.094
49734,0,2,1,0.000,29757,32984,3.064,4.600,14.094
49774,0,2,1,0.000,1786,2398,3.064,4.500,13.788
49814,0,2,1,0.000,38966,40031,3.064,4.500,13.788
49854,0,2,1,0.000,74080,84444,3.060,4.500,13.770
49894,0,2,1,0.000,42096,38356,3.060,4.500,13.770
49934,0,2,1,0.000,6100,7302,3.060,4.500,13.770
49974,0,2,1,0.000,70159,74936,3.060,4.300,13.158
50014,0,2,1,0.000,74361,84277,3.060,4.300,13.158
50054,0,2,1,0.000,30924,34760,3.072,4.400,13.517
50094,0,2,1,0.000,2551,3386,3.072,4.400,13.517
50134,0,2,1,0.000,55974,59462,3.072,4.400,13.517
50174,0,2,1,0.000,76966,86461,3.072,4.200,12.902
50214,0,2,1,0.000,26634,26073,3.072,4.200,12.902
50254,0,2,1,0.000,6386,8584,3.084,4.600,14.186
50294,0,2,1,0.000,70947,76903,3.084,4.600,14.186
50334,0,2,1,0.000,72814,80496,3.084,4.600,14.186
50374,0,2,1,0.000,12429,18323,3.080,4.700,14.476
50414,0,2,1,0.000,17976,19633,3.080,4.700,14.476
50454,0,2,1,0.000,70360,76268,3.072,4.500,13.824
50494,0,2,1,0.000,72699,78340,3.072,4.500,13.824
50534,0,2,1,0.000,28050,29156,3.072,4.500,13.824
50574,0,2,1,0.000,37255,36181,3.076,4.500,13.842
50614,0,2,1,0.000,62442,59318,3.076,4.500,13.842
50654,0,2,1,0.000,39422,36487,3.072,4.600,14.131
50694,0,2,1,0.000,63582,64794,3.072,4.600,14.131
50734,0,2,1,0.000,72887,82667,3.072,4.600,14.131
50774,0,2,1,0.000,72837,82480,2.936,4.800,14.093
50814,0,2,1,0.000,67064,72083,2.936,4.800,14.093
50854,0,2,1,0.000,67120,73321,2.996,4.500,13.482
50894,0,2,1,0.000,71127,80035,2.996,4.500,13.482
50934,0,2,1,0.000,69064,76737,2.996,4.500,13.482
50974,0,2,1,0.000,67687,70888,2.956,4.700,13.893
51014,0,2,1,0.000,67646,73179,2.956,4.700,13.893
51054,0,2,1,0.000,68515,68060,2.968,4.400,13.059
51094,0,2,1,0.000,64928,61503,2.968,4.400,13.059
51134,0,2,1,0.000,63761,68610,2.968,4.400,13.059
51174,0,2,1,0.000,64949,71336,2.960,4.500,13.320
51214,0,2,1,0.000,63958,69801,2.960,4.500,13.320
51254,0,2,1,0.000,65204,66608,2.988,4.500,13.446
51294,0,2,1,0.000,61064,56964,2.988,4.500,13.446
51334,0,2,1,0.000,59057,57764,2.988,4.500,13.446
51374,0,2,1,0.000,65358,71639,3.020,4.500,13.590
51414,0,2,1,0.000,68549,76168,3.020,4.500,13.590
51454,0,2,1,0.000,69467,77800,3.092,4.300,13.296
51494,0,2,1,0.000,68705,76575,3.092,4.300,13.296
51534,0,2,1,0.000,66890,74088,3.092,4.300,13.296
51574,0,2,1,0.000,57550,53620,3.180,4.800,15.264
51614,0,2,1,0.000,66523,67817,3.180,4.800,15.264
51654,0,2,1,0.000,69836,74524,2.928,4.700,13.762
51694,0,2,1,0.000,73478,82262,2.928,4.700,13.762
51734,0,2,1,0.000,72657,79500,2.928,4.700,13.762
51774,0,2,1,0.000,57051,48630,2.888,4.600,13.285
51814,0,2,1,0.000,15803,8978,2.888,4.600,13.285
51854,0,2,1,0.000,8552,3989,2.972,4.500,13.374
51894,0,2,1,0.000,5896,2503,2.972,4.500,13.374
51934,0,2,1,0.000,2370,1092,2.972,4.500,13.374
51974,0,2,1,0.000,2673,1232,3.088,4.600,14.205
52014,0,2,1,0.000,18559,12676,3.088,4.600,14.205
52054,0,2,1,0.000,37983,30233,3.004,4.800,14.419
52094,0,2,1,0.000,35728,37356,3.004,4.800,14.419
52134,0,2,1,0.000,49527,43694,3.004,4.800,14.419
52174,0,2,1,0.000,67564,72765,2.972,4.600,13.671
52214,0,2,1,0.000,71262,71362,2.972,4.600,13.671
52254,0,2,1,0.000,48314,45887,2.948,4.500,13.266
52294,0,2,1,0.000,19388,20935,2.948,4.500,13.266
52334,0,2,1,0.000,29227,23696,2.948,4.500,13.266
52374,0,2,1,0.000,30398,25712,3.124,4.800,14.995
52414,0,2,1,0.000,35308,31532,3.124,4.800,14.995
52454,0,2,1,0.000,52109,51103,3.156,4.400,13.886
52494,0,2,1,0.000,67209,63179,3.156,4.400,13.886
52534,0,2,1,0.000,73452,80605,3.156,4.400,13.886
52574,0,2,1,0.000,48191,43043,3.080,4.500,13.860
52614,0,2,1,0.000,62685,64035,3.080,4.500,13.860
52654,0,2,1,0.000,72484,79172,3.180,4.800,15.264
52694,0,2,1,0.000,62270,63016,3.180,4.800,15.264
52734,0,2,1,0.000,70910,73017,3.180,4.800,15.264
52774,0,2,1,0.000,58574,49138,3.212,4.700,15.096
52814,0,2,1,0.000,72007,75154,3.212,4.700,15.096
52854,0,2,1,0.000,42020,39949,3.208,4.600,14.757
52894,0,2,1,0.000,57760,61455,3.208,4.600,14.757
52934,0,2,1,0.000,53218,52881,3.208,4.600,14.757
52974,0,2,1,0.000,46522,43517,3.220,4.500,14.490
53014,0,2,1,0.000,64904,69173,3.220,4.500,14.490
53054,0,2,1,0.000,53796,48477,3.212,4.600,14.775
53094,0,2,1,0.000,66604,70717,3.212,4.600,14.775
53134,0,2,1,0.000,68390,75027,3.212,4.600,14.775
53174,0,2,1,0.000,67256,72968,3.196,4.800,15.341
53214,0,2,1,0.000,68633,74383,3.196,4.800,15.341
53254,0,2,1,0.000,64826,62997,3.200,4.500,14.400
53294,0,2,1,0.000,72213,80357,3.200,4.500,14.400
53334,0,2,1,0.000,72870,81338,3.200,4.500,14.400
53374,0,2,1,0.000,59522,56567,3.212,4.500,14.454
53414,0,2,1,0.000,66903,71627,3.212,4.500,14.454
53454,0,2,1,0.000,66190,71094,3.204,4.400,14.098
53494,0,2,1,0.000,65870,69683,3.204,4.400,14.098
53535,0,2,1,0.000,69570,72514,3.204,4.400,14.098
53574,0,2,1,0.000,66467,60502,3.208,4.500,14.436
53615,0,2,1,0.000,72625,79300,3.208,4.500,14.436
53654,0,2,1,0.000,74600,84087,3.208,4.200,13.474
53695,0,2,1,0.000,74848,85131,3.208,4.200,13.474
53734,0,2,1,0.000,76266,86624,3.208,4.200,13.474
53774,0,2,1,0.000,75858,87513,3.212,4.400,14.133
53815,0,2,1,0.000,70845,76375,3.212,4.400,14.133
53854,0,2,1,0.000,69402,75870,3.204,4.400,14.098
53895,0,2,1,0.000,72473,80319,3.204,4.400,14.098
53934,0,2,1,0.000,71985,79521,3.204,4.400,14.098
53975,0,2,1,0.000,71837,79904,3.216,4.300,13.829
54014,0,2,1,0.000,73197,79459,3.216,4.300,13.829
54055,0,2,1,0.000,72564,66225,3.216,4.400,14.150
54095,0,2,1,0.000,71611,77294,3.216,4.400,14.150
54134,0,2,1,0.000,70328,70945,3.216,4.400,14.150
54175,0,2,1,0.000,67805,70086,3.192,4.700,15.002
54214,0,2,1,0.000,70120,78524,3.192,4.700,15.002
54255,0,2,1,0.000,71885,81382,3.196,4.700,15.021
54295,0,2,1,0.000,71186,80466,3.196,4.700,15.021
54334,0,2,1,0.000,70406,77370,3.196,4.700,15.021
54375,0,2,1,0.000,72511,79997,3.200,4.500,14.400
54414,0,2,1,0.000,74481,83764,3.200,4.500,14.400
54455,0,2,1,0.000,75437,85558,3.196,4.700,15.021
54494,0,2,1,0.000,74642,84128,3.196,4.700,15.021
54535,0,2,1,0.000,72947,82111,3.196,4.700,15.021
54575,0,2,1,0.000,59892,63529,3.188,4.700,14.984
54615,0,2,1,0.000,56340,60248,3.188,4.700,14.984
54655,0,2,1,0.000,59449,59939,3.184,4.500,14.328
54695,0,2,1,0.000,55179,47730,3.184,4.500,14.328
54735,0,2,1,0.000,70810,72830,3.184,4.500,14.328
54774,0,2,1,0.000,72001,65935,3.200,4.800,15.360
54815,0,2,1,0.000,72501,80540,3.200,4.800,15.360
54854,0,2,1,0.000,70976,78443,3.208,4.300,13.794
54895,0,2,1,0.000,66037,71670,3.208,4.300,13.794
54935,0,2,1,0.000,59295,63301,3.208,4.300,13.794
54975,0,2,1,0.000,53323,56036,3.212,4.400,14.133
55015,0,2,1,0.000,59705,64767,3.212,4.400,14.133
55055,0,2,1,0.000,61079,66755,3.204,4.400,14.098
55095,0,2,1,0.000,61300,67064,3.204,4.400,14.098
55135,0,2,1,0.000,68045,76028,3.204,4.400,14.098
55175,0,2,1,0.000,72152,81860,3.208,4.600,14.757
55215,0,2,1,0.000,72234,82291,3.208,4.600,14.757
55255,0,2,1,0.000,70846,80411,3.208,4.600,14.757
55295,0,2,1,0.000,72605,81547,3.208,4.600,14.757
55335,0,2,1,0.000,76718,89042,3.208,4.600,14.757
55375,0,2,1,0.000,76875,86921,3.208,4.600,14.757
55415,0,2,1,0.000,43334,41323,3.208,4.600,14.757
55455,0,2,1,0.000,29938,24757,3.212,4.600,14.775
55495,0,2,1,0.000,55023,50276,3.212,4.600,14.775
55535,0,2,1,0.000,65620,71690,3.212,4.600,14.775
55575,0,2,1,0.000,71307,82615,3.212,4.700,15.096
55615,0,2,1,0.000,73433,83683,3.212,4.700,15.096
55655,0,2,1,0.000,73062,83268,3.208,4.600,14.757
55695,0,2,1,0.000,76576,80145,3.208,4.600,14.757
55735,0,2,1,0.000,71605,71404,3.208,4.600,14.757
55775,0,2,1,0.000,76262,85058,3.208,4.700,15.078
55815,0,2,1,0.000,74965,84587,3.208,4.700,15.078
55855,0,2,1,0.000,65747,72297,3.208,4.700,15.078
55895,0,2,1,0.000,34270,33434,3.208,4.700,15.078
55935,0,2,1,0.000,20304,19338,3.208,4.700,15.078
55975,0,2,1,0.000,25108,23595,3.212,4.500,14.454
56015,0,2,1,0.000,58185,60486,3.212,4.500,14.454
56055,0,2,1,0.000,78418,90702,3.216,4.600,14.794
56095,0,2,1,0.000,81102,94259,3.216,4.600,14.794
56135,0,2,1,0.000,75341,84843,3.216,4.600,14.794
56175,0,2,1,0.000,68175,74124,3.216,4.500,14.472
56215,0,2,1,0.000,62750,66755,3.216,4.500,14.472
56255,0,2,1,0.000,61751,63926,3.212,4.700,15.096
56295,0,2,1,0.000,63492,66693,3.212,4.700,15.096
56335,0,2,1,0.000,66378,70942,3.212,4.700,15.096
56375,0,2,1,0.000,72929,77704,3.220,4.500,14.490
56415,0,2,1,0.000,76068,76762,3.220,4.500,14.490
56455,0,2,1,0.000,70905,76905,3.224,4.700,15.153
56495,0,2,1,0.000,69182,76472,3.224,4.700,15.153
56535,0,2,1,0.000,69113,76639,3.224,4.700,15.153
56575,0,2,1,0.000,69346,77396,3.220,4.400,14.168
56615,0,2,1,0.000,64543,71370,3.220,4.400,14.168
56655,0,2,1,0.000,56072,59418,3.228,4.700,15.172
56695,0,2,1,0.000,60856,65509,3.228,4.700,15.172
56735,0,2,1,0.000,69521,76335,3.228,4.700,15.172
56775,0,2,1,0.000,76851,86148,3.220,4.300,13.846
56815,0,2,1,0.000,77358,88524,3.220,4.300,13.846
56855,0,2,1,0.000,73718,82279,3.216,4.600,14.794
56895,0,2,1,0.000,65867,68630,3.216,4.600,14.794
56935,0,2,1,0.000,59858,61265,3.216,4.600,14.794
56975,0,2,1,0.000,55783,56556,3.224,4.800,15.475
57015,0,2,1,0.000,52873,52138,3.224,4.800,15.475
57055,0,2,1,0.000,54328,53888,3.224,4.600,14.830
57095,0,2,1,0.000,56275,56458,3.224,4.600,14.830
57135,0,2,1,0.000,59614,62080,3.224,4.600,14.830
57175,0,2,1,0.000,64645,70770,3.220,4.600,14.812
57215,0,2,1,0.000,65171,71740,3.220,4.600,14.812
57255,0,2,1,0.000,66209,69738,3.220,4.400,14.168
57295,0,2,1,0.000,68593,73935,3.220,4.400,14.168
57335,0,2,1,0.000,74035,79600,3.220,4.400,14.168
57375,0,2,1,0.000,74618,74430,3.220,4.700,15.134
57415,0,2,1,0.000,62386,61135,3.220,4.700,15.134
57455,0,2,1,0.000,42368,41080,3.220,4.400,14.168
57495,0,2,1,0.000,10007,8615,3.220,4.400,14.168
57535,0,2,1,0.000,1932,2224,3.220,4.400,14.168
57575,0,2,1,0.000,1860,2129,3.220,4.200,13.524
57615,0,2,1,0.000,1828,2078,3.220,4.200,13.524
57655,0,2,1,0.000,3360,3132,3.220,4.500,14.490
57695,0,2,1,0.000,12229,9509,3.220,4.500,14.490
57735,0,2,1,0.000,37173,34867,3.220,4.500,14.490
57775,0,2,1,0.000,73756,82017,3.220,4.600,14.812
57815,0,2,1,0.000,65978,70534,3.220,4.600,14.812
57855,0,2,1,0.000,63695,67707,3.220,4.500,14.490
57895,0,2,1,0.000,62686,66945,3.220,4.500,14.490
57935,0,2,1,0.000,55083,55052,3.220,4.500,14.490
57975,0,2,1,0.000,56757,54482,3.220,4.800,15.456
58015,0,2,1,0.000,67775,68939,3.220,4.800,15.456
58055,0,2,1,0.000,72288,79191,3.220,4.500,14.490
58095,0,2,1,0.000,73790,83224,3.220,4.500,14.490
58135,0,2,1,0.000,74627,84901,3.220,4.500,14.490
58175,0,2,1,0.000,74738,85636,3.224,4.400,14.186
58215,0,2,1,0.000,74533,85353,3.224,4.400,14.186
58255,0,2,1,0.000,73921,84364,3.224,4.700,15.153
58295,0,2,1,0.000,74414,85190,3.224,4.700,15.153
58335,0,2,1,0.000,74535,85675,3.224,4.700,15.153
58375,0,2,1,0.000,74659,85890,3.224,4.500,14.508
58415,0,2,1,0.000,74933,86338,3.224,4.500,14.508
58455,0,2,1,0.000,74975,86655,3.220,4.300,13.846
58495,0,2,1,0.000,74517,85931,3.220,4.300,13.846
58535,0,2,1,0.000,74418,85847,3.220,4.300,13.846
58575,0,2,1,0.000,74049,85317,3.224,4.800,15.475
58615,0,2,1,0.000,73881,85005,3.224,4.800,15.475
58655,0,2,1,0.000,73312,84467,3.224,4.700,15.153
58695,0,2,1,0.000,71911,82122,3.224,4.700,15.153
58735,0,2,1,0.000,75821,83362,3.224,4.700,15.153
58775,0,2,1,0.000,73832,79532,3.224,4.700,15.153
58815,0,2,1,0.000,49176,47396,3.224,4.700,15.153
58855,0,2,1,0.000,34977,32702,3.228,4.600,14.849
58895,0,2,1,0.000,66622,72453,3.228,4.600,14.849
58935,0,2,1,0.000,72175,81649,3.228,4.600,14.849
58975,0,2,1,0.000,73090,82515,3.224,4.700,15.153
59015,0,2,1,0.000,79680,90105,3.224,4.700,15.153
59055,0,2,1,0.000,76171,86658,3.224,4.400,14.186
59095,0,2,1,0.000,72169,81178,3.224,4.400,14.186
59135,0,2,1,0.000,70328,77854,3.224,4.400,14.186
59175,0,2,1,0.000,67848,72718,3.224,4.500,14.508
59215,0,2,1,0.000,69396,76411,3.224,4.500,14.508
59255,0,2,1,0.000,69527,76592,3.224,4.800,15.475
59295,0,2,1,0.000,71332,78899,3.224,4.800,15.475
59336,0,2,1,0.000,68468,72396,3.224,4.800,15.475
59375,0,2,1,0.000,67273,71910,3.224,4.500,14.508
59416,0,2,1,0.000,71733,80753,3.224,4.500,14.508
59455,0,2,1,0.000,74169,84919,3.224,4.500,14.508
59496,0,2,1,0.000,74316,85616,3.224,4.500,14.508
59535,0,2,1,0.000,74121,85180,3.224,4.500,14.508
59575,0,2,1,0.000,74296,85369,3.220,4.500,14.490
59616,0,2,1,0.000,74542,86124,3.220,4.500,14.490
59655,0,2,1,0.000,75032,86145,3.224,4.500,14.508
59696,0,2,1,0.000,66352,68250,3.224,4.500,14.508
59735,0,2,1,0.000,61020,66080,3.224,4.500,14.508
59776,0,2,1,0.000,55876,58066,3.220,4.400,14.168
59816,0,2,1,0.000,49691,50158,3.220,4.400,14.168
59856,0,2,1,0.000,64957,69059,3.220,4.700,15.134
59896,0,2,1,0.000,70883,78194,3.220,4.700,15.134
59935,0,2,1,0.000,74103,81962,3.220,4.700,15.134
59976,0,2,1,0.000,72150,79453,3.220,4.600,14.812
60015,0,2,1,0.000,64384,66635,3.220,4.600,14.812
60056,0,2,1,0.000,64745,67634,3.216,4.700,15.115
60096,0,2,1,0.000,60145,61517,3.216,4.700,15.115
60135,0,2,1,0.000,54178,53356,3.216,4.700,15.115
60176,0,2,1,0.000,54911,53862,3.224,4.600,14.830
60215,0,2,1,0.000,60547,58206,3.224,4.600,14.830
60256,0,2,1,0.000,71688,67636,3.220,4.700,15.134
60295,0,2,1,0.000,69249,75069,3.220,4.700,15.134
60336,0,2,1,0.000,72715,81186,3.220,4.700,15.134
60376,0,2,1,0.000,76792,86284,3.224,4.600,14.830
60416,0,2,1,0.000,74520,82448,3.224,4.600,14.830
60456,0,2,1,0.000,70080,76558,3.224,4.400,14.186
60496,0,2,1,0.000,64230,68403,3.224,4.400,14.186
60536,0,2,1,0.000,45616,45500,3.224,4.400,14.186
60575,0,2,1,0.000,37975,36081,3.216,4.500,14.472
60616,0,2,1,0.000,43462,42759,3.216,4.500,14.472
60655,0,2,1,0.000,52488,54039,3.220,4.600,14.812
60696,0,2,1,0.000,58090,61176,3.220,4.600,14.812
60736,0,2,1,0.000,68395,73638,3.220,4.600,14.812
60776,0,2,1,0.000,70134,77809,3.224,4.800,15.475
60816,0,2,1,0.000,68126,74164,3.224,4.800,15.475
60856,0,2,1,0.000,70591,68102,3.224,4.400,14.186
60896,0,2,1,0.000,60883,53446,3.224,4.400,14.186
60936,0,2,1,0.000,72829,72763,3.224,4.400,14.186
60976,0,2,1,0.000,67167,64964,3.224,4.600,14.830
61016,0,2,1,0.000,54142,52894,3.224,4.600,14.830
61056,0,2,1,0.000,59578,56823,3.208,4.500,14.436
61096,0,2,1,0.000,74645,84167,3.208,4.500,14.436
61136,0,2,1,0.000,71078,73231,3.208,4.500,14.436
61176,0,2,1,0.000,24357,20712,3.216,4.500,14.472
61216,0,2,1,0.000,20560,18621,3.216,4.500,14.472
61256,0,2,1,0.000,72444,78477,3.216,4.400,14.150
61296,0,2,1,0.000,77045,87935,3.216,4.400,14.150
61336,0,2,1,0.000,38382,37930,3.216,4.400,14.150
61376,0,2,1,0.000,8605,9570,3.216,4.500,14.472
61416,0,2,1,0.000,60253,61957,3.216,4.500,14.472
61456,0,2,1,0.000,76349,87010,3.220,4.700,15.134
61496,0,2,1,0.000,65805,66261,3.220,4.700,15.134
61536,0,2,1,0.000,36139,32724,3.220,4.700,15.134
61576,0,2,1,0.000,74403,77390,3.220,4.500,14.490
61616,0,2,1,0.000,76915,88975,3.220,4.500,14.490
61656,0,2,1,0.000,54436,54633,3.220,4.400,14.168
61696,0,2,1,0.000,21164,20105,3.220,4.400,14.168
61736,0,2,1,0.000,71227,76799,3.220,4.400,14.168
61776,0,2,1,0.000,76222,88116,3.220,4.500,14.490
61816,0,2,1,0.000,76507,85901,3.220,4.500,14.490
61856,0,2,1,0.000,50340,45498,3.216,4.300,13.829
61896,0,2,1,0.000,70050,76090,3.216,4.300,13.829
61936,0,2,1,0.000,76695,89620,3.216,4.300,13.829
61976,0,2,1,0.000,74565,80426,3.212,4.800,15.418
62016,0,2,1,0.000,46585,41918,3.212,4.800,15.418
62056,0,2,1,0.000,70576,76901,3.216,4.800,15.437
62096,0,2,1,0.000,75532,87614,3.216,4.800,15.437
62136,0,2,1,0.000,64733,63325,3.216,4.800,15.437
62176,0,2,1,0.000,34325,31793,3.216,4.800,15.437
62216,0,2,1,0.000,69198,75148,3.216,4.800,15.437
62256,0,2,1,0.000,77012,89963,3.216,4.700,15.115
62296,0,2,1,0.000,77520,91050,3.216,4.700,15.115
62336,0,2,1,0.000,74833,84423,3.216,4.700,15.115
62376,0,2,1,0.000,70751,71633,3.216,4.600,14.794
62416,0,2,1,0.000,73684,83508,3.216,4.600,14.794
62456,0,2,1,0.000,76635,89698,3.212,4.500,14.454
62496,0,2,1,0.000,76694,90348,3.212,4.500,14.454
62536,0,2,1,0.000,76655,90481,3.212,4.500,14.454
62576,0,2,1,0.000,76599,90404,3.216,4.400,14.150
62616,0,2,1,0.000,76515,90248,3.216,4.400,14.150
62656,0,2,1,0.000,76476,90230,3.216,4.600,14.794
62696,0,2,1,0.000,76389,90103,3.216,4.600,14.794
62736,0,2,1,0.000,76221,89698,3.216,4.600,14.794
62776,0,2,1,0.000,75942,89048,3.216,4.500,14.472
62816,0,2,1,0.000,75670,88402,3.216,4.500,14.472
62856,0,2,1,0.000,75397,87791,3.216,4.600,14.794
62896,0,2,1,0.000,75145,87286,3.216,4.600,14.794
62936,0,2,1,0.000,74869,86610,3.216,4.600,14.794
62976,0,2,1,0.000,74641,86061,3.216,4.600,14.794
63016,0,2,1,0.000,74126,84331,3.216,4.600,14.794
63056,0,2,1,0.000,71896,79697,3.216,4.700,15.115
63096,0,2,1,0.000,69552,76179,3.216,4.700,15.115
63136,0,2,1,0.000,68331,74320,3.216,4.700,15.115
63176,0,2,1,0.000,67782,73578,3.216,4.300,13.829
63216,0,2,1,0.000,67859,73672,3.216,4.300,13.829
63256,0,2,1,0.000,68008,73917,3.216,4.600,14.794
63296,0,2,1,0.000,68504,74563,3.216,4.600,14.794
63336,0,2,1,0.000,67763,73868,3.216,4.600,14.794
63376,0,2,1,0.000,65876,71497,3.220,4.400,14.168
63416,0,2,1,0.000,65859,71528,3.220,4.400,14.168
63456,0,2,1,0.000,66642,72643,3.216,4.500,14.472
63496,0,2,1,0.000,67261,73501,3.216,4.500,14.472
63536,0,2,1,0.000,67647,74127,3.216,4.500,14.472
63576,0,2,1,0.000,68925,76103,3.216,4.700,15.115
63616,0,2,1,0.000,70048,77407,3.216,4.700,15.115
63656,0,2,1,0.000,69908,76943,3.216,4.600,14.794
63696,0,2,1,0.000,68749,74690,3.216,4.600,14.794
63736,0,2,1,0.000,69018,74694,3.216,4.600,14.794
63776,0,2,1,0.000,70708,77085,3.216,4.300,13.829
63816,0,2,1,0.000,72073,79303,3.216,4.300,13.829
63856,0,2,1,0.000,73711,82769,3.216,4.800,15.437
63896,0,2,1,0.000,74703,84816,3.216,4.800,15.437
63936,0,2,1,0.000,73149,82295,3.216,4.800,15.437
63976,0,2,1,0.000,68968,76214,3.220,4.900,15.778
64016,0,2,1,0.000,65987,71790,3.220,4.900,15.778
64056,0,2,1,0.000,66950,71964,3.220,4.500,14.490
64096,0,2,1,0.000,71810,75112,3.220,4.500,14.490
64136,0,2,1,0.000,72530,74658,3.220,4.500,14.490
64176,0,2,1,0.000,70515,77558,3.220,4.600,14.812
64216,0,2,1,0.000,70314,78014,3.220,4.600,14.812
64256,0,2,1,0.000,70083,77923,3.220,4.700,15.134
64296,0,2,1,0.000,69807,77772,3.220,4.700,15.134
64336,0,2,1,0.000,69762,77779,3.220,4.700,15.134
64376,0,2,1,0.000,69326,77204,3.220,4.600,14.812
64416,0,2,1,0.000,69145,76907,3.220,4.600,14.812
64456,0,2,1,0.000,70169,78574,3.220,4.600,14.812
64496,0,2,1,0.000,72528,80914,3.220,4.600,14.812
64536,0,2,1,0.000,73723,80928,3.220,4.600,14.812
64576,0,2,1,0.000,74732,83086,3.220,4.500,14.490
64617,0,2,1,0.000,74126,83621,3.220,4.500,14.490
64656,0,2,1,0.000,73310,82549,3.220,4.400,14.168
64697,0,2,1,0.000,71478,79748,3.220,4.400,14.168
64736,0,2,1,0.000,68211,75047,3.220,4.400,14.168
64776,0,2,1,0.000,61970,66653,3.220,4.600,14.812
64817,0,2,1,0.000,52901,53496,3.220,4.600,14.812
64856,0,2,1,0.000,47633,44192,3.220,4.500,14.490
64897,0,2,1,0.000,43457,36777,3.220,4.500,14.490
64936,0,2,1,0.000,40736,32739,3.220,4.500,14.490
64977,0,2,1,0.000,41232,33533,3.220,4.400,14.168
65017,0,2,1,0.000,46697,39619,3.220,4.400,14.168
65057,0,2,1,0.000,57958,52009,3.220,4.600,14.812
65097,0,2,1,0.000,63611,61206,3.220,4.600,14.812
65136,0,2,1,0.000,66135,68242,3.220,4.600,14.812
65177,0,2,1,0.000,67895,73074,3.220,4.900,15.778
65216,0,2,1,0.000,69951,76816,3.220,4.900,15.778
65257,0,2,1,0.000,71741,79762,3.216,4.500,14.472
65296,0,2,1,0.000,73706,82590,3.216,4.500,14.472
65336,0,2,1,0.000,74951,84487,3.216,4.500,14.472
65377,0,2,1,0.000,73863,82775,3.220,4.500,14.490
65416,0,2,1,0.000,70094,77154,3.220,4.500,14.490
65457,0,2,1,0.000,64329,69122,3.220,4.500,14.490
65496,0,2,1,0.000,55592,58188,3.220,4.500,14.490
65537,0,2,1,0.000,48142,48206,3.220,4.500,14.490
65577,0,2,1,0.000,42056,39796,3.224,4.700,15.153
65617,0,2,1,0.000,41726,37675,3.224,4.700,15.153
65657,0,2,1,0.000,46684,41437,3.224,4.700,15.153
65696,0,2,1,0.000,47833,42989,3.224,4.700,15.153
65737,0,2,1,0.000,50879,47884,3.224,4.700,15.153
65777,0,2,1,0.000,56857,56722,3.224,4.500,14.508
65817,0,2,1,0.000,64830,67757,3.224,4.500,14.508
65857,0,2,1,0.000,70909,77717,3.220,4.300,13.846
65897,0,2,1,0.000,71378,78854,3.220,4.300,13.846
65937,0,2,1,0.000,71430,79539,3.220,4.300,13.846
65977,0,2,1,0.000,71631,80193,3.220,4.200,13.524
66017,0,2,1,0.000,72037,80972,3.220,4.200,13.524
66057,0,2,1,0.000,73124,82125,3.220,4.600,14.812
66097,0,2,1,0.000,74591,84230,3.220,4.600,14.812
66137,0,2,1,0.000,75605,85710,3.220,4.600,14.812
66177,0,2,1,0.000,74203,83710,3.220,4.300,13.846
66217,0,2,1,0.000,70199,77339,3.220,4.300,13.846
66257,0,2,1,0.000,61228,64128,3.220,4.500,14.490
66297,0,2,1,0.000,50353,50893,3.220,4.500,14.490
66337,0,2,1,0.000,43991,42889,3.220,4.500,14.490
66377,0,2,1,0.000,40316,38220,3.224,4.700,15.153
66417,0,2,1,0.000,38702,35857,3.224,4.700,15.153
66457,0,2,1,0.000,41572,38814,3.224,4.500,14.508
66497,0,2,1,0.000,50220,48916,3.224,4.500,14.508
66537,0,2,1,0.000,58046,59242,3.224,4.500,14.508
66577,0,2,1,0.000,68707,74792,3.224,4.800,15.475
66617,0,2,1,0.000,73364,81739,3.224,4.800,15.475
66657,0,2,1,0.000,72422,79594,3.220,4.800,15.456
66697,0,2,1,0.000,71237,78331,3.220,4.800,15.456
66737,0,2,1,0.000,71498,79080,3.220,4.800,15.456
66777,0,2,1,0.000,73767,82472,3.224,4.700,15.153
66817,0,2,1,0.000,75062,84863,3.224,4.700,15.153
66857,0,2,1,0.000,75680,86314,3.220,4.600,14.812
66897,0,2,1,0.000,73549,82032,3.220,4.600,14.812
66937,0,2,1,0.000,58605,61882,3.220,4.600,14.812
66977,0,2,1,0.000,37506,34012,3.216,3.900,12.542
67017,0,2,1,0.000,26194,19285,3.216,3.900,12.542
67057,0,2,1,0.000,23352,15950,3.220,4.500,14.490
67097,0,2,1,0.000,25037,18007,3.220,4.500,14.490
67137,0,2,1,0.000,32971,28242,3.220,4.500,14.490
67177,0,2,1,0.000,47685,48309,3.220,4.300,13.846
67217,0,2,1,0.000,56520,60400,3.220,4.300,13.846
67257,0,2,1,0.000,60894,65944,3.220,4.500,14.490
67297,0,2,1,0.000,62365,67728,3.220,4.500,14.490
67337,0,2,1,0.000,63262,68912,3.220,4.500,14.490
67377,0,2,1,0.000,63719,69448,3.224,4.800,15.475
67417,0,2,1,0.000,63358,68817,3.224,4.800,15.475
67457,0,2,1,0.000,61898,66825,3.220,4.600,14.812
67497,0,2,1,0.000,60770,65327,3.220,4.600,14.812
67537,0,2,1,0.000,60466,64804,3.220,4.600,14.812
67577,0,2,1,0.000,61290,65597,3.224,4.700,15.153
67617,0,2,1,0.000,66205,71672,3.224,4.700,15.153
67657,0,2,1,0.000,72745,80209,3.220,4.500,14.490
67697,0,2,1,0.000,71432,78767,3.220,4.500,14.490
67737,0,2,1,0.000,71083,78451,3.220,4.500,14.490
67777,0,2,1,0.000,71729,79300,3.224,5.100,16.442
67817,0,2,1,0.000,71223,78818,3.224,5.100,16.442
67857,0,2,1,0.000,67725,74055,3.200,4.800,15.360
67897,0,2,1,0.000,56633,58822,3.200,4.800,15.360
67937,0,2,1,0.000,48211,48282,3.200,4.800,15.360
67977,0,2,1,0.000,46644,46407,3.224,4.600,14.830
68017,0,2,1,0.000,49867,50068,3.224,4.600,14.830
68057,0,2,1,0.000,62221,64988,3.220,4.600,14.812
68097,0,2,1,0.000,68156,72448,3.220,4.600,14.812
68137,0,2,1,0.000,67499,72599,3.220,4.600,14.812
68177,0,2,1,0.000,67580,73292,3.216,4.000,12.864
68217,0,2,1,0.000,69785,76395,3.216,4.000,12.864
68257,0,2,1,0.000,71477,79423,3.220,4.800,15.456
68297,0,2,1,0.000,72853,81187,3.220,4.800,15.456
68337,0,2,1,0.000,68683,74425,3.220,4.800,15.456
68377,0,2,1,0.000,58202,61612,3.208,4.300,13.794
68417,0,2,1,0.000,56585,60024,3.208,4.300,13.794
68457,0,2,1,0.000,59972,63723,3.220,6.700,21.574
68497,0,2,1,0.000,64851,69597,3.220,6.700,21.574
68537,0,2,1,0.000,65488,71126,3.220,6.700,21.574
68577,0,2,1,0.000,65451,71219,3.220,4.600,14.812
68617,0,2,1,0.000,65185,70971,3.220,4.600,14.812
68657,0,2,1,0.000,65761,72040,3.216,4.400,14.150
68697,0,2,1,0.000,66909,73946,3.216,4.400,14.150
68737,0,2,1,0.000,68614,77142,3.216,4.400,14.150
68777,0,2,1,0.000,69291,78780,3.224,4.600,14.830
68817,0,2,1,0.000,69608,79595,3.224,4.600,14.830
68857,0,2,1,0.000,69465,79356,3.212,4.500,14.454
68897,0,2,1,0.000,72917,82033,3.212,4.500,14.454
68937,0,2,1,0.000,68577,72741,3.212,4.500,14.454
68977,0,2,1,0.000,62024,64700,3.224,4.300,13.863
69017,0,2,1,0.000,58194,60231,3.224,4.300,13.863
69057,0,2,1,0.000,54210,55585,3.212,4.600,14.775
69097,0,2,1,0.000,52748,54191,3.212,4.600,14.775
69137,0,2,1,0.000,54187,56266,3.212,4.600,14.775
69177,0,2,1,0.000,57892,61161,3.228,3.900,12.589
69217,0,2,1,0.000,64237,65092,3.228,3.900,12.589
69258,0,2,1,0.000,67357,65648,3.096,4.900,15.170
69297,0,2,1,0.000,66255,67727,3.096,4.900,15.170
69337,0,2,1,0.000,62840,68800,3.096,4.900,15.170
69377,0,2,1,0.000,65605,72724,3.100,4.700,14.570
69417,0,2,1,0.000,68547,76675,3.100,4.700,14.570
69457,0,2,1,0.000,70630,79511,3.056,4.700,14.363
69497,0,2,1,0.000,71350,80008,3.056,4.700,14.363
69538,0,2,1,0.000,68896,76034,3.056,4.700,14.363
69577,0,2,1,0.000,54172,56760,3.116,4.600,14.334
69617,0,2,1,0.000,36012,33839,3.116,4.600,14.334
69657,0,2,1,0.000,33419,30840,3.060,6.000,18.360
69697,0,2,1,0.000,33947,31307,3.060,6.000,18.360
69738,0,2,1,0.000,34626,31954,3.060,6.000,18.360
69777,0,2,1,0.000,40853,39550,3.080,4.600,14.168
69818,0,2,1,0.000,64266,67742,3.080,4.600,14.168
69857,0,2,1,0.000,69269,71090,3.056,6.400,19.558
69898,0,2,1,0.000,66148,71865,3.056,6.400,19.558
69938,0,2,1,0.000,68317,75802,3.056,6.400,19.558
69977,0,2,1,0.000,72087,80342,3.072,4.400,13.517
70018,0,2,1,0.000,71736,78701,3.072,4.400,13.517
70057,0,2,1,0.000,60580,64061,3.056,6.600,20.170
70098,0,2,1,0.000,50116,50762,3.056,6.600,20.170
70138,0,2,1,0.000,39629,37113,3.056,6.600,20.170
70178,0,2,1,0.000,32294,28159,3.072,4.200,12.902
70218,0,2,1,0.000,41937,39934,3.072,4.200,12.902
70258,0,2,1,0.000,64991,67768,3.052,6.700,20.448
70298,0,2,1,0.000,67164,72087,3.052,6.700,20.448
70338,0,2,1,0.000,68191,74500,3.052,6.700,20.448
70378,0,2,1,0.000,71945,78979,3.072,4.500,13.824
70418,0,2,1,0.000,55120,56402,3.072,4.500,13.824
70458,0,2,1,0.000,24635,19805,3.052,6.600,20.143
70498,0,2,1,0.000,15856,12172,3.052,6.600,20.143
70538,0,2,1,0.000,16136,12297,3.052,6.600,20.143
70578,0,2,1,0.000,29065,25242,3.068,4.400,13.499
70618,0,2,1,0.000,65311,69162,3.068,4.400,13.499
70658,0,2,1,0.000,64251,69233,3.056,6.400,19.558
70698,0,2,1,0.000,63192,68172,3.056,6.400,19.558
70738,0,2,1,0.000,63905,70088,3.056,6.400,19.558
70778,0,2,1,0.000,69008,76512,3.072,4.300,13.210
70818,0,2,1,0.000,73267,81071,3.072,4.300,13.210
70858,0,2,1,0.000,68691,74618,3.064,4.600,14.094
70898,0,2,1,0.000,60515,64123,3.064,4.600,14.094
70938,0,2,1,0.000,59081,62299,3.064,4.600,14.094
70978,0,2,1,0.000,61061,64709,3.052,4.400,13.429
71018,0,2,1,0.000,70230,76592,3.052,4.400,13.429
71058,0,2,1,0.000,69605,76362,3.052,4.700,14.344
71098,0,2,1,0.000,63855,69269,3.052,4.700,14.344
71138,0,2,1,0.000,63524,69004,3.052,4.700,14.344
71178,0,2,1,0.000,63294,68601,3.056,4.200,12.835
71218,0,2,1,0.000,64293,69384,3.056,4.200,12.835
71258,0,2,1,0.000,65061,69806,3.052,5.000,15.260
71298,0,2,1,0.000,64805,69320,3.052,5.000,15.260
71338,0,2,1,0.000,65347,69569,3.052,5.000,15.260
71378,0,2,1,0.000,64587,69881,3.052,4.300,13.124
71418,0,2,1,0.000,65554,73166,3.052,4.300,13.124
71458,0,2,1,0.000,67037,75692,3.056,4.800,14.669
71498,0,2,1,0.000,66329,74424,3.056,4.800,14.669
71538,0,2,1,0.000,65454,72577,3.056,4.800,14.669
71578,0,2,1,0.000,65167,71456,3.076,4.000,12.304
71618,0,2,1,0.000,65993,71162,3.076,4.000,12.304
71658,0,2,1,0.000,68017,71513,3.084,4.700,14.495
71698,0,2,1,0.000,68589,70910,3.084,4.700,14.495
71738,0,2,1,0.000,68748,70356,3.084,4.700,14.495
71778,0,2,1,0.000,68000,69711,3.088,4.300,13.278
71818,0,2,1,0.000,68269,69796,3.088,4.300,13.278
71858,0,2,1,0.000,69304,70266,3.088,4.500,13.896
71898,0,2,1,0.000,69106,70101,3.088,4.500,13.896
71938,0,2,1,0.000,68168,69838,3.088,4.500,13.896
71978,0,2,1,0.000,67019,69819,3.096,4.500,13.932
72018,0,2,1,0.000,66251,70529,3.096,4.500,13.932
72058,0,2,1,0.000,66671,72106,3.092,4.800,14.842
72098,0,2,1,0.000,69341,75866,3.092,4.800,14.842
72138,0,2,1,0.000,72281,79045,3.092,4.800,14.842
72178,0,2,1,0.000,69311,73784,3.096,5.400,16.718
72218,0,2,1,0.000,64507,67519,3.096,5.400,16.718
72258,0,2,1,0.000,57582,59410,3.088,4.800,14.822
72298,0,2,1,0.000,54899,56159,3.088,4.800,14.822
72338,0,2,1,0.000,56432,57403,3.088,4.800,14.822
72378,0,2,1,0.000,68701,69037,3.096,4.600,14.242
72418,0,2,1,0.000,69260,73082,3.096,4.600,14.242
72458,0,2,1,0.000,67394,73518,3.100,4.600,14.260
72498,0,2,1,0.000,67310,73752,3.100,4.600,14.260
72538,0,2,1,0.000,60890,59635,3.100,4.600,14.260
72578,0,2,1,0.000,18834,20044,3.100,4.200,13.020
72618,0,2,1,0.000,21990,21559,3.100,4.200,13.020
72658,0,2,1,0.000,61076,59649,3.096,4.700,14.551
72698,0,2,1,0.000,72503,81308,3.096,4.700,14.551
72738,0,2,1,0.000,73475,83250,3.096,4.700,14.551
72778,0,2,1,0.000,73530,83501,3.108,4.600,14.297
72818,0,2,1,0.000,73484,83412,3.108,4.600,14.297
72858,0,2,1,0.000,73566,83592,3.088,5.000,15.440
72898,0,2,1,0.000,73473,83403,3.088,5.000,15.440
72938,0,2,1,0.000,73148,82662,3.088,5.000,15.440
72978,0,2,1,0.000,72467,81587,3.104,4.900,15.210
73018,0,2,1,0.000,71710,80415,3.104,4.900,15.210
73058,0,2,1,0.000,71199,79376,3.104,6.300,19.555
73098,0,2,1,0.000,70951,78913,3.104,6.300,19.555
73138,0,2,1,0.000,70778,78558,3.104,6.300,19.555
73178,0,2,1,0.000,70493,78052,3.100,4.300,13.330
73218,0,2,1,0.000,70153,77738,3.100,4.300,13.330
73258,0,2,1,0.000,69939,77913,3.100,4.500,13.950
73298,0,2,1,0.000,69858,78347,3.100,4.500,13.950
73338,0,2,1,0.000,69730,78215,3.100,4.500,13.950
73378,0,2,1,0.000,69659,78117,3.100,4.300,13.330
73418,0,2,1,0.000,69112,77241,3.100,4.300,13.330
73458,0,2,1,0.000,69608,77911,3.092,4.400,13.605
73498,0,2,1,0.000,72263,79917,3.092,4.400,13.605
73538,0,2,1,0.000,72016,79151,3.092,4.400,13.605
73578,0,2,1,0.000,68557,75859,3.104,4.700,14.589
73618,0,2,1,0.000,67927,75118,3.104,4.700,14.589
73658,0,2,1,0.000,69093,76708,3.088,4.800,14.822
73698,0,2,1,0.000,71014,79568,3.088,4.800,14.822
73738,0,2,1,0.000,71831,80795,3.088,4.800,14.822
73778,0,2,1,0.000,73552,83046,3.108,4.600,14.297
73818,0,2,1,0.000,74611,84663,3.108,4.600,14.297
73858,0,2,1,0.000,74153,84128,3.088,6.100,18.837
73898,0,2,1,0.000,73677,83430,3.088,6.100,18.837
73938,0,2,1,0.000,74839,85742,3.088,6.100,18.837
73978,0,2,1,0.000,77213,89817,3.196,4.700,15.021
74018,0,2,1,0.000,76794,89370,3.196,4.700,15.021
74058,0,2,1,0.000,75030,86657,3.224,4.500,14.508
74099,0,2,1,0.000,73559,79596,3.224,4.500,14.508
74138,0,2,1,0.000,60512,55714,3.224,4.500,14.508
74178,0,2,1,0.000,34576,35248,3.220,3.600,11.592
74218,0,2,1,0.000,37610,37421,3.220,3.600,11.592
74259,0,2,1,0.000,48596,45831,3.220,6.300,20.286
74298,0,2,1,0.000,50040,45986,3.220,6.300,20.286
74338,0,2,1,0.000,54235,55127,3.220,6.300,20.286
74379,0,2,1,0.000,57505,60281,3.204,4.300,13.777
74418,0,2,1,0.000,58209,61039,3.204,4.300,13.777
74459,0,2,1,0.000,62267,63964,3.220,6.700,21.574
74498,0,2,1,0.000,66966,63353,3.220,6.700,21.574
74538,0,2,1,0.000,54603,49195,3.220,6.700,21.574
74579,0,2,1,0.000,53517,48373,3.236,4.900,15.856
74618,0,2,1,0.000,71117,76447,3.236,4.900,15.856
74659,0,2,1,0.000,74713,84600,3.232,4.600,14.867
74698,0,2,1,0.000,75469,86251,3.232,4.600,14.867
74738,0,2,1,0.000,53143,53903,3.232,4.600,14.867
74779,0,2,1,0.000,7306,8002,3.244,4.400,14.274
74818,0,2,1,0.000,3693,4255,3.244,4.400,14.274
74859,0,2,1,0.000,4172,4801,3.220,4.600,14.812
74898,0,2,1,0.000,5450,6277,3.220,4.600,14.812
74939,0,2,1,0.000,31251,31671,3.220,4.600,14.812
74978,0,2,1,0.000,74439,81676,3.208,4.000,12.832
75019,0,2,1,0.000,73528,81909,3.208,4.000,12.832
75059,0,2,1,0.000,36219,36466,3.152,4.600,14.499
75098,0,2,1,0.000,5192,5797,3.152,4.600,14.499
75139,0,2,1,0.000,6654,7050,3.152,4.600,14.499
75178,0,2,1,0.000,50202,48153,3.152,4.400,13.869
75219,0,2,1,0.000,73028,81926,3.152,4.400,13.869
75258,0,2,1,0.000,62994,61149,3.140,4.600,14.444
75299,0,2,1,0.000,8449,8586,3.140,4.600,14.444
75339,0,2,1,0.000,2660,2941,3.140,4.600,14.444
75379,0,2,1,0.000,3490,3893,3.156,4.800,15.149
75419,0,2,1,0.000,41820,40444,3.156,4.800,15.149
75459,0,2,1,0.000,74639,84949,3.152,6.700,21.118
75499,0,2,1,0.000,74425,84507,3.152,6.700,21.118
75539,0,2,1,0.000,49903,47689,3.152,6.700,21.118
75579,0,2,1,0.000,5896,6521,3.144,4.200,13.205
75619,0,2,1,0.000,27169,26776,3.144,4.200,13.205
75659,0,2,1,0.000,74326,83003,3.140,5.000,15.700
75699,0,2,1,0.000,74717,85133,3.140,5.000,15.700
75739,0,2,1,0.000,31485,29249,3.140,5.000,15.700
75779,0,2,1,0.000,3592,4094,3.160,4.000,12.640
75819,0,2,1,0.000,36168,31592,3.160,4.000,12.640
75859,0,2,1,0.000,74070,83029,3.144,4.900,15.406
75899,0,2,1,0.000,74358,86209,3.144,4.900,15.406
75939,0,2,1,0.000,50286,54084,3.144,4.900,15.406
75979,0,2,1,0.000,3148,3521,3.164,4.700,14.871
76019,0,2,1,0.000,2112,2482,3.164,4.700,14.871
76059,0,2,1,0.000,38931,40062,3.156,6.700,21.145
76099,0,2,1,0.000,73481,84964,3.156,6.700,21.145
76139,0,2,1,0.000,73693,85653,3.156,6.700,21.145
76179,0,2,1,0.000,29969,33286,3.164,4.900,15.504
76219,0,2,1,0.000,1516,1776,3.164,4.900,15.504
76259,0,2,1,0.000,6553,7252,3.156,4.800,15.149
76299,0,2,1,0.000,70981,76641,3.156,4.800,15.149
76339,0,2,1,0.000,75253,87170,3.156,4.800,15.149
76379,0,2,1,0.000,46301,51775,3.152,4.100,12.923
76419,0,2,1,0.000,1629,1910,3.152,4.100,12.923
76459,0,2,1,0.000,5497,5926,3.156,4.800,15.149
76499,0,2,1,0.000,70407,75927,3.156,4.800,15.149
76539,0,2,1,0.000,74559,86033,3.156,4.800,15.149
76579,0,2,1,0.000,47447,52501,3.164,4.600,14.554
76619,0,2,1,0.000,1722,2024,3.164,4.600,14.554
76659,0,2,1,0.000,9372,9601,3.156,4.700,14.833
76699,0,2,1,0.000,70967,76655,3.156,4.700,14.833
76739,0,2,1,0.000,75319,86178,3.156,4.700,14.833
76779,0,2,1,0.000,26829,25699,3.156,4.200,13.255
76819,0,2,1,0.000,1365,1612,3.156,4.200,13.255
76859,0,2,1,0.000,34305,34798,3.160,4.400,13.904
76899,0,2,1,0.000,63345,68703,3.160,4.400,13.904
76939,0,2,1,0.000,59563,61732,3.160,4.400,13.904
76979,0,2,1,0.000,2738,3170,3.152,3.700,11.662
77019,0,2,1,0.000,1311,1479,3.152,3.700,11.662
77059,0,2,1,0.000,39939,40756,3.160,4.600,14.536
77099,0,2,1,0.000,72031,81910,3.160,4.600,14.536
77139,0,2,1,0.000,61850,64528,3.160,4.600,14.536
77179,0,2,1,0.000,1952,2249,3.160,4.800,15.168
77219,0,2,1,0.000,1258,1466,3.160,4.800,15.168
77259,0,2,1,0.000,39401,39880,3.160,4.800,15.168
77299,0,2,1,0.000,75288,86251,3.160,4.800,15.168
77339,0,2,1,0.000,60182,63914,3.160,4.800,15.168
77379,0,2,1,0.000,1685,1971,3.164,4.700,14.871
77419,0,2,1,0.000,1169,1361,3.164,4.700,14.871
77459,0,2,1,0.000,39432,40064,3.160,4.400,13.904
77499,0,2,1,0.000,75097,86548,3.160,4.400,13.904
77539,0,2,1,0.000,73486,80902,3.160,4.400,13.904
77579,0,2,1,0.000,9865,10167,3.144,4.000,12.576
77619,0,2,1,0.000,2050,2351,3.144,4.000,12.576
77659,0,2,1,0.000,56216,59418,3.164,4.700,14.871
77699,0,2,1,0.000,74809,86630,3.164,4.700,14.871
77739,0,2,1,0.000,63616,67854,3.164,4.700,14.871
77779,0,2,1,0.000,1856,2126,3.156,4.100,12.940
77819,0,2,1,0.000,1347,1614,3.156,4.100,12.940
77859,0,2,1,0.000,45889,46099,3.148,4.700,14.796
77899,0,2,1,0.000,75993,87880,3.148,4.700,14.796
77939,0,2,1,0.000,66191,75273,3.148,4.700,14.796
77979,0,2,1,0.000,3263,3684,3.168,5.300,16.790
78019,0,2,1,0.000,6439,7073,3.168,5.300,16.790
78059,0,2,1,0.000,71278,77550,3.164,4.600,14.554
78099,0,2,1,0.000,75840,88796,3.164,4.600,14.554
78139,0,2,1,0.000,63339,68452,3.164,4.600,14.554
78179,0,2,1,0.000,1774,2143,3.168,4.700,14.890
78219,0,2,1,0.000,3973,4719,3.168,4.700,14.890
78259,0,2,1,0.000,70959,77051,3.164,4.600,14.554
78299,0,2,1,0.000,74838,87341,3.164,4.600,14.554
78339,0,2,1,0.000,69967,78356,3.164,4.600,14.554
78379,0,2,1,0.000,5624,4098,3.168,3.900,12.355
78419,0,2,1,0.000,3075,3519,3.168,3.900,12.355
78459,0,2,1,0.000,62496,65020,3.176,4.700,14.927
78499,0,2,1,0.000,75004,86859,3.176,4.700,14.927
78539,0,2,1,0.000,70500,77920,3.176,4.700,14.927
78579,0,2,1,0.000,9848,4672,3.172,4.100,13.005
78619,0,2,1,0.000,6847,7690,3.172,4.100,13.005
78659,0,2,1,0.000,71591,78003,3.160,4.600,14.536
78699,0,2,1,0.000,76400,89503,3.160,4.600,14.536
78739,0,2,1,0.000,54461,58871,3.160,4.600,14.536
78779,0,2,1,0.000,1659,1966,3.176,4.200,13.339
78819,0,2,1,0.000,13931,14872,3.176,4.200,13.339
78859,0,2,1,0.000,71518,77861,3.160,4.600,14.536
78899,0,2,1,0.000,76090,88778,3.160,4.600,14.536
78939,0,2,1,0.000,61689,66709,3.160,4.600,14.536
78979,0,2,1,0.000,1571,1872,3.180,4.500,14.310
79019,0,2,1,0.000,2167,2562,3.180,4.500,14.310
79059,0,2,1,0.000,58817,62078,3.176,4.400,13.974
79099,0,2,1,0.000,72914,83891,3.176,4.400,13.974
79139,0,2,1,0.000,71834,82651,3.176,4.400,13.974
79179,0,2,1,0.000,46617,51967,3.180,4.700,14.946
79219,0,2,1,0.000,2554,3018,3.180,4.700,14.946
79259,0,2,1,0.000,18769,19370,3.176,4.400,13.974
79299,0,2,1,0.000,75050,83375,3.176,4.400,13.974
79339,0,2,1,0.000,75187,86983,3.176,4.400,13.974
79379,0,2,1,0.000,35954,36229,3.184,4.800,15.283
79419,0,2,1,0.000,1114,1257,3.184,4.800,15.283
79459,0,2,1,0.000,4312,5336,3.176,4.600,14.610
79499,0,2,1,0.000,70945,76771,3.176,4.600,14.610
79539,0,2,1,0.000,75334,87512,3.176,4.600,14.610
79579,0,2,1,0.000,70527,78135,3.168,4.300,13.622
79619,0,2,1,0.000,9916,10206,3.168,4.300,13.622
79659,0,2,1,0.000,2042,2355,3.168,5.300,16.790
79699,0,2,1,0.000,55619,58858,3.168,5.300,16.790
79739,0,2,1,0.000,75772,88282,3.168,5.300,16.790
79779,0,2,1,0.000,75536,88143,3.176,4.200,13.339
79819,0,2,1,0.000,46067,46614,3.176,4.200,13.339
79859,0,2,1,0.000,2038,2292,3.172,4.800,15.226
79900,0,2,1,0.000,41210,41597,3.172,4.800,15.226
79939,0,2,1,0.000,76446,88800,3.172,4.800,15.226
79979,0,2,1,0.000,76171,88648,3.184,4.300,13.691
80019,0,2,1,0.000,29379,32600,3.184,4.300,13.691
80059,0,2,1,0.000,1054,1224,3.168,4.600,14.573
80099,0,2,1,0.000,20142,20856,3.168,4.600,14.573
80139,0,2,1,0.000,75515,84791,3.168,4.600,14.573
80180,0,2,1,0.000,75703,88420,3.188,4.100,13.071
80219,0,2,1,0.000,48333,54434,3.188,4.100,13.071
80260,0,2,1,0.000,1435,1663,3.176,4.800,15.245
80299,0,2,1,0.000,17885,18356,3.176,4.800,15.245
80339,0,2,1,0.000,75993,85636,3.176,4.800,15.245
80379,0,2,1,0.000,76673,90131,3.188,4.200,13.390
80419,0,2,1,0.000,78083,87137,3.188,4.200,13.390
80459,0,2,1,0.000,15555,15761,3.180,4.700,14.946
80499,0,2,1,0.000,1402,1615,3.180,4.700,14.946
80540,0,2,1,0.000,3650,4197,3.180,4.700,14.946
80579,0,2,1,0.000,71167,76897,3.192,4.300,13.726
80619,0,2,1,0.000,75692,87948,3.192,4.300,13.726
80659,0,2,1,0.000,75860,88252,3.180,4.600,14.628
80699,0,2,1,0.000,46361,51870,3.180,4.600,14.628
80740,0,2,1,0.000,1378,1588,3.180,4.600,14.628
80779,0,2,1,0.000,2746,3273,3.196,4.300,13.743
80820,0,2,1,0.000,69492,75560,3.196,4.300,13.743
80859,0,2,1,0.000,73283,85284,3.132,4.600,14.407
80900,0,2,1,0.000,72058,80103,3.132,4.600,14.407
80940,0,2,1,0.000,9441,13861,3.132,4.600,14.407
80979,0,2,1,0.000,1125,1300,3.132,4.700,14.720
81020,0,2,1,0.000,37611,38548,3.132,4.700,14.720
81059,0,2,1,0.000,75056,87131,3.152,6.800,21.434
81100,0,2,1,0.000,75061,87177,3.152,6.800,21.434
81139,0,2,1,0.000,34257,35944,3.152,6.800,21.434
81180,0,2,1,0.000,1246,1431,3.132,3.900,12.215
81220,0,2,1,0.000,27810,28470,3.132,3.900,12.215
81260,0,2,1,0.000,75110,84996,3.128,4.800,15.014
81300,0,2,1,0.000,75032,88092,3.128,4.800,15.014
81339,0,2,1,0.000,34462,35720,3.128,4.800,15.014
81380,0,2,1,0.000,1018,1126,3.144,6.500,20.436
81420,0,2,1,0.000,10889,11537,3.144,6.500,20.436
81460,0,2,1,0.000,70497,75685,3.152,6.700,21.118
81500,0,2,1,0.000,74384,84520,3.152,6.700,21.118
81539,0,2,1,0.000,76354,79675,3.152,6.700,21.118
81580,0,2,1,0.000,73373,73176,3.140,4.300,13.502
81620,0,2,1,0.000,66108,69753,3.140,4.300,13.502
81660,0,2,1,0.000,65481,69194,3.140,6.400,20.096
81700,0,2,1,0.000,66054,69509,3.140,6.400,20.096
81740,0,2,1,0.000,66033,69054,3.140,6.400,20.096
81780,0,2,1,0.000,63130,65678,3.160,4.200,13.272
81819,0,2,1,0.000,59463,61507,3.160,4.200,13.272
81860,0,2,1,0.000,50360,50603,3.148,4.800,15.110
81899,0,2,1,0.000,28862,23932,3.148,4.800,15.110
81940,0,2,1,0.000,16735,12626,3.148,4.800,15.110
81980,0,2,1,0.000,40105,36309,3.160,4.700,14.852
82020,0,2,1,0.000,58694,60890,3.160,4.700,14.852
82060,0,2,1,0.000,58077,60981,3.156,7.000,22.092
82100,0,2,1,0.000,33346,29387,3.156,7.000,22.092
82140,0,2,1,0.000,5259,4077,3.156,7.000,22.092
82180,0,2,1,0.000,3612,3167,3.168,4.700,14.890
82220,0,2,1,0.000,29287,24768,3.168,4.700,14.890
82260,0,2,1,0.000,65854,68697,3.144,6.500,20.436
82300,0,2,1,0.000,66441,70628,3.144,6.500,20.436
82340,0,2,1,0.000,17620,14796,3.144,6.500,20.436
82380,0,2,1,0.000,5007,4181,3.148,4.300,13.536
82420,0,2,1,0.000,27228,22972,3.148,4.300,13.536
82460,0,2,1,0.000,56132,49364,3.148,4.800,15.110
82500,0,2,1,0.000,70026,71545,3.148,4.800,15.110
82540,0,2,1,0.000,73878,81579,3.148,4.800,15.110
82580,0,2,1,0.000,72378,79619,3.160,4.100,12.956
82620,0,2,1,0.000,33617,30056,3.160,4.100,12.956
82660,0,2,1,0.000,7474,5590,3.144,4.800,15.091
82700,0,2,1,0.000,20050,15505,3.144,4.800,15.091
82740,0,2,1,0.000,41364,34621,3.144,4.800,15.091
82780,0,2,1,0.000,64680,65997,3.160,4.400,13.904
82820,0,2,1,0.000,71306,78299,3.160,4.400,13.904
82860,0,2,1,0.000,70066,76167,3.148,7.000,22.036
82900,0,2,1,0.000,46591,44616,3.148,7.000,22.036
82940,0,2,1,0.000,14386,10871,3.148,7.000,22.036
82980,0,2,1,0.000,15035,11777,3.168,4.600,14.573
83020,0,2,1,0.000,44951,42409,3.168,4.600,14.573
83060,0,2,1,0.000,65541,68279,3.164,4.700,14.871
83100,0,2,1,0.000,67509,72793,3.164,4.700,14.871
83140,0,2,1,0.000,69106,75135,3.164,4.700,14.871
83180,0,2,1,0.000,68902,73890,3.164,4.100,12.972
83220,0,2,1,0.000,52135,52451,3.164,4.100,12.972
83260,0,2,1,0.000,45519,44574,3.164,4.800,15.187
83300,0,2,1,0.000,44257,42889,3.164,4.800,15.187
83340,0,2,1,0.000,50556,50397,3.164,4.800,15.187
83380,0,2,1,0.000,59748,61965,3.164,4.100,12.972
83420,0,2,1,0.000,60191,62648,3.164,4.100,12.972
83460,0,2,1,0.000,59010,60646,3.160,4.600,14.536
83500,0,2,1,0.000,67566,65567,3.160,4.600,14.536
83540,0,2,1,0.000,61740,55903,3.160,4.600,14.536
83580,0,2,1,0.000,61103,55038,3.164,4.500,14.238
83620,0,2,1,0.000,62862,56716,3.164,4.500,14.238
83660,0,2,1,0.000,68469,64684,3.160,4.600,14.536
83700,0,2,1,0.000,68393,73401,3.160,4.600,14.536
83740,0,2,1,0.000,70898,77573,3.160,4.600,14.536
83780,0,2,1,0.000,72561,80540,3.164,4.800,15.187
83820,0,2,1,0.000,73323,81974,3.164,4.800,15.187
83860,0,2,1,0.000,73846,83171,3.160,6.000,18.960
83900,0,2,1,0.000,74468,84357,3.160,6.000,18.960
83940,0,2,1,0.000,74906,84986,3.160,6.000,18.960
83980,0,2,1,0.000,75872,85669,3.160,4.300,13.588
84020,0,2,1,0.000,72317,80155,3.160,4.300,13.588
84060,0,2,1,0.000,52276,52597,3.148,4.600,14.481
84100,0,2,1,0.000,28962,23399,3.148,4.600,14.481
84140,0,2,1,0.000,36809,32814,3.148,4.600,14.481
84180,0,2,1,0.000,60801,55619,3.164,4.600,14.554
84220,0,2,1,0.000,67725,62450,3.164,4.600,14.554
84260,0,2,1,0.000,71690,76587,3.160,4.400,13.904
84300,0,2,1,0.000,66982,72026,3.160,4.400,13.904
84340,0,2,1,0.000,20854,16591,3.160,4.400,13.904
84380,0,2,1,0.000,7692,5344,3.164,4.700,14.871
84420,0,2,1,0.000,26396,21400,3.164,4.700,14.871
84460,0,2,1,0.000,55773,48839,3.160,4.500,14.220
84500,0,2,1,0.000,62262,55775,3.160,4.500,14.220
84540,0,2,1,0.000,72013,75021,3.160,4.500,14.220
84580,0,2,1,0.000,63901,71475,3.148,4.300,13.536
84620,0,2,1,0.000,8562,6138,3.148,4.300,13.536
84660,0,2,1,0.000,8285,6404,3.164,4.800,15.187
84700,0,2,1,0.000,58384,56644,3.164,4.800,15.187
84740,0,2,1,0.000,71618,74397,3.164,4.800,15.187
84780,0,2,1,0.000,75347,85263,3.160,4.100,12.956
84820,0,2,1,0.000,76016,87393,3.160,4.100,12.956
84860,0,2,1,0.000,74245,85366,3.144,4.600,14.462
84900,0,2,1,0.000,78593,86977,3.144,4.600,14.462
84940,0,2,1,0.000,73471,76727,3.144,4.600,14.462
84980,0,2,1,0.000,74232,73992,3.164,4.700,14.871
85020,0,2,1,0.000,73114,81616,3.164,4.700,14.871
85060,0,2,1,0.000,75421,86288,3.160,4.700,14.852
85100,0,2,1,0.000,75757,87329,3.160,4.700,14.852
85140,0,2,1,0.000,75724,87418,3.160,4.700,14.852
85180,0,2,1,0.000,75100,86362,3.164,4.600,14.554
85220,0,2,1,0.000,74193,84640,3.164,4.600,14.554
85260,0,2,1,0.000,73514,83065,3.164,6.800,21.515
85300,0,2,1,0.000,73353,82130,3.164,6.800,21.515
85340,0,2,1,0.000,73748,80931,3.164,6.800,21.515
85380,0,2,1,0.000,72937,79434,3.180,4.500,14.310
85420,0,2,1,0.000,71913,77694,3.180,4.500,14.310
85460,0,2,1,0.000,69898,74331,3.188,5.000,15.940
85500,0,2,1,0.000,68824,73142,3.188,5.000,15.940
85540,0,2,1,0.000,68362,72573,3.188,5.000,15.940
85580,0,2,1,0.000,68238,71318,3.208,4.300,13.794
85620,0,2,1,0.000,56714,55251,3.208,4.300,13.794
85660,0,2,1,0.000,36812,32680,3.212,6.600,21.199
85700,0,2,1,0.000,26447,20811,3.212,6.600,21.199
85740,0,2,1,0.000,18746,13710,3.212,6.600,21.199
85780,0,2,1,0.000,16500,11835,3.196,3.900,12.464
85820,0,2,1,0.000,15622,11036,3.196,3.900,12.464
85860,0,2,1,0.000,16807,11810,3.196,6.800,21.733
85900,0,2,1,0.000,21211,15693,3.196,6.800,21.733
85940,0,2,1,0.000,27568,22364,3.196,6.800,21.733
85980,0,2,1,0.000,30919,25904,3.164,4.200,13.289
86020,0,2,1,0.000,36273,32177,3.164,4.200,13.289
86060,0,2,1,0.000,42266,39381,3.184,5.900,18.786
86100,0,2,1,0.000,50203,49491,3.184,5.900,18.786
86140,0,2,1,0.000,60657,62801,3.184,5.900,18.786
86180,0,2,1,0.000,66122,69884,3.184,4.000,12.736
86220,0,2,1,0.000,67274,71894,3.184,4.000,12.736
86260,0,2,1,0.000,68599,73955,3.136,4.800,15.053
86300,0,2,1,0.000,69670,75635,3.136,4.800,15.053
86340,0,2,1,0.000,71157,78005,3.136,4.800,15.053
86381,0,2,1,0.000,72236,79821,3.156,4.100,12.940
86420,0,2,1,0.000,72841,80825,3.156,4.100,12.940
86461,0,2,1,0.000,73147,81365,3.072,4.700,14.438
86500,0,2,1,0.000,72923,81051,3.072,4.700,14.438
86540,0,2,1,0.000,72375,80267,3.072,4.700,14.438
86580,0,2,1,0.000,71515,78979,3.132,4.100,12.841
86620,0,2,1,0.000,70543,77393,3.132,4.100,12.841
86661,0,2,1,0.000,69747,76021,3.236,6.600,21.358
86700,0,2,1,0.000,69125,74915,3.236,6.600,21.358
86740,0,2,1,0.000,69062,74919,3.236,6.600,21.358
86780,0,2,1,0.000,69193,75295,3.248,4.600,14.941
86820,0,2,1,0.000,69375,75705,3.248,4.600,14.941
86860,0,2,1,0.000,69722,76285,3.244,4.700,15.247
86900,0,2,1,0.000,69694,76307,3.244,4.700,15.247
86941,0,2,1,0.000,69805,76493,3.244,4.700,15.247
86980,0,2,1,0.000,70300,77360,3.216,4.800,15.437
87020,0,2,1,0.000,71122,78824,3.216,4.800,15.437
87060,0,2,1,0.000,72397,80909,3.160,6.600,20.856
87100,0,2,1,0.000,73201,81792,3.160,6.600,20.856
87141,0,2,1,0.000,73186,81313,3.160,6.600,20.856
87180,0,2,1,0.000,72557,80305,3.224,4.800,15.475
87221,0,2,1,0.000,69310,75023,3.224,4.800,15.475
87260,0,2,1,0.000,65008,69141,3.228,6.800,21.950
87301,0,2,1,0.000,65687,70307,3.228,6.800,21.950
87341,0,2,1,0.000,65695,70263,3.228,6.800,21.950
87381,0,2,1,0.000,66461,71569,3.220,4.600,14.812
87421,0,2,1,0.000,66320,71293,3.220,4.600,14.812
87461,0,2,1,0.000,65272,69587,3.116,6.600,20.566
87501,0,2,1,0.000,61513,63642,3.116,6.600,20.566
87540,0,2,1,0.000,44626,41649,3.116,6.600,20.566
87581,0,2,1,0.000,39966,36150,3.236,4.400,14.238
87621,0,2,1,0.000,40117,36461,3.236,4.400,14.238
87661,0,2,1,0.000,40940,37767,3.280,4.900,16.072
87701,0,2,1,0.000,41296,38466,3.280,4.900,16.072
87740,0,2,1,0.000,40511,37682,3.280,4.900,16.072
87781,0,2,1,0.000,39771,36819,3.280,4.600,15.088
87821,0,2,1,0.000,39028,36029,3.280,4.600,15.088
87861,0,2,1,0.000,38241,34981,3.232,4.600,14.867
87901,0,2,1,0.000,38418,35028,3.232,4.600,14.867
87941,0,2,1,0.000,39644,36584,3.232,4.600,14.867
87981,0,2,1,0.000,42557,40363,3.208,4.200,13.474
88021,0,2,1,0.000,44431,42768,3.208,4.200,13.474
88061,0,2,1,0.000,37274,34450,3.256,6.900,22.466
88100,0,2,1,0.000,20560,15989,3.256,6.900,22.466
88141,0,2,1,0.000,18371,13806,3.256,6.900,22.466
88181,0,2,1,0.000,16984,12205,3.276,5.200,17.035
88221,0,2,1,0.000,17084,12090,3.276,5.200,17.035
88261,0,2,1,0.000,17440,12369,3.252,4.800,15.610
88301,0,2,1,0.000,17829,12839,3.252,4.800,15.610
88341,0,2,1,0.000,17197,12341,3.252,4.800,15.610
88381,0,2,1,0.000,17303,12524,3.268,3.800,12.418
88421,0,2,1,0.000,17586,12817,3.268,3.800,12.418
88461,0,2,1,0.000,17978,13335,3.280,6.400,20.992
88501,0,2,1,0.000,19947,15325,3.280,6.400,20.992
88541,0,2,1,0.000,22422,17578,3.280,6.400,20.992
88581,0,2,1,0.000,42741,38224,3.284,4.700,15.435
88621,0,2,1,0.000,19702,21213,3.284,4.700,15.435
88661,0,2,1,0.000,13541,15485,3.272,4.500,14.724
88701,0,2,1,0.000,16596,17765,3.272,4.500,14.724
88741,0,2,1,0.000,36567,34201,3.272,4.500,14.724
88781,0,2,1,0.000,64802,66791,3.196,4.000,12.784
88821,0,2,1,0.000,67310,72251,3.196,4.000,12.784
88861,0,2,1,0.000,70506,77718,3.064,4.900,15.014
88901,0,2,1,0.000,71910,80395,3.064,4.900,15.014
88941,0,2,1,0.000,72473,81670,3.064,4.900,15.014
88981,0,2,1,0.000,72119,81172,3.244,4.000,12.976
89021,0,2,1,0.000,72137,81277,3.244,4.000,12.976
89061,0,2,1,0.000,72545,81868,3.232,4.700,15.190
89101,0,2,1,0.000,72739,81989,3.232,4.700,15.190
89141,0,2,1,0.000,72448,81448,3.232,4.700,15.190
89181,0,2,1,0.000,71649,79967,3.236,4.700,15.209
89221,0,2,1,0.000,70912,78573,3.236,4.700,15.209
89261,0,2,1,0.000,70714,78203,3.268,4.600,15.033
89301,0,2,1,0.000,70372,77703,3.268,4.600,15.033
89341,0,2,1,0.000,70715,78401,3.268,4.600,15.033
89381,0,2,1,0.000,70387,77769,3.276,4.000,13.104
89421,0,2,1,0.000,68346,74285,3.276,4.000,13.104
89461,0,2,1,0.000,66726,67510,3.280,4.400,14.432
89501,0,2,1,0.000,64042,60691,3.280,4.400,14.432
89541,0,2,1,0.000,65450,64045,3.280,4.400,14.432
89581,0,2,1,0.000,70023,72152,3.248,4.300,13.966
89621,0,2,1,0.000,70463,75448,3.248,4.300,13.966
89661,0,2,1,0.000,70380,71552,3.172,4.500,14.274
89701,0,2,1,0.000,72072,69391,3.172,4.500,14.274
89741,0,2,1,0.000,72493,70095,3.172,4.500,14.274
89781,0,2,1,0.000,71204,71095,3.236,4.100,13.268
89821,0,2,1,0.000,67226,71236,3.236,4.100,13.268
89861,0,2,1,0.000,68918,74680,3.252,4.500,14.634
89901,0,2,1,0.000,71297,78643,3.252,4.500,14.634
89941,0,2,1,0.000,72457,80884,3.252,4.500,14.634
89981,0,2,1,0.000,73372,82289,3.260,4.600,14.996
90021,0,2,1,0.000,74041,83571,3.260,4.600,14.996
90061,0,2,1,0.000,74605,84724,3.248,4.800,15.590
90101,0,2,1,0.000,74839,85098,3.248,4.800,15.590
90141,0,2,1,0.000,74830,84981,3.248,4.800,15.590
90181,0,2,1,0.000,74915,85162,3.244,3.900,12.652
90221,0,2,1,0.000,74917,85339,3.244,3.900,12.652
90261,0,2,1,0.000,74755,84995,3.252,4.800,15.610
90301,0,2,1,0.000,74661,84861,3.252,4.800,15.610
90341,0,2,1,0.000,74746,85243,3.252,4.800,15.610
90381,0,2,1,0.000,74705,85545,3.260,5.500,17.930
90421,0,2,1,0.000,74567,85769,3.260,5.500,17.930
90461,0,2,1,0.000,74493,86014,3.252,4.800,15.610
90501,0,2,1,0.000,74594,86586,3.252,4.800,15.610
90541,0,2,1,0.000,74844,87442,3.252,4.800,15.610
90581,0,2,1,0.000,74963,87950,3.248,3.900,12.667
90621,0,2,1,0.000,74991,88201,3.248,3.900,12.667
90661,0,2,1,0.000,75029,88348,3.248,4.600,14.941
90701,0,2,1,0.000,75094,88529,3.248,4.600,14.941
90741,0,2,1,0.000,75117,88592,3.248,4.600,14.941
90781,0,2,1,0.000,75049,88494,3.248,5.000,16.240
90821,0,2,1,0.000,74948,88233,3.248,5.000,16.240
90861,0,2,1,0.000,74861,88029,3.228,4.600,14.849
90901,0,2,1,0.000,74794,88102,3.228,4.600,14.849
90941,0,2,1,0.000,74678,88131,3.228,4.600,14.849
90981,0,2,1,0.000,74553,88161,3.240,4.300,13.932
91021,0,2,1,0.000,74329,88151,3.240,4.300,13.932
91061,0,2,1,0.000,74110,87971,3.248,4.500,14.616
91101,0,2,1,0.000,73818,87623,3.248,4.500,14.616
91141,0,2,1,0.000,73415,87002,3.248,4.500,14.616
91181,0,2,1,0.000,71644,84100,3.232,4.400,14.221
91221,0,2,1,0.000,69475,80850,3.232,4.400,14.221
91261,0,2,1,0.000,69152,80558,3.248,4.800,15.590
91301,0,2,1,0.000,69016,80473,3.248,4.800,15.590
91341,0,2,1,0.000,69161,80687,3.248,4.800,15.590
91381,0,2,1,0.000,70055,82032,3.252,4.700,15.284
91421,0,2,1,0.000,72887,86016,3.252,4.700,15.284
91461,0,2,1,0.000,64113,66090,3.232,4.600,14.867
91501,0,2,1,0.000,19468,19624,3.232,4.600,14.867
91541,0,2,1,0.000,21293,20210,3.232,4.600,14.867
91581,0,2,1,0.000,70399,74715,3.248,4.100,13.317
91621,0,2,1,0.000,74536,86202,3.248,4.100,13.317
91661,0,2,1,0.000,74636,86947,3.240,6.800,22.032
91701,0,2,1,0.000,74750,87366,3.240,6.800,22.032
91741,0,2,1,0.000,74870,87603,3.240,6.800,22.032
91781,0,2,1,0.000,74939,87500,3.248,4.800,15.590
91821,0,2,1,0.000,76225,79220,3.248,4.800,15.590
91861,0,2,1,0.000,50785,47262,3.236,6.800,22.005
91901,0,2,1,0.000,63306,61538,3.236,6.800,22.005
91942,0,2,1,0.000,77032,86467,3.236,6.800,22.005
91981,0,2,1,0.000,76188,86940,3.240,4.400,14.256
92021,0,2,1,0.000,75695,87253,3.240,4.400,14.256
92061,0,2,1,0.000,75562,87685,3.216,4.800,15.437
92101,0,2,1,0.000,75461,88093,3.216,4.800,15.437
92142,0,2,1,0.000,75454,88452,3.216,4.800,15.437
92181,0,2,1,0.000,75343,88188,3.224,3.900,12.574
92222,0,2,1,0.000,75171,87891,3.224,3.900,12.574
92261,0,2,1,0.000,75083,87824,3.208,6.000,19.248
92302,0,2,1,0.000,75009,87907,3.208,6.000,19.248
