190,0,2,1,0.500,68426,70015,3.264,3.500,11.424
230,0,2,1,0.500,71551,73697,3.264,3.500,11.424
270,0,2,1,0.500,71541,73717,3.252,4.800,15.610
310,0,2,1,0.500,71475,73592,3.252,4.800,15.610
350,0,2,1,0.500,71448,73547,3.252,4.800,15.610
390,0,2,1,0.500,71435,73566,3.252,4.600,14.959
430,0,2,1,0.500,71479,73606,3.252,4.600,14.959
470,0,2,1,0.500,71511,73661,3.256,4.500,14.652
510,0,2,1,0.500,71586,73751,3.256,4.500,14.652
550,0,2,1,0.500,71628,73864,3.256,4.500,14.652
590,0,2,1,0.500,71634,73854,3.256,4.700,15.303
630,0,2,1,0.500,71551,73761,3.256,4.700,15.303
670,0,2,1,0.500,71610,73859,3.252,4.800,15.610
710,0,2,1,0.500,71661,73941,3.252,4.800,15.610
750,0,2,1,0.500,71722,74032,3.252,4.800,15.610
790,0,2,1,0.500,71721,74065,3.260,4.700,15.322
830,0,2,1,0.500,71739,74079,3.260,4.700,15.322
870,0,2,1,0.500,71731,74125,3.260,4.500,14.670
910,0,2,1,0.500,71817,74235,3.260,4.500,14.670
950,0,2,1,0.500,71829,74257,3.260,4.500,14.670
990,0,2,1,0.500,71837,74308,3.252,4.600,14.959
1030,0,2,1,0.500,71870,74335,3.252,4.600,14.959
1070,0,2,1,0.500,71874,74342,3.252,4.600,14.959
1110,0,2,1,0.500,71832,74297,3.252,4.600,14.959
1150,0,2,1,0.500,71721,74080,3.252,4.600,14.959
1190,0,2,1,0.500,71596,73871,3.256,4.700,15.303
1230,0,2,1,0.500,71657,73946,3.256,4.700,15.303
1270,0,2,1,0.500,71850,74320,3.260,4.500,14.670
1310,0,2,1,0.500,72087,74716,3.260,4.500,14.670
1350,0,2,1,0.500,72224,74964,3.260,4.500,14.670
1390,0,2,1,0.500,72172,74878,3.252,4.700,15.284
1431,0,2,1,0.500,72149,74800,3.252,4.700,15.284
1470,0,2,1,0.500,72141,74764,3.256,4.600,14.978
1510,0,2,1,0.500,72112,74727,3.256,4.600,14.978
1551,0,2,1,0.500,72058,74662,3.256,4.600,14.978
1590,0,2,1,0.500,72083,74706,3.256,4.500,14.652
1630,0,2,1,0.500,72115,74772,3.256,4.500,14.652
1670,0,2,1,0.500,72070,74712,3.256,4.500,14.652
1710,0,2,1,0.500,72065,74688,3.256,4.500,14.652
1750,0,2,1,0.500,72103,74736,3.256,4.500,14.652
1790,0,2,1,0.500,72125,74786,3.256,4.600,14.978
1830,0,2,1,0.500,72187,74941,3.256,4.600,14.978
1870,0,2,1,0.500,72377,75299,3.256,4.700,15.303
1910,0,2,1,0.500,72550,75668,3.256,4.700,15.303
1950,0,2,1,0.500,72560,75620,3.256,4.700,15.303
1991,0,2,1,0.500,72406,75342,3.256,4.800,15.629
2030,0,2,1,0.500,72234,75007,3.256,4.800,15.629
2071,0,2,1,0.500,72054,74740,3.260,4.600,14.996
2111,0,2,1,0.500,72001,74572,3.260,4.600,14.996
2150,0,2,1,0.500,72073,74682,3.260,4.600,14.996
2191,0,2,1,0.500,72114,74813,3.256,4.500,14.652
2231,0,2,1,0.500,72122,74794,3.256,4.500,14.652
2270,0,2,1,0.500,72112,74748,3.260,4.300,14.018
2311,0,2,1,0.500,72128,74845,3.260,4.300,14.018
2350,0,2,1,0.500,72162,74898,3.260,4.300,14.018
2391,0,2,1,0.500,72100,74766,3.260,4.600,14.996
2431,0,2,1,0.500,72043,74705,3.260,4.600,14.996
2470,0,2,1,0.500,72034,74663,3.256,4.700,15.303
2511,0,2,1,0.500,71958,74540,3.256,4.700,15.303
2551,0,2,1,0.500,71857,74409,3.256,4.700,15.303
2590,0,2,1,0.500,71792,74290,3.256,4.500,14.652
2631,0,2,1,0.500,71841,74391,3.256,4.500,14.652
2670,0,2,1,0.500,71944,74582,3.260,4.600,14.996
2710,0,2,1,0.500,72033,74732,3.260,4.600,14.996
2751,0,2,1,0.500,71982,74621,3.260,4.600,14.996
2790,0,2,1,0.500,71787,74299,3.256,4.800,15.629
2830,0,2,1,0.500,71697,74129,3.256,4.800,15.629
2871,0,2,1,0.500,71751,74205,3.260,4.400,14.344
2910,0,2,1,0.500,71791,74330,3.260,4.400,14.344
2951,0,2,1,0.500,71824,74358,3.260,4.400,14.344
2991,0,2,1,0.500,71857,74382,3.252,4.600,14.959
3030,0,2,1,0.500,71844,74387,3.252,4.600,14.959
3071,0,2,1,0.500,71841,74440,3.256,4.600,14.978
3110,0,2,1,0.500,71929,74565,3.256,4.600,14.978
3150,0,2,1,0.500,71920,74542,3.256,4.600,14.978
3191,0,2,1,0.500,71885,74511,3.256,4.500,14.652
3230,0,2,1,0.500,71888,74513,3.256,4.500,14.652
3271,0,2,1,0.500,71936,74599,3.256,4.500,14.652
3311,0,2,1,0.500,71984,74679,3.256,4.500,14.652
3350,0,2,1,0.500,71966,74639,3.256,4.500,14.652
3391,0,2,1,0.500,71918,74561,3.256,4.600,14.978
3431,0,2,1,0.500,71875,74522,3.256,4.600,14.978
3471,0,2,1,0.500,71816,74404,3.256,4.600,14.978
3511,0,2,1,0.500,71831,74406,3.256,4.600,14.978
3551,0,2,1,0.500,71793,74378,3.256,4.600,14.978
3591,0,2,1,0.500,71629,74052,3.252,4.600,14.959
3631,0,2,1,0.500,71580,73968,3.252,4.600,14.959
3670,0,2,1,0.500,71603,74034,3.256,4.300,14.001
3711,0,2,1,0.500,71634,74096,3.256,4.300,14.001
3751,0,2,1,0.500,71618,74050,3.256,4.300,14.001
3791,0,2,1,0.500,71622,74087,3.260,4.300,14.018
3831,0,2,1,0.500,71638,74105,3.260,4.300,14.018
3871,0,2,1,0.500,71635,74105,3.256,4.400,14.326
3911,0,2,1,0.500,71600,74053,3.256,4.400,14.326
3951,0,2,1,0.500,71550,73983,3.256,4.400,14.326
3990,0,2,1,0.500,71529,73927,3.256,4.600,14.978
4031,0,2,1,0.500,71557,73956,3.256,4.600,14.978
4071,0,2,1,0.500,71592,74050,3.256,4.600,14.978
4111,0,2,1,0.500,71650,74170,3.256,4.600,14.978
4151,0,2,1,0.500,71657,74168,3.256,4.600,14.978
4191,0,2,1,0.500,71579,74068,3.256,4.500,14.652
4231,0,2,1,0.500,71578,74029,3.256,4.500,14.652
4271,0,2,1,0.500,71648,74159,3.256,4.600,14.978
4311,0,2,1,0.500,71628,74145,3.256,4.600,14.978
4351,0,2,1,0.500,71601,74067,3.256,4.600,14.978
4391,0,2,1,0.500,71459,73806,3.256,4.500,14.652
4431,0,2,1,0.500,71307,73543,3.256,4.500,14.652
4471,0,2,1,0.500,71258,73518,3.256,4.700,15.303
4511,0,2,1,0.500,71347,73621,3.256,4.700,15.303
4551,0,2,1,0.500,71385,73721,3.256,4.700,15.303
4591,0,2,1,0.500,71463,73839,3.256,4.600,14.978
4631,0,2,1,0.500,71457,73864,3.256,4.600,14.978
4671,0,2,1,0.500,71498,73905,3.256,4.700,15.303
4711,0,2,1,0.500,71490,73923,3.256,4.700,15.303
4751,0,2,1,0.500,71506,73926,3.256,4.700,15.303
4791,0,2,1,0.500,71566,74033,3.256,4.600,14.978
4831,0,2,1,0.500,71641,74167,3.256,4.600,14.978
4871,0,2,1,0.500,71608,74111,3.256,4.600,14.978
4911,0,2,1,0.500,71559,74051,3.256,4.600,14.978
4951,0,2,1,0.500,71601,74093,3.256,4.600,14.978
4991,0,2,1,0.500,71655,74215,3.256,4.600,14.978
5031,0,2,1,0.500,71611,74191,3.256,4.600,14.978
5071,0,2,1,0.500,71679,74226,3.252,4.600,14.959
5111,0,2,1,0.500,71648,74203,3.252,4.600,14.959
5151,0,2,1,0.500,71649,74204,3.252,4.600,14.959
5191,0,2,1,0.500,71505,73945,3.256,4.600,14.978
5231,0,2,1,0.500,71376,73684,3.256,4.600,14.978
5271,0,2,1,0.500,71322,73615,3.256,4.600,14.978
5311,0,2,1,0.500,71352,73685,3.256,4.600,14.978
5351,0,2,1,0.500,71381,73704,3.256,4.600,14.978
5391,0,2,1,0.500,71355,73715,3.256,4.700,15.303
5431,0,2,1,0.500,71399,73759,3.256,4.700,15.303
5471,0,2,1,0.500,71411,73807,3.256,4.700,15.303
5511,0,2,1,0.500,71419,73813,3.256,4.700,15.303
5551,0,2,1,0.500,71407,73782,3.256,4.700,15.303
5591,0,2,1,0.500,71455,73857,3.256,4.500,14.652
5631,0,2,1,0.500,71475,73919,3.256,4.500,14.652
5671,0,2,1,0.500,71506,73986,3.252,4.600,14.959
5711,0,2,1,0.500,71573,74092,3.252,4.600,14.959
5751,0,2,1,0.500,71595,74116,3.252,4.600,14.959
5791,0,2,1,0.500,71549,74064,3.260,4.800,15.648
5831,0,2,1,0.500,71521,74016,3.260,4.800,15.648
5871,0,2,1,0.500,71595,74179,3.256,4.800,15.629
5911,0,2,1,0.500,71688,74322,3.256,4.800,15.629
5951,0,2,1,0.500,71575,74116,3.256,4.800,15.629
5991,0,2,1,0.500,71411,73791,3.256,4.700,15.303
6031,0,2,1,0.500,71285,73589,3.256,4.700,15.303
6071,0,2,1,0.500,71273,73529,3.256,4.700,15.303
6111,0,2,1,0.500,71246,73511,3.256,4.700,15.303
6151,0,2,1,0.500,71267,73506,3.256,4.700,15.303
6191,0,2,1,0.500,71255,73519,3.252,4.700,15.284
6231,0,2,1,0.500,71261,73536,3.252,4.700,15.284
6271,0,2,1,0.500,71240,73493,3.256,4.200,13.675
6311,0,2,1,0.500,71222,73461,3.256,4.200,13.675
6351,0,2,1,0.500,71204,73434,3.256,4.200,13.675
6391,0,2,1,0.500,71204,73432,3.252,4.700,15.284
6431,0,2,1,0.500,71217,73457,3.252,4.700,15.284
6471,0,2,1,0.500,71223,73485,3.260,4.400,14.344
6511,0,2,1,0.500,71222,73481,3.260,4.400,14.344
6551,0,2,1,0.500,71234,73486,3.260,4.400,14.344
6591,0,2,1,0.500,71221,73454,3.256,4.700,15.303
6631,0,2,1,0.500,71198,73428,3.256,4.700,15.303
6671,0,2,1,0.500,71200,73460,3.256,4.800,15.629
6711,0,2,1,0.500,71160,73382,3.256,4.800,15.629
6751,0,2,1,0.500,71026,73170,3.256,4.800,15.629
6791,0,2,1,0.500,70979,73079,3.252,4.600,14.959
6831,0,2,1,0.500,71001,73106,3.252,4.600,14.959
6871,0,2,1,0.500,71050,73188,3.256,4.700,15.303
6911,0,2,1,0.500,71122,73289,3.256,4.700,15.303
6951,0,2,1,0.500,71171,73435,3.256,4.700,15.303
6991,0,2,1,0.500,71279,73571,3.256,4.500,14.652
7031,0,2,1,0.500,71267,73559,3.256,4.500,14.652
7071,0,2,1,0.500,71188,73450,3.260,4.500,14.670
7111,0,2,1,0.500,71206,73447,3.260,4.500,14.670
7151,0,2,1,0.500,71224,73523,3.260,4.500,14.670
7191,0,2,1,0.500,71190,73461,3.256,4.600,14.978
7231,0,2,1,0.500,71187,73431,3.256,4.600,14.978
7271,0,2,1,0.500,71138,73348,3.260,4.500,14.670
7311,0,2,1,0.500,71152,73365,3.260,4.500,14.670
7351,0,2,1,0.500,71170,73436,3.260,4.500,14.670
7391,0,2,1,0.500,71204,73480,3.256,4.700,15.303
7431,0,2,1,0.500,71073,73264,3.256,4.700,15.303
7471,0,2,1,0.500,70969,73071,3.260,4.500,14.670
7511,0,2,1,0.500,70914,72995,3.260,4.500,14.670
7551,0,2,1,0.500,70942,73019,3.260,4.500,14.670
7591,0,2,1,0.500,70973,73077,3.256,4.400,14.326
7631,0,2,1,0.500,70987,73112,3.256,4.400,14.326
7671,0,2,1,0.500,70982,73103,3.256,4.500,14.652
7711,0,2,1,0.500,70956,73091,3.256,4.500,14.652
7751,0,2,1,0.500,70969,73081,3.256,4.500,14.652
7791,0,2,1,0.500,70996,73151,3.256,4.500,14.652
7831,0,2,1,0.500,71013,73171,3.256,4.500,14.652
7871,0,2,1,0.500,71069,73260,3.256,4.700,15.303
7911,0,2,1,0.500,71071,73289,3.256,4.700,15.303
7951,0,2,1,0.500,71068,73271,3.256,4.700,15.303
7991,0,2,1,0.500,71105,73349,3.252,4.700,15.284
8031,0,2,1,0.500,71131,73380,3.252,4.700,15.284
8071,0,2,1,0.500,71158,73453,3.252,4.600,14.959
8111,0,2,1,0.500,71219,73566,3.252,4.600,14.959
I (8480) SYS_DEMO: Scheduler switch -> state=1 profile=100sps_med q=0 diff=0.469
8248,1,0,0,0.469,71203,73536,3.252,4.600,14.959
8281,1,0,0,0.469,83046,83021,3.264,4.100,13.382
8321,1,0,0,0.469,108926,115490,3.264,4.100,13.382
8361,1,0,0,0.469,108904,115411,3.256,4.500,14.652
8401,1,0,0,0.469,108791,115232,3.256,4.500,14.652
8441,1,0,0,0.469,108700,115087,3.256,4.500,14.652
8481,1,0,0,0.469,108744,115177,3.260,4.600,14.996
8521,1,0,0,0.469,108801,115296,3.260,4.600,14.996
8562,1,0,0,0.469,108866,115401,3.256,4.600,14.978
8601,1,0,0,0.469,108936,115544,3.256,4.600,14.978
8641,1,0,0,0.469,109073,115790,3.256,4.600,14.978
8681,1,0,0,0.469,109118,115867,3.252,4.300,13.984
8721,1,0,0,0.469,109128,115896,3.252,4.300,13.984
8762,1,0,0,0.469,109232,116079,3.256,4.700,15.303
8801,1,0,0,0.469,109466,116491,3.256,4.700,15.303
8841,1,0,0,0.469,109547,116654,3.256,4.700,15.303
8882,1,0,0,0.469,109658,116868,3.256,4.600,14.978
8921,1,0,0,0.469,109724,116957,3.256,4.600,14.978
8962,1,0,0,0.469,109420,116378,3.252,4.700,15.284
9001,1,0,0,0.469,109181,115968,3.252,4.700,15.284
9041,1,0,0,0.469,109234,116086,3.252,4.700,15.284
9082,1,0,0,0.469,109371,116325,3.256,4.500,14.652
9121,1,0,0,0.469,109411,116366,3.256,4.500,14.652
9162,1,0,0,0.469,109501,116551,3.260,4.700,15.322
9202,1,0,0,0.469,109646,116793,3.260,4.700,15.322
9241,1,0,0,0.469,109652,116814,3.260,4.700,15.322
9282,1,0,0,0.469,109620,116739,3.260,4.400,14.344
9322,1,0,0,0.469,109597,116716,3.260,4.400,14.344
9362,1,0,0,0.469,109541,116650,3.256,4.400,14.326
9402,1,0,0,0.469,109675,116904,3.256,4.400,14.326
9442,1,0,0,0.469,109718,117001,3.256,4.400,14.326
9482,1,0,0,0.469,109598,116821,3.256,4.500,14.652
9522,1,0,0,0.469,109478,116625,3.256,4.500,14.652
9562,1,0,0,0.469,109410,116567,3.256,4.700,15.303
9602,1,0,0,0.469,109411,116612,3.256,4.700,15.303
9642,1,0,0,0.469,109453,116707,3.256,4.700,15.303
9682,1,0,0,0.469,109640,116970,3.256,4.300,14.001
9722,1,0,0,0.469,109845,117285,3.256,4.300,14.001
9762,1,0,0,0.469,109683,116975,3.256,4.500,14.652
9802,1,0,0,0.469,109484,116586,3.256,4.500,14.652
9842,1,0,0,0.469,109476,116583,3.256,4.500,14.652
9882,1,0,0,0.469,109616,116818,3.256,4.800,15.629
9922,1,0,0,0.469,109696,116948,3.256,4.800,15.629
9962,1,0,0,0.469,109827,117189,3.256,4.600,14.978
10002,1,0,0,0.469,110008,117519,3.256,4.600,14.978
10042,1,0,0,0.469,110149,117735,3.256,4.600,14.978
10082,1,0,0,0.469,110210,117830,3.256,4.600,14.978
10122,1,0,0,0.469,110311,117999,3.256,4.600,14.978
10162,1,0,0,0.469,110443,118251,3.256,4.400,14.326
10202,1,0,0,0.469,110603,118534,3.256,4.400,14.326
10242,1,0,0,0.469,110537,118411,3.256,4.400,14.326
10282,1,0,0,0.469,110465,118293,3.256,4.500,14.652
10322,1,0,0,0.469,110465,118330,3.256,4.500,14.652
10362,1,0,0,0.469,110445,118280,3.252,4.500,14.634
10402,1,0,0,0.469,110344,118148,3.252,4.500,14.634
10442,1,0,0,0.469,110342,118146,3.252,4.500,14.634
10482,1,0,0,0.469,110339,118159,3.256,4.400,14.326
10522,1,0,0,0.469,110337,118175,3.256,4.400,14.326
10562,1,0,0,0.469,110277,118022,3.252,4.300,13.984
10602,1,0,0,0.469,110095,117660,3.252,4.300,13.984
10642,1,0,0,0.469,109958,117409,3.252,4.300,13.984
10682,1,0,0,0.469,110009,117499,3.256,4.500,14.652
10722,1,0,0,0.469,110088,117640,3.256,4.500,14.652
10762,1,0,0,0.469,110097,117693,3.260,4.400,14.344
10802,1,0,0,0.469,110192,117826,3.260,4.400,14.344
10842,1,0,0,0.469,110274,117972,3.260,4.400,14.344
10882,1,0,0,0.469,110245,117932,3.256,4.400,14.326
10922,1,0,0,0.469,110410,118193,3.256,4.400,14.326
10962,1,0,0,0.469,110523,118390,3.252,4.600,14.959
11002,1,0,0,0.469,110542,118404,3.252,4.600,14.959
11042,1,0,0,0.469,110571,118455,3.252,4.600,14.959
11082,1,0,0,0.469,110576,118462,3.256,4.800,15.629
11122,1,0,0,0.469,110663,118590,3.256,4.800,15.629
11162,1,0,0,0.469,110688,118621,3.256,4.600,14.978
11202,1,0,0,0.469,110628,118518,3.256,4.600,14.978
11242,1,0,0,0.469,110607,118476,3.256,4.600,14.978
11282,1,0,0,0.469,110625,118496,3.256,4.700,15.303
11322,1,0,0,0.469,110620,118486,3.256,4.700,15.303
11362,1,0,0,0.469,110408,118042,3.256,4.600,14.978
11402,1,0,0,0.469,110185,117647,3.256,4.600,14.978
11442,1,0,0,0.469,110075,117449,3.256,4.600,14.978
11482,1,0,0,0.469,110038,117426,3.256,4.700,15.303
11522,1,0,0,0.469,110128,117584,3.256,4.700,15.303
11562,1,0,0,0.469,110205,117714,3.256,4.700,15.303
11602,1,0,0,0.469,110170,117656,3.256,4.700,15.303
11642,1,0,0,0.469,110154,117611,3.256,4.700,15.303
11682,1,0,0,0.469,110269,117788,3.256,4.600,14.978
11722,1,0,0,0.469,110594,118351,3.256,4.600,14.978
11762,1,0,0,0.469,110787,118694,3.256,4.600,14.978
11802,1,0,0,0.469,110891,118811,3.256,4.600,14.978
11842,1,0,0,0.469,110756,118553,3.256,4.600,14.978
11882,1,0,0,0.469,110609,118314,3.256,4.500,14.652
11922,1,0,0,0.469,110523,118161,3.256,4.500,14.652
11962,1,0,0,0.469,110400,117945,3.260,4.600,14.996
12002,1,0,0,0.469,110310,117814,3.260,4.600,14.996
12042,1,0,0,0.469,110175,117596,3.260,4.600,14.996
12082,1,0,0,0.469,109970,117236,3.256,4.500,14.652
12122,1,0,0,0.469,109752,116887,3.256,4.500,14.652
12162,1,0,0,0.469,109789,116944,3.256,4.400,14.326
12202,1,0,0,0.469,109886,117138,3.256,4.400,14.326
12242,1,0,0,0.469,110081,117442,3.256,4.400,14.326
12282,1,0,0,0.469,110189,117603,3.256,4.600,14.978
12322,1,0,0,0.469,110171,117560,3.256,4.600,14.978
12362,1,0,0,0.469,110189,117582,3.256,4.500,14.652
12402,1,0,0,0.469,110595,118139,3.256,4.500,14.652
12442,1,0,0,0.469,110805,118357,3.256,4.500,14.652
12482,1,0,0,0.469,110877,118435,3.256,4.700,15.303
12522,1,0,0,0.469,111011,118624,3.256,4.700,15.303
12562,1,0,0,0.469,111122,118731,3.256,4.600,14.978
12602,1,0,0,0.469,111113,118664,3.256,4.600,14.978
12642,1,0,0,0.469,110951,118394,3.256,4.600,14.978
12682,1,0,0,0.469,110829,118197,3.256,4.300,14.001
12722,1,0,0,0.469,110790,118155,3.256,4.300,14.001
12762,1,0,0,0.469,110700,118004,3.256,4.700,15.303
12802,1,0,0,0.469,110490,117602,3.256,4.700,15.303
12842,1,0,0,0.469,110318,117279,3.256,4.700,15.303
12882,1,0,0,0.469,110334,117314,3.256,4.300,14.001
12922,1,0,0,0.469,110208,117171,3.256,4.300,14.001
12962,1,0,0,0.469,110066,116950,3.256,4.700,15.303
13002,1,0,0,0.469,110033,116955,3.256,4.700,15.303
13042,1,0,0,0.469,110120,117112,3.256,4.700,15.303
13082,1,0,0,0.469,110078,117076,3.256,4.700,15.303
13122,1,0,0,0.469,110111,117120,3.256,4.700,15.303
13162,1,0,0,0.469,110134,117185,3.256,4.200,13.675
13202,1,0,0,0.469,110107,117145,3.256,4.200,13.675
13242,1,0,0,0.469,110064,117108,3.256,4.200,13.675
13282,1,0,0,0.469,110049,117113,3.260,4.400,14.344
13322,1,0,0,0.469,110080,117155,3.260,4.400,14.344
13362,1,0,0,0.469,110093,117200,3.256,4.600,14.978
13402,1,0,0,0.469,110199,117342,3.256,4.600,14.978
13442,1,0,0,0.469,110218,117386,3.256,4.600,14.978
13482,1,0,0,0.469,110264,117447,3.260,4.800,15.648
13522,1,0,0,0.469,110141,117215,3.260,4.800,15.648
13563,1,0,0,0.469,109871,116732,3.256,4.200,13.675
13602,1,0,0,0.469,109766,116553,3.256,4.200,13.675
13642,1,0,0,0.469,109777,116609,3.256,4.200,13.675
13683,1,0,0,0.469,109871,116740,3.260,4.500,14.670
13722,1,0,0,0.469,109902,116776,3.260,4.500,14.670
13763,1,0,0,0.469,109927,116848,3.256,4.600,14.978
13802,1,0,0,0.469,109962,116880,3.256,4.600,14.978
13842,1,0,0,0.469,109930,116823,3.256,4.600,14.978
13883,1,0,0,0.469,109902,116798,3.256,4.500,14.652
13922,1,0,0,0.469,109860,116745,3.256,4.500,14.652
13963,1,0,0,0.469,109892,116818,3.256,4.700,15.303
14002,1,0,0,0.469,109878,116774,3.256,4.700,15.303
14042,1,0,0,0.469,109896,116818,3.256,4.700,15.303
14083,1,0,0,0.469,110044,117076,3.256,4.700,15.303
14122,1,0,0,0.469,110058,117111,3.256,4.700,15.303
14163,1,0,0,0.469,110111,117192,3.256,4.600,14.978
14203,1,0,0,0.469,110133,117224,3.256,4.600,14.978
14242,1,0,0,0.469,110137,117222,3.256,4.600,14.978
14283,1,0,0,0.469,110105,117134,3.256,4.600,14.978
14323,1,0,0,0.469,109968,116830,3.256,4.600,14.978
14363,1,0,0,0.469,109823,116515,3.256,4.600,14.978
14403,1,0,0,0.469,109876,116633,3.256,4.600,14.978
14442,1,0,0,0.469,109988,116782,3.256,4.600,14.978
14483,1,0,0,0.469,110033,116841,3.260,4.500,14.670
14523,1,0,0,0.469,110091,116917,3.260,4.500,14.670
14563,1,0,0,0.469,110082,116889,3.256,4.800,15.629
14603,1,0,0,0.469,110033,116826,3.256,4.800,15.629
14643,1,0,0,0.469,110232,117104,3.256,4.800,15.629
14683,1,0,0,0.469,110439,117390,3.256,4.700,15.303
14723,1,0,0,0.469,110476,117448,3.256,4.700,15.303
14763,1,0,0,0.469,110463,117442,3.256,4.700,15.303
14803,1,0,0,0.469,110562,117586,3.256,4.700,15.303
14843,1,0,0,0.469,110629,117699,3.256,4.700,15.303
14883,1,0,0,0.469,110651,117725,3.256,4.500,14.652
14923,1,0,0,0.469,110653,117747,3.256,4.500,14.652
14963,1,0,0,0.469,110650,117710,3.260,4.600,14.996
15003,1,0,0,0.469,110626,117709,3.260,4.600,14.996
15043,1,0,0,0.469,110599,117669,3.260,4.600,14.996
15083,1,0,0,0.469,110598,117676,3.256,4.600,14.978
15123,1,0,0,0.469,110642,117682,3.256,4.600,14.978
15163,1,0,0,0.469,110540,117418,3.256,4.300,14.001
15203,1,0,0,0.469,110453,117244,3.256,4.300,14.001
15243,1,0,0,0.469,110414,117203,3.256,4.300,14.001
15283,1,0,0,0.469,110359,117146,3.260,4.700,15.322
15323,1,0,0,0.469,110442,117273,3.260,4.700,15.322
15363,1,0,0,0.469,110444,117303,3.256,4.500,14.652
15403,1,0,0,0.469,110432,117272,3.256,4.500,14.652
15443,1,0,0,0.469,110451,117312,3.256,4.500,14.652
15483,1,0,0,0.469,110525,117398,3.256,4.600,14.978
15523,1,0,0,0.469,110543,117427,3.256,4.600,14.978
15563,1,0,0,0.469,110473,117374,3.260,4.500,14.670
15603,1,0,0,0.469,110494,117402,3.260,4.500,14.670
15643,1,0,0,0.469,110594,117562,3.260,4.500,14.670
15683,1,0,0,0.469,110709,117710,3.256,4.500,14.652
15723,1,0,0,0.469,110856,117935,3.256,4.500,14.652
15763,1,0,0,0.469,111059,118284,3.252,4.600,14.959
15803,1,0,0,0.469,111192,118538,3.252,4.600,14.959
15843,1,0,0,0.469,111157,118466,3.252,4.600,14.959
15883,1,0,0,0.469,111035,118268,3.260,4.600,14.996
15923,1,0,0,0.469,110836,117908,3.260,4.600,14.996
15963,1,0,0,0.469,110565,117434,3.256,4.600,14.978
16003,1,0,0,0.469,110499,117309,3.256,4.600,14.978
16043,1,0,0,0.469,110519,117357,3.256,4.600,14.978
16083,1,0,0,0.469,110583,117468,3.260,4.600,14.996
16123,1,0,0,0.469,110723,117722,3.260,4.600,14.996
16163,1,0,0,0.469,110800,117846,3.256,4.600,14.978
16203,1,0,0,0.469,110697,117664,3.256,4.600,14.978
16243,1,0,1,0.000,110576,117471,3.256,4.600,14.978
16283,1,0,1,0.000,110615,117549,3.256,4.900,15.954
16323,1,0,1,0.000,110626,117584,3.256,4.900,15.954
16363,1,0,1,0.000,110521,117428,3.256,5.000,16.280
16403,1,0,1,0.000,110562,117502,3.256,5.000,16.280
16443,1,0,1,0.000,110585,117554,3.256,5.000,16.280
16483,1,0,1,0.000,110679,117734,3.256,4.400,14.326
16523,1,0,1,0.000,110681,117749,3.256,4.400,14.326
16563,1,0,1,0.000,110679,117757,3.260,4.500,14.670
16603,1,0,1,0.000,110718,117837,3.260,4.500,14.670
16643,1,0,1,0.000,110764,117930,3.260,4.500,14.670
16683,1,0,1,0.000,110668,117738,3.256,4.400,14.326
16723,1,0,1,0.000,110486,117390,3.256,4.400,14.326
16763,1,0,1,0.000,110391,117249,3.256,4.700,15.303
16803,1,0,1,0.000,110416,117315,3.256,4.700,15.303
16843,1,0,1,0.000,110507,117478,3.256,4.700,15.303
16883,1,0,1,0.000,110590,117636,3.256,4.500,14.652
16923,1,0,1,0.000,110620,117691,3.256,4.500,14.652
16963,1,0,1,0.000,110567,117603,3.260,4.600,14.996
17003,1,0,1,0.000,110546,117567,3.260,4.600,14.996
17043,1,0,1,0.000,110564,117629,3.260,4.600,14.996
17083,1,0,1,0.000,110539,117598,3.256,4.200,13.675
17123,1,0,1,0.000,110516,117568,3.256,4.200,13.675
17163,1,0,1,0.000,110546,117628,3.256,4.600,14.978
17203,1,0,1,0.000,110596,117733,3.256,4.600,14.978
17243,1,0,1,0.000,110656,117856,3.256,4.600,14.978
17283,1,0,1,0.000,110720,117983,3.256,4.700,15.303
17323,1,0,1,0.000,110680,117922,3.256,4.700,15.303
17363,1,0,1,0.000,110661,117921,3.256,4.700,15.303
17403,1,0,1,0.000,110686,117971,3.256,4.700,15.303
17443,1,0,1,0.000,110684,117941,3.256,4.700,15.303
17483,1,0,1,0.000,110509,117598,3.260,4.400,14.344
17523,1,0,1,0.000,110323,117257,3.260,4.400,14.344
17563,1,0,1,0.000,110310,117266,3.256,4.600,14.978
17603,1,0,1,0.000,110397,117401,3.256,4.600,14.978
17643,1,0,1,0.000,110406,117441,3.256,4.600,14.978
17683,1,0,1,0.000,110439,117502,3.256,4.500,14.652
17723,1,0,1,0.000,110436,117510,3.256,4.500,14.652
17763,1,0,1,0.000,110457,117532,3.256,4.300,14.001
17803,1,0,1,0.000,110397,117431,3.256,4.300,14.001
17843,1,0,1,0.000,110208,117183,3.256,4.300,14.001
17883,1,0,1,0.000,110084,117011,3.256,4.400,14.326
17923,1,0,1,0.000,110137,117103,3.256,4.400,14.326
17964,1,0,1,0.000,110266,117335,3.256,4.600,14.978
18003,1,0,1,0.000,110294,117407,3.256,4.600,14.978
18043,1,0,1,0.000,110348,117476,3.256,4.600,14.978
18084,1,0,1,0.000,110456,117659,3.256,4.400,14.326
18123,1,0,1,0.000,110536,117783,3.256,4.400,14.326
18164,1,0,1,0.000,110587,117878,3.260,4.800,15.648
18203,1,0,1,0.000,110567,117852,3.260,4.800,15.648
18243,1,0,1,0.000,110559,117843,3.260,4.800,15.648
18284,1,0,1,0.000,110453,117588,3.252,4.300,13.984
18323,1,0,1,0.000,110237,117203,3.252,4.300,13.984
18364,1,0,1,0.000,110075,116983,3.256,4.500,14.652
18404,1,0,1,0.000,110031,116974,3.256,4.500,14.652
18443,1,0,1,0.000,110031,116997,3.256,4.500,14.652
18484,1,0,1,0.000,110071,117066,3.256,4.500,14.652
18523,1,0,1,0.000,110075,117092,3.256,4.500,14.652
18564,1,0,1,0.000,110101,117109,3.256,4.300,14.001
18604,1,0,1,0.000,110019,117008,3.256,4.300,14.001
18643,1,0,1,0.000,110033,117034,3.256,4.300,14.001
18684,1,0,1,0.000,110115,117171,3.256,4.600,14.978
18724,1,0,1,0.000,110166,117271,3.256,4.600,14.978
18764,1,0,1,0.000,110292,117476,3.260,4.500,14.670
18804,1,0,1,0.000,110331,117558,3.260,4.500,14.670
18844,1,0,1,0.000,110365,117618,3.260,4.500,14.670
18884,1,0,1,0.000,110392,117651,3.256,4.800,15.629
18924,1,0,1,0.000,110356,117618,3.256,4.800,15.629
18964,1,0,1,0.000,110477,117834,3.256,4.600,14.978
19004,1,0,1,0.000,110714,118151,3.256,4.600,14.978
19044,1,0,1,0.000,110828,118309,3.256,4.600,14.978
19084,1,0,1,0.000,110817,118259,3.256,4.600,14.978
19124,1,0,1,0.000,110606,117852,3.256,4.600,14.978
19164,1,0,1,0.000,110354,117399,3.256,4.700,15.303
19204,1,0,1,0.000,110261,117260,3.256,4.700,15.303
19244,1,0,1,0.000,110232,117246,3.256,4.700,15.303
19284,1,0,1,0.000,110283,117356,3.256,4.500,14.652
19324,1,0,1,0.000,110396,117532,3.256,4.500,14.652
19364,1,0,1,0.000,110398,117532,3.260,4.300,14.018
19404,1,0,1,0.000,110370,117491,3.260,4.300,14.018
19444,1,0,1,0.000,110265,117315,3.260,4.300,14.018
19484,1,0,1,0.000,110095,117079,3.268,4.600,15.033
19524,1,0,1,0.000,110119,117133,3.268,4.600,15.033
19564,1,0,1,0.000,110169,117244,3.268,4.600,15.033
19604,1,0,1,0.000,110167,117242,3.268,4.600,15.033
19644,1,0,1,0.000,110202,117322,3.268,4.600,15.033
19684,1,0,1,0.000,110199,117322,3.264,4.600,15.014
19724,1,0,1,0.000,110230,117386,3.264,4.600,15.014
19764,1,0,1,0.000,110338,117581,3.264,4.600,15.014
19804,1,0,1,0.000,110851,118261,3.264,4.600,15.014
19844,1,0,1,0.000,111201,118698,3.264,4.600,15.014
19884,1,0,1,0.000,111398,118940,3.264,4.400,14.362
19924,1,0,1,0.000,111395,118899,3.264,4.400,14.362
19964,1,0,1,0.000,111028,118219,3.264,4.400,14.362
20004,1,0,1,0.000,110596,117536,3.264,4.400,14.362
20044,1,0,1,0.000,110533,117423,3.264,4.400,14.362
20084,1,0,1,0.000,110641,117595,3.268,4.500,14.706
20124,1,0,1,0.000,110670,117672,3.268,4.500,14.706
20164,1,0,1,0.000,110608,117563,3.268,4.600,15.033
20204,1,0,1,0.000,110548,117447,3.268,4.600,15.033
20244,1,0,1,0.000,110476,117320,3.268,4.600,15.033
20284,1,0,1,0.000,110440,117267,3.268,4.600,15.033
20324,1,0,1,0.000,110566,117452,3.268,4.600,15.033
20364,1,0,1,0.000,110782,117811,3.268,4.600,15.033
20404,1,0,1,0.000,110955,118104,3.268,4.600,15.033
20444,1,0,1,0.000,110874,117968,3.268,4.600,15.033
20484,1,0,1,0.000,110763,117769,3.268,4.700,15.360
20524,1,0,1,0.000,110672,117614,3.268,4.700,15.360
20564,1,0,1,0.000,110686,117647,3.268,4.500,14.706
20604,1,0,1,0.000,110658,117587,3.268,4.500,14.706
20644,1,0,1,0.000,110634,117563,3.268,4.500,14.706
20684,1,0,1,0.000,110575,117478,3.268,4.500,14.706
20724,1,0,1,0.000,110449,117190,3.268,4.500,14.706
20764,1,0,1,0.000,110363,117021,3.268,4.600,15.033
20804,1,0,1,0.000,110375,117045,3.268,4.600,15.033
20844,1,0,1,0.000,110376,117069,3.268,4.600,15.033
20884,1,0,1,0.000,110247,116888,3.268,4.700,15.360
20924,1,0,1,0.000,110210,116859,3.268,4.700,15.360
20964,1,0,1,0.000,110275,116960,3.268,4.600,15.033
21004,1,0,1,0.000,110309,116981,3.268,4.600,15.033
21044,1,0,1,0.000,110293,116953,3.268,4.600,15.033
21084,1,0,1,0.000,110269,116925,3.264,4.800,15.667
21124,1,0,1,0.000,110288,116984,3.264,4.800,15.667
21164,1,0,1,0.000,110298,117005,3.268,4.500,14.706
21204,1,0,1,0.000,110241,116963,3.268,4.500,14.706
21244,1,0,1,0.000,110228,116959,3.268,4.500,14.706
21284,1,0,1,0.000,110298,117077,3.268,4.300,14.052
21324,1,0,1,0.000,110361,117194,3.268,4.300,14.052
21364,1,0,1,0.000,110386,117235,3.268,4.400,14.379
21404,1,0,1,0.000,110405,117259,3.268,4.400,14.379
21444,1,0,1,0.000,110337,117202,3.268,4.400,14.379
21484,1,0,1,0.000,110162,116869,3.264,4.600,15.014
21524,1,0,1,0.000,110005,116567,3.264,4.600,15.014
21564,1,0,1,0.000,109995,116536,3.268,4.700,15.360
21604,1,0,1,0.000,109999,116587,3.268,4.700,15.360
21644,1,0,1,0.000,110022,116623,3.268,4.700,15.360
21684,1,0,1,0.000,110056,116692,3.268,4.500,14.706
21724,1,0,1,0.000,110083,116747,3.268,4.500,14.706
21764,1,0,1,0.000,110105,116781,3.268,4.600,15.033
21804,1,0,1,0.000,110094,116766,3.268,4.600,15.033
21844,1,0,1,0.000,110103,116794,3.268,4.600,15.033
21884,1,0,1,0.000,110093,116821,3.264,4.500,14.688
21924,1,0,1,0.000,110027,116737,3.264,4.500,14.688
21964,1,0,1,0.000,110053,116778,3.268,4.600,15.033
22004,1,0,1,0.000,110169,116947,3.268,4.600,15.033
22044,1,0,1,0.000,110185,116963,3.268,4.600,15.033
22084,1,0,1,0.000,110244,117064,3.264,4.700,15.341
22124,1,0,1,0.000,110257,117103,3.264,4.700,15.341
22164,1,0,1,0.000,110208,117039,3.268,4.400,14.379
22204,1,0,1,0.000,110266,117138,3.268,4.400,14.379
22244,1,0,1,0.000,110314,117172,3.268,4.400,14.379
22284,1,0,1,0.000,110115,116798,3.268,4.600,15.033
22324,1,0,1,0.000,109989,116563,3.268,4.600,15.033
22364,1,0,1,0.000,110153,116757,3.264,4.700,15.341
22404,1,0,1,0.000,110217,116852,3.264,4.700,15.341
22444,1,0,1,0.000,110057,116696,3.264,4.700,15.341
22484,1,0,1,0.000,110027,116687,3.268,4.700,15.360
22524,1,0,1,0.000,110008,116666,3.268,4.700,15.360
22565,1,0,1,0.000,110035,116692,3.264,4.500,14.688
22604,1,0,1,0.000,110084,116777,3.264,4.500,14.688
22644,1,0,1,0.000,110139,116842,3.264,4.500,14.688
22685,1,0,1,0.000,110075,116813,3.268,4.800,15.686
22724,1,0,1,0.000,110019,116748,3.268,4.800,15.686
22765,1,0,1,0.000,110006,116750,3.268,4.500,14.706
22804,1,0,1,0.000,110032,116799,3.268,4.500,14.706
22844,1,0,1,0.000,110011,116786,3.268,4.500,14.706
22885,1,0,1,0.000,110130,116963,3.268,4.600,15.033
22924,1,0,1,0.000,110267,117110,3.268,4.600,15.033
22965,1,0,1,0.000,110191,117080,3.268,4.700,15.360
23004,1,0,1,0.000,110192,117100,3.268,4.700,15.360
23044,1,0,1,0.000,110205,117142,3.268,4.700,15.360
23085,1,0,1,0.000,110074,116867,3.268,4.400,14.379
23125,1,0,1,0.000,109966,116625,3.268,4.400,14.379
23165,1,0,1,0.000,109981,116596,3.268,4.500,14.706
23205,1,0,1,0.000,109979,116662,3.268,4.500,14.706
23244,1,0,1,0.000,110021,116753,3.268,4.500,14.706
23285,1,0,1,0.000,109946,116660,3.268,4.600,15.033
23325,1,0,1,0.000,109860,116593,3.268,4.600,15.033
23365,1,0,1,0.000,109817,116522,3.268,4.500,14.706
23405,1,0,1,0.000,110051,116784,3.268,4.500,14.706
23444,1,0,1,0.000,110065,116810,3.268,4.500,14.706
23485,1,0,1,0.000,110121,116898,3.268,4.600,15.033
23525,1,0,1,0.000,110160,116979,3.268,4.600,15.033
23565,1,0,1,0.000,110093,116920,3.268,4.500,14.706
23605,1,0,1,0.000,110108,116955,3.268,4.500,14.706
23645,1,0,1,0.000,110187,117081,3.268,4.500,14.706
23685,1,0,1,0.000,110309,117255,3.264,4.700,15.341
23725,1,0,1,0.000,110336,117331,3.264,4.700,15.341
23765,1,0,1,0.000,110266,117258,3.264,4.600,15.014
23805,1,0,1,0.000,110210,117203,3.264,4.600,15.014
23845,1,0,1,0.000,110276,117300,3.264,4.600,15.014
23885,1,0,1,0.000,110275,117303,3.268,4.500,14.706
23925,1,0,1,0.000,110262,117223,3.268,4.500,14.706
23965,1,0,1,0.000,110116,116927,3.268,4.800,15.686
24005,1,0,1,0.000,109960,116717,3.268,4.800,15.686
24045,1,0,1,0.000,110038,116839,3.268,4.800,15.686
24085,1,0,1,0.000,110136,116948,3.268,4.700,15.360
24125,1,0,1,0.000,110105,116951,3.268,4.700,15.360
24165,1,0,1,0.000,110116,116951,3.268,4.400,14.379
24205,1,0,1,0.000,109996,116794,3.268,4.400,14.379
24245,1,0,0,0.736,109905,116654,3.268,4.400,14.379
24285,1,0,0,0.736,109956,116706,3.264,4.500,14.688
24325,1,0,0,0.736,109934,116692,3.264,4.500,14.688
24365,1,0,0,0.736,109940,116702,3.264,4.600,15.014
24405,1,0,0,0.736,110009,116807,3.264,4.600,15.014
24445,1,0,0,0.736,110051,116868,3.264,4.600,15.014
24485,1,0,0,0.736,110017,116842,3.264,4.800,15.667
24525,1,0,0,0.736,110038,116865,3.264,4.800,15.667
24565,1,0,0,0.736,110130,116998,3.268,4.500,14.706
24605,1,0,0,0.736,110149,117043,3.268,4.500,14.706
24645,1,0,0,0.736,110092,116994,3.268,4.500,14.706
24685,1,0,0,0.736,110013,116888,3.264,4.600,15.014
24725,1,0,0,0.736,109830,116557,3.264,4.600,15.014
24765,1,0,0,0.736,109716,116335,3.268,4.600,15.033
24805,1,0,0,0.736,109697,116308,3.268,4.600,15.033
24845,1,0,0,0.736,109709,116347,3.268,4.600,15.033
24885,1,0,0,0.736,109732,116408,3.264,4.600,15.014
24925,1,0,0,0.736,109775,116475,3.264,4.600,15.014
24965,1,0,0,0.736,109790,116508,3.268,4.600,15.033
25005,1,0,0,0.736,109773,116473,3.268,4.600,15.033
25045,1,0,0,0.736,109786,116499,3.268,4.600,15.033
25085,1,0,0,0.736,109786,116515,3.264,4.700,15.341
25125,1,0,0,0.736,109795,116550,3.264,4.700,15.341
25165,1,0,0,0.736,109784,116559,3.268,4.800,15.686
25205,1,0,0,0.736,109810,116599,3.268,4.800,15.686
25245,1,0,0,0.736,109787,116604,3.268,4.800,15.686
25285,1,0,0,0.736,109778,116614,3.268,4.600,15.033
25325,1,0,0,0.736,109850,116713,3.268,4.600,15.033
25365,1,0,0,0.736,109856,116757,3.268,4.400,14.379
25405,1,0,0,0.736,109847,116741,3.268,4.400,14.379
25445,1,0,0,0.736,109914,116836,3.268,4.400,14.379
25485,1,0,0,0.736,109789,116605,3.268,4.800,15.686
25525,1,0,0,0.736,109651,116350,3.268,4.800,15.686
25565,1,0,0,0.736,109682,116420,3.268,4.900,16.013
25605,1,0,0,0.736,109723,116484,3.268,4.900,16.013
25645,1,0,0,0.736,109759,116552,3.268,4.900,16.013
25685,1,0,0,0.736,109815,116644,3.268,4.600,15.033
25725,1,0,0,0.736,109615,116398,3.268,4.600,15.033
25765,1,0,0,0.736,109329,116016,3.268,4.600,15.033
25805,1,0,0,0.736,109351,116063,3.268,4.600,15.033
25845,1,0,0,0.736,109407,116135,3.268,4.600,15.033
25885,1,0,0,0.736,109373,116125,3.264,4.400,14.362
25925,1,0,0,0.736,109464,116254,3.264,4.400,14.362
25965,1,0,0,0.736,109670,116553,3.268,4.600,15.033
26005,1,0,0,0.736,109726,116624,3.268,4.600,15.033
26045,1,0,0,0.736,109733,116647,3.268,4.600,15.033
26085,1,0,0,0.736,109838,116793,3.268,4.700,15.360
26125,1,0,0,0.736,109871,116861,3.268,4.700,15.360
26165,1,0,0,0.736,109944,116988,3.268,4.400,14.379
26205,1,0,0,0.736,109953,116962,3.268,4.400,14.379
26245,1,0,0,0.736,109762,116629,3.268,4.400,14.379
26285,1,0,0,0.736,109677,116459,3.264,4.900,15.994
26325,1,0,0,0.736,109675,116464,3.264,4.900,15.994
26365,1,0,0,0.736,109726,116551,3.268,4.800,15.686
26405,1,0,0,0.736,109769,116636,3.268,4.800,15.686
26445,1,0,0,0.736,109679,116519,3.268,4.800,15.686
26485,1,0,0,0.736,109679,116521,3.268,4.700,15.360
26525,1,0,0,0.736,109693,116548,3.268,4.700,15.360
26565,1,0,0,0.736,109691,116527,3.268,4.500,14.706
26605,1,0,0,0.736,109711,116581,3.268,4.500,14.706
26645,1,0,0,0.736,109809,116717,3.268,4.500,14.706
26685,1,0,0,0.736,109811,116749,3.268,4.600,15.033
26725,1,0,0,0.736,109842,116799,3.268,4.600,15.033
26765,1,0,0,0.736,109955,116969,3.268,4.600,15.033
26805,1,0,0,0.736,109989,117046,3.268,4.600,15.033
26845,1,0,0,0.736,110001,117079,3.268,4.600,15.033
26885,1,0,0,0.736,110003,117090,3.264,4.700,15.341
26925,1,0,0,0.736,110045,117159,3.264,4.700,15.341
26965,1,0,0,0.736,110015,117123,3.264,4.700,15.341
27005,1,0,0,0.736,109828,116817,3.264,4.700,15.341
27045,1,0,0,0.736,109675,116493,3.264,4.700,15.341
27085,1,0,0,0.736,109558,116314,3.268,4.700,15.360
27125,1,0,0,0.736,109632,116449,3.268,4.700,15.360
27165,1,0,0,0.736,109717,116576,3.264,4.400,14.362
27205,1,0,0,0.736,109855,116774,3.264,4.400,14.362
27245,1,0,0,0.736,110004,116989,3.264,4.400,14.362
27285,1,0,0,0.736,110031,117033,3.268,4.700,15.360
27325,1,0,0,0.736,109923,116889,3.268,4.700,15.360
27365,1,0,0,0.736,109906,116850,3.268,4.600,15.033
27405,1,0,0,0.736,109965,116957,3.268,4.600,15.033
27445,1,0,0,0.736,110062,117103,3.268,4.600,15.033
27485,1,0,0,0.736,110019,117074,3.264,4.400,14.362
27525,1,0,0,0.736,110026,117102,3.264,4.400,14.362
27565,1,0,0,0.736,110135,117243,3.268,4.400,14.379
27605,1,0,0,0.736,110146,117302,3.268,4.400,14.379
27645,1,0,0,0.736,110155,117339,3.268,4.400,14.379
27685,1,0,0,0.736,110173,117367,3.264,4.800,15.667
27725,1,0,0,0.736,110160,117373,3.264,4.800,15.667
27766,1,0,0,0.736,110143,117359,3.264,4.700,15.341
27805,1,0,0,0.736,110066,117177,3.264,4.700,15.341
27845,1,0,0,0.736,109911,116867,3.264,4.700,15.341
27885,1,0,0,0.736,109843,116769,3.264,4.600,15.014
27925,1,0,0,0.736,110021,117070,3.264,4.600,15.014
27966,1,0,0,0.736,110134,117257,3.264,4.700,15.341
28005,1,0,0,0.736,110127,117237,3.264,4.700,15.341
28045,1,0,0,0.736,110117,117246,3.264,4.700,15.341
28086,1,0,0,0.736,110099,117215,3.268,4.400,14.379
28125,1,0,0,0.736,110122,117244,3.268,4.400,14.379
28166,1,0,0,0.736,110143,117293,3.268,4.500,14.706
28205,1,0,0,0.736,110170,117351,3.268,4.500,14.706
28245,1,0,0,0.736,110233,117462,3.268,4.500,14.706
28286,1,0,0,0.736,110258,117522,3.268,4.500,14.706
28325,1,0,0,0.736,110283,117591,3.268,4.500,14.706
28366,1,0,0,0.736,110320,117653,3.264,4.700,15.341
28406,1,0,0,0.736,110385,117752,3.264,4.700,15.341
28445,1,0,0,0.736,110374,117763,3.264,4.700,15.341
28486,1,0,0,0.736,110416,117819,3.268,4.600,15.033
28525,1,0,0,0.736,110466,117906,3.268,4.600,15.033
28566,1,0,0,0.736,110475,117933,3.264,4.400,14.362
28606,1,0,0,0.736,110373,117741,3.264,4.400,14.362
28645,1,0,0,0.736,110206,117418,3.264,4.400,14.362
28686,1,0,0,0.736,110158,117336,3.268,4.600,15.033
28726,1,0,0,0.736,110235,117493,3.268,4.600,15.033
28766,1,0,0,0.736,110327,117612,3.264,4.700,15.341
28806,1,0,0,0.736,110375,117713,3.264,4.700,15.341
28845,1,0,0,0.736,110407,117764,3.264,4.700,15.341
28886,1,0,0,0.736,110405,117770,3.268,4.600,15.033
28926,1,0,0,0.736,110384,117744,3.268,4.600,15.033
28966,1,0,0,0.736,110389,117748,3.268,4.500,14.706
29006,1,0,0,0.736,110408,117795,3.268,4.500,14.706
29046,1,0,0,0.736,110394,117768,3.268,4.500,14.706
29086,1,0,0,0.736,110406,117793,3.268,4.900,16.013
29126,1,0,0,0.736,110408,117800,3.268,4.900,16.013
29166,1,0,0,0.736,110404,117813,3.268,4.600,15.033
29206,1,0,0,0.736,110471,117920,3.268,4.600,15.033
29246,1,0,0,0.736,110429,117836,3.268,4.600,15.033
29286,1,0,0,0.736,110376,117776,3.264,4.500,14.688
29326,1,0,0,0.736,110406,117807,3.264,4.500,14.688
29366,1,0,0,0.736,110375,117757,3.264,4.600,15.014
29406,1,0,0,0.736,110175,117389,3.264,4.600,15.014
29446,1,0,0,0.736,110046,117155,3.264,4.600,15.014
29486,1,0,0,0.736,110064,117188,3.268,4.400,14.379
29526,1,0,0,0.736,110106,117247,3.268,4.400,14.379
29566,1,0,0,0.736,110161,117363,3.264,4.500,14.688
29606,1,0,0,0.736,110182,117397,3.264,4.500,14.688
29646,1,0,0,0.736,110094,117262,3.264,4.500,14.688
29686,1,0,0,0.736,110092,117240,3.264,4.700,15.341
29726,1,0,0,0.736,110185,117363,3.264,4.700,15.341
29766,1,0,0,0.736,110207,117433,3.268,4.600,15.033
29806,1,0,0,0.736,110223,117451,3.268,4.600,15.033
29846,1,0,0,0.736,110165,117401,3.268,4.600,15.033
29886,1,0,0,0.736,110035,117227,3.268,4.600,15.033
29926,1,0,0,0.736,110132,117356,3.268,4.600,15.033
29966,1,0,0,0.736,110229,117532,3.268,4.500,14.706
30006,1,0,0,0.736,110316,117672,3.268,4.500,14.706
30046,1,0,0,0.736,110355,117737,3.268,4.500,14.706
30086,1,0,0,0.736,110275,117627,3.268,5.000,16.340
30126,1,0,0,0.736,110067,117267,3.268,5.000,16.340
30166,1,0,0,0.736,109904,116971,3.264,4.700,15.341
30206,1,0,0,0.736,109940,117015,3.264,4.700,15.341
30246,1,0,0,0.736,110051,117224,3.264,4.700,15.341
30286,1,0,0,0.736,110158,117377,3.268,4.600,15.033
30326,1,0,0,0.736,110131,117370,3.268,4.600,15.033
30366,1,0,0,0.736,110070,117310,3.268,4.700,15.360
30406,1,0,0,0.736,110051,117262,3.268,4.700,15.360
30446,1,0,0,0.736,110094,117325,3.268,4.700,15.360
30486,1,0,0,0.736,110124,117369,3.268,4.800,15.686
30526,1,0,0,0.736,110183,117479,3.268,4.800,15.686
30566,1,0,0,0.736,110180,117507,3.264,4.600,15.014
30606,1,0,0,0.736,110156,117468,3.264,4.600,15.014
30646,1,0,0,0.736,110179,117532,3.264,4.600,15.014
30686,1,0,0,0.736,110260,117672,3.268,4.800,15.686
30726,1,0,0,0.736,110243,117654,3.268,4.800,15.686
30766,1,0,0,0.736,110216,117621,3.268,4.700,15.360
30806,1,0,0,0.736,110171,117577,3.268,4.700,15.360
30846,1,0,0,0.736,110046,117347,3.268,4.700,15.360
30886,1,0,0,0.736,109963,117135,3.268,4.800,15.686
30926,1,0,0,0.736,109964,117114,3.268,4.800,15.686
30966,1,0,0,0.736,110032,117246,3.268,4.700,15.360
31006,1,0,0,0.736,109992,117196,3.268,4.700,15.360
31046,1,0,0,0.736,109991,117203,3.268,4.700,15.360
31086,1,0,0,0.736,109976,117204,3.268,4.500,14.706
31126,1,0,0,0.736,109917,117138,3.268,4.500,14.706
31166,1,0,0,0.736,109928,117130,3.268,4.700,15.360
31206,1,0,0,0.736,109917,117129,3.268,4.700,15.360
31246,1,0,0,0.736,109961,117189,3.268,4.700,15.360
31286,1,0,0,0.736,110052,117350,3.268,4.400,14.379
31326,1,0,0,0.736,110084,117422,3.268,4.400,14.379
31366,1,0,0,0.736,110075,117421,3.268,4.600,15.033
31406,1,0,0,0.736,110107,117485,3.268,4.600,15.033
31446,1,0,0,0.736,110148,117567,3.268,4.600,15.033
31486,1,0,0,0.736,110179,117608,3.264,4.600,15.014
31526,1,0,0,0.736,110180,117620,3.264,4.600,15.014
31566,1,0,0,0.736,110187,117620,3.268,4.700,15.360
31606,1,0,0,0.736,110079,117395,3.268,4.700,15.360
31646,1,0,0,0.736,109957,117149,3.268,4.700,15.360
31686,1,0,0,0.736,109969,117166,3.264,4.600,15.014
31726,1,0,0,0.736,110002,117249,3.264,4.600,15.014
31766,1,0,0,0.736,110019,117280,3.268,4.800,15.686
31806,1,0,0,0.736,110030,117308,3.268,4.800,15.686
31846,1,0,0,0.736,110072,117381,3.268,4.800,15.686
31886,1,0,0,0.736,110062,117374,3.268,4.700,15.360
31926,1,0,0,0.736,109991,117272,3.268,4.700,15.360
31966,1,0,0,0.736,110034,117352,3.268,4.500,14.706
32006,1,0,0,0.736,110138,117514,3.268,4.500,14.706
32046,1,0,0,0.736,110131,117528,3.268,4.500,14.706
32086,1,0,0,0.736,110191,117637,3.268,4.600,15.033
32126,1,0,0,0.736,110203,117660,3.268,4.600,15.033
32166,1,0,0,0.736,110160,117599,3.268,4.700,15.360
32206,1,0,0,0.736,110200,117672,3.268,4.700,15.360
32246,1,0,0,0.768,110200,117697,3.268,4.700,15.360
32286,1,0,0,0.768,110171,117651,3.268,4.600,15.033
32326,1,0,0,0.768,110110,117537,3.268,4.600,15.033
32366,1,0,0,0.768,109915,117171,3.264,4.700,15.341
32406,1,0,0,0.768,109770,116912,3.264,4.700,15.341
32446,1,0,0,0.768,109695,116833,3.264,4.700,15.341
32486,1,0,0,0.768,109718,116898,3.268,4.800,15.686
32526,1,0,0,0.768,109818,117044,3.268,4.800,15.686
32566,1,0,0,0.768,109938,117216,3.268,4.600,15.033
32606,1,0,0,0.768,110086,117422,3.268,4.600,15.033
32646,1,0,0,0.768,110076,117408,3.268,4.600,15.033
32686,1,0,0,0.768,110010,117326,3.268,4.700,15.360
32726,1,0,0,0.768,110053,117393,3.268,4.700,15.360
32766,1,0,0,0.768,110052,117392,3.264,4.900,15.994
32806,1,0,0,0.768,110152,117553,3.264,4.900,15.994
32846,1,0,0,0.768,110258,117698,3.264,4.900,15.994
32886,1,0,0,0.768,110290,117768,3.268,4.400,14.379
32926,1,0,0,0.768,110327,117812,3.268,4.400,14.379
32966,1,0,0,0.768,110314,117783,3.264,5.000,16.320
33007,1,0,0,0.768,110240,117678,3.264,5.000,16.320
33046,1,0,0,0.768,110270,117709,3.264,5.000,16.320
33086,1,0,0,0.768,110173,117524,3.268,4.600,15.033
33127,1,0,0,0.768,109945,117113,3.268,4.600,15.033
33166,1,0,0,0.768,109810,116876,3.264,4.500,14.688
33207,1,0,0,0.768,109767,116841,3.264,4.500,14.688
33246,1,0,0,0.768,109807,116893,3.264,4.500,14.688
33286,1,0,0,0.768,109879,116996,3.264,4.400,14.362
33327,1,0,0,0.768,109860,116988,3.264,4.400,14.362
33366,1,0,0,0.768,109786,116870,3.264,4.700,15.341
33407,1,0,0,0.768,109734,116775,3.264,4.700,15.341
33447,1,0,0,0.768,109695,116713,3.264,4.700,15.341
33486,1,0,0,0.768,109755,116822,3.268,4.500,14.706
33527,1,0,0,0.768,109782,116875,3.268,4.500,14.706
33566,1,0,0,0.768,109763,116859,3.268,4.800,15.686
33607,1,0,0,0.768,109783,116879,3.268,4.800,15.686
33647,1,0,0,0.768,109820,116946,3.268,4.800,15.686
33687,1,0,0,0.768,109766,116886,3.268,4.200,13.726
33727,1,0,0,0.768,109716,116800,3.268,4.200,13.726
33766,1,0,0,0.768,109705,116808,3.268,4.500,14.706
33807,1,0,0,0.768,109600,116571,3.268,4.500,14.706
33847,1,0,0,0.768,109452,116308,3.268,4.500,14.706
33887,1,0,0,0.768,109502,116386,3.268,4.600,15.033
33927,1,0,0,0.768,109661,116642,3.268,4.600,15.033
33967,1,0,0,0.768,109760,116830,3.268,4.900,16.013
34007,1,0,0,0.768,109737,116791,3.268,4.900,16.013
34047,1,0,0,0.768,109759,116803,3.268,4.900,16.013
34087,1,0,0,0.768,109746,116798,3.264,4.100,13.382
34127,1,0,0,0.768,109783,116846,3.264,4.100,13.382
34167,1,0,0,0.768,109880,116992,3.264,4.700,15.341
34207,1,0,0,0.768,109925,117090,3.264,4.700,15.341
34247,1,0,0,0.768,109947,117136,3.264,4.700,15.341
34287,1,0,0,0.768,110024,117282,3.268,4.700,15.360
34327,1,0,0,0.768,110050,117316,3.268,4.700,15.360
34367,1,0,0,0.768,110131,117446,3.264,4.900,15.994
34407,1,0,0,0.768,110172,117527,3.264,4.900,15.994
34447,1,0,0,0.768,110200,117578,3.264,4.900,15.994
34487,1,0,0,0.768,110148,117493,3.268,4.600,15.033
34527,1,0,0,0.768,110020,117216,3.268,4.600,15.033
34567,1,0,0,0.768,109854,116898,3.264,4.500,14.688
34607,1,0,0,0.768,109821,116864,3.264,4.500,14.688
34647,1,0,0,0.768,109884,116969,3.264,4.500,14.688
34687,1,0,0,0.768,109918,117025,3.268,4.400,14.379
34727,1,0,0,0.768,110011,117195,3.268,4.400,14.379
34767,1,0,0,0.768,110061,117250,3.268,4.900,16.013
34807,1,0,0,0.768,110039,117242,3.268,4.900,16.013
34847,1,0,0,0.768,110049,117265,3.268,4.900,16.013
34887,1,0,0,0.768,110035,117252,3.264,4.700,15.341
34927,1,0,0,0.768,110010,117235,3.264,4.700,15.341
34967,1,0,0,0.768,110082,117345,3.260,4.600,14.996
35007,1,0,0,0.768,110139,117459,3.260,4.600,14.996
35047,1,0,0,0.768,110219,117591,3.260,4.600,14.996
35087,1,0,0,0.768,110298,117746,3.248,4.400,14.291
35127,1,0,0,0.768,110348,117838,3.248,4.400,14.291
35167,1,0,0,0.768,110396,117953,3.264,5.000,16.320
35207,1,0,0,0.768,110379,117898,3.264,5.000,16.320
35247,1,0,0,0.768,110191,117506,3.264,5.000,16.320
35287,1,0,0,0.768,109983,117151,3.264,4.600,15.014
35327,1,0,0,0.768,109912,117062,3.264,4.600,15.014
35367,1,0,0,0.768,110030,117240,3.268,4.800,15.686
35407,1,0,0,0.768,110150,117492,3.268,4.800,15.686
35447,1,0,0,0.768,110231,117643,3.268,4.800,15.686
35487,1,0,0,0.768,110262,117688,3.260,4.200,13.692
35527,1,0,0,0.768,110209,117606,3.260,4.200,13.692
35567,1,0,0,0.768,110193,117584,3.268,4.600,15.033
35607,1,0,0,0.768,110201,117628,3.268,4.600,15.033
35647,1,0,0,0.768,110283,117789,3.268,4.600,15.033
35687,1,0,0,0.768,110451,118068,3.268,4.900,16.013
35727,1,0,0,0.768,110503,118190,3.268,4.900,16.013
35767,1,0,0,0.768,110575,118310,3.264,4.800,15.667
35807,1,0,0,0.768,110573,118311,3.264,4.800,15.667
35847,1,0,0,0.768,110570,118331,3.264,4.800,15.667
35887,1,0,0,0.768,110588,118360,3.260,4.100,13.366
35927,1,0,0,0.768,110582,118353,3.260,4.100,13.366
35967,1,0,0,0.768,110425,118050,3.264,4.700,15.341
36007,1,0,0,0.768,110212,117619,3.264,4.700,15.341
36047,1,0,0,0.768,110109,117439,3.264,4.700,15.341
36087,1,0,0,0.768,110165,117565,3.268,4.900,16.013
36127,1,0,0,0.768,110227,117678,3.268,4.900,16.013
36167,1,0,0,0.768,110285,117779,3.240,5.000,16.200
36207,1,0,0,0.768,110317,117842,3.240,5.000,16.200
36247,1,0,0,0.768,110292,117783,3.240,5.000,16.200
36287,1,0,0,0.768,110323,117831,3.264,4.500,14.688
36327,1,0,0,0.768,110317,117830,3.264,4.500,14.688
36367,1,0,0,0.768,110326,117869,3.268,4.800,15.686
36407,1,0,0,0.768,110334,117873,3.268,4.800,15.686
36447,1,0,0,0.768,110365,117925,3.268,4.800,15.686
36487,1,0,0,0.768,110346,117901,3.272,4.700,15.378
36527,1,0,0,0.768,110361,117933,3.272,4.700,15.378
36567,1,0,0,0.768,110392,117989,3.260,4.800,15.648
36607,1,0,0,0.768,110409,118010,3.260,4.800,15.648
36647,1,0,0,0.768,110413,118025,3.260,4.800,15.648
36687,1,0,0,0.768,110244,117705,3.264,4.400,14.362
36727,1,0,0,0.768,110075,117383,3.264,4.400,14.362
36767,1,0,0,0.768,109984,117261,3.268,5.400,17.647
36807,1,0,0,0.768,110039,117363,3.268,5.400,17.647
36847,1,0,0,0.768,110119,117501,3.268,5.400,17.647
36887,1,0,0,0.768,110161,117584,3.216,4.400,14.150
36927,1,0,0,0.768,110169,117592,3.216,4.400,14.150
36967,1,0,0,0.768,110141,117549,3.264,4.800,15.667
37007,1,0,0,0.768,110096,117481,3.264,4.800,15.667
37047,1,0,0,0.768,110108,117505,3.264,4.800,15.667
37087,1,0,0,0.768,110121,117536,3.264,4.800,15.667
37127,1,0,0,0.768,110197,117673,3.264,4.800,15.667
37167,1,0,0,0.768,110234,117759,3.268,4.900,16.013
37207,1,0,0,0.768,110210,117724,3.268,4.900,16.013
37247,1,0,0,0.768,110213,117750,3.268,4.900,16.013
37287,1,0,0,0.768,110254,117825,3.228,4.300,13.880
37327,1,0,0,0.768,110247,117831,3.228,4.300,13.880
37367,1,0,0,0.768,110241,117811,3.264,4.700,15.341
37407,1,0,0,0.768,110098,117548,3.264,4.700,15.341
37447,1,0,0,0.768,109922,117197,3.264,4.700,15.341
37487,1,0,0,0.768,109899,117167,3.268,8.500,27.778
37527,1,0,0,0.768,109991,117346,3.268,8.500,27.778
37567,1,0,0,0.768,110084,117496,3.264,4.700,15.341
37607,1,0,0,0.768,110158,117641,3.264,4.700,15.341
37647,1,0,0,0.768,110115,117559,3.264,4.700,15.341
37687,1,0,0,0.768,110066,117487,3.244,4.300,13.949
37727,1,0,0,0.768,110099,117537,3.244,4.300,13.949
37767,1,0,0,0.768,110172,117655,3.264,5.000,16.320
37807,1,0,0,0.768,110231,117786,3.264,5.000,16.320
37847,1,0,0,0.768,110268,117865,3.264,5.000,16.320
37887,1,0,0,0.768,110312,117946,3.268,6.800,22.222
37927,1,0,0,0.768,110351,118027,3.268,6.800,22.222
37967,1,0,0,0.768,110417,118116,3.196,5.000,15.980
38007,1,0,0,0.768,110418,118144,3.196,5.000,15.980
38047,1,0,0,0.768,110439,118184,3.196,5.000,15.980
38087,1,0,0,0.768,110434,118189,3.260,4.400,14.344
38127,1,0,0,0.768,110240,117812,3.260,4.400,14.344
38167,1,0,0,0.768,110053,117443,3.264,11.900,38.842
38207,1,0,0,0.768,110007,117356,3.264,11.900,38.842
38247,1,0,0,0.768,110011,117362,3.264,11.900,38.842
38287,1,0,0,0.768,109984,117327,3.268,5.100,16.667
38328,1,0,0,0.768,110009,117401,3.268,5.100,16.667
38367,1,0,0,0.768,109986,117371,3.212,4.800,15.418
38408,1,0,0,0.768,109958,117328,3.212,4.800,15.418
38447,1,0,0,0.768,109957,117307,3.212,4.800,15.418
38487,1,0,0,0.768,109946,117319,3.260,4.500,14.670
38528,1,0,0,0.768,109952,117344,3.260,4.500,14.670
38567,1,0,0,0.768,109996,117438,3.264,9.800,31.987
38608,1,0,0,0.768,110058,117550,3.264,9.800,31.987
38648,1,0,0,0.768,110081,117589,3.264,9.800,31.987
38687,1,0,0,0.768,110088,117612,3.268,4.500,14.706
38728,1,0,0,0.768,110112,117670,3.268,4.500,14.706
38767,1,0,0,0.768,110137,117734,3.228,4.900,15.817
38808,1,0,0,0.768,110165,117768,3.228,4.900,15.817
38848,1,0,0,0.768,110184,117807,3.228,4.900,15.817
38887,1,0,0,0.768,110082,117582,3.264,4.400,14.362
38928,1,0,0,0.768,109825,117112,3.264,4.400,14.362
38967,1,0,0,0.768,109729,116959,3.204,8.000,25.632
39008,1,0,0,0.768,109798,117070,3.204,8.000,25.632
39048,1,0,0,0.768,109866,117196,3.204,8.000,25.632
39088,1,0,0,0.768,109926,117301,3.268,5.300,17.320
39128,1,0,0,0.768,109923,117297,3.268,5.300,17.320
39168,1,0,0,0.768,109908,117283,3.244,5.000,16.220
39208,1,0,0,0.768,109858,117160,3.244,5.000,16.220
39248,1,0,0,0.768,109838,117127,3.244,5.000,16.220
39288,1,0,0,0.768,109848,117156,3.260,3.700,12.062
39328,1,0,0,0.768,109879,117206,3.260,3.700,12.062
39368,1,0,0,0.768,109897,117246,3.192,6.400,20.429
39408,1,0,0,0.768,109909,117280,3.192,6.400,20.429
39448,1,0,0,0.768,109909,117287,3.192,6.400,20.429
39488,1,0,0,0.768,109917,117292,3.268,4.900,16.013
39528,1,0,0,0.768,109952,117357,3.268,4.900,16.013
39568,1,0,0,0.768,109995,117424,3.260,14.900,48.574
39608,1,0,0,0.768,110024,117483,3.260,14.900,48.574
39648,1,0,0,0.768,109847,117126,3.260,14.900,48.574
39688,1,0,0,0.768,109684,116813,3.264,4.700,15.341
39728,1,0,0,0.768,109668,116792,3.264,4.700,15.341
39768,1,0,0,0.768,109700,116841,3.172,5.100,16.177
39808,1,0,0,0.768,109739,116943,3.172,5.100,16.177
39848,1,0,0,0.768,109793,117028,3.172,5.100,16.177
39888,1,0,0,0.768,109784,117005,3.268,4.900,16.013
39928,1,0,0,0.768,109743,116930,3.268,4.900,16.013
39968,1,0,0,0.768,109731,116893,3.260,15.500,50.530
40008,1,0,0,0.768,109728,116912,3.260,15.500,50.530
40048,1,0,0,0.768,109754,116963,3.260,15.500,50.530
40088,1,0,0,0.768,109800,117046,3.264,4.500,14.688
40128,1,0,0,0.768,109826,117093,3.264,4.500,14.688
40168,1,0,0,0.768,109819,117074,3.264,4.700,15.341
40208,1,0,0,0.768,109810,117082,3.264,4.700,15.341
40248,1,0,0,0.772,109862,117162,3.264,4.700,15.341
40288,1,0,0,0.772,109913,117276,3.268,4.900,16.013
40328,1,0,0,0.772,109878,117189,3.268,4.900,16.013
40368,1,0,0,0.772,109720,116887,3.264,4.800,15.667
40408,1,0,0,0.772,109553,116572,3.264,4.800,15.667
40448,1,0,0,0.772,109534,116562,3.264,4.800,15.667
40488,1,0,0,0.772,109606,116690,3.268,4.600,15.033
40528,1,0,0,0.772,109645,116756,3.268,4.600,15.033
40568,1,0,0,0.772,109647,116774,3.264,5.000,16.320
40608,1,0,0,0.772,109643,116751,3.264,5.000,16.320
40648,1,0,0,0.772,109581,116653,3.264,5.000,16.320
40688,1,0,0,0.772,109565,116623,3.236,4.200,13.591
40728,1,0,0,0.772,109594,116682,3.236,4.200,13.591
40768,1,0,0,0.772,109630,116762,3.260,4.800,15.648
40808,1,0,0,0.772,109672,116822,3.260,4.800,15.648
40848,1,0,0,0.772,109688,116855,3.260,4.800,15.648
40888,1,0,0,0.772,109687,116883,3.268,4.800,15.686
40928,1,0,0,0.772,109747,116992,3.268,4.800,15.686
40968,1,0,0,0.772,109804,117093,3.268,5.000,16.340
41008,1,0,0,0.772,109823,117132,3.268,5.000,16.340
41048,1,0,0,0.772,109735,116945,3.268,5.000,16.340
41088,1,0,0,0.772,109508,116535,3.256,4.400,14.326
41128,1,0,0,0.772,109564,116615,3.256,4.400,14.326
41168,1,0,0,0.772,109775,116945,3.264,4.900,15.994
41208,1,0,0,0.772,109807,117040,3.264,4.900,15.994
41248,1,0,0,0.772,109797,117033,3.264,4.900,15.994
41288,1,0,0,0.772,109790,117047,3.268,5.200,16.994
41328,1,0,0,0.772,109757,117006,3.268,5.200,16.994
41368,1,0,0,0.772,109769,117028,3.264,4.900,15.994
41408,1,0,0,0.772,109793,117062,3.264,4.900,15.994
41448,1,0,0,0.772,109822,117120,3.264,4.900,15.994
41488,1,0,0,0.772,109864,117222,3.264,4.400,14.362
41528,1,0,0,0.772,109919,117306,3.264,4.400,14.362
41568,1,0,0,0.772,109990,117437,3.260,4.800,15.648
41608,1,0,0,0.772,110022,117506,3.260,4.800,15.648
41648,1,0,0,0.772,110019,117505,3.260,4.800,15.648
41688,1,0,0,0.772,110048,117567,3.268,5.400,17.647
41728,1,0,0,0.772,110130,117702,3.268,5.400,17.647
41768,1,0,0,0.772,110062,117571,3.220,5.000,16.100
41808,1,0,0,0.772,109898,117233,3.220,5.000,16.100
41848,1,0,0,0.772,109768,117016,3.220,5.000,16.100
41888,1,0,0,0.772,109826,117120,3.260,4.300,14.018
41928,1,0,0,0.772,109903,117256,3.260,4.300,14.018
41968,1,0,0,0.772,109912,117282,3.264,4.900,15.994
42008,1,0,0,0.772,109872,117191,3.264,4.900,15.994
42048,1,0,0,0.772,109760,117015,3.264,4.900,15.994
42088,1,0,0,0.772,109808,117097,3.268,4.700,15.360
42128,1,0,0,0.772,109888,117252,3.268,4.700,15.360
42168,1,0,0,0.772,109898,117261,3.236,4.700,15.209
42208,1,0,0,0.772,109929,117326,3.236,4.700,15.209
42248,1,0,0,0.772,109993,117447,3.236,4.700,15.209
42288,1,0,0,0.772,110022,117487,3.264,4.100,13.382
42328,1,0,0,0.772,110055,117575,3.264,4.100,13.382
42368,1,0,0,0.772,110079,117609,3.264,7.500,24.480
42408,1,0,0,0.772,110090,117635,3.264,7.500,24.480
42448,1,0,0,0.772,110134,117714,3.264,7.500,24.480
42488,1,0,0,0.772,110148,117747,3.268,4.900,16.013
42528,1,0,0,0.772,110051,117537,3.268,4.900,16.013
42568,1,0,0,0.772,109897,117221,3.252,5.000,16.260
42608,1,0,0,0.772,109857,117150,3.252,5.000,16.260
42648,1,0,0,0.772,109936,117295,3.252,5.000,16.260
42688,1,0,0,0.772,109995,117404,3.264,4.300,14.035
42728,1,0,0,0.772,110026,117453,3.264,4.300,14.035
42768,1,0,0,0.772,110002,117406,3.180,5.200,16.536
42808,1,0,0,0.772,110021,117450,3.180,5.200,16.536
42848,1,0,0,0.772,110054,117496,3.180,5.200,16.536
42888,1,0,0,0.772,110083,117555,3.204,4.400,14.098
42928,1,0,0,0.772,110087,117553,3.204,4.400,14.098
42968,1,0,0,0.772,110085,117562,3.260,4.900,15.974
43009,1,0,0,0.772,110136,117672,3.260,4.900,15.974
43048,1,0,0,0.772,110201,117784,3.260,4.900,15.974
43088,1,0,0,0.772,110230,117824,3.268,4.700,15.360
43129,1,0,0,0.772,110228,117835,3.268,4.700,15.360
43168,1,0,0,0.772,110243,117850,3.172,5.200,16.494
43209,1,0,0,0.772,110260,117876,3.172,5.200,16.494
43248,1,0,0,0.772,110247,117853,3.172,5.200,16.494
43288,1,0,0,0.772,110139,117626,3.220,4.300,13.846
43329,1,0,0,0.772,109961,117293,3.220,4.300,13.846
43368,1,0,0,0.772,109915,117212,3.260,15.700,51.182
43409,1,0,0,0.772,109988,117334,3.260,15.700,51.182
43449,1,0,0,0.772,110031,117415,3.260,15.700,51.182
43489,1,0,0,0.772,110045,117425,3.264,4.300,14.035
43529,1,0,0,0.772,110068,117466,3.264,4.300,14.035
43568,1,0,0,0.772,110023,117386,3.176,4.700,14.927
43609,1,0,0,0.772,109987,117327,3.176,4.700,14.927
43648,1,0,0,0.772,109991,117318,3.176,4.700,14.927
43689,1,0,0,0.772,110031,117396,3.232,4.400,14.221
43729,1,0,0,0.772,110082,117483,3.232,4.400,14.221
43769,1,0,0,0.772,110082,117476,3.264,14.400,47.002
43809,1,0,0,0.772,110088,117481,3.264,14.400,47.002
43848,1,0,0,0.772,110084,117487,3.264,14.400,47.002
43889,1,0,0,0.772,110068,117463,3.268,7.100,23.203
43929,1,0,0,0.772,110090,117497,3.268,7.100,23.203
43969,1,0,0,0.772,110135,117573,3.192,5.300,16.918
44009,1,0,0,0.772,110100,117503,3.192,5.300,16.918
44049,1,0,0,0.772,109935,117190,3.192,5.300,16.918
44089,1,0,0,0.772,109825,116964,3.260,4.300,14.018
44129,1,0,0,0.772,109810,116955,3.260,4.300,14.018
44169,1,0,0,0.772,109876,117081,3.264,11.900,38.842
44209,1,0,0,0.772,109936,117184,3.264,11.900,38.842
44249,1,0,0,0.772,109950,117208,3.264,11.900,38.842
44289,1,0,0,0.772,109895,117124,3.268,4.800,15.686
44329,1,0,0,0.772,109869,117069,3.268,4.800,15.686
44369,1,0,0,0.772,109892,117099,3.212,9.500,30.514
44409,1,0,0,0.772,109895,117128,3.212,9.500,30.514
44449,1,0,0,0.772,109937,117205,3.212,9.500,30.514
44489,1,0,0,0.772,109963,117250,3.260,4.500,14.670
44529,1,0,0,0.772,109963,117253,3.260,4.500,14.670
44569,1,0,0,0.772,110014,117324,3.216,9.400,30.230
44609,1,0,0,0.772,110043,117396,3.216,9.400,30.230
44649,1,0,0,0.772,110066,117426,3.216,9.400,30.230
44689,1,0,0,0.772,110055,117428,3.268,4.800,15.686
44729,1,0,0,0.772,110077,117469,3.268,4.800,15.686
44769,1,0,0,0.772,110044,117365,3.236,12.100,39.156
44809,1,0,0,0.772,109869,117037,3.236,12.100,39.156
44849,1,0,0,0.772,109801,116859,3.236,12.100,39.156
44889,1,0,0,0.772,109832,116932,3.264,4.600,15.014
44929,1,0,0,0.772,109836,116959,3.264,4.600,15.014
44969,1,0,0,0.772,109858,116984,3.212,7.100,22.805
45009,1,0,0,0.772,109892,117074,3.212,7.100,22.805
45049,1,0,0,0.772,109933,117138,3.212,7.100,22.805
45089,1,0,0,0.772,109913,117108,3.280,4.700,15.416
45129,1,0,0,0.772,109919,117124,3.280,4.700,15.416
45169,1,0,0,0.772,109967,117212,3.256,11.200,36.467
45209,1,0,0,0.772,110001,117272,3.256,11.200,36.467
45249,1,0,0,0.772,110041,117351,3.256,11.200,36.467
45289,1,0,0,0.772,110050,117367,3.280,4.400,14.432
45329,1,0,0,0.772,110053,117378,3.280,4.400,14.432
45369,1,0,0,0.772,110111,117471,3.252,11.100,36.097
45409,1,0,0,0.772,110144,117538,3.252,11.100,36.097
45449,1,0,0,0.772,110166,117587,3.252,11.100,36.097
45489,1,0,0,0.772,110163,117601,3.280,5.700,18.696
45529,1,0,0,0.772,110113,117485,3.280,5.700,18.696
45569,1,0,0,0.772,109931,117122,3.228,5.000,16.140
45609,1,0,0,0.772,109809,116921,3.228,5.000,16.140
45649,1,0,0,0.772,109854,117013,3.228,5.000,16.140
45689,1,0,0,0.772,109902,117084,3.256,4.300,14.001
45729,1,0,0,0.772,109952,117153,3.256,4.300,14.001
45769,1,0,0,0.772,109993,117215,3.272,14.900,48.753
45809,1,0,0,0.772,110020,117272,3.272,14.900,48.753
45849,1,0,0,0.772,110006,117252,3.272,14.900,48.753
45889,1,0,0,0.772,110023,117290,3.280,8.700,28.536
45929,1,0,0,0.772,110056,117361,3.280,8.700,28.536
45969,1,0,0,0.772,110080,117409,3.204,5.200,16.661
46009,1,0,0,0.772,110142,117517,3.204,5.200,16.661
46049,1,0,0,0.772,110217,117643,3.204,5.200,16.661
46089,1,0,0,0.772,110238,117672,3.280,4.700,15.416
46129,1,0,0,0.772,110210,117654,3.280,4.700,15.416
46169,1,0,0,0.772,110226,117697,3.272,4.700,15.378
46209,1,0,0,0.772,110291,117808,3.272,4.700,15.378
46249,1,0,0,0.772,110315,117851,3.272,4.700,15.378
46289,1,0,0,0.772,110333,117865,3.272,3.900,12.761
46329,1,0,0,0.772,110221,117647,3.272,3.900,12.761
46369,1,0,0,0.772,110037,117298,3.276,4.700,15.397
46409,1,0,0,0.772,110013,117250,3.276,4.700,15.397
46449,1,0,0,0.772,110070,117350,3.276,4.700,15.397
46489,1,0,0,0.772,110125,117440,3.280,5.300,17.384
46529,1,0,0,0.772,110140,117475,3.280,5.300,17.384
46569,1,0,0,0.772,110149,117481,3.260,4.700,15.322
46609,1,0,0,0.772,110137,117454,3.260,4.700,15.322
46649,1,0,0,0.772,110076,117338,3.260,4.700,15.322
46689,1,0,0,0.772,110023,117259,3.276,4.000,13.104
46729,1,0,0,0.772,109966,117179,3.276,4.000,13.104
46769,1,0,0,0.772,109908,117122,3.276,8.200,26.863
46809,1,0,0,0.772,110006,117258,3.276,8.200,26.863
46849,1,0,0,0.772,110131,117439,3.276,8.200,26.863
46889,1,0,0,0.772,110215,117546,3.276,4.800,15.725
46929,1,0,0,0.772,110194,117525,3.276,4.800,15.725
46969,1,0,0,0.772,110136,117455,3.248,4.800,15.590
47009,1,0,0,0.772,110097,117380,3.248,4.800,15.590
47049,1,0,0,0.772,109948,117172,3.248,4.800,15.590
47089,1,0,0,0.772,109814,116898,3.272,3.800,12.434
47129,1,0,0,0.772,109695,116655,3.272,3.800,12.434
47169,1,0,0,0.772,109697,116656,3.276,4.900,16.052
47209,1,0,0,0.772,109691,116666,3.276,4.900,16.052
47249,1,0,0,0.772,109694,116688,3.276,4.900,16.052
47289,1,0,0,0.772,109713,116710,3.280,4.900,16.072
47329,1,0,0,0.772,109711,116718,3.280,4.900,16.072
47369,1,0,0,0.772,109680,116653,3.216,4.900,15.758
47409,1,0,0,0.772,109667,116637,3.216,4.900,15.758
47449,1,0,0,0.772,109645,116613,3.216,4.900,15.758
47489,1,0,0,0.772,109621,116600,3.260,4.500,14.670
47529,1,0,0,0.772,109685,116700,3.260,4.500,14.670
47569,1,0,0,0.772,109694,116709,3.276,4.900,16.052
47609,1,0,0,0.772,109678,116715,3.276,4.900,16.052
47649,1,0,0,0.772,109726,116788,3.276,4.900,16.052
47689,1,0,0,0.772,109761,116869,3.276,4.500,14.742
47729,1,0,0,0.772,109787,116904,3.276,4.500,14.742
47769,1,0,0,0.772,109800,116923,3.200,5.300,16.960
47809,1,0,0,0.772,109667,116680,3.200,5.300,16.960
47849,1,0,0,0.772,109488,116371,3.200,5.300,16.960
47889,1,0,0,0.772,109461,116313,3.276,4.600,15.070
47929,1,0,0,0.772,109544,116456,3.276,4.600,15.070
47970,1,0,0,0.772,109597,116537,3.276,4.800,15.725
48009,1,0,0,0.772,109662,116640,3.276,4.800,15.725
48049,1,0,0,0.772,109683,116688,3.276,4.800,15.725
48089,1,0,0,0.772,109666,116660,3.272,4.200,13.742
48129,1,0,0,0.772,109663,116655,3.272,4.200,13.742
48170,1,0,0,0.772,109683,116711,3.276,6.500,21.294
48209,1,0,0,0.772,109722,116780,3.276,6.500,21.294
48249,1,0,0,0.817,109790,116892,3.276,6.500,21.294
48290,1,0,0,0.817,109826,116948,3.280,4.900,16.072
48329,1,0,0,0.817,109855,117020,3.280,4.900,16.072
48370,1,0,0,0.817,109874,117065,3.256,4.900,15.954
48409,1,0,0,0.817,109910,117121,3.256,4.900,15.954
48449,1,0,0,0.817,109932,117160,3.256,4.900,15.954
48490,1,0,0,0.817,109921,117167,3.276,4.200,13.759
48529,1,0,0,0.817,109833,116965,3.276,4.200,13.759
48570,1,0,0,0.817,109660,116649,3.272,9.800,32.066
48610,1,0,0,0.817,109650,116615,3.272,9.800,32.066
48649,1,0,0,0.817,109710,116705,3.272,9.800,32.066
48690,1,0,0,0.817,109734,116771,3.280,5.200,17.056
48729,1,0,0,0.817,109762,116815,3.280,5.200,17.056
48770,1,0,0,0.817,109791,116869,3.228,4.800,15.494
48810,1,0,0,0.817,109790,116869,3.228,4.800,15.494
48849,1,0,0,0.817,109774,116847,3.228,4.800,15.494
48890,1,0,0,0.817,109750,116810,3.268,4.000,13.072
48930,1,0,0,0.817,109779,116879,3.268,4.000,13.072
48970,1,0,0,0.817,109821,116959,3.260,13.600,44.336
49010,1,0,0,0.817,109839,117001,3.260,13.600,44.336
49050,1,0,0,0.817,109858,117047,3.260,13.600,44.336
49090,1,0,0,0.817,109884,117095,3.280,7.500,24.600
49130,1,0,0,0.817,109881,117112,3.280,7.500,24.600
49170,1,0,0,0.817,109939,117194,3.208,5.000,16.040
49210,1,0,0,0.817,109974,117274,3.208,5.000,16.040
49250,1,0,0,0.817,109905,117149,3.208,5.000,16.040
49290,1,0,0,0.817,109740,116817,3.248,4.400,14.291
49330,1,0,0,0.817,109630,116621,3.248,4.400,14.291
49370,1,0,0,0.817,109695,116734,3.272,15.800,51.698
49410,1,0,0,0.817,109758,116856,3.272,15.800,51.698
49450,1,0,0,0.817,109788,116900,3.272,15.800,51.698
49490,1,0,0,0.817,109765,116870,3.276,4.900,16.052
49530,1,0,0,0.817,109735,116815,3.276,4.900,16.052
49570,1,0,0,0.817,109774,116867,3.208,5.100,16.361
49610,1,0,0,0.817,109803,116895,3.208,5.100,16.361
49650,1,0,0,0.817,109838,116993,3.208,5.100,16.361
49690,1,0,0,0.817,109858,117018,3.284,5.000,16.420
49730,1,0,0,0.817,109848,117009,3.284,5.000,16.420
49770,1,0,0,0.817,109841,117019,3.280,5.000,16.400
49810,1,0,0,0.817,109829,116978,3.280,5.000,16.400
49850,1,0,0,0.817,109858,117012,3.280,5.000,16.400
49890,1,0,0,0.817,109905,117080,3.276,4.300,14.087
49930,1,0,0,0.817,109948,117149,3.276,4.300,14.087
49970,1,0,0,0.817,109934,117117,3.276,4.600,15.070
50010,1,0,0,0.817,109757,116784,3.276,4.600,15.070
50050,1,0,0,0.817,109579,116451,3.276,4.600,15.070
50090,1,0,0,0.817,109503,116339,3.280,5.100,16.728
50130,1,0,0,0.817,109617,116509,3.280,5.100,16.728
50170,1,0,0,0.817,109685,116620,3.280,5.000,16.400
50210,1,0,0,0.817,109698,116646,3.280,5.000,16.400
50250,1,0,0,0.817,109692,116636,3.280,5.000,16.400
50290,1,0,0,0.817,109643,116535,3.272,4.200,13.742
50330,1,0,0,0.817,109605,116476,3.272,4.200,13.742
50370,1,0,0,0.817,109603,116467,3.276,4.900,16.052
50410,1,0,0,0.817,109657,116567,3.276,4.900,16.052
50450,1,0,0,0.817,109664,116596,3.276,4.900,16.052
50490,1,0,0,0.817,109692,116630,3.276,4.800,15.725
50530,1,0,0,0.817,109685,116640,3.276,4.800,15.725
50570,1,0,0,0.817,109652,116581,3.280,4.700,15.416
50610,1,0,0,0.817,109640,116591,3.280,4.700,15.416
50650,1,0,0,0.817,109650,116619,3.280,4.700,15.416
50690,1,0,0,0.817,109561,116481,3.252,4.500,14.634
50730,1,0,0,0.817,109403,116170,3.252,4.500,14.634
50770,1,0,0,0.817,109348,116051,3.272,4.600,15.051
50810,1,0,0,0.817,109409,116145,3.272,4.600,15.051
50850,1,0,0,0.817,109491,116273,3.272,4.600,15.051
50890,1,0,0,0.817,109540,116369,3.272,4.900,16.033
50930,1,0,0,0.817,109554,116399,3.272,4.900,16.033
50970,1,0,0,0.817,109511,116349,3.276,5.000,16.380
51010,1,0,0,0.817,109470,116271,3.276,5.000,16.380
51050,1,0,0,0.817,109483,116295,3.276,5.000,16.380
51090,1,0,0,0.817,109478,116301,3.228,4.600,14.849
51130,1,0,0,0.817,109494,116342,3.228,4.600,14.849
51170,1,0,0,0.817,109533,116409,3.268,4.700,15.360
51210,1,0,0,0.817,109576,116482,3.268,4.700,15.360
51250,1,0,0,0.817,109578,116493,3.268,4.700,15.360
51290,1,0,0,0.817,109577,116506,3.276,4.400,14.414
51330,1,0,0,0.817,109616,116574,3.276,4.400,14.414
51370,1,0,0,0.817,109643,116627,3.276,7.500,24.570
51410,1,0,0,0.817,109613,116567,3.276,7.500,24.570
51450,1,0,0,0.817,109452,116255,3.276,7.500,24.570
51490,1,0,0,0.817,109345,116060,3.276,4.900,16.052
51530,1,0,0,0.817,109360,116093,3.276,4.900,16.052
51570,1,0,0,0.817,109395,116177,3.244,5.000,16.220
51610,1,0,0,0.817,109448,116256,3.244,5.000,16.220
51650,1,0,0,0.817,109499,116341,3.244,5.000,16.220
51690,1,0,0,0.817,109514,116362,3.276,4.200,13.759
51730,1,0,0,0.817,109488,116353,3.276,4.200,13.759
51770,1,0,0,0.817,109484,116344,3.276,11.400,37.346
51810,1,0,0,0.817,109478,116361,3.276,11.400,37.346
51850,1,0,0,0.817,109520,116425,3.276,11.400,37.346
51890,1,0,0,0.817,109527,116452,3.280,5.700,18.696
51931,1,0,0,0.817,109518,116467,3.280,5.700,18.696
51970,1,0,0,0.817,109563,116534,3.220,4.800,15.456
52011,1,0,0,0.817,109564,116569,3.220,4.800,15.456
52050,1,0,0,0.817,109605,116632,3.220,4.800,15.456
52090,1,0,0,0.817,109634,116705,3.260,4.200,13.692
52131,1,0,0,0.817,109583,116623,3.260,4.200,13.692
52170,1,0,0,0.817,109437,116337,3.276,15.300,50.123
52211,1,0,0,0.817,109328,116130,3.276,15.300,50.123
52250,1,0,0,0.817,109355,116172,3.276,15.300,50.123
52291,1,0,0,0.817,109405,116283,3.280,9.300,30.504
52331,1,0,0,0.817,109443,116326,3.280,9.300,30.504
52370,1,0,0,0.817,109469,116362,3.204,5.000,16.020
52411,1,0,0,0.817,109486,116391,3.204,5.000,16.020
52451,1,0,0,0.817,109472,116365,3.204,5.000,16.020
52491,1,0,0,0.817,109405,116260,3.280,5.100,16.728
52531,1,0,0,0.817,109380,116238,3.280,5.100,16.728
52571,1,0,0,0.817,109413,116293,3.268,5.000,16.340
52611,1,0,0,0.817,109445,116321,3.268,5.000,16.340
52651,1,0,0,0.817,109450,116339,3.268,5.000,16.340
52691,1,0,0,0.817,109447,116328,3.276,4.000,13.104
52731,1,0,0,0.817,109405,116266,3.276,4.000,13.104
52771,1,0,0,0.817,109420,116295,3.232,7.800,25.210
52811,1,0,0,0.817,109388,116249,3.232,7.800,25.210
52851,1,0,0,0.817,109333,116165,3.232,7.800,25.210
52891,1,0,0,0.817,109196,115881,3.280,5.000,16.400
52931,1,0,0,0.817,109107,115688,3.280,5.000,16.400
52971,1,0,0,0.817,109109,115684,3.244,4.800,15.571
53011,1,0,0,0.817,109085,115680,3.244,4.800,15.571
53051,1,0,0,0.817,109108,115721,3.244,4.800,15.571
53091,1,0,0,0.817,109085,115713,3.276,4.200,13.759
53131,1,0,0,0.817,109111,115736,3.276,4.200,13.759
53171,1,0,0,0.817,109103,115691,3.252,11.600,37.723
53211,1,0,0,0.817,109069,115640,3.252,11.600,37.723
53251,1,0,0,0.817,109079,115674,3.252,11.600,37.723
53291,1,0,0,0.817,109070,115664,3.280,4.900,16.072
53331,1,0,0,0.817,109008,115614,3.280,4.900,16.072
53371,1,0,0,0.817,108996,115586,3.216,5.000,16.080
53411,1,0,0,0.817,108980,115590,3.216,5.000,16.080
53451,1,0,0,0.817,109043,115684,3.216,5.000,16.080
53491,1,0,0,0.817,109018,115656,3.256,4.300,14.001
53531,1,0,0,0.817,109042,115692,3.256,4.300,14.001
53571,1,0,0,0.817,108959,115525,3.264,13.700,44.717
53611,1,0,0,0.817,108742,115166,3.264,13.700,44.717
53651,1,0,0,0.817,108677,115056,3.264,13.700,44.717
53691,1,0,0,0.817,108796,115244,3.272,4.800,15.706
53731,1,0,0,0.817,108939,115444,3.272,4.800,15.706
53771,1,0,0,0.817,109078,115637,3.200,6.800,21.760
53811,1,0,0,0.817,109025,115588,3.200,6.800,21.760
53851,1,0,0,0.817,108977,115532,3.200,6.800,21.760
53891,1,0,0,0.817,108917,115432,3.252,4.300,13.984
53931,1,0,0,0.817,108852,115372,3.252,4.300,13.984
53971,1,0,0,0.817,109025,115609,3.268,4.700,15.360
54011,1,0,0,0.817,109170,115819,3.268,4.700,15.360
54051,1,0,0,0.817,109183,115857,3.268,4.700,15.360
54091,1,0,0,0.817,109309,116049,3.272,4.900,16.033
54131,1,0,0,0.817,109321,116066,3.272,4.900,16.033
54171,1,0,0,0.817,109282,116058,3.272,5.000,16.360
54211,1,0,0,0.817,109275,116057,3.272,5.000,16.360
54251,1,0,0,0.817,109279,116077,3.272,5.000,16.360
54291,1,0,0,0.817,109186,115870,3.248,4.000,12.992
54331,1,0,0,0.817,109107,115687,3.248,4.000,12.992
54371,1,0,0,0.817,109119,115708,3.268,5.000,16.340
54411,1,0,0,0.817,109163,115787,3.268,5.000,16.340
54451,1,0,0,0.817,109146,115788,3.268,5.000,16.340
54491,1,0,0,0.817,109114,115763,3.272,8.100,26.503
54531,1,0,0,0.817,109181,115870,3.272,8.100,26.503
54571,1,0,0,0.817,109199,115898,3.264,5.000,16.320
54611,1,0,0,0.817,109221,115928,3.264,5.000,16.320
54651,1,0,0,0.817,109217,115931,3.264,5.000,16.320
54691,1,0,0,0.817,109158,115886,3.244,4.300,13.949
54731,1,0,0,0.817,109158,115923,3.244,4.300,13.949
54771,1,0,0,0.817,109143,115919,3.264,4.500,14.688
54811,1,0,0,0.817,109198,116018,3.264,4.500,14.688
54851,1,0,0,0.817,109328,116199,3.264,4.500,14.688
54891,1,0,0,0.817,109325,116212,3.268,4.500,14.706
54931,1,0,0,0.817,109286,116188,3.268,4.500,14.706
54971,1,0,0,0.817,109342,116291,3.268,4.900,16.013
55011,1,0,0,0.817,109279,116148,3.268,4.900,16.013
55051,1,0,0,0.817,109138,115878,3.268,4.900,16.013
55091,1,0,0,0.817,109072,115775,3.272,4.500,14.724
55131,1,0,0,0.817,109075,115827,3.272,4.500,14.724
55171,1,0,0,0.817,109123,115928,3.264,4.800,15.667
55211,1,0,0,0.817,109190,116010,3.264,4.800,15.667
55251,1,0,0,0.817,109186,116038,3.264,4.800,15.667
55291,1,0,0,0.817,109220,116085,3.268,4.200,13.726
55331,1,0,0,0.817,109256,116134,3.268,4.200,13.726
55371,1,0,0,0.817,109255,116170,3.268,5.200,16.994
55411,1,0,0,0.817,109268,116200,3.268,5.200,16.994
55451,1,0,0,0.817,109235,116180,3.268,5.200,16.994
55491,1,0,0,0.817,109276,116248,3.272,4.400,14.397
55531,1,0,0,0.817,109322,116332,3.272,4.400,14.397
55571,1,0,0,0.817,109280,116299,3.268,4.800,15.686
55611,1,0,0,0.817,109188,116207,3.268,4.800,15.686
55651,1,0,0,0.817,109183,116188,3.268,4.800,15.686
55691,1,0,0,0.817,109064,116033,3.264,4.300,14.035
55731,1,0,0,0.817,109006,115936,3.264,4.300,14.035
55771,1,0,0,0.817,108959,115837,3.268,5.200,16.994
55811,1,0,0,0.817,108903,115688,3.268,5.200,16.994
55851,1,0,0,0.817,108981,115713,3.268,5.200,16.994
55891,1,0,0,0.817,109138,115919,3.272,4.800,15.706
55931,1,0,0,0.817,109199,116017,3.272,4.800,15.706
55971,1,0,0,0.817,109346,116194,3.272,4.900,16.033
56011,1,0,0,0.817,109269,116135,3.272,4.900,16.033
56051,1,0,0,0.817,109024,115823,3.272,4.900,16.033
56091,1,0,0,0.817,108896,115663,3.272,4.600,15.051
56131,1,0,0,0.817,109086,115875,3.272,4.600,15.051
56172,1,0,0,0.817,109321,116170,3.188,5.200,16.578
56211,1,0,0,0.817,109406,116300,3.188,5.200,16.578
56251,1,0,0,0.743,109446,116368,3.188,5.200,16.578
56291,1,0,0,0.743,109473,116410,3.276,4.700,15.397
56331,1,0,0,0.743,109541,116523,3.276,4.700,15.397
56372,1,0,0,0.743,109488,116467,3.268,15.400,50.327
56411,1,0,0,0.743,109447,116420,3.268,15.400,50.327
56452,1,0,0,0.743,109520,116520,3.268,15.400,50.327
56491,1,0,0,0.743,109421,116394,3.268,4.300,14.052
56532,1,0,0,0.743,109263,116150,3.268,4.300,14.052
56571,1,0,0,0.743,109150,115933,3.192,5.200,16.598
56612,1,0,0,0.743,109163,115949,3.192,5.200,16.598
56652,1,0,0,0.743,109292,116137,3.192,5.200,16.598
56691,1,0,0,0.743,109360,116252,3.272,4.800,15.706
56732,1,0,0,0.743,109419,116372,3.272,4.800,15.706
56772,1,0,0,0.743,109379,116336,3.264,14.900,48.634
56812,1,0,0,0.743,109232,116134,3.264,14.900,48.634
56852,1,0,0,0.743,109148,116018,3.264,14.900,48.634
56892,1,0,0,0.743,109090,115950,3.268,4.200,13.726
56932,1,0,0,0.743,109037,115923,3.268,4.200,13.726
56971,1,0,0,0.743,109141,116077,3.196,5.600,17.898
57012,1,0,0,0.743,109273,116277,3.196,5.600,17.898
57052,1,0,0,0.743,109175,116158,3.196,5.600,17.898
57092,1,0,0,0.743,109232,116215,3.272,4.800,15.706
57132,1,0,0,0.743,109391,116441,3.272,4.800,15.706
57172,1,0,0,0.743,109349,116408,3.260,13.900,45.314
57212,1,0,0,0.743,109336,116412,3.260,13.900,45.314
57252,1,0,0,0.743,109181,116129,3.260,13.900,45.314
57292,1,0,0,0.743,109237,116072,3.268,4.500,14.706
57332,1,0,0,0.743,109163,115981,3.268,4.500,14.706
57372,1,0,0,0.743,109193,116037,3.204,6.900,22.108
57412,1,0,0,0.743,109291,116152,3.204,6.900,22.108
57452,1,0,0,0.743,109359,116274,3.204,6.900,22.108
57492,1,0,0,0.743,109250,116158,3.272,4.800,15.706
57532,1,0,0,0.743,109198,116094,3.272,4.800,15.706
57572,1,0,0,0.743,109225,116130,3.248,13.000,42.224
57612,1,0,0,0.743,109270,116194,3.248,13.000,42.224
57652,1,0,0,0.743,109312,116256,3.248,13.000,42.224
57692,1,0,0,0.743,109474,116496,3.268,4.300,14.052
57732,1,0,0,0.743,109539,116595,3.268,4.300,14.052
57772,1,0,0,0.743,109356,116411,3.212,7.400,23.769
57812,1,0,0,0.743,109328,116358,3.212,7.400,23.769
57852,1,0,0,0.743,109203,116209,3.212,7.400,23.769
57892,1,0,0,0.743,109809,116984,3.272,4.700,15.378
57932,1,0,0,0.743,109958,117221,3.272,4.700,15.378
57972,1,0,0,0.743,109708,116861,3.244,12.400,40.226
58012,1,0,0,0.743,109613,116593,3.244,12.400,40.226
58052,1,0,0,0.743,109442,116315,3.244,12.400,40.226
58092,1,0,0,0.743,109197,116033,3.268,4.100,13.399
58132,1,0,0,0.743,109095,115926,3.268,4.100,13.399
58172,1,0,0,0.743,109131,116002,3.216,8.400,27.014
58212,1,0,0,0.743,109388,116369,3.216,8.400,27.014
58252,1,0,0,0.743,109337,116328,3.216,8.400,27.014
58292,1,0,0,0.743,109285,116252,3.276,5.100,16.708
58332,1,0,0,0.743,109299,116259,3.276,5.100,16.708
58372,1,0,0,0.743,109214,116173,3.240,4.800,15.552
58412,1,0,0,0.743,109112,116098,3.240,4.800,15.552
58452,1,0,0,0.743,109165,116194,3.240,4.800,15.552
58492,1,0,0,0.743,109140,116142,3.268,4.400,14.379
58532,1,0,0,0.743,109101,116076,3.268,4.400,14.379
58572,1,0,0,0.743,109458,116488,3.268,5.000,16.340
58612,1,0,0,0.743,109735,116887,3.268,5.000,16.340
58652,1,0,0,0.743,109734,116904,3.268,5.000,16.340
58692,1,0,0,0.743,109514,116636,3.268,4.900,16.013
58732,1,0,0,0.743,109529,116603,3.268,4.900,16.013
58772,1,0,0,0.743,109408,116352,3.228,4.800,15.494
58812,1,0,0,0.743,109183,116020,3.228,4.800,15.494
58852,1,0,0,0.743,108988,115762,3.228,4.800,15.494
58892,1,0,0,0.743,108990,115789,3.268,4.700,15.360
58932,1,0,0,0.743,109193,116042,3.268,4.700,15.360
58972,1,0,0,0.743,109051,115915,3.272,4.900,16.033
59012,1,0,0,0.743,108972,115787,3.272,4.900,16.033
59052,1,0,0,0.743,108974,115771,3.272,4.900,16.033
59092,1,0,0,0.743,108942,115712,3.272,4.700,15.378
59132,1,0,0,0.743,108780,115515,3.272,4.700,15.378
59172,1,0,0,0.743,108600,115331,3.220,5.200,16.744
59212,1,0,0,0.743,108427,115128,3.220,5.200,16.744
59252,1,0,0,0.743,108214,114879,3.220,5.200,16.744
59292,1,0,0,0.743,108018,114634,3.268,4.300,14.052
59332,1,0,0,0.743,108123,114727,3.268,4.300,14.052
59372,1,0,0,0.743,107692,114183,3.268,4.900,16.013
59412,1,0,0,0.743,105002,110778,3.268,4.900,16.013
59452,1,0,0,0.743,103105,108001,3.268,4.900,16.013
59492,1,0,0,0.743,103730,108435,3.272,4.700,15.378
59532,1,0,0,0.743,103517,108057,3.272,4.700,15.378
59572,1,0,0,0.743,103757,108025,3.212,5.000,16.060
59612,1,0,0,0.743,103622,107521,3.212,5.000,16.060
59652,1,0,0,0.743,103329,106805,3.212,5.000,16.060
59692,1,0,0,0.743,103575,106830,3.264,4.600,15.014
59732,1,0,0,0.743,104218,107528,3.264,4.600,15.014
59772,1,0,0,0.743,104529,106543,3.268,5.000,16.340
59812,1,0,0,0.743,111810,109555,3.268,5.000,16.340
59852,1,0,0,0.743,113288,109876,3.268,5.000,16.340
59892,1,0,0,0.743,113435,110720,3.272,4.500,14.724
59932,1,0,0,0.743,114317,111500,3.272,4.500,14.724
59973,1,0,0,0.743,114111,113139,3.200,5.300,16.960
60012,1,0,0,0.743,111166,113023,3.200,5.300,16.960
60052,1,0,0,0.743,109772,112759,3.200,5.300,16.960
60093,1,0,0,0.743,108668,112937,3.256,4.400,14.326
60132,1,0,0,0.743,108029,112862,3.256,4.400,14.326
60173,1,0,0,0.743,107512,112257,3.268,14.100,46.079
60212,1,0,0,0.743,107309,112363,3.268,14.100,46.079
60252,1,0,0,0.743,107004,112042,3.268,14.100,46.079
60293,1,0,0,0.743,106809,111749,3.272,4.900,16.033
60332,1,0,0,0.743,106740,111711,3.272,4.900,16.033
60373,1,0,0,0.743,106742,111812,3.192,4.700,15.002
60412,1,0,0,0.743,106891,112121,3.192,4.700,15.002
60452,1,0,0,0.743,106963,112269,3.192,4.700,15.002
60493,1,0,0,0.743,106915,112217,3.244,4.300,13.949
60532,1,0,0,0.743,107165,112779,3.244,4.300,13.949
60573,1,0,0,0.743,107182,113006,3.268,15.100,49.347
60613,1,0,0,0.743,107692,113692,3.268,15.100,49.347
60653,1,0,0,0.743,107931,114085,3.268,15.100,49.347
60693,1,0,0,0.743,107983,114240,3.272,4.900,16.033
60732,1,0,0,0.743,108027,114370,3.272,4.900,16.033
60773,1,0,0,0.743,108265,114713,3.188,5.000,15.940
60813,1,0,0,0.743,108368,114861,3.188,5.000,15.940
60853,1,0,0,0.743,108044,114390,3.188,5.000,15.940
60893,1,0,0,0.743,107949,114212,3.236,4.500,14.562
60933,1,0,0,0.743,108018,114322,3.236,4.500,14.562
60973,1,0,0,0.743,108022,114373,3.268,15.800,51.634
61013,1,0,0,0.743,107907,114289,3.268,15.800,51.634
61053,1,0,0,0.743,107865,114268,3.268,15.800,51.634
61093,1,0,0,0.743,107823,114238,3.272,4.700,15.378
61133,1,0,0,0.743,107869,114269,3.272,4.700,15.378
61173,1,0,0,0.743,107944,114361,3.184,5.300,16.875
61213,1,0,0,0.743,107989,114439,3.184,5.300,16.875
61253,1,0,0,0.743,108097,114570,3.184,5.300,16.875
61293,1,0,0,0.743,108039,114541,3.224,4.700,15.153
61333,1,0,0,0.743,108029,114589,3.224,4.700,15.153
61373,1,0,0,0.743,108021,114584,3.268,15.500,50.654
61413,1,0,0,0.743,108044,114630,3.268,15.500,50.654
61453,1,0,0,0.743,108166,114804,3.268,15.500,50.654
61493,1,0,0,0.743,108247,114930,3.272,4.700,15.378
61533,1,0,0,0.743,108191,114842,3.272,4.700,15.378
61573,1,0,0,0.743,107987,114495,3.188,5.000,15.940
61613,1,0,0,0.743,107968,114455,3.188,5.000,15.940
61653,1,0,0,0.743,108027,114550,3.188,5.000,15.940
61693,1,0,0,0.743,108038,114608,3.212,4.600,14.775
61733,1,0,0,0.743,108127,114741,3.212,4.600,14.775
61773,1,0,0,0.743,108171,114805,3.268,14.500,47.386
61813,1,0,0,0.743,108135,114761,3.268,14.500,47.386
61853,1,0,0,0.743,108067,114676,3.268,14.500,47.386
61893,1,0,0,0.743,108092,114717,3.276,4.600,15.070
61933,1,0,0,0.743,108114,114781,3.276,4.600,15.070
61973,1,0,0,0.743,108055,114749,3.204,6.100,19.544
62013,1,0,0,0.743,108127,114846,3.204,6.100,19.544
62054,1,0,0,0.743,108161,114912,3.204,6.800,21.787
62093,1,0,0,0.743,108144,114925,3.204,6.800,21.787
62133,1,0,0,0.743,108118,114932,3.204,6.800,21.787
62173,1,0,0,0.743,108190,115061,3.252,13.200,42.926
62213,1,0,0,0.743,108172,114998,3.252,13.200,42.926
62254,1,0,0,0.743,107995,114717,3.260,14.300,46.618
62293,1,0,0,0.743,107836,114480,3.260,14.300,46.618
62333,1,0,0,0.743,107764,114429,3.260,14.300,46.618
62373,1,0,0,0.743,107874,114614,3.212,7.100,22.805
62413,1,0,0,0.743,107994,114777,3.212,7.100,22.805
62454,1,0,0,0.743,108026,114850,3.196,5.200,16.619
62493,1,0,0,0.743,108134,114992,3.196,5.200,16.619
62533,1,0,0,0.743,108148,115019,3.196,5.200,16.619
62573,1,0,0,0.743,108183,115095,3.248,12.000,38.976
62613,1,0,0,0.743,108358,115313,3.248,12.000,38.976
62654,1,0,0,0.743,108455,115473,3.268,15.300,50.000
62693,1,0,0,0.743,108537,115602,3.268,15.300,50.000
62733,1,0,0,0.743,108539,115628,3.268,15.300,50.000
62773,1,0,0,0.743,108592,115704,3.220,9.200,29.624
62813,1,0,0,0.743,108675,115808,3.220,9.200,29.624
62854,1,0,0,0.743,108724,115887,3.188,5.100,16.259
62893,1,0,0,0.743,108653,115808,3.188,5.100,16.259
62933,1,0,0,0.743,108461,115490,3.188,5.100,16.259
62973,1,0,0,0.743,108270,115159,3.232,10.300,33.290
63013,1,0,0,0.743,108270,115163,3.232,10.300,33.290
63054,1,0,0,0.743,108406,115378,3.268,15.800,51.634
63093,1,0,0,0.743,108500,115548,3.268,15.800,51.634
63133,1,0,0,0.743,108626,115742,3.268,15.800,51.634
63173,1,0,0,0.743,108634,115772,3.236,10.900,35.272
63213,1,0,0,0.743,108586,115686,3.236,10.900,35.272
63254,1,0,0,0.743,108530,115619,3.188,5.200,16.578
63293,1,0,0,0.743,108583,115688,3.188,5.200,16.578
63333,1,0,0,0.743,108630,115769,3.188,5.200,16.578
63373,1,0,0,0.743,108685,115866,3.224,8.900,28.694
63413,1,0,0,0.743,108822,116060,3.224,8.900,28.694
63454,1,0,0,0.743,108797,116025,3.268,15.500,50.654
63493,1,0,0,0.743,108757,116000,3.268,15.500,50.654
63533,1,0,0,0.743,108791,116060,3.268,15.500,50.654
63573,1,0,0,0.743,108766,116048,3.244,12.000,38.928
63613,1,0,0,0.743,108764,115969,3.244,12.000,38.928
63654,1,0,0,0.743,108609,115700,3.184,5.200,16.557
63693,1,0,0,0.743,108648,115737,3.184,5.200,16.557
63733,1,0,0,0.743,108796,115970,3.184,5.200,16.557
63773,1,0,0,0.743,108883,116085,3.212,7.400,23.769
63813,1,0,0,0.743,108913,116134,3.212,7.400,23.769
63854,1,0,0,0.743,108994,116249,3.264,14.000,45.696
63893,1,0,0,0.743,109067,116380,3.264,14.000,45.696
63934,1,0,0,0.743,109106,116440,3.264,14.000,45.696
63973,1,0,0,0.743,109250,116660,3.256,14.100,45.910
64014,1,0,0,0.743,109387,116856,3.256,14.100,45.910
64054,1,0,0,0.743,109373,116845,3.200,6.600,21.120
64093,1,0,0,0.743,109443,116991,3.200,6.600,21.120
64134,1,0,0,0.743,109582,117239,3.200,6.600,21.120
64173,1,0,0,0.743,109727,117480,3.196,6.000,19.176
64214,1,0,0,0.743,109820,117670,3.196,6.000,19.176
64254,1,0,1,0.055,109794,117625,3.248,12.400,40.275
64294,1,0,1,0.055,109568,117169,3.248,12.400,40.275
64334,1,0,1,0.055,109373,116794,3.248,12.400,40.275
64374,1,0,1,0.055,109285,116650,3.268,15.500,50.654
64414,1,0,1,0.055,109289,116662,3.268,15.500,50.654
64454,1,0,1,0.055,109327,116761,3.220,8.500,27.370
64494,1,0,1,0.055,109387,116875,3.220,8.500,27.370
64534,1,0,1,0.055,109465,117007,3.220,8.500,27.370
64574,1,0,1,0.055,109543,117135,3.184,4.800,15.283
64614,1,0,1,0.055,109592,117232,3.184,4.800,15.283
64654,1,0,1,0.055,109651,117346,3.236,10.800,34.949
64694,1,0,1,0.055,109666,117394,3.236,10.800,34.949
64734,1,0,1,0.055,109656,117388,3.236,10.800,34.949
64774,1,0,1,0.055,109723,117526,3.268,16.700,54.576
64814,1,0,1,0.055,109743,117562,3.268,16.700,54.576
64854,1,0,1,0.055,109877,117837,3.224,10.200,32.885
64894,1,0,1,0.055,110085,118235,3.224,10.200,32.885
64934,1,0,1,0.055,109970,117998,3.224,10.200,32.885
64974,1,0,1,0.055,109806,117643,3.180,5.100,16.218
65014,1,0,1,0.055,109675,117403,3.180,5.100,16.218
65054,1,0,1,0.055,109672,117428,3.224,10.200,32.885
65094,1,0,1,0.055,109721,117529,3.224,10.200,32.885
65134,1,0,1,0.055,109729,117550,3.224,10.200,32.885
65174,1,0,1,0.055,109826,117721,3.276,16.900,55.364
65214,1,0,1,0.055,109881,117827,3.276,16.900,55.364
65254,1,0,1,0.055,109835,117705,3.236,11.700,37.861
65294,1,0,1,0.055,109800,117627,3.236,11.700,37.861
65334,1,0,1,0.055,109761,117564,3.236,11.700,37.861
65374,1,0,1,0.055,109737,117526,3.184,5.500,17.512
65414,1,0,1,0.055,109847,117750,3.184,5.500,17.512
65454,1,0,1,0.055,109982,118002,3.212,8.600,27.623
65494,1,0,1,0.055,109987,118016,3.212,8.600,27.623
65534,1,0,1,0.055,109981,118017,3.212,8.600,27.623
65574,1,0,1,0.055,109997,118041,3.272,16.100,52.679
65614,1,0,1,0.055,109847,117727,3.272,16.100,52.679
65654,1,0,1,0.055,109714,117460,3.248,13.000,42.224
65694,1,0,1,0.055,109723,117475,3.248,13.000,42.224
65734,1,0,1,0.055,109829,117674,3.248,13.000,42.224
65774,1,0,1,0.055,109879,117790,3.192,5.500,17.556
65814,1,0,1,0.055,109921,117837,3.192,5.500,17.556
65854,1,0,1,0.055,109899,117789,3.204,7.400,23.710
65894,1,0,1,0.055,109837,117664,3.204,7.400,23.710
65934,1,0,1,0.055,109924,117853,3.204,7.400,23.710
65974,1,0,1,0.055,109964,117924,3.268,14.800,48.366
66014,1,0,1,0.055,110061,118092,3.268,14.800,48.366
66054,1,0,1,0.055,110107,118197,3.256,14.300,46.561
66094,1,0,1,0.055,110131,118222,3.256,14.300,46.561
66134,1,0,1,0.055,110188,118315,3.256,14.300,46.561
66174,1,0,1,0.055,110170,118329,3.200,7.000,22.400
66214,1,0,1,0.055,110153,118259,3.200,7.000,22.400
66254,1,0,1,0.055,110062,118085,3.192,6.100,19.471
66294,1,0,1,0.055,109888,117711,3.192,6.100,19.471
66334,1,0,1,0.055,109817,117591,3.192,6.100,19.471
66374,1,0,1,0.055,109920,117773,3.276,13.800,45.209
66414,1,0,1,0.055,110042,117997,3.276,13.800,45.209
66454,1,0,1,0.055,110122,118128,3.264,15.600,50.918
66494,1,0,1,0.055,110150,118169,3.264,15.600,50.918
66534,1,0,1,0.055,110143,118136,3.264,15.600,50.918
66574,1,0,1,0.055,110087,118040,3.216,8.500,27.336
66614,1,0,1,0.055,110051,117943,3.216,8.500,27.336
66654,1,0,1,0.055,110049,117945,3.184,4.600,14.646
66694,1,0,1,0.055,110087,118012,3.184,4.600,14.646
66734,1,0,1,0.055,110167,118173,3.184,4.600,14.646
66774,1,0,1,0.055,110167,118167,3.276,11.300,37.019
66814,1,0,1,0.055,110156,118176,3.276,11.300,37.019
66854,1,0,1,0.055,110247,118344,3.272,16.600,54.315
66894,1,0,1,0.055,110120,118063,3.272,16.600,54.315
66934,1,0,1,0.055,109764,117341,3.272,16.600,54.315
66974,1,0,1,0.055,109515,116900,3.232,4.500,14.544
67014,1,0,1,0.055,109467,116860,3.232,4.500,14.544
67054,1,0,1,0.055,109735,117368,3.180,4.700,14.946
67094,1,0,1,0.055,110116,118088,3.180,4.700,14.946
67134,1,0,1,0.055,110291,118378,3.180,4.700,14.946
67174,1,0,1,0.055,109978,117755,3.276,8.800,28.829
67215,1,0,1,0.055,109738,117358,3.276,8.800,28.829
67254,1,0,1,0.055,109845,117585,3.276,16.200,53.071
67294,1,0,1,0.055,109991,117837,3.276,16.200,53.071
67335,1,0,1,0.055,109960,117804,3.276,16.200,53.071
67374,1,0,1,0.055,110102,118044,3.248,4.600,14.941
67415,1,0,1,0.055,110287,118401,3.248,4.600,14.941
67454,1,0,1,0.055,110445,118678,3.192,4.400,14.045
67495,1,0,1,0.055,110501,118777,3.192,4.400,14.045
67535,1,0,1,0.055,110318,118367,3.192,4.400,14.045
67575,1,0,1,0.055,110285,118277,3.276,7.000,22.932
67615,1,0,1,0.055,110441,118569,3.276,7.000,22.932
67654,1,0,1,0.055,110449,118560,3.272,14.200,46.462
67695,1,0,1,0.055,110430,118517,3.272,14.200,46.462
67735,1,0,1,0.055,110451,118564,3.272,14.200,46.462
67775,1,0,1,0.055,110539,118737,3.264,15.300,49.939
67815,1,0,1,0.055,110602,118809,3.264,15.300,49.939
67855,1,0,1,0.055,110610,118822,3.208,4.500,14.436
67895,1,0,1,0.055,110656,118894,3.208,4.500,14.436
67935,1,0,1,0.055,110678,118927,3.208,4.500,14.436
67975,1,0,1,0.055,110669,118921,3.272,4.900,16.033
68015,1,0,1,0.055,110603,118766,3.272,4.900,16.033
68055,1,0,1,0.055,110591,118748,3.272,11.700,38.282
68095,1,0,1,0.055,110724,119017,3.272,11.700,38.282
68135,1,0,1,0.055,110717,118969,3.272,11.700,38.282
68175,1,0,1,0.055,110521,118539,3.268,16.700,54.576
68215,1,0,1,0.055,110344,118192,3.268,16.700,54.576
68255,1,0,1,0.055,110271,118039,3.276,4.400,14.414
68295,1,0,1,0.055,110317,118131,3.276,4.400,14.414
68335,1,0,1,0.055,110466,118414,3.276,4.400,14.414
68375,1,0,1,0.055,110667,118777,3.272,4.600,15.051
68415,1,0,1,0.055,110799,119043,3.272,4.600,15.051
68455,1,0,1,0.055,110795,118966,3.272,9.600,31.411
68495,1,0,1,0.055,110734,118873,3.272,9.600,31.411
68535,1,0,1,0.055,110753,118911,3.272,9.600,31.411
68575,1,0,1,0.055,110837,119053,3.272,4.200,13.742
68615,1,0,1,0.055,110871,119111,3.272,4.200,13.742
68655,1,0,1,0.055,110818,118998,3.272,4.400,14.397
68695,1,0,1,0.055,110729,118836,3.272,4.400,14.397
68735,1,0,1,0.055,110714,118840,3.272,4.400,14.397
68775,1,0,1,0.055,110774,118946,3.272,4.700,15.378
68815,1,0,1,0.055,110730,118836,3.272,4.700,15.378
68855,1,0,1,0.055,110515,118358,3.276,7.200,23.587
68895,1,0,1,0.055,110462,118278,3.276,7.200,23.587
68935,1,0,1,0.055,110552,118446,3.276,7.200,23.587
68975,1,0,1,0.055,110614,118534,3.276,4.400,14.414
69015,1,0,1,0.055,110641,118584,3.276,4.400,14.414
69055,1,0,1,0.055,110630,118537,3.272,4.500,14.724
69095,1,0,1,0.055,110579,118461,3.272,4.500,14.724
69135,1,0,1,0.055,110608,118516,3.272,4.500,14.724
69175,1,0,1,0.055,110775,118831,3.272,4.600,15.051
69215,1,0,1,0.055,111012,119304,3.272,4.600,15.051
69255,1,0,1,0.055,111236,119732,3.272,4.700,15.378
69295,1,0,1,0.055,111354,119961,3.272,4.700,15.378
69335,1,0,1,0.055,111363,119978,3.272,4.700,15.378
69375,1,0,1,0.055,111428,120088,3.276,4.400,14.414
69415,1,0,1,0.055,111418,120064,3.276,4.400,14.414
69455,1,0,1,0.055,111422,120055,3.272,4.700,15.378
69495,1,0,1,0.055,111444,120123,3.272,4.700,15.378
69535,1,0,1,0.055,111397,120010,3.272,4.700,15.378
69575,1,0,1,0.055,111210,119578,3.272,4.600,15.051
69615,1,0,1,0.055,111197,119526,3.272,4.600,15.051
69655,1,0,1,0.055,111283,119688,3.272,4.600,15.051
69695,1,0,1,0.055,111286,119680,3.272,4.600,15.051
69735,1,0,1,0.055,111281,119676,3.272,4.600,15.051
69775,1,0,1,0.055,111320,119750,3.272,4.700,15.378
69815,1,0,1,0.055,111227,119542,3.272,4.700,15.378
69855,1,0,1,0.055,111106,119291,3.276,4.400,14.414
69895,1,0,1,0.055,111147,119386,3.276,4.400,14.414
69935,1,0,1,0.055,111135,119366,3.276,4.400,14.414
69975,1,0,1,0.055,111137,119397,3.272,4.800,15.706
70015,1,0,1,0.055,111175,119474,3.272,4.800,15.706
70055,1,0,1,0.055,111195,119471,3.276,4.500,14.742
70095,1,0,1,0.055,111196,119456,3.276,4.500,14.742
70135,1,0,1,0.055,111227,119552,3.276,4.500,14.742
70176,1,0,1,0.055,111212,119489,3.272,4.400,14.397
70215,1,0,1,0.055,111046,119161,3.272,4.400,14.397
70255,1,0,1,0.055,110941,118952,3.272,4.500,14.724
70295,1,0,1,0.055,110786,118649,3.272,4.500,14.724
70335,1,0,1,0.055,110683,118407,3.272,4.500,14.724
70376,1,0,1,0.055,110800,118638,3.268,4.700,15.360
70415,1,0,1,0.055,111026,119054,3.268,4.700,15.360
70456,1,0,1,0.055,111224,119431,3.272,4.500,14.724
70496,1,0,1,0.055,111324,119615,3.272,4.500,14.724
70535,1,0,1,0.055,111307,119550,3.272,4.500,14.724
70576,1,0,1,0.055,111096,119152,3.268,4.600,15.033
70615,1,0,1,0.055,110947,118881,3.268,4.600,15.033
70656,1,0,1,0.055,110951,118903,3.272,4.400,14.397
70696,1,0,1,0.055,111123,119249,3.272,4.400,14.397
70735,1,0,1,0.055,111264,119509,3.272,4.400,14.397
70776,1,0,1,0.055,111263,119514,3.272,4.600,15.051
70816,1,0,1,0.055,111213,119397,3.272,4.600,15.051
70856,1,0,1,0.055,111071,119118,3.272,4.600,15.051
70896,1,0,1,0.055,110957,118915,3.272,4.600,15.051
70936,1,0,1,0.055,110974,118973,3.272,4.600,15.051
70976,1,0,1,0.055,111034,119093,3.272,4.600,15.051
71016,1,0,1,0.055,111044,119085,3.272,4.600,15.051
71056,1,0,1,0.055,110855,118694,3.272,4.700,15.378
71096,1,0,1,0.055,110692,118375,3.272,4.700,15.378
71136,1,0,1,0.055,110667,118350,3.272,4.700,15.378
71176,1,0,1,0.055,110665,118384,3.272,4.800,15.706
71216,1,0,1,0.055,110760,118561,3.272,4.800,15.706
71256,1,0,1,0.055,110921,118906,3.272,4.600,15.051
71296,1,0,1,0.055,111080,119218,3.272,4.600,15.051
71336,1,0,1,0.055,111105,119246,3.272,4.600,15.051
71376,1,0,1,0.055,110999,119037,3.268,4.800,15.686
71416,1,0,1,0.055,110926,118910,3.268,4.800,15.686
71456,1,0,1,0.055,110866,118827,3.276,4.500,14.742
71496,1,0,1,0.055,110899,118912,3.276,4.500,14.742
71536,1,0,1,0.055,111007,119132,3.276,4.500,14.742
71576,1,0,1,0.055,111103,119320,3.272,4.900,16.033
71616,1,0,1,0.055,111139,119396,3.272,4.900,16.033
71656,1,0,1,0.055,111185,119470,3.272,4.700,15.378
71696,1,0,1,0.055,111210,119506,3.272,4.700,15.378
71736,1,0,1,0.055,111170,119429,3.272,4.700,15.378
71776,1,0,1,0.055,111016,119140,3.272,4.500,14.724
71816,1,0,1,0.055,110704,118506,3.272,4.500,14.724
71856,1,0,1,0.055,110544,118234,3.272,4.500,14.724
71896,1,0,1,0.055,110660,118481,3.272,4.500,14.724
71936,1,0,1,0.055,110807,118749,3.272,4.500,14.724
71976,1,0,1,0.055,110823,118826,3.268,4.800,15.686
72016,1,0,1,0.055,110778,118718,3.268,4.800,15.686
72056,1,0,1,0.055,110688,118549,3.276,4.400,14.414
72096,1,0,1,0.055,110628,118460,3.276,4.400,14.414
72136,1,0,1,0.055,110635,118449,3.276,4.400,14.414
72176,1,0,1,0.055,110654,118503,3.272,4.600,15.051
72216,1,0,1,0.055,110695,118573,3.272,4.600,15.051
72256,1,0,0,0.589,110709,118613,3.276,4.600,15.070
72296,1,0,0,0.589,110768,118735,3.276,4.600,15.070
72336,1,0,0,0.589,110865,118929,3.276,4.600,15.070
72376,1,0,0,0.589,110920,119036,3.276,4.500,14.742
72416,1,0,0,0.589,110946,119075,3.276,4.500,14.742
72456,1,0,0,0.589,110910,119010,3.272,4.500,14.724
72496,1,0,0,0.589,110785,118772,3.272,4.500,14.724
72536,1,0,0,0.589,110537,118265,3.272,4.500,14.724
72576,1,0,0,0.589,110380,117986,3.276,4.500,14.742
72616,1,0,0,0.589,110525,118287,3.276,4.500,14.742
72656,1,0,0,0.589,110861,118973,3.276,4.500,14.742
72696,1,0,0,0.589,111222,119700,3.276,4.500,14.742
72736,1,0,0,0.589,111481,120191,3.276,4.500,14.742
72776,1,0,0,0.589,111335,119850,3.268,4.600,15.033
72816,1,0,0,0.589,111102,119398,3.268,4.600,15.033
72856,1,0,0,0.589,110986,119205,3.276,4.600,15.070
72896,1,0,0,0.589,111108,119471,3.276,4.600,15.070
72936,1,0,0,0.589,111190,119622,3.276,4.600,15.070
72976,1,0,0,0.589,111211,119682,3.276,4.400,14.414
73016,1,0,0,0.589,111449,120199,3.276,4.400,14.414
73056,1,0,0,0.589,111625,120554,3.276,4.200,13.759
73096,1,0,0,0.589,111601,120505,3.276,4.200,13.759
73136,1,0,0,0.589,111514,120331,3.276,4.200,13.759
73176,1,0,0,0.589,111269,119828,3.272,4.700,15.378
73216,1,0,0,0.589,111003,119307,3.272,4.700,15.378
73256,1,0,0,0.589,110921,119154,3.272,4.500,14.724
73296,1,0,0,0.589,111001,119285,3.272,4.500,14.724
73336,1,0,0,0.589,110954,119187,3.272,4.500,14.724
73376,1,0,0,0.589,111044,119385,3.272,4.600,15.051
73416,1,0,0,0.589,111189,119688,3.272,4.600,15.051
73456,1,0,0,0.589,111258,119822,3.272,4.500,14.724
73496,1,0,0,0.589,111273,119849,3.272,4.500,14.724
73536,1,0,0,0.589,111182,119668,3.272,4.500,14.724
73576,1,0,0,0.589,111137,119551,3.276,4.600,15.070
73616,1,0,0,0.589,111149,119585,3.276,4.600,15.070
73656,1,0,0,0.589,111221,119745,3.268,4.300,14.052
73696,1,0,0,0.589,111365,120034,3.268,4.300,14.052
73736,1,0,0,0.589,111460,120216,3.268,4.300,14.052
73776,1,0,0,0.589,111544,120384,3.272,4.800,15.706
73816,1,0,0,0.589,111607,120507,3.272,4.800,15.706
73856,1,0,0,0.589,111643,120569,3.276,4.500,14.742
73896,1,0,0,0.589,111531,120343,3.276,4.500,14.742
73937,1,0,0,0.589,111295,119850,3.276,4.500,14.742
73976,1,0,0,0.589,111109,119505,3.272,4.400,14.397
74016,1,0,0,0.589,111101,119474,3.272,4.400,14.397
74056,1,0,0,0.589,111228,119739,3.272,4.400,14.397
74096,1,0,0,0.589,111302,119863,3.272,4.400,14.397
74137,1,0,0,0.589,111220,119743,3.272,4.400,14.397
74176,1,0,0,0.589,111127,119592,3.276,4.100,13.432
74217,1,0,0,0.589,111091,119529,3.276,4.100,13.432
74256,1,0,0,0.589,111182,119716,3.276,4.900,16.052
74296,1,0,0,0.589,111197,119746,3.276,4.900,16.052
74337,1,0,0,0.589,111117,119618,3.276,4.900,16.052
74376,1,0,0,0.589,111134,119663,3.272,4.500,14.724
74417,1,0,0,0.589,111160,119720,3.272,4.500,14.724
74456,1,0,0,0.589,111259,119919,3.276,4.200,13.759
74497,1,0,0,0.589,111383,120166,3.276,4.200,13.759
74537,1,0,0,0.589,111443,120274,3.276,4.200,13.759
74576,1,0,0,0.589,111356,120057,3.272,4.400,14.397
74617,1,0,0,0.589,110990,119328,3.272,4.400,14.397
74656,1,0,0,0.589,110875,119102,3.276,4.600,15.070
74697,1,0,0,0.589,110938,119263,3.276,4.600,15.070
74737,1,0,0,0.589,111151,119704,3.276,4.600,15.070
74777,1,0,0,0.589,111339,120089,3.276,4.800,15.725
74817,1,0,0,0.589,111339,120087,3.276,4.800,15.725
74856,1,0,0,0.589,111207,119822,3.272,4.700,15.378
74897,1,0,0,0.589,111169,119765,3.272,4.700,15.378
74937,1,0,0,0.589,111225,119875,3.272,4.700,15.378
74977,1,0,0,0.589,111327,120038,3.272,4.600,15.051
75017,1,0,0,0.589,111450,120327,3.272,4.600,15.051
75057,1,0,0,0.589,111612,120642,3.276,4.600,15.070
75097,1,0,0,0.589,111702,120818,3.276,4.600,15.070
75137,1,0,0,0.589,111730,120878,3.276,4.600,15.070
75177,1,0,0,0.589,111771,120959,3.272,4.500,14.724
75217,1,0,0,0.589,111700,120848,3.272,4.500,14.724
75257,1,0,0,0.589,111527,120484,3.272,4.400,14.397
75297,1,0,0,0.589,111310,120042,3.272,4.400,14.397
75337,1,0,0,0.589,111231,119882,3.272,4.400,14.397
75377,1,0,0,0.589,111091,119616,3.272,4.500,14.724
75417,1,0,0,0.589,110908,119260,3.272,4.500,14.724
75457,1,0,0,0.589,110869,119219,3.276,4.600,15.070
75497,1,0,0,0.589,110805,119086,3.276,4.600,15.070
75537,1,0,0,0.589,110693,118898,3.276,4.600,15.070
75577,1,0,0,0.589,110602,118699,3.272,4.500,14.724
75617,1,0,0,0.589,110586,118696,3.272,4.500,14.724
75657,1,0,0,0.589,110665,118866,3.272,4.500,14.724
75697,1,0,0,0.589,110777,119084,3.272,4.500,14.724
75737,1,0,0,0.589,110911,119355,3.272,4.500,14.724
75777,1,0,0,0.589,110977,119489,3.276,4.600,15.070
75817,1,0,0,0.589,110914,119367,3.276,4.600,15.070
75857,1,0,0,0.589,110887,119331,3.272,4.500,14.724
75897,1,0,0,0.589,110949,119478,3.272,4.500,14.724
75937,1,0,0,0.589,111049,119662,3.272,4.500,14.724
75977,1,0,0,0.589,110866,119295,3.276,4.300,14.087
76017,1,0,0,0.589,110742,119012,3.276,4.300,14.087
76057,1,0,0,0.589,110727,119003,3.276,4.700,15.397
76097,1,0,0,0.589,110767,119077,3.276,4.700,15.397
76137,1,0,0,0.589,110763,119073,3.276,4.700,15.397
76177,1,0,0,0.589,110795,119148,3.272,4.600,15.051
76217,1,0,0,0.589,110868,119301,3.272,4.600,15.051
76257,1,0,0,0.589,110931,119421,3.276,4.400,14.414
76297,1,0,0,0.589,110989,119522,3.276,4.400,14.414
76337,1,0,0,0.589,111060,119672,3.276,4.400,14.414
76377,1,0,0,0.589,111135,119796,3.272,4.500,14.724
76417,1,0,0,0.589,111205,119975,3.272,4.500,14.724
76457,1,0,0,0.589,111265,120080,3.272,4.500,14.724
76497,1,0,0,0.589,111341,120232,3.272,4.500,14.724
76537,1,0,0,0.589,111357,120281,3.272,4.500,14.724
76577,1,0,0,0.589,111371,120308,3.272,4.300,14.070
76617,1,0,0,0.589,111323,120211,3.272,4.300,14.070
76657,1,0,0,0.589,111208,119977,3.276,4.300,14.087
76697,1,0,0,0.589,110999,119529,3.276,4.300,14.087
76737,1,0,0,0.589,110893,119310,3.276,4.300,14.087
76777,1,0,0,0.589,110939,119410,3.268,4.500,14.706
76817,1,0,0,0.589,111021,119556,3.268,4.500,14.706
76857,1,0,0,0.589,111120,119719,3.272,4.500,14.724
76897,1,0,0,0.589,111162,119829,3.272,4.500,14.724
76937,1,0,0,0.589,111167,119812,3.272,4.500,14.724
76977,1,0,0,0.589,111160,119792,3.272,4.700,15.378
77017,1,0,0,0.589,111223,119905,3.272,4.700,15.378
77057,1,0,0,0.589,111293,120032,3.272,4.300,14.070
77097,1,0,0,0.589,111319,120110,3.272,4.300,14.070
77137,1,0,0,0.589,111363,120204,3.272,4.300,14.070
77177,1,0,0,0.589,111373,120232,3.272,4.600,15.051
77217,1,0,0,0.589,111388,120267,3.272,4.600,15.051
77257,1,0,0,0.589,111464,120433,3.272,4.900,16.033
77297,1,0,0,0.589,111634,120794,3.272,4.900,16.033
77337,1,0,0,0.589,111811,121149,3.272,4.900,16.033
77377,1,0,0,0.589,111704,120881,3.276,4.400,14.414
77417,1,0,0,0.589,111367,120174,3.276,4.400,14.414
77457,1,0,0,0.589,111219,119854,3.272,4.700,15.378
77497,1,0,0,0.589,111225,119873,3.272,4.700,15.378
77538,1,0,0,0.589,111189,119818,3.272,4.700,15.378
77577,1,0,0,0.589,111213,119857,3.272,4.600,15.051
77617,1,0,0,0.589,111135,119706,3.272,4.600,15.051
77657,1,0,0,0.589,111053,119540,3.272,4.500,14.724
77697,1,0,0,0.589,111024,119498,3.272,4.500,14.724
77738,1,0,0,0.589,111027,119513,3.272,4.500,14.724
77777,1,0,0,0.589,111031,119534,3.272,4.400,14.397
77818,1,0,0,0.589,111026,119520,3.272,4.400,14.397
77857,1,0,0,0.589,111049,119589,3.272,4.200,13.742
77897,1,0,0,0.589,111136,119753,3.272,4.200,13.742
77938,1,0,0,0.589,111172,119783,3.272,4.200,13.742
77977,1,0,0,0.589,111030,119509,3.272,4.700,15.378
78018,1,0,0,0.589,110992,119415,3.272,4.700,15.378
78057,1,0,0,0.589,110916,119258,3.276,4.800,15.725
78097,1,0,0,0.589,110825,119083,3.276,4.800,15.725
78138,1,0,0,0.589,110763,118946,3.276,4.800,15.725
78177,1,0,0,0.589,110627,118672,3.272,4.700,15.378
78218,1,0,0,0.589,110513,118490,3.272,4.700,15.378
78258,1,0,0,0.589,110384,118250,3.272,4.600,15.051
78298,1,0,0,0.589,110313,118130,3.272,4.600,15.051
78338,1,0,0,0.589,110270,118048,3.272,4.600,15.051
78377,1,0,0,0.589,110293,118084,3.272,4.500,14.724
78418,1,0,0,0.589,110350,118194,3.272,4.500,14.724
78458,1,0,0,0.589,110344,118179,3.276,5.000,16.380
78498,1,0,0,0.589,110341,118182,3.276,5.000,16.380
78538,1,0,0,0.589,110370,118252,3.276,5.000,16.380
78578,1,0,0,0.589,110508,118516,3.276,4.700,15.397
78618,1,0,0,0.589,110606,118716,3.276,4.700,15.397
78658,1,0,0,0.589,110643,118775,3.276,4.400,14.414
78698,1,0,0,0.589,110464,118402,3.276,4.400,14.414
78738,1,0,0,0.589,110151,117779,3.276,4.400,14.414
78778,1,0,0,0.589,110035,117585,3.272,4.700,15.378
78818,1,0,0,0.589,110143,117757,3.272,4.700,15.378
78858,1,0,0,0.589,110152,117784,3.272,4.700,15.378
78898,1,0,0,0.589,110140,117745,3.272,4.700,15.378
78938,1,0,0,0.589,110093,117648,3.272,4.700,15.378
78978,1,0,0,0.589,110000,117463,3.276,4.500,14.742
79018,1,0,0,0.589,109896,117256,3.276,4.500,14.742
79058,1,0,0,0.589,109810,117085,3.272,4.600,15.051
79098,1,0,0,0.589,109743,116969,3.272,4.600,15.051
79138,1,0,0,0.589,109748,116977,3.272,4.600,15.051
79178,1,0,0,0.589,109814,117102,3.272,4.500,14.724
79218,1,0,0,0.589,109830,117145,3.272,4.500,14.724
79258,1,0,0,0.589,109843,117163,3.272,4.500,14.724
79298,1,0,0,0.589,109826,117130,3.272,4.500,14.724
79338,1,0,0,0.589,109730,116932,3.272,4.500,14.724
79378,1,0,0,0.589,109634,116702,3.276,4.500,14.742
79418,1,0,0,0.589,109650,116704,3.276,4.500,14.742
79458,1,0,0,0.589,109715,116830,3.272,4.600,15.051
79498,1,0,0,0.589,109747,116881,3.272,4.600,15.051
79538,1,0,0,0.589,109740,116872,3.272,4.600,15.051
79578,1,0,0,0.589,109623,116669,3.272,4.600,15.051
79618,1,0,0,0.589,109426,116337,3.272,4.600,15.051
79658,1,0,0,0.589,109297,116117,3.276,4.500,14.742
79698,1,0,0,0.589,109410,116296,3.276,4.500,14.742
79738,1,0,0,0.589,109525,116490,3.276,4.500,14.742
79778,1,0,0,0.589,109524,116514,3.276,4.500,14.742
79818,1,0,0,0.589,109586,116613,3.276,4.500,14.742
79858,1,0,0,0.589,109630,116690,3.276,4.700,15.397
79898,1,0,0,0.589,109726,116888,3.276,4.700,15.397
79938,1,0,0,0.589,109777,116971,3.276,4.700,15.397
79978,1,0,0,0.589,109621,116710,3.272,4.900,16.033
80018,1,0,0,0.589,109332,116177,3.272,4.900,16.033
80058,1,0,0,0.589,109293,116076,3.272,4.400,14.397
80098,1,0,0,0.589,109454,116361,3.272,4.400,14.397
80138,1,0,0,0.589,109554,116539,3.272,4.400,14.397
80178,1,0,0,0.589,109662,116712,3.272,4.400,14.397
80218,1,0,0,0.589,109701,116796,3.272,4.400,14.397
80258,1,0,1,0.381,109662,116705,3.276,4.600,15.070
80298,1,0,1,0.381,109564,116551,3.276,4.600,15.070
80338,1,0,1,0.381,109543,116505,3.276,4.600,15.070
80378,1,0,1,0.381,109674,116730,3.276,4.700,15.397
80418,1,0,1,0.381,109863,117088,3.276,4.700,15.397
80458,1,0,1,0.381,109924,117195,3.276,4.500,14.742
80498,1,0,1,0.381,109910,117180,3.276,4.500,14.742
80538,1,0,1,0.381,109903,117203,3.276,4.500,14.742
80578,1,0,1,0.381,109944,117277,3.276,4.500,14.742
80618,1,0,1,0.381,109883,117152,3.276,4.500,14.742
80658,1,0,1,0.381,109604,116624,3.276,4.800,15.725
80698,1,0,1,0.381,109469,116376,3.276,4.800,15.725
80738,1,0,1,0.381,109576,116553,3.276,4.800,15.725
80779,1,0,1,0.381,109743,116854,3.276,4.400,14.414
80818,1,0,1,0.381,109849,117062,3.276,4.400,14.414
80859,1,0,1,0.381,109898,117166,3.272,4.600,15.051
80898,1,0,1,0.381,109919,117204,3.272,4.600,15.051
80938,1,0,1,0.381,109892,117166,3.272,4.600,15.051
80979,1,0,1,0.381,109869,117126,3.272,4.700,15.378
81018,1,0,1,0.381,109893,117157,3.272,4.700,15.378
81059,1,0,1,0.381,109960,117286,3.272,4.600,15.051
81099,1,0,1,0.381,110002,117380,3.272,4.600,15.051
81138,1,0,1,0.381,110069,117495,3.272,4.600,15.051
81179,1,0,1,0.381,110101,117525,3.272,4.600,15.051
81219,1,0,1,0.381,110073,117488,3.272,4.600,15.051
81259,1,0,1,0.381,109963,117268,3.272,4.500,14.724
81299,1,0,1,0.381,109756,116879,3.272,4.500,14.724
81339,1,0,1,0.381,109674,116727,3.272,4.500,14.724
81379,1,0,1,0.381,109713,116804,3.272,4.700,15.378
81419,1,0,1,0.381,109770,116895,3.272,4.700,15.378
81459,1,0,1,0.381,109820,117005,3.272,4.700,15.378
81499,1,0,1,0.381,109840,117030,3.272,4.700,15.378
81539,1,0,1,0.381,109815,116984,3.272,4.700,15.378
81579,1,0,1,0.381,109761,116888,3.272,4.900,16.033
81619,1,0,1,0.381,109719,116806,3.272,4.900,16.033
81659,1,0,1,0.381,109645,116706,3.272,4.500,14.724
81699,1,0,1,0.381,109619,116642,3.272,4.500,14.724
81739,1,0,1,0.381,109536,116492,3.272,4.500,14.724
81779,1,0,1,0.381,109410,116267,3.272,4.500,14.724
81819,1,0,1,0.381,109138,115871,3.272,4.500,14.724
81859,1,0,1,0.381,108102,114499,3.272,4.600,15.051
81899,1,0,1,0.381,106837,112992,3.272,4.600,15.051
81939,1,0,1,0.381,106306,112123,3.272,4.600,15.051
81979,1,0,1,0.381,106396,112002,3.272,4.400,14.397
82019,1,0,1,0.381,107341,113232,3.272,4.400,14.397
82059,1,0,1,0.381,108652,114830,3.272,4.500,14.724
82099,1,0,1,0.381,109242,115647,3.272,4.500,14.724
82139,1,0,1,0.381,109348,115848,3.272,4.500,14.724
82179,1,0,1,0.381,109351,115855,3.276,4.500,14.742
82219,1,0,1,0.381,109353,115851,3.276,4.500,14.742
82259,1,0,1,0.381,109392,115949,3.272,4.400,14.397
82299,1,0,1,0.381,109466,116111,3.272,4.400,14.397
82339,1,0,1,0.381,109546,116261,3.272,4.400,14.397
82379,1,0,1,0.381,109648,116422,3.272,4.200,13.742
82419,1,0,1,0.381,109789,116681,3.272,4.200,13.742
82459,1,0,1,0.381,109849,116796,3.276,4.500,14.742
82499,1,0,1,0.381,109777,116641,3.276,4.500,14.742
82539,1,0,1,0.381,109551,116212,3.276,4.500,14.742
82579,1,0,1,0.381,109457,116047,3.272,4.600,15.051
82619,1,0,1,0.381,109515,116150,3.272,4.600,15.051
82659,1,0,1,0.381,109613,116343,3.272,4.600,15.051
82699,1,0,1,0.381,109700,116482,3.272,4.600,15.051
82739,1,0,1,0.381,109732,116534,3.272,4.600,15.051
82779,1,0,1,0.381,109676,116443,3.276,4.700,15.397
82819,1,0,1,0.381,109637,116353,3.276,4.700,15.397
82859,1,0,1,0.381,109653,116371,3.276,4.500,14.742
82899,1,0,1,0.381,109699,116464,3.276,4.500,14.742
82939,1,0,1,0.381,109714,116498,3.276,4.500,14.742
82979,1,0,1,0.381,109743,116542,3.272,4.500,14.724
83019,1,0,1,0.381,109766,116598,3.272,4.500,14.724
83059,1,0,1,0.381,109782,116633,3.276,4.500,14.742
83099,1,0,1,0.381,109756,116548,3.276,4.500,14.742
83139,1,0,1,0.381,109571,116192,3.276,4.500,14.742
83179,1,0,1,0.381,109440,115966,3.276,4.800,15.725
83219,1,0,1,0.381,109429,115922,3.276,4.800,15.725
83259,1,0,1,0.381,109460,115995,3.272,4.300,14.070
83299,1,0,1,0.381,109530,116106,3.272,4.300,14.070
83339,1,0,1,0.381,109567,116200,3.272,4.300,14.070
83379,1,0,1,0.381,109573,116225,3.272,4.600,15.051
83419,1,0,1,0.381,109593,116257,3.272,4.600,15.051
83459,1,0,1,0.381,109624,116296,3.272,4.400,14.397
83499,1,0,1,0.381,109650,116373,3.272,4.400,14.397
83539,1,0,1,0.381,109700,116459,3.272,4.400,14.397
83579,1,0,1,0.381,109754,116571,3.276,4.400,14.414
83619,1,0,1,0.381,109886,116799,3.276,4.400,14.414
83659,1,0,1,0.381,109977,116954,3.276,4.600,15.070
83699,1,0,1,0.381,110018,117002,3.276,4.600,15.070
83739,1,0,1,0.381,109817,116624,3.276,4.600,15.070
83779,1,0,1,0.381,109634,116282,3.276,4.500,14.742
83819,1,0,1,0.381,109650,116332,3.276,4.500,14.742
83859,1,0,1,0.381,109725,116453,3.276,4.500,14.742
83899,1,0,1,0.381,109783,116549,3.276,4.500,14.742
83939,1,0,1,0.381,109840,116639,3.276,4.500,14.742
83979,1,0,1,0.381,109843,116630,3.272,4.500,14.724
84019,1,0,1,0.381,109847,116665,3.272,4.500,14.724
84060,1,0,1,0.381,109890,116739,3.276,4.400,14.414
84099,1,0,1,0.381,109921,116782,3.276,4.400,14.414
84139,1,0,1,0.381,109999,116923,3.276,4.400,14.414
84180,1,0,1,0.381,110109,117132,3.272,4.600,15.051
84219,1,0,1,0.381,110228,117325,3.272,4.600,15.051
84260,1,0,1,0.381,110283,117452,3.272,4.500,14.724
84300,1,0,1,0.381,110313,117486,3.272,4.500,14.724
84339,1,0,1,0.381,110336,117534,3.272,4.500,14.724
84380,1,0,1,0.381,110223,117282,3.272,4.500,14.724
84420,1,0,1,0.381,109987,116843,3.272,4.500,14.724
84460,1,0,1,0.381,109940,116749,3.272,4.700,15.378
84500,1,0,1,0.381,109983,116821,3.272,4.700,15.378
84540,1,0,1,0.381,110020,116896,3.272,4.700,15.378
84580,1,0,1,0.381,110059,116985,3.276,4.700,15.397
84620,1,0,1,0.381,110077,117015,3.276,4.700,15.397
84660,1,0,1,0.381,110042,116979,3.272,4.700,15.378
84700,1,0,1,0.381,110022,116911,3.272,4.700,15.378
84740,1,0,1,0.381,110051,116975,3.272,4.700,15.378
84780,1,0,1,0.381,110122,117118,3.272,4.600,15.051
84820,1,0,1,0.381,110202,117273,3.272,4.600,15.051
84860,1,0,1,0.381,110258,117395,3.272,4.400,14.397
84900,1,0,1,0.381,110306,117460,3.272,4.400,14.397
84940,1,0,1,0.381,110336,117510,3.272,4.400,14.397
84980,1,0,1,0.381,110360,117556,3.272,4.400,14.397
85020,1,0,1,0.381,110363,117570,3.272,4.400,14.397
85060,1,0,1,0.381,110278,117399,3.272,4.700,15.378
85100,1,0,1,0.381,110071,116972,3.272,4.700,15.378
85140,1,0,1,0.381,109913,116698,3.272,4.700,15.378
85180,1,0,1,0.381,109973,116791,3.272,4.600,15.051
85220,1,0,1,0.381,110067,116970,3.272,4.600,15.051
85260,1,0,1,0.381,110143,117096,3.276,4.500,14.742
85300,1,0,1,0.381,110154,117124,3.276,4.500,14.742
85340,1,0,1,0.381,110113,117055,3.276,4.500,14.742
85380,1,0,1,0.381,110132,117074,3.272,4.700,15.378
85420,1,0,1,0.381,110176,117190,3.272,4.700,15.378
85460,1,0,1,0.381,110256,117317,3.272,4.700,15.378
85500,1,0,1,0.381,110276,117355,3.272,4.700,15.378
85540,1,0,1,0.381,110275,117354,3.272,4.700,15.378
85580,1,0,1,0.381,110300,117378,3.272,4.600,15.051
85620,1,0,1,0.381,110364,117539,3.272,4.600,15.051
85660,1,0,1,0.381,110411,117628,3.272,4.600,15.051
85700,1,0,1,0.381,110425,117655,3.272,4.600,15.051
85740,1,0,1,0.381,110393,117594,3.272,4.600,15.051
85780,1,0,1,0.381,110272,117359,3.276,4.800,15.725
85820,1,0,1,0.381,110163,117127,3.276,4.800,15.725
85860,1,0,1,0.381,110197,117229,3.276,4.600,15.070
85900,1,0,1,0.381,110305,117423,3.276,4.600,15.070
85940,1,0,1,0.381,110386,117584,3.276,4.600,15.070
85980,1,0,1,0.381,110512,117826,3.276,4.500,14.742
86020,1,0,1,0.381,110549,117890,3.276,4.500,14.742
86060,1,0,1,0.381,110433,117630,3.272,4.700,15.378
86100,1,0,1,0.381,110281,117359,3.272,4.700,15.378
86140,1,0,1,0.381,110350,117494,3.272,4.700,15.378
86180,1,0,1,0.381,110518,117821,3.272,4.500,14.724
86220,1,0,1,0.381,110467,117697,3.272,4.500,14.724
86260,1,0,1,0.381,110404,117595,3.272,4.500,14.724
86300,1,0,1,0.381,110461,117687,3.272,4.500,14.724
86340,1,0,1,0.381,110481,117704,3.272,4.500,14.724
86380,1,0,1,0.381,110493,117738,3.276,4.700,15.397
86420,1,0,1,0.381,110499,117730,3.276,4.700,15.397
86460,1,0,1,0.381,110474,117699,3.272,4.500,14.724
86500,1,0,1,0.381,110352,117439,3.272,4.500,14.724
86540,1,0,1,0.381,110155,117067,3.272,4.500,14.724
86580,1,0,1,0.381,110122,117032,3.276,4.700,15.397
86620,1,0,1,0.381,110197,117169,3.276,4.700,15.397
86660,1,0,1,0.381,110259,117285,3.272,4.700,15.378
86700,1,0,1,0.381,110301,117390,3.272,4.700,15.378
86740,1,0,1,0.381,110321,117417,3.272,4.700,15.378
86780,1,0,1,0.381,110301,117394,3.272,4.800,15.706
86820,1,0,1,0.381,110321,117437,3.272,4.800,15.706
86860,1,0,1,0.381,110324,117425,3.272,4.600,15.051
86900,1,0,1,0.381,110355,117491,3.272,4.600,15.051
86940,1,0,1,0.381,110407,117599,3.272,4.600,15.051
86980,1,0,1,0.381,110466,117682,3.272,4.500,14.724
87020,1,0,1,0.381,110496,117769,3.272,4.500,14.724
87060,1,0,1,0.381,110506,117793,3.276,4.500,14.742
87100,1,0,1,0.381,110488,117745,3.276,4.500,14.742
87141,1,0,1,0.381,110416,117647,3.276,4.500,14.742
87180,1,0,1,0.381,110433,117676,3.272,4.400,14.397
87221,1,0,1,0.381,110358,117522,3.272,4.400,14.397
87260,1,0,1,0.381,110150,117141,3.272,4.800,15.706
87300,1,0,1,0.381,110077,117006,3.272,4.800,15.706
87341,1,0,1,0.381,110100,117066,3.272,4.800,15.706
87380,1,0,1,0.381,110123,117108,3.272,4.700,15.378
87421,1,0,1,0.381,110162,117164,3.272,4.700,15.378
87460,1,0,1,0.381,110161,117178,3.272,4.500,14.724
87500,1,0,1,0.381,110130,117113,3.272,4.500,14.724
87541,1,0,1,0.381,110155,117165,3.272,4.500,14.724
87580,1,0,1,0.381,110215,117275,3.276,4.500,14.742
87621,1,0,1,0.381,110288,117428,3.276,4.500,14.742
87661,1,0,1,0.381,110353,117530,3.272,4.400,14.397
87700,1,0,1,0.381,110362,117567,3.272,4.400,14.397
87741,1,0,1,0.381,110360,117578,3.272,4.400,14.397
87781,1,0,1,0.381,110408,117661,3.272,4.800,15.706
87821,1,0,1,0.381,110457,117753,3.272,4.800,15.706
87861,1,0,1,0.381,110483,117818,3.272,4.800,15.706
87901,1,0,1,0.381,110499,117840,3.272,4.800,15.706
87941,1,0,1,0.381,110416,117688,3.272,4.800,15.706
87981,1,0,1,0.381,110295,117444,3.272,4.700,15.378
88021,1,0,1,0.381,110298,117458,3.272,4.700,15.378
88061,1,0,1,0.381,110388,117634,3.272,4.800,15.706
88101,1,0,1,0.381,110454,117774,3.272,4.800,15.706
88141,1,0,1,0.381,110507,117846,3.272,4.800,15.706
88181,1,0,1,0.381,110482,117805,3.276,4.600,15.070
88221,1,0,1,0.381,110448,117755,3.276,4.600,15.070
88261,1,0,0,0.404,110417,117693,3.268,4.300,14.052
88301,1,0,0,0.404,110378,117629,3.268,4.300,14.052
88341,1,0,0,0.404,110364,117624,3.268,4.300,14.052
88381,1,0,0,0.404,110383,117650,3.272,4.700,15.378
88421,1,0,0,0.404,110389,117677,3.272,4.700,15.378
88461,1,0,0,0.404,110410,117704,3.272,4.400,14.397
88501,1,0,0,0.404,110499,117870,3.272,4.400,14.397
88541,1,0,0,0.404,110572,118024,3.272,4.400,14.397
88581,1,0,0,0.404,110614,118104,3.272,4.500,14.724
88621,1,0,0,0.404,110540,117948,3.272,4.500,14.724
88661,1,0,0,0.404,110427,117731,3.276,4.800,15.725
88701,1,0,0,0.404,110400,117676,3.276,4.800,15.725
88741,1,0,0,0.404,110457,117809,3.276,4.800,15.725
88781,1,0,0,0.404,110560,117999,3.272,4.400,14.397
88821,1,0,0,0.404,110665,118212,3.272,4.400,14.397
88861,1,0,0,0.404,110660,118218,3.272,4.700,15.378
88901,1,0,0,0.404,110627,118148,3.272,4.700,15.378
88941,1,0,0,0.404,110609,118110,3.272,4.700,15.378
88981,1,0,0,0.404,110654,118221,3.272,4.600,15.051
89021,1,0,0,0.404,110710,118330,3.272,4.600,15.051
89061,1,0,0,0.404,110760,118415,3.268,4.600,15.033
89101,1,0,0,0.404,110799,118497,3.268,4.600,15.033
89141,1,0,0,0.404,110842,118581,3.268,4.600,15.033
89181,1,0,0,0.404,110870,118642,3.268,4.500,14.706
89221,1,0,0,0.404,110898,118710,3.268,4.500,14.706
89261,1,0,0,0.404,110895,118694,3.272,4.600,15.051
89301,1,0,0,0.404,110742,118401,3.272,4.600,15.051
89341,1,0,0,0.404,110576,118070,3.272,4.600,15.051
89381,1,0,0,0.404,110558,118050,3.272,4.900,16.033
89421,1,0,0,0.404,110643,118211,3.272,4.900,16.033
89461,1,0,0,0.404,110718,118375,3.272,4.700,15.378
89501,1,0,0,0.404,110764,118477,3.272,4.700,15.378
89541,1,0,0,0.404,110749,118439,3.272,4.700,15.378
89581,1,0,0,0.404,110730,118427,3.276,4.600,15.070
89621,1,0,0,0.404,110704,118374,3.276,4.600,15.070
89661,1,0,0,0.404,110733,118429,3.268,4.900,16.013
89701,1,0,0,0.404,110793,118540,3.268,4.900,16.013
89741,1,0,0,0.404,110825,118602,3.268,4.900,16.013
89781,1,0,0,0.404,110850,118658,3.272,4.600,15.051
89821,1,0,0,0.404,110900,118769,3.272,4.600,15.051
89861,1,0,0,0.404,110950,118858,3.276,4.600,15.070
89901,1,0,0,0.404,110959,118881,3.276,4.600,15.070
89941,1,0,0,0.404,110940,118858,3.276,4.600,15.070
89981,1,0,0,0.404,110804,118551,3.272,4.700,15.378
90021,1,0,0,0.404,110662,118285,3.272,4.700,15.378
90061,1,0,0,0.404,110678,118322,3.276,5.000,16.380
90101,1,0,0,0.404,110805,118579,3.276,5.000,16.380
90142,1,0,0,0.404,110852,118663,3.276,5.000,16.380
90181,1,0,0,0.404,110908,118778,3.268,4.700,15.360
90222,1,0,0,0.404,110943,118863,3.268,4.700,15.360
90261,1,0,0,0.404,110965,118911,3.272,4.700,15.378
90301,1,0,0,0.404,110981,118950,3.272,4.700,15.378
90342,1,0,0,0.404,111009,119002,3.272,4.700,15.378
90381,1,0,0,0.404,111046,119099,3.268,4.800,15.686
90422,1,0,0,0.404,111101,119190,3.268,4.800,15.686
90461,1,0,0,0.404,111157,119335,3.268,4.800,15.686
90501,1,0,0,0.404,111219,119444,3.268,4.800,15.686
90542,1,0,0,0.404,111278,119553,3.268,4.800,15.686
