191,1,0,1,0.500,83111,83063,3.296,3.400,11.206
231,1,0,1,0.500,124581,137259,3.296,3.400,11.206
271,1,0,1,0.500,124780,142397,3.288,4.800,15.782
311,1,0,1,0.500,124739,142353,3.288,4.800,15.782
351,1,0,1,0.500,124671,142195,3.288,4.800,15.782
391,1,0,1,0.500,124644,142171,3.288,4.600,15.125
431,1,0,1,0.500,124639,142197,3.288,4.600,15.125
472,1,0,1,0.500,124655,142301,3.292,4.600,15.143
511,1,0,1,0.500,124667,142440,3.292,4.600,15.143
551,1,0,1,0.500,124681,142597,3.292,4.600,15.143
592,1,0,1,0.500,124820,142859,3.288,4.500,14.796
631,1,0,1,0.500,124913,143123,3.288,4.500,14.796
672,1,0,1,0.500,124935,143252,3.288,4.600,15.125
712,1,0,1,0.500,124911,143183,3.288,4.600,15.125
751,1,0,1,0.500,124475,142136,3.288,4.600,15.125
792,1,0,1,0.500,123925,140735,3.292,4.600,15.143
832,1,0,1,0.500,123722,140200,3.292,4.600,15.143
872,1,0,1,0.500,123805,140396,3.288,4.700,15.454
912,1,0,1,0.500,123922,140768,3.288,4.700,15.454
952,1,0,1,0.500,124073,141207,3.288,4.700,15.454
992,1,0,1,0.500,124164,141478,3.292,4.900,16.131
1032,1,0,1,0.500,124123,141405,3.292,4.900,16.131
1072,1,0,1,0.500,124105,141361,3.288,4.900,16.111
1112,1,0,1,0.500,124101,141370,3.288,4.900,16.111
1152,1,0,1,0.500,124145,141511,3.288,4.900,16.111
1192,1,0,1,0.500,124258,141780,3.292,4.600,15.143
1232,1,0,1,0.500,124332,142036,3.292,4.600,15.143
1272,1,0,1,0.500,124384,142212,3.288,4.800,15.782
1312,1,0,1,0.500,124453,142394,3.288,4.800,15.782
1352,1,0,1,0.500,124556,142665,3.288,4.800,15.782
1392,1,0,1,0.500,124657,142926,3.288,4.600,15.125
1432,1,0,1,0.500,124657,142942,3.288,4.600,15.125
1472,1,0,1,0.500,124258,141935,3.280,4.500,14.760
1512,1,0,1,0.500,123751,140566,3.280,4.500,14.760
1552,1,0,1,0.500,123543,140004,3.280,4.500,14.760
1592,1,0,1,0.500,123612,140158,3.280,4.600,15.088
1632,1,0,1,0.500,123702,140477,3.280,4.600,15.088
1672,1,0,1,0.500,123792,140734,3.288,4.500,14.796
1712,1,0,1,0.500,123789,140829,3.288,4.500,14.796
1752,1,0,1,0.500,123710,140731,3.288,4.500,14.796
1792,1,0,1,0.500,123655,140588,3.280,4.900,16.072
1832,1,0,1,0.500,123568,140446,3.280,4.900,16.072
1872,1,0,1,0.500,123513,140399,3.276,4.700,15.397
1912,1,0,1,0.500,123528,140459,3.276,4.700,15.397
1952,1,0,1,0.500,123715,140839,3.276,4.700,15.397
1992,1,0,1,0.500,124050,141526,3.280,4.700,15.416
2032,1,0,1,0.500,124278,142039,3.280,4.700,15.416
2072,1,0,1,0.500,124406,142343,3.280,4.600,15.088
2112,1,0,1,0.500,124535,142656,3.280,4.600,15.088
2152,1,0,1,0.500,124578,142812,3.280,4.600,15.088
2192,1,0,1,0.500,124192,141920,3.280,4.400,14.432
2232,1,0,1,0.500,123452,140079,3.280,4.400,14.432
2272,1,0,1,0.500,122935,138757,3.288,4.800,15.782
2312,1,0,1,0.500,122733,138318,3.288,4.800,15.782
2352,1,0,1,0.500,122722,138399,3.288,4.800,15.782
2392,1,0,1,0.500,122831,138697,3.288,4.500,14.796
2432,1,0,1,0.500,123008,139093,3.288,4.500,14.796
2472,1,0,1,0.500,123192,139492,3.272,4.800,15.706
2512,1,0,1,0.500,123249,139631,3.272,4.800,15.706
2552,1,0,1,0.500,123345,139846,3.272,4.800,15.706
2592,1,0,1,0.500,123540,140266,3.284,4.500,14.778
2632,1,0,1,0.500,123731,140723,3.284,4.500,14.778
2672,1,0,1,0.500,123894,141104,3.284,4.600,15.106
2712,1,0,1,0.500,124006,141388,3.284,4.600,15.106
2752,1,0,1,0.500,124019,141487,3.284,4.600,15.106
2792,1,0,1,0.500,124038,141544,3.284,4.500,14.778
2832,1,0,1,0.500,124010,141567,3.284,4.500,14.778
2872,1,0,1,0.500,123931,141482,3.288,4.600,15.125
2912,1,0,1,0.500,123963,141560,3.288,4.600,15.125
2952,1,0,1,0.500,123747,141032,3.288,4.600,15.125
2992,1,0,1,0.500,123164,139521,3.288,4.500,14.796
3032,1,0,1,0.500,122844,138583,3.288,4.500,14.796
3072,1,0,1,0.500,122871,138601,3.288,4.600,15.125
3112,1,0,1,0.500,123033,139021,3.288,4.600,15.125
3152,1,0,1,0.500,123249,139554,3.288,4.600,15.125
3192,1,0,1,0.500,123439,140066,3.280,4.700,15.416
3232,1,0,1,0.500,123483,140234,3.280,4.700,15.416
3273,1,0,1,0.500,123469,140216,3.284,4.700,15.435
3312,1,0,1,0.500,123417,140138,3.284,4.700,15.435
3352,1,0,1,0.500,123488,140303,3.284,4.700,15.435
3393,1,0,1,0.500,123646,140656,3.284,4.600,15.106
3432,1,0,1,0.500,123783,140984,3.284,4.600,15.106
3473,1,0,1,0.500,123926,141332,3.288,4.700,15.454
3513,1,0,1,0.500,124056,141630,3.288,4.700,15.454
3552,1,0,1,0.500,124151,141873,3.288,4.700,15.454
3593,1,0,1,0.500,124208,142065,3.288,4.700,15.454
3633,1,0,1,0.500,124265,142206,3.288,4.700,15.454
3673,1,0,1,0.500,124315,142338,3.288,4.700,15.454
3713,1,0,1,0.500,124226,142174,3.288,4.700,15.454
3752,1,0,1,0.500,123706,140898,3.288,4.700,15.454
3793,1,0,1,0.500,123176,139515,3.288,5.000,16.440
3833,1,0,1,0.500,123055,139163,3.288,5.000,16.440
3872,1,0,1,0.500,123170,139466,3.288,4.600,15.125
3913,1,0,1,0.500,123316,139852,3.288,4.600,15.125
3953,1,0,1,0.500,123490,140324,3.288,4.600,15.125
3993,1,0,1,0.500,123609,140618,3.288,4.500,14.796
4033,1,0,1,0.500,123581,140552,3.288,4.500,14.796
4073,1,0,1,0.500,123501,140399,3.292,4.800,15.802
4113,1,0,1,0.500,123509,140388,3.292,4.800,15.802
4153,1,0,1,0.500,123572,140520,3.292,4.800,15.802
4193,1,0,1,0.500,123620,140667,3.288,4.800,15.782
4233,1,0,1,0.500,123733,140962,3.288,4.800,15.782
4273,1,0,1,0.500,123926,141385,3.288,4.800,15.782
4313,1,0,1,0.500,124122,141840,3.288,4.800,15.782
4353,1,0,1,0.500,124267,142210,3.288,4.800,15.782
4393,1,0,1,0.500,124359,142449,3.284,4.900,16.092
4433,1,0,1,0.500,124437,142648,3.284,4.900,16.092
4473,1,0,1,0.500,124175,142025,3.284,4.600,15.106
4513,1,0,1,0.500,123678,140760,3.284,4.600,15.106
4553,1,0,1,0.500,123421,140081,3.284,4.600,15.106
4593,1,0,1,0.500,123465,140182,3.284,4.600,15.106
4633,1,0,1,0.500,123617,140588,3.284,4.600,15.106
4673,1,0,1,0.500,123745,140989,3.288,4.800,15.782
4713,1,0,1,0.500,123862,141317,3.288,4.800,15.782
4753,1,0,1,0.500,123870,141359,3.288,4.800,15.782
4793,1,0,1,0.500,123816,141234,3.288,4.700,15.454
4833,1,0,1,0.500,123842,141267,3.288,4.700,15.454
4873,1,0,1,0.500,123971,141524,3.292,4.500,14.814
4913,1,0,1,0.500,124078,141833,3.292,4.500,14.814
4953,1,0,1,0.500,124208,142148,3.292,4.500,14.814
4993,1,0,1,0.500,124328,142454,3.284,5.100,16.748
5033,1,0,1,0.500,124419,142694,3.284,5.100,16.748
5073,1,0,1,0.500,124502,142908,3.280,4.500,14.760
5113,1,0,1,0.500,124551,143024,3.280,4.500,14.760
5153,1,0,1,0.500,124259,142322,3.280,4.500,14.760
5193,1,0,1,0.500,123719,140953,3.284,4.600,15.106
5233,1,0,1,0.500,123379,140051,3.284,4.600,15.106
5273,1,0,1,0.500,123385,140037,3.284,4.800,15.763
5313,1,0,1,0.500,123504,140395,3.284,4.800,15.763
5353,1,0,1,0.500,123668,140825,3.284,4.800,15.763
5393,1,0,1,0.500,123833,141210,3.288,4.700,15.454
5433,1,0,1,0.500,123830,141254,3.288,4.700,15.454
5473,1,0,1,0.500,123784,141133,3.288,4.900,16.111
5513,1,0,1,0.500,123783,141103,3.288,4.900,16.111
5553,1,0,1,0.500,123852,141262,3.288,4.900,16.111
5593,1,0,1,0.500,123998,141589,3.284,4.800,15.763
5633,1,0,1,0.500,124185,142012,3.284,4.800,15.763
5673,1,0,1,0.500,124302,142352,3.288,4.800,15.782
5713,1,0,1,0.500,124387,142567,3.288,4.800,15.782
5753,1,0,1,0.500,124492,142815,3.288,4.800,15.782
5793,1,0,1,0.500,124519,142912,3.284,4.800,15.763
5833,1,0,1,0.500,124185,142080,3.284,4.800,15.763
5873,1,0,1,0.500,123641,140631,3.284,4.600,15.106
5913,1,0,1,0.500,123394,139935,3.284,4.600,15.106
5953,1,0,1,0.500,123425,140021,3.284,4.600,15.106
5993,1,0,1,0.500,123552,140327,3.284,4.600,15.106
6033,1,0,1,0.500,123721,140784,3.284,4.600,15.106
6073,1,0,1,0.500,123881,141211,3.284,5.000,16.420
6113,1,0,1,0.500,123931,141359,3.284,5.000,16.420
6153,1,0,1,0.500,123896,141290,3.284,5.000,16.420
6193,1,0,1,0.500,123889,141297,3.284,4.900,16.092
6233,1,0,1,0.500,123972,141470,3.284,4.900,16.092
6273,1,0,1,0.500,124037,141668,3.284,4.900,16.092
6313,1,0,1,0.500,124114,141897,3.284,4.900,16.092
6353,1,0,1,0.500,124220,142144,3.284,4.900,16.092
6393,1,0,1,0.500,124307,142375,3.284,4.900,16.092
6433,1,0,1,0.500,124375,142579,3.284,4.900,16.092
6474,1,0,1,0.500,124416,142672,3.284,4.700,15.435
6513,1,0,1,0.500,124116,141935,3.284,4.700,15.435
6553,1,0,1,0.500,123564,140516,3.284,4.700,15.435
6594,1,0,1,0.500,123259,139710,3.284,4.700,15.435
6633,1,0,1,0.500,123286,139712,3.284,4.700,15.435
6674,1,0,1,0.500,123373,139984,3.284,4.900,16.092
6714,1,0,1,0.500,123470,140244,3.284,4.900,16.092
6753,1,0,1,0.500,123538,140467,3.284,4.900,16.092
6794,1,0,1,0.500,123558,140559,3.284,4.600,15.106
6834,1,0,1,0.500,123553,140534,3.284,4.600,15.106
6874,1,0,1,0.500,123557,140541,3.288,4.800,15.782
6914,1,0,1,0.500,123603,140683,3.288,4.800,15.782
6954,1,0,1,0.500,123684,140903,3.288,4.800,15.782
6994,1,0,1,0.500,123798,141170,3.284,4.900,16.092
7034,1,0,1,0.500,123897,141460,3.284,4.900,16.092
7074,1,0,1,0.500,123972,141679,3.284,5.000,16.420
7114,1,0,1,0.500,124031,141837,3.284,5.000,16.420
7154,1,0,1,0.500,124093,142010,3.284,5.000,16.420
7194,1,0,1,0.500,124136,142154,3.284,4.600,15.106
7234,1,0,1,0.500,123961,141737,3.284,4.600,15.106
7274,1,0,1,0.500,123357,140195,3.284,4.700,15.435
7314,1,0,1,0.500,122907,139030,3.284,4.700,15.435
7354,1,0,1,0.500,122863,138873,3.284,4.700,15.435
7394,1,0,1,0.500,123007,139167,3.284,4.800,15.763
7434,1,0,1,0.500,123160,139532,3.284,4.800,15.763
7474,1,0,1,0.500,123347,139944,3.284,4.700,15.435
7514,1,0,1,0.500,123453,140214,3.284,4.700,15.435
7554,1,0,1,0.500,123463,140252,3.284,4.700,15.435
7594,1,0,1,0.500,123468,140247,3.284,4.900,16.092
7634,1,0,1,0.500,123536,140404,3.284,4.900,16.092
7674,1,0,1,0.500,123649,140703,3.284,4.800,15.763
7714,1,0,1,0.500,123726,140921,3.284,4.800,15.763
7754,1,0,1,0.500,123758,141065,3.284,4.800,15.763
7794,1,0,1,0.500,123859,141349,3.284,4.800,15.763
7834,1,0,1,0.500,123933,141550,3.284,4.800,15.763
7874,1,0,1,0.500,123966,141646,3.284,5.000,16.420
7914,1,0,1,0.500,124016,141811,3.284,5.000,16.420
7954,1,0,1,0.500,124080,141999,3.284,5.000,16.420
7994,1,0,1,0.500,124130,142097,3.280,4.700,15.416
8034,1,0,1,0.500,123724,141146,3.280,4.700,15.416
8074,1,0,1,0.500,123117,139601,3.284,4.800,15.763
8114,1,0,1,0.500,122903,138971,3.284,4.800,15.763
8154,1,0,1,0.500,122949,139073,3.284,4.800,15.763
8194,1,0,1,0.500,123082,139423,3.276,4.800,15.725
8234,1,0,1,0.500,123179,139714,3.276,4.800,15.725
8274,1,0,1,0.500,123286,139950,3.284,4.800,15.763
8314,1,0,1,0.500,123291,139998,3.284,4.800,15.763
8354,1,0,1,0.500,123247,139870,3.284,4.800,15.763
8394,1,0,1,0.500,123253,139849,3.284,5.200,17.077
8434,1,0,1,0.500,123320,140047,3.284,5.200,17.077
8474,1,0,1,0.500,123420,140301,3.276,4.900,16.052
8514,1,0,1,0.500,123521,140549,3.276,4.900,16.052
8554,1,0,1,0.500,123609,140782,3.276,4.900,16.052
8594,1,0,1,0.500,123648,140926,3.288,4.800,15.782
8634,1,0,1,0.500,123699,141038,3.288,4.800,15.782
8674,1,0,1,0.500,123754,141187,3.288,6.000,19.728
8714,1,0,1,0.500,123818,141352,3.288,6.000,19.728
8754,1,0,1,0.500,123895,141535,3.288,6.000,19.728
8794,1,0,1,0.500,123950,141652,3.268,5.000,16.340
8834,1,0,1,0.500,123605,140843,3.268,5.000,16.340
8874,1,0,1,0.500,122923,139185,3.288,4.600,15.125
8914,1,0,1,0.500,122656,138449,3.288,4.600,15.125
8954,1,0,1,0.500,122794,138754,3.288,4.600,15.125
8994,1,0,1,0.500,122982,139235,3.288,8.200,26.962
9034,1,0,1,0.500,123187,139749,3.288,8.200,26.962
9074,1,0,1,0.500,123302,140060,3.256,5.000,16.280
9114,1,0,1,0.500,123299,140039,3.256,5.000,16.280
9154,1,0,1,0.500,123229,139881,3.256,5.000,16.280
9194,1,0,1,0.500,123215,139865,3.284,5.000,16.420
9234,1,0,1,0.500,123284,140037,3.284,5.000,16.420
9274,1,0,1,0.500,123412,140314,3.284,9.400,30.870
9314,1,0,1,0.500,123529,140604,3.284,9.400,30.870
9354,1,0,1,0.500,123619,140840,3.284,9.400,30.870
9394,1,0,1,0.500,123682,141001,3.252,4.800,15.610
9434,1,0,1,0.500,123746,141181,3.252,4.800,15.610
9475,1,0,1,0.500,123830,141382,3.280,4.800,15.744
9514,1,0,1,0.500,123906,141573,3.280,4.800,15.744
9554,1,0,1,0.500,123962,141691,3.280,4.800,15.744
9595,1,0,1,0.500,123752,141092,3.284,10.800,35.467
9634,1,0,1,0.500,123327,139914,3.284,10.800,35.467
9675,1,0,1,0.500,123046,139264,3.248,4.700,15.266
9715,1,0,1,0.500,123092,139380,3.248,4.700,15.266
9754,1,0,1,0.500,123258,139816,3.248,4.700,15.266
9795,1,0,1,0.500,123441,140293,3.276,5.100,16.708
9835,1,0,1,0.500,123602,140658,3.276,5.100,16.708
9875,1,0,1,0.500,123619,140661,3.284,12.000,39.408
9915,1,0,1,0.500,123570,140558,3.284,12.000,39.408
9955,1,0,1,0.500,123576,140581,3.284,12.000,39.408
9995,1,0,1,0.500,123667,140796,3.244,5.100,16.544
10035,1,0,1,0.500,123789,141108,3.244,5.100,16.544
10075,1,0,1,0.500,123874,141354,3.276,5.100,16.708
10115,1,0,1,0.500,123962,141578,3.276,5.100,16.708
10155,1,0,1,0.500,124023,141767,3.276,5.100,16.708
10195,1,0,1,0.500,124056,141906,3.284,13.700,44.991
10235,1,0,1,0.500,124100,142016,3.284,13.700,44.991
10275,1,0,1,0.500,124143,142188,3.244,5.100,16.544
10315,1,0,1,0.500,124213,142340,3.244,5.100,16.544
10355,1,0,1,0.500,123937,141679,3.244,5.100,16.544
10395,1,0,1,0.500,123342,140141,3.268,5.000,16.340
10435,1,0,1,0.500,123005,139241,3.268,5.000,16.340
10475,1,0,1,0.500,123008,139229,3.288,15.100,49.649
10515,1,0,1,0.500,123107,139519,3.288,15.100,49.649
10555,1,0,1,0.500,123188,139790,3.288,15.100,49.649
10595,1,0,1,0.500,123316,140090,3.256,6.600,21.490
10635,1,0,1,0.500,123445,140365,3.256,6.600,21.490
10675,1,0,1,0.500,123449,140384,3.260,5.000,16.300
10715,1,0,1,0.500,123507,140446,3.260,5.000,16.300
10755,1,0,1,0.500,123619,140689,3.260,5.000,16.300
10795,1,0,1,0.500,123715,140947,3.284,16.000,52.544
10835,1,0,1,0.500,123801,141187,3.284,16.000,52.544
10875,1,0,1,0.500,123900,141452,3.260,8.200,26.732
10915,1,0,1,0.500,123966,141679,3.260,8.200,26.732
10955,1,0,1,0.500,124026,141862,3.260,8.200,26.732
10995,1,0,1,0.500,124093,142043,3.256,5.200,16.931
11035,1,0,1,0.500,124154,142224,3.256,5.200,16.931
11075,1,0,1,0.500,124205,142383,3.288,15.000,49.320
11115,1,0,1,0.500,124265,142527,3.288,15.000,49.320
11155,1,0,1,0.500,123992,141878,3.288,15.000,49.320
11195,1,0,1,0.500,123373,140292,3.272,10.900,35.665
11235,1,0,1,0.500,123033,139354,3.272,10.900,35.665
11275,1,0,1,0.500,123049,139390,3.248,5.200,16.890
11315,1,0,1,0.500,123166,139687,3.248,5.200,16.890
11355,1,0,1,0.500,123302,140028,3.248,5.200,16.890
11395,1,0,1,0.500,123421,140324,3.280,12.400,40.672
11435,1,0,1,0.500,123454,140476,3.280,12.400,40.672
11475,1,0,1,0.500,123453,140451,3.280,13.700,44.936
11515,1,0,1,0.500,123445,140434,3.280,13.700,44.936
11555,1,0,1,0.500,123483,140565,3.280,13.700,44.936
11595,1,0,1,0.500,123573,140799,3.252,5.800,18.862
11635,1,0,1,0.500,123703,141099,3.252,5.800,18.862
11675,1,0,1,0.500,123822,141392,3.264,9.100,29.702
11715,1,0,1,0.500,123905,141630,3.264,9.100,29.702
11755,1,0,1,0.500,123984,141820,3.264,9.100,29.702
11795,1,0,1,0.500,124076,142041,3.288,15.700,51.622
11835,1,0,1,0.500,124177,142294,3.288,15.700,51.622
11875,1,0,1,0.500,124296,142548,3.260,8.100,26.406
11915,1,0,1,0.500,124371,142773,3.260,8.100,26.406
11955,1,0,1,0.500,124441,142965,3.260,8.100,26.406
11995,1,0,1,0.500,124195,142363,3.252,6.900,22.439
12035,1,0,1,0.500,123580,140802,3.252,6.900,22.439
12075,1,0,1,0.500,123226,139857,3.288,15.400,50.635
12115,1,0,1,0.500,123253,139879,3.288,15.400,50.635
12155,1,0,1,0.500,123408,140220,3.288,15.400,50.635
12195,1,0,1,0.500,123505,140543,3.268,10.800,35.294
12235,1,0,1,0.500,123632,140882,3.268,10.800,35.294
12275,1,0,1,0.500,123687,141009,3.248,5.300,17.214
12315,1,0,1,0.500,123659,140967,3.248,5.300,17.214
12355,1,0,1,0.500,123648,140945,3.248,5.300,17.214
12395,1,0,1,0.500,123706,141045,3.280,12.600,41.328
12435,1,0,1,0.500,123800,141292,3.280,12.600,41.328
12476,1,0,1,0.500,123868,141500,3.280,13.600,44.608
12515,1,0,1,0.500,123960,141734,3.280,13.600,44.608
12555,1,0,1,0.500,124042,141961,3.280,13.600,44.608
12596,1,0,1,0.500,124112,142148,3.244,5.100,16.544
12635,1,0,1,0.500,124166,142304,3.244,5.100,16.544
12676,1,0,1,0.500,124218,142464,3.268,10.100,33.007
12715,1,0,1,0.500,124294,142631,3.268,10.100,33.007
12755,1,0,1,0.500,124373,142834,3.268,10.100,33.007
12796,1,0,1,0.500,124415,142963,3.284,16.100,52.872
12835,1,0,1,0.500,124145,142277,3.284,16.100,52.872
12876,1,0,1,0.500,123570,140811,3.256,6.800,22.141
12916,1,0,1,0.500,123278,139993,3.256,6.800,22.141
12956,1,0,1,0.500,123332,140075,3.256,6.800,22.141
12996,1,0,1,0.500,123468,140463,3.260,7.700,25.102
13036,1,0,1,0.500,123642,140909,3.260,7.700,25.102
13076,1,0,1,0.500,123779,141250,3.284,17.000,55.828
13116,1,0,1,0.500,123779,141300,3.284,17.000,55.828
13156,1,0,1,0.500,123743,141201,3.284,17.000,55.828
13196,1,0,1,0.500,123736,141178,3.264,9.100,29.702
13236,1,0,1,0.500,123778,141299,3.264,9.100,29.702
13276,1,0,1,0.500,123910,141581,3.256,7.900,25.722
13316,1,0,1,0.500,123982,141814,3.256,7.900,25.722
13356,1,0,1,0.500,124068,142044,3.256,7.900,25.722
13396,1,0,1,0.500,124157,142272,3.288,16.200,53.266
13436,1,0,1,0.500,124233,142478,3.288,16.200,53.266
13476,1,0,1,0.500,124306,142652,3.244,5.200,16.869
13516,1,0,1,0.500,124369,142795,3.244,5.200,16.869
13556,1,0,1,0.500,124438,142952,3.244,5.200,16.869
13596,1,0,1,0.500,124280,142631,3.276,13.800,45.209
13636,1,0,1,0.500,123771,141285,3.276,13.800,45.209
13676,1,0,1,0.500,123379,140252,3.264,10.000,32.640
13716,1,0,1,0.500,123345,140144,3.264,10.000,32.640
13756,1,0,1,0.500,123511,140533,3.264,10.000,32.640
13796,1,0,1,0.500,123701,141061,3.260,8.600,28.036
13836,1,0,1,0.500,123866,141508,3.260,8.600,28.036
13876,1,0,1,0.500,123897,141654,3.284,14.800,48.603
13916,1,0,1,0.500,123849,141526,3.284,14.800,48.603
13956,1,0,1,0.500,123817,141446,3.284,14.800,48.603
13996,1,0,1,0.500,123866,141535,3.244,5.200,16.869
14036,1,0,1,0.500,123933,141759,3.244,5.200,16.869
14076,1,0,1,0.500,124059,142042,3.288,16.900,55.567
14116,1,0,1,0.500,124156,142295,3.288,16.900,55.567
14156,1,0,1,0.500,124249,142557,3.288,16.900,55.567
14196,1,0,1,0.500,124313,142735,3.252,6.400,20.813
14236,1,0,1,0.500,124364,142884,3.252,6.400,20.813
14276,1,0,1,0.500,124445,143096,3.272,12.300,40.246
14316,1,0,1,0.500,124498,143231,3.272,12.300,40.246
14356,1,0,1,0.500,124263,142652,3.272,12.300,40.246
14396,1,0,1,0.500,123649,141099,3.268,11.500,37.582
14436,1,0,1,0.500,123299,140151,3.268,11.500,37.582
14476,1,0,1,0.500,123328,140193,3.256,7.300,23.769
14516,1,0,1,0.500,123460,140548,3.256,7.300,23.769
14556,1,0,1,0.500,123590,140895,3.256,7.300,23.769
14596,1,0,1,0.500,123737,141268,3.288,16.400,53.923
14636,1,0,1,0.500,123792,141409,3.288,16.400,53.923
14676,1,0,1,0.500,123774,141348,3.248,5.200,16.890
14716,1,0,1,0.500,123742,141297,3.248,5.200,16.890
14756,1,0,1,0.500,123703,141258,3.248,5.200,16.890
14796,1,0,1,0.500,123781,141454,3.288,15.300,50.306
14836,1,0,1,0.500,123937,141837,3.288,15.300,50.306
14876,1,0,1,0.500,124092,142209,3.260,4.700,15.322
14916,1,0,1,0.500,124151,142433,3.260,4.700,15.322
14956,1,0,1,0.500,124220,142619,3.260,4.700,15.322
14996,1,0,1,0.500,124249,142783,3.288,9.500,31.236
15036,1,0,1,0.500,124281,142916,3.288,9.500,31.236
15076,1,0,1,0.500,124339,143090,3.280,4.500,14.760
15116,1,0,1,0.500,124030,142302,3.280,4.500,14.760
15157,1,0,1,0.500,123388,140664,3.280,4.500,14.760
15196,1,0,1,0.500,123072,139831,3.288,4.500,14.796
15236,1,0,1,0.500,123114,139904,3.288,4.500,14.796
15276,1,0,1,0.500,123263,140258,3.292,17.000,55.964
15316,1,0,1,0.500,123422,140654,3.292,17.000,55.964
15357,1,0,1,0.500,123567,141015,3.292,17.000,55.964
15396,1,0,1,0.500,123606,141112,3.288,4.700,15.454
15437,1,0,1,0.500,123591,141100,3.288,4.700,15.454
15477,1,0,1,0.500,123595,141079,3.288,12.000,39.456
15516,1,0,1,0.500,123612,141150,3.288,12.000,39.456
15557,1,0,1,0.500,123714,141419,3.288,12.000,39.456
15596,1,0,1,0.500,123839,141701,3.276,4.900,16.052
15637,1,0,1,0.500,123933,141983,3.276,4.900,16.052
15677,1,0,1,0.500,124002,142210,3.292,6.900,22.715
15716,1,0,1,0.500,124094,142446,3.292,6.900,22.715
15757,1,0,1,0.500,124180,142677,3.292,6.900,22.715
15797,1,0,1,0.500,124246,142855,3.288,4.600,15.125
15837,1,0,1,0.500,124312,143065,3.288,4.600,15.125
15877,1,0,1,0.500,124159,142644,3.288,4.400,14.467
15917,1,0,1,0.500,123541,141128,3.288,4.400,14.467
15957,1,0,1,0.500,123099,139953,3.288,4.400,14.467
15997,1,0,1,0.500,123090,139860,3.288,4.700,15.454
16037,1,0,1,0.500,123225,140225,3.288,4.700,15.454
16077,1,0,1,0.500,123337,140529,3.288,4.500,14.796
16117,1,0,1,0.500,123455,140854,3.288,4.500,14.796
16157,1,0,1,0.500,123530,141036,3.288,4.500,14.796
16197,1,0,1,0.500,123542,141060,3.288,9.800,32.222
16237,1,0,1,0.500,123523,141023,3.288,9.800,32.222
16277,1,0,1,0.500,123544,141061,3.288,4.400,14.467
16317,1,0,1,0.500,123622,141278,3.288,4.400,14.467
16357,1,0,1,0.500,123724,141540,3.288,4.400,14.467
16397,1,0,1,0.500,123827,141811,3.292,4.700,15.472
16437,1,0,1,0.500,123921,142062,3.292,4.700,15.472
16477,1,0,1,0.500,124051,142322,3.288,4.600,15.125
16517,1,0,1,0.500,124103,142512,3.288,4.600,15.125
16557,1,0,1,0.500,124143,142654,3.288,4.600,15.125
16597,1,0,1,0.500,124234,142871,3.292,4.600,15.143
16637,1,0,1,0.500,124326,143115,3.292,4.600,15.143
16677,1,0,1,0.500,124240,142916,3.288,4.600,15.125
16717,1,0,1,0.500,123690,141532,3.288,4.600,15.125
16757,1,0,1,0.500,123213,140270,3.288,4.600,15.125
16797,1,0,1,0.500,123127,140011,3.288,4.400,14.467
16837,1,0,1,0.500,123217,140259,3.288,4.400,14.467
16877,1,0,1,0.500,123349,140574,3.292,4.600,15.143
16917,1,0,1,0.500,123484,140926,3.292,4.600,15.143
16957,1,0,1,0.500,123593,141177,3.292,4.600,15.143
16997,1,0,1,0.500,123635,141239,3.288,4.700,15.454
17037,1,0,1,0.500,123652,141259,3.288,4.700,15.454
17077,1,0,1,0.500,123681,141336,3.288,4.900,16.111
17117,1,0,1,0.500,123689,141427,3.288,4.900,16.111
17157,1,0,1,0.500,123610,141374,3.288,4.900,16.111
17197,1,0,1,0.500,123607,141463,3.288,4.400,14.467
17237,1,0,1,0.500,123768,141822,3.288,4.400,14.467
17277,1,0,1,0.500,123883,142093,3.288,4.800,15.782
17317,1,0,1,0.500,124013,142386,3.288,4.800,15.782
17357,1,0,1,0.500,124149,142675,3.288,4.800,15.782
17397,1,0,1,0.500,124225,142839,3.292,4.700,15.472
17437,1,0,1,0.500,124257,142981,3.292,4.700,15.472
17477,1,0,1,0.500,124136,142727,3.288,4.500,14.796
17517,1,0,1,0.500,123606,141356,3.288,4.500,14.796
17557,1,0,1,0.500,123192,140238,3.288,4.500,14.796
17597,1,0,1,0.500,123067,139949,3.288,4.700,15.454
17637,1,0,1,0.500,123090,140064,3.288,4.700,15.454
17677,1,0,1,0.500,123297,140547,3.288,4.500,14.796
17717,1,0,1,0.500,123468,141018,3.288,4.500,14.796
17757,1,0,1,0.500,123516,141152,3.288,4.500,14.796
17797,1,0,1,0.500,123472,141025,3.288,4.900,16.111
17838,1,0,1,0.500,123417,140896,3.288,4.900,16.111
17877,1,0,1,0.500,123402,140887,3.288,4.400,14.467
17917,1,0,1,0.500,123500,141106,3.288,4.400,14.467
17958,1,0,1,0.500,123572,141355,3.288,4.400,14.467
17997,1,0,1,0.500,123662,141591,3.288,4.600,15.125
18038,1,0,1,0.500,123768,141844,3.288,4.600,15.125
18077,1,0,1,0.500,123866,142083,3.288,4.600,15.125
18117,1,0,1,0.500,123927,142265,3.288,4.600,15.125
18158,1,0,1,0.500,124007,142467,3.288,4.600,15.125
18197,1,0,1,0.500,124015,142496,3.288,4.800,15.782
18238,1,0,1,0.500,123632,141555,3.288,4.800,15.782
18278,1,0,1,0.500,123158,140326,3.288,4.800,15.782
18317,1,0,1,0.500,123025,139931,3.288,4.800,15.782
18358,1,0,1,0.500,123156,140217,3.288,4.800,15.782
18398,1,0,1,0.500,123340,140700,3.288,4.500,14.796
18438,1,0,1,0.500,123553,141198,3.288,4.500,14.796
18478,1,0,1,0.500,123639,141471,3.288,4.600,15.125
18518,1,0,1,0.500,123596,141356,3.288,4.600,15.125
18558,1,0,1,0.500,123552,141226,3.288,4.600,15.125
18598,1,0,1,0.500,123607,141341,3.288,4.900,16.111
18638,1,0,1,0.500,123675,141550,3.288,4.900,16.111
18678,1,0,1,0.500,123773,141810,3.288,4.700,15.454
18718,1,0,1,0.500,123877,142098,3.288,4.700,15.454
18758,1,0,1,0.500,123973,142357,3.288,4.700,15.454
18798,1,0,1,0.500,124026,142533,3.288,4.600,15.125
18838,1,0,1,0.500,124064,142659,3.288,4.600,15.125
18878,1,0,1,0.500,124139,142861,3.288,4.700,15.454
18918,1,0,1,0.500,124085,142700,3.288,4.700,15.454
18958,1,0,1,0.500,123594,141431,3.288,4.700,15.454
18998,1,0,1,0.500,123094,140133,3.292,4.800,15.802
19038,1,0,1,0.500,122995,139827,3.292,4.800,15.802
19078,1,0,1,0.500,123111,140085,3.288,4.600,15.125
19118,1,0,1,0.500,123273,140553,3.288,4.600,15.125
19158,1,0,1,0.500,123453,140999,3.288,4.600,15.125
19198,1,0,1,0.500,123562,141267,3.288,4.600,15.125
19238,1,0,1,0.500,123558,141270,3.288,4.600,15.125
19278,1,0,1,0.500,123509,141205,3.288,4.700,15.454
19318,1,0,1,0.500,123548,141250,3.288,4.700,15.454
19358,1,0,1,0.500,123642,141490,3.288,4.700,15.454
19398,1,0,1,0.500,123767,141806,3.288,4.500,14.796
19438,1,0,1,0.500,123886,142125,3.288,4.500,14.796
19478,1,0,1,0.500,124011,142427,3.292,4.900,16.131
19518,1,0,1,0.500,124129,142722,3.292,4.900,16.131
19558,1,0,1,0.500,124210,142935,3.292,4.900,16.131
19598,1,0,1,0.500,124290,143162,3.288,4.400,14.467
19638,1,0,1,0.500,124363,143333,3.288,4.400,14.467
19678,1,0,1,0.500,124082,142647,3.288,4.500,14.796
19718,1,0,1,0.500,123500,141135,3.288,4.500,14.796
19758,1,0,1,0.500,123214,140334,3.288,4.500,14.796
19798,1,0,1,0.500,123226,140362,3.288,4.600,15.125
19838,1,0,1,0.500,123334,140682,3.288,4.600,15.125
19878,1,0,1,0.500,123477,141003,3.288,4.600,15.125
19918,1,0,1,0.500,123580,141291,3.288,4.600,15.125
19958,1,0,1,0.500,123632,141418,3.288,4.600,15.125
19998,1,0,1,0.500,123610,141367,3.288,4.800,15.782
20038,1,0,1,0.500,123600,141341,3.288,4.800,15.782
20078,1,0,1,0.500,123647,141479,3.288,4.600,15.125
20119,1,0,1,0.500,123754,141717,3.288,4.600,15.125
20158,1,0,1,0.500,123847,141985,3.288,4.600,15.125
20198,1,0,1,0.500,123950,142251,3.288,4.400,14.467
20239,1,0,1,0.500,124034,142502,3.288,4.400,14.467
20278,1,0,1,0.500,124085,142670,3.284,4.400,14.450
20318,1,0,1,0.500,124143,142808,3.284,4.400,14.450
20359,1,0,1,0.500,124213,142997,3.284,4.400,14.450
20398,1,0,1,0.500,124300,143238,3.288,4.800,15.782
20439,1,0,1,0.500,124234,143048,3.288,4.800,15.782
20478,1,0,1,0.500,123677,141663,3.288,4.500,14.796
20518,1,0,1,0.500,123181,140379,3.288,4.500,14.796
20559,1,0,1,0.500,123078,140086,3.288,4.500,14.796
20598,1,0,1,0.500,123175,140333,3.292,4.700,15.472
20639,1,0,1,0.500,123315,140662,3.292,4.700,15.472
20679,1,0,1,0.500,123433,140973,3.288,4.600,15.125
20719,1,0,1,0.500,123529,141202,3.288,4.600,15.125
20759,1,0,1,0.500,123566,141275,3.288,4.600,15.125
20799,1,0,1,0.500,123570,141247,3.288,4.700,15.454
20839,1,0,1,0.500,123606,141356,3.288,4.700,15.454
20879,1,0,1,0.500,123691,141557,3.292,4.700,15.472
20919,1,0,1,0.500,123771,141791,3.292,4.700,15.472
20959,1,0,1,0.500,123889,142065,3.292,4.700,15.472
20999,1,0,1,0.500,123971,142302,3.292,4.600,15.143
21039,1,0,1,0.500,124056,142515,3.292,4.600,15.143
21079,1,0,1,0.500,124118,142705,3.288,4.400,14.467
21119,1,0,1,0.500,124185,142840,3.288,4.400,14.467
21159,1,0,1,0.500,124245,143017,3.288,4.400,14.467
21199,1,0,1,0.500,124325,143214,3.288,4.600,15.125
21239,1,0,1,0.500,124377,143343,3.288,4.600,15.125
21279,1,0,1,0.500,124153,142768,3.288,4.700,15.454
21319,1,0,1,0.500,123564,141267,3.288,4.700,15.454
21359,1,0,1,0.500,123195,140327,3.288,4.700,15.454
21399,1,0,1,0.500,123203,140342,3.288,4.700,15.454
21439,1,0,1,0.500,123367,140757,3.288,4.700,15.454
21479,1,0,1,0.500,123528,141166,3.288,4.500,14.796
21519,1,0,1,0.500,123665,141506,3.288,4.500,14.796
21559,1,0,1,0.500,123727,141641,3.288,4.500,14.796
21599,1,0,1,0.500,123698,141577,3.292,4.800,15.802
21639,1,0,1,0.500,123652,141469,3.292,4.800,15.802
21679,1,0,1,0.500,123675,141519,3.292,4.600,15.143
21719,1,0,1,0.500,123770,141748,3.292,4.600,15.143
21759,1,0,1,0.500,123862,142003,3.292,4.600,15.143
21799,1,0,1,0.500,123948,142243,3.292,4.500,14.814
21839,1,0,1,0.500,124052,142486,3.292,4.500,14.814
21879,1,0,1,0.500,124117,142705,3.288,4.600,15.125
21919,1,0,1,0.500,124180,142845,3.288,4.600,15.125
21959,1,0,1,0.500,124222,143010,3.288,4.600,15.125
21999,1,0,1,0.500,124292,143183,3.292,4.600,15.143
22039,1,0,1,0.500,124354,143340,3.292,4.600,15.143
22079,1,0,1,0.500,124390,143402,3.288,4.500,14.796
22119,1,0,1,0.500,124033,142585,3.288,4.500,14.796
22159,1,0,1,0.500,123504,141210,3.288,4.500,14.796
22199,1,0,1,0.500,123329,140668,3.288,4.700,15.454
22239,1,0,1,0.500,123417,140861,3.288,4.700,15.454
22279,1,0,1,0.500,123573,141317,3.292,5.000,16.460
22319,1,0,1,0.500,123774,141823,3.292,5.000,16.460
22359,1,0,1,0.500,123898,142129,3.292,5.000,16.460
22399,1,0,1,0.500,123885,142096,3.288,4.400,14.467
22440,1,0,1,0.500,123794,141911,3.288,4.400,14.467
22479,1,0,1,0.500,123786,141849,3.288,4.600,15.125
22519,1,0,1,0.500,123830,141984,3.288,4.600,15.125
22560,1,0,1,0.500,123929,142234,3.288,4.600,15.125
22599,1,0,1,0.500,124072,142555,3.288,4.600,15.125
22640,1,0,1,0.500,124228,142896,3.288,4.600,15.125
22679,1,0,1,0.500,124261,143078,3.288,4.600,15.125
22719,1,0,1,0.500,124261,143105,3.288,4.600,15.125
22760,1,0,1,0.500,124292,143216,3.288,4.600,15.125
22799,1,0,1,0.500,124335,143322,3.288,4.800,15.782
22840,1,0,1,0.500,124372,143454,3.288,4.800,15.782
22880,1,0,1,0.500,124324,143328,3.288,4.700,15.454
22919,1,0,1,0.500,123867,142190,3.288,4.700,15.454
22960,1,0,1,0.500,123431,141042,3.288,4.700,15.454
23000,1,0,1,0.500,123327,140768,3.292,4.700,15.472
23040,1,0,1,0.500,123485,141137,3.292,4.700,15.472
23080,1,0,1,0.500,123673,141667,3.288,4.700,15.454
23120,1,0,1,0.500,123849,142119,3.288,4.700,15.454
23160,1,0,1,0.500,123916,142297,3.288,4.700,15.454
23200,1,0,1,0.500,123862,142188,3.288,4.600,15.125
23240,1,0,1,0.500,123799,142043,3.288,4.600,15.125
23280,1,0,1,0.500,123791,142028,3.288,4.700,15.454
23320,1,0,1,0.500,123861,142232,3.288,4.700,15.454
23360,1,0,1,0.500,123945,142455,3.288,4.700,15.454
23400,1,0,1,0.500,124034,142688,3.288,4.800,15.782
23440,1,0,1,0.500,124130,142926,3.288,4.800,15.782
23480,1,0,1,0.500,124201,143129,3.292,4.400,14.485
23520,1,0,1,0.500,124288,143331,3.292,4.400,14.485
23560,1,0,1,0.500,124373,143558,3.292,4.400,14.485
23600,1,0,1,0.500,124439,143716,3.288,4.900,16.111
23640,1,0,1,0.500,124157,143056,3.288,4.900,16.111
23680,1,0,1,0.500,123583,141564,3.292,4.700,15.472
23720,1,0,1,0.500,123242,140652,3.292,4.700,15.472
23760,1,0,1,0.500,123241,140652,3.292,4.700,15.472
23800,1,0,1,0.500,123396,141024,3.288,4.500,14.796
23840,1,0,1,0.500,123525,141372,3.288,4.500,14.796
23880,1,0,1,0.500,123654,141729,3.292,4.600,15.143
23920,1,0,1,0.500,123695,141825,3.292,4.600,15.143
23960,1,0,1,0.500,123681,141742,3.292,4.600,15.143
24000,1,0,1,0.500,123661,141712,3.288,4.800,15.782
24040,1,0,1,0.500,123711,141849,3.288,4.800,15.782
24080,1,0,1,0.500,123802,142101,3.292,4.800,15.802
24120,1,0,1,0.500,123931,142435,3.292,4.800,15.802
24160,1,0,1,0.500,124025,142698,3.292,4.800,15.802
24200,1,0,1,0.500,124116,142928,3.288,4.700,15.454
24240,1,0,1,0.500,124181,143119,3.288,4.700,15.454
24280,1,0,1,0.500,124258,143306,3.288,4.500,14.796
24320,1,0,1,0.500,124331,143486,3.288,4.500,14.796
24360,1,0,1,0.500,124308,143435,3.288,4.500,14.796
24400,1,0,1,0.500,123865,142320,3.288,4.400,14.467
24440,1,0,1,0.500,123312,140915,3.288,4.400,14.467
24480,1,0,1,0.500,123135,140425,3.288,4.700,15.454
24520,1,0,1,0.500,123213,140643,3.288,4.700,15.454
24560,1,0,1,0.500,123377,141035,3.288,4.700,15.454
24600,1,0,1,0.500,123530,141417,3.288,4.600,15.125
24640,1,0,1,0.500,123650,141702,3.288,4.600,15.125
24680,1,0,1,0.500,123670,141794,3.288,5.100,16.769
24721,1,0,1,0.500,123667,141764,3.288,5.100,16.769
24760,1,0,1,0.500,123703,141824,3.288,5.100,16.769
24800,1,0,1,0.500,123759,141987,3.288,4.300,14.138
24841,1,0,1,0.500,123846,142211,3.288,4.300,14.138
24880,1,0,1,0.500,123984,142534,3.288,4.600,15.125
24921,1,0,1,0.500,124084,142813,3.288,4.600,15.125
24961,1,0,1,0.500,124164,143043,3.288,4.600,15.125
25000,1,0,1,0.500,124225,143238,3.292,4.700,15.472
25041,1,0,1,0.500,124276,143382,3.292,4.700,15.472
25080,1,0,1,0.500,124362,143600,3.288,4.700,15.454
25120,1,0,1,0.500,124379,143625,3.288,4.700,15.454
25161,1,0,1,0.500,123972,142573,3.288,4.700,15.454
25200,1,0,1,0.500,123440,141186,3.288,4.400,14.467
25241,1,0,1,0.500,123246,140643,3.288,4.400,14.467
25280,1,0,1,0.500,123312,140784,3.288,4.600,15.125
25321,1,0,1,0.500,123419,141089,3.288,4.600,15.125
25361,1,0,1,0.500,123518,141359,3.288,4.600,15.125
25400,1,0,1,0.500,123622,141617,3.292,4.500,14.814
25441,1,0,1,0.500,123652,141697,3.292,4.500,14.814
25481,1,0,1,0.500,123618,141646,3.292,4.700,15.472
25521,1,0,1,0.500,123647,141671,3.292,4.700,15.472
25561,1,0,1,0.500,123698,141819,3.292,4.700,15.472
25601,1,0,1,0.500,123779,142036,3.288,4.600,15.125
25641,1,0,1,0.500,123886,142294,3.288,4.600,15.125
25681,1,0,1,0.500,123985,142530,3.292,4.900,16.131
25721,1,0,1,0.500,124033,142714,3.292,4.900,16.131
25761,1,0,1,0.500,124076,142872,3.292,4.900,16.131
25801,1,0,1,0.500,124156,143067,3.288,4.600,15.125
25841,1,0,1,0.500,124255,143330,3.288,4.600,15.125
25881,1,0,1,0.500,124334,143555,3.288,4.600,15.125
25921,1,0,1,0.500,124210,143267,3.288,4.600,15.125
25961,1,0,1,0.500,123661,141893,3.288,4.600,15.125
26001,1,0,1,0.500,123154,140623,3.288,4.600,15.125
26041,1,0,1,0.500,123087,140401,3.288,4.600,15.125
26081,1,0,1,0.500,123262,140737,3.292,4.700,15.472
26121,1,0,1,0.500,123515,141301,3.292,4.700,15.472
26161,1,0,1,0.500,123742,141797,3.292,4.700,15.472
26201,1,0,1,0.500,123704,141784,3.288,4.700,15.454
26241,1,0,1,0.500,123493,141437,3.288,4.700,15.454
26281,1,0,1,0.500,123459,141389,3.292,4.600,15.143
26321,1,0,1,0.500,123580,141585,3.292,4.600,15.143
26361,1,0,1,0.500,123681,141855,3.292,4.600,15.143
26401,1,0,1,0.500,123815,142132,3.292,4.700,15.472
26441,1,0,1,0.500,123969,142478,3.292,4.700,15.472
26481,1,0,1,0.500,124005,142621,3.288,4.700,15.454
26521,1,0,1,0.500,124029,142746,3.288,4.700,15.454
26561,1,0,1,0.500,124085,142884,3.288,4.700,15.454
26601,1,0,1,0.500,124108,142996,3.288,4.800,15.782
26641,1,0,1,0.500,124180,143158,3.288,4.800,15.782
26681,1,0,1,0.500,124248,143358,3.288,4.800,15.782
26721,1,0,1,0.500,124128,143057,3.288,4.800,15.782
26761,1,0,1,0.500,123623,141793,3.288,4.800,15.782
26801,1,0,1,0.500,123244,140773,3.288,4.700,15.454
26841,1,0,1,0.500,123214,140638,3.288,4.700,15.454
26881,1,0,1,0.500,123358,140970,3.292,4.500,14.814
26921,1,0,1,0.500,123507,141425,3.292,4.500,14.814
26961,1,0,1,0.500,123676,141849,3.292,4.500,14.814
27001,1,0,1,0.500,123707,141930,3.288,4.700,15.454
27041,1,0,1,0.500,123574,141648,3.288,4.700,15.454
27081,1,0,1,0.500,123455,141373,3.292,4.600,15.143
27121,1,0,1,0.500,123461,141343,3.292,4.600,15.143
27161,1,0,1,0.500,123496,141486,3.292,4.600,15.143
27202,1,0,1,0.500,123580,141715,3.288,4.500,14.796
27242,1,0,1,0.500,123690,141992,3.288,4.500,14.796
27281,1,0,1,0.500,123758,142162,3.288,4.800,15.782
27322,1,0,1,0.500,123801,142324,3.288,4.800,15.782
27362,1,0,1,0.500,123865,142510,3.288,4.800,15.782
27402,1,0,1,0.500,123942,142707,3.288,4.600,15.125
27442,1,0,1,0.500,123952,142752,3.288,4.600,15.125
27481,1,0,1,0.500,123596,141897,3.292,4.800,15.802
27522,1,0,1,0.500,123103,140596,3.292,4.800,15.802
27562,1,0,1,0.500,122878,139986,3.292,4.800,15.802
27602,1,0,1,0.500,122961,140209,3.288,4.600,15.125
27642,1,0,1,0.500,123130,140661,3.288,4.600,15.125
27682,1,0,1,0.500,123308,141128,3.284,4.800,15.763
27722,1,0,1,0.500,123430,141420,3.284,4.800,15.763
27762,1,0,1,0.500,123407,141410,3.284,4.800,15.763
27802,1,0,1,0.500,123353,141285,3.288,4.500,14.796
27842,1,0,1,0.500,123365,141283,3.288,4.500,14.796
27882,1,0,1,0.500,123434,141464,3.292,4.700,15.472
27922,1,0,1,0.500,123546,141752,3.292,4.700,15.472
27962,1,0,1,0.500,123648,142040,3.292,4.700,15.472
28002,1,0,1,0.500,123755,142301,3.292,4.700,15.472
28042,1,0,1,0.500,123815,142496,3.292,4.700,15.472
28082,1,0,1,0.500,123887,142660,3.288,4.900,16.111
28122,1,0,1,0.500,123978,142886,3.288,4.900,16.111
28162,1,0,1,0.500,123923,142760,3.288,4.900,16.111
28202,1,0,1,0.500,123428,141510,3.288,4.800,15.782
28242,1,0,1,0.500,122933,140228,3.288,4.800,15.782
28282,1,0,1,0.500,122819,139899,3.292,4.500,14.814
28322,1,0,1,0.500,122946,140201,3.292,4.500,14.814
28362,1,0,1,0.500,123109,140605,3.292,4.500,14.814
28402,1,0,1,0.500,123252,141026,3.288,4.900,16.111
28442,1,0,1,0.500,123368,141323,3.288,4.900,16.111
28482,1,0,1,0.500,123400,141347,3.288,4.700,15.454
28522,1,0,1,0.500,123369,141299,3.288,4.700,15.454
28562,1,0,1,0.500,123392,141370,3.288,4.700,15.454
28602,1,0,1,0.500,123484,141578,3.288,4.900,16.111
28642,1,0,1,0.500,123566,141842,3.288,4.900,16.111
28682,1,0,1,0.500,123654,142091,3.292,4.800,15.802
28722,1,0,1,0.500,123748,142302,3.292,4.800,15.802
28762,1,0,1,0.500,123811,142506,3.292,4.800,15.802
28802,1,0,1,0.500,123883,142690,3.288,4.600,15.125
28842,1,0,1,0.500,123985,142910,3.288,4.600,15.125
28882,1,0,1,0.500,124015,143004,3.288,4.800,15.782
28922,1,0,1,0.500,123701,142238,3.288,4.800,15.782
28962,1,0,1,0.500,123104,140708,3.288,4.800,15.782
29002,1,0,1,0.500,122781,139855,3.288,4.800,15.782
29042,1,0,1,0.500,122820,139929,3.288,4.800,15.782
29082,1,0,1,0.500,122949,140271,3.292,4.700,15.472
29122,1,0,1,0.500,123085,140596,3.292,4.700,15.472
29162,1,0,1,0.500,123207,140885,3.292,4.700,15.472
29202,1,0,1,0.500,123259,141002,3.288,4.600,15.125
29242,1,0,1,0.500,123274,140982,3.288,4.600,15.125
29282,1,0,1,0.500,123306,141018,3.292,4.800,15.802
29322,1,0,1,0.500,123359,141184,3.292,4.800,15.802
29362,1,0,1,0.500,123456,141451,3.292,4.800,15.802
29403,1,0,1,0.500,123577,141755,3.288,4.600,15.125
29442,1,0,1,0.500,123686,142027,3.288,4.600,15.125
29483,1,0,1,0.500,123760,142279,3.288,5.000,16.440
29522,1,0,1,0.500,123857,142495,3.288,5.000,16.440
29562,1,0,1,0.500,123934,142704,3.288,5.000,16.440
29603,1,0,1,0.500,124008,142885,3.288,4.700,15.454
29643,1,0,1,0.500,124078,143073,3.288,4.700,15.454
29683,1,0,1,0.500,123936,142689,3.288,4.600,15.125
29723,1,0,1,0.500,123331,141207,3.288,4.600,15.125
29763,1,0,1,0.500,122887,140024,3.288,4.600,15.125
29803,1,0,1,0.500,122793,139773,3.292,4.700,15.472
29843,1,0,1,0.500,122871,139976,3.292,4.700,15.472
29883,1,0,1,0.500,122947,140221,3.292,4.800,15.802
29923,1,0,1,0.500,123070,140504,3.292,4.800,15.802
29963,1,0,1,0.500,123175,140753,3.292,4.800,15.802
30003,1,0,1,0.500,123236,140869,3.292,4.600,15.143
30043,1,0,1,0.500,123247,140913,3.292,4.600,15.143
30083,1,0,1,0.500,123323,141108,3.288,4.700,15.454
30123,1,0,1,0.500,123463,141427,3.288,4.700,15.454
30163,1,0,1,0.500,123590,141742,3.288,4.700,15.454
30203,1,0,1,0.500,123708,142027,3.292,4.800,15.802
30243,1,0,1,0.500,123800,142260,3.292,4.800,15.802
30283,1,0,1,0.500,123829,142420,3.288,4.700,15.454
30323,1,0,1,0.500,123896,142592,3.288,4.700,15.454
30363,1,0,1,0.500,124006,142819,3.288,4.700,15.454
30403,1,0,1,0.500,124063,142999,3.288,4.800,15.782
30443,1,0,1,0.500,124109,143138,3.288,4.800,15.782
30483,1,0,1,0.500,124093,143082,3.288,4.800,15.782
30523,1,0,1,0.500,123612,141917,3.288,4.800,15.782
30563,1,0,1,0.500,123036,140432,3.288,4.800,15.782
30603,1,0,1,0.500,122845,139922,3.288,4.400,14.467
30643,1,0,1,0.500,122948,140176,3.288,4.400,14.467
30683,1,0,1,0.500,123110,140594,3.288,4.600,15.125
30723,1,0,1,0.500,123325,141058,3.288,4.600,15.125
30763,1,0,1,0.500,123478,141442,3.288,4.600,15.125
30803,1,0,1,0.500,123556,141578,3.288,4.600,15.125
30843,1,0,1,0.500,123552,141554,3.288,4.600,15.125
30883,1,0,1,0.500,123605,141613,3.288,4.800,15.782
30923,1,0,1,0.500,123653,141782,3.288,4.800,15.782
30963,1,0,1,0.500,123723,141968,3.288,4.800,15.782
31003,1,0,1,0.500,123786,142143,3.288,4.700,15.454
31043,1,0,1,0.500,123842,142311,3.288,4.700,15.454
31083,1,0,1,0.500,123901,142514,3.288,5.000,16.440
31123,1,0,1,0.500,123953,142652,3.288,5.000,16.440
31163,1,0,1,0.500,124005,142774,3.288,5.000,16.440
31203,1,0,1,0.500,124062,142943,3.288,4.800,15.782
31243,1,0,1,0.500,124130,143112,3.288,4.800,15.782
31283,1,0,1,0.500,124183,143295,3.288,4.900,16.111
31323,1,0,1,0.500,124184,143327,3.288,4.900,16.111
31363,1,0,1,0.500,123767,142309,3.288,4.900,16.111
31403,1,0,1,0.500,123260,140998,3.288,4.800,15.782
31443,1,0,1,0.500,123108,140555,3.288,4.800,15.782
31483,1,0,1,0.500,123240,140873,3.288,5.200,17.098
31523,1,0,1,0.500,123398,141281,3.288,5.200,17.098
31563,1,0,1,0.500,123531,141649,3.288,5.200,17.098
31603,1,0,1,0.500,123575,141797,3.288,4.300,14.138
31643,1,0,1,0.500,123533,141671,3.288,4.300,14.138
31683,1,0,1,0.500,123428,141445,3.284,4.800,15.763
31723,1,0,1,0.500,123363,141340,3.284,4.800,15.763
31763,1,0,1,0.500,123396,141440,3.284,4.800,15.763
31803,1,0,1,0.500,123489,141699,3.288,4.200,13.810
31843,1,0,1,0.500,123561,141908,3.288,4.200,13.810
31884,1,0,1,0.500,123632,142115,3.284,4.500,14.778
31923,1,0,1,0.500,123757,142351,3.284,4.500,14.778
31963,1,0,1,0.500,123795,142495,3.284,4.500,14.778
32004,1,0,1,0.500,123834,142607,3.288,4.800,15.782
32043,1,0,1,0.500,123929,142808,3.288,4.800,15.782
32084,1,0,1,0.500,123920,142796,3.288,4.600,15.125
32124,1,0,1,0.500,123506,141817,3.288,4.600,15.125
32164,1,0,1,0.500,122971,140451,3.288,4.600,15.125
32204,1,0,1,0.500,122771,139915,3.288,4.600,15.125
32244,1,0,1,0.500,122843,140116,3.288,4.600,15.125
32284,1,0,1,0.500,123015,140588,3.288,5.000,16.440
32324,1,0,1,0.500,123196,141063,3.288,5.000,16.440
32364,1,0,1,0.500,123293,141330,3.288,5.000,16.440
32404,1,0,1,0.500,123243,141239,3.292,4.900,16.131
32444,1,0,1,0.500,123137,140980,3.292,4.900,16.131
32484,1,0,1,0.500,123177,141014,3.288,5.200,17.098
32524,1,0,1,0.500,123321,141353,3.288,5.200,17.098
32564,1,0,1,0.500,123463,141706,3.288,5.200,17.098
32604,1,0,1,0.500,123616,142062,3.292,4.700,15.472
32644,1,0,1,0.500,123733,142361,3.292,4.700,15.472
32684,1,0,1,0.500,123790,142561,3.292,5.200,17.118
32724,1,0,1,0.500,123871,142723,3.292,5.200,17.118
32764,1,0,1,0.500,123939,142911,3.292,5.200,17.118
32804,1,0,1,0.500,123823,142648,3.288,4.200,13.810
32844,1,0,1,0.500,123260,141265,3.288,4.200,13.810
32884,1,0,1,0.500,122729,139885,3.288,4.800,15.782
32924,1,0,1,0.500,122648,139647,3.288,4.800,15.782
32964,1,0,1,0.500,122798,140028,3.288,4.800,15.782
33004,1,0,1,0.500,122975,140500,3.284,4.300,14.121
33044,1,0,1,0.500,123179,140990,3.284,4.300,14.121
33084,1,0,1,0.500,123296,141302,3.288,4.800,15.782
33124,1,0,1,0.500,123298,141303,3.288,4.800,15.782
33164,1,0,1,0.500,123276,141250,3.288,4.800,15.782
33204,1,0,1,0.500,123302,141304,3.292,4.900,16.131
33244,1,0,1,0.500,123392,141514,3.292,4.900,16.131
33284,1,0,1,0.500,123541,141821,3.288,4.800,15.782
33324,1,0,1,0.500,123645,142126,3.288,4.800,15.782
33364,1,0,1,0.500,123734,142379,3.288,4.800,15.782
33404,1,0,1,0.500,123829,142610,3.292,5.300,17.448
33444,1,0,1,0.500,123916,142829,3.292,5.300,17.448
33484,1,0,1,0.500,123978,143030,3.284,5.000,16.420
33524,1,0,1,0.500,123788,142501,3.284,5.000,16.420
33564,1,0,1,0.500,123194,140993,3.284,5.000,16.420
33604,1,0,1,0.500,122815,139975,3.292,4.800,15.802
33644,1,0,1,0.500,122795,139905,3.292,4.800,15.802
33684,1,0,1,0.500,122931,140228,3.264,5.000,16.320
33724,1,0,1,0.500,123050,140559,3.264,5.000,16.320
33764,1,0,1,0.500,123192,140922,3.264,5.000,16.320
33804,1,0,1,0.500,123262,141121,3.288,4.200,13.810
33844,1,0,1,0.500,123259,141136,3.288,4.200,13.810
33884,1,0,1,0.500,123251,141131,3.288,5.300,17.426
33924,1,0,1,0.500,123314,141263,3.288,5.300,17.426
33964,1,0,1,0.500,123411,141532,3.288,5.300,17.426
34004,1,0,1,0.500,123537,141830,3.284,4.400,14.450
34044,1,0,1,0.500,123635,142103,3.284,4.400,14.450
34084,1,0,1,0.500,123707,142278,3.284,8.800,28.899
34124,1,0,1,0.500,123783,142482,3.284,8.800,28.899
34164,1,0,1,0.500,123858,142696,3.284,8.800,28.899
34205,1,0,1,0.500,123908,142814,3.292,5.000,16.460
34244,1,0,1,0.500,123622,142052,3.292,5.000,16.460
34285,1,0,1,0.500,123084,140634,3.288,5.000,16.440
34324,1,0,1,0.500,122845,139951,3.288,5.000,16.440
34364,1,0,1,0.500,122904,140077,3.288,5.000,16.440
34405,1,0,1,0.500,123041,140437,3.288,5.300,17.426
34445,1,0,1,0.500,123175,140779,3.288,5.300,17.426
34485,1,0,1,0.500,123314,141116,3.284,5.000,16.420
34525,1,0,1,0.500,123355,141250,3.284,5.000,16.420
34565,1,0,1,0.500,123359,141220,3.284,5.000,16.420
34605,1,0,1,0.500,123370,141235,3.288,4.400,14.467
34645,1,0,1,0.500,123410,141351,3.288,4.400,14.467
34685,1,0,1,0.500,123502,141604,3.264,4.900,15.994
34725,1,0,1,0.500,123632,141888,3.264,4.900,15.994
34765,1,0,1,0.500,123730,142141,3.264,4.900,15.994
34805,1,0,1,0.500,123793,142339,3.288,4.200,13.810
34845,1,0,1,0.500,123849,142519,3.288,4.200,13.810
34885,1,0,1,0.500,123920,142665,3.248,5.000,16.240
34925,1,0,1,0.500,123968,142832,3.248,5.000,16.240
34965,1,0,1,0.500,123921,142747,3.248,5.000,16.240
35005,1,0,1,0.500,123455,141549,3.280,4.400,14.432
35045,1,0,1,0.500,122946,140215,3.280,4.400,14.432
35085,1,0,1,0.500,122782,139791,3.268,9.600,31.373
35125,1,0,1,0.500,122876,140008,3.268,9.600,31.373
35165,1,0,1,0.500,123034,140411,3.268,9.600,31.373
35205,1,0,1,0.500,123190,140787,3.260,4.800,15.648
35245,1,0,1,0.500,123278,141018,3.260,4.800,15.648
35285,1,0,1,0.500,123277,140997,3.284,15.300,50.245
35325,1,0,1,0.500,123223,140875,3.284,15.300,50.245
35365,1,0,1,0.500,123212,140890,3.284,15.300,50.245
35405,1,0,1,0.500,123264,141054,3.288,4.800,15.782
35445,1,0,1,0.500,123325,141215,3.288,4.800,15.782
35485,1,0,1,0.500,123362,141376,3.280,4.800,15.744
35525,1,0,1,0.500,123414,141541,3.280,4.800,15.744
35565,1,0,1,0.500,123461,141677,3.280,4.800,15.744
35605,1,0,1,0.500,123525,141844,3.288,4.700,15.454
35645,1,0,1,0.500,123603,142058,3.288,4.700,15.454
35685,1,0,1,0.500,123594,142044,3.288,4.800,15.782
35725,1,0,1,0.500,123193,141032,3.288,4.800,15.782
35765,1,0,1,0.500,122719,139786,3.288,4.800,15.782
35805,1,0,1,0.500,122589,139396,3.288,4.600,15.125
35845,1,0,1,0.500,122719,139703,3.288,4.600,15.125
35885,1,0,1,0.500,122903,140191,3.288,5.000,16.440
35925,1,0,1,0.500,123074,140661,3.288,5.000,16.440
35965,1,0,1,0.500,123137,140840,3.288,5.000,16.440
36005,1,0,1,0.500,123091,140740,3.292,5.000,16.460
36045,1,0,1,0.500,123043,140597,3.292,5.000,16.460
36085,1,0,1,0.500,123044,140645,3.284,5.000,16.420
36125,1,0,1,0.500,123140,140856,3.284,5.000,16.420
36165,1,0,1,0.500,123268,141185,3.284,5.000,16.420
36205,1,0,1,0.500,123401,141494,3.288,5.400,17.755
36245,1,0,1,0.500,123492,141735,3.288,5.400,17.755
36285,1,0,1,0.500,123565,141914,3.284,5.000,16.420
36325,1,0,1,0.500,123628,142096,3.284,5.000,16.420
36365,1,0,1,0.500,123702,142269,3.284,5.000,16.420
36406,1,0,1,0.500,123492,141720,3.292,5.500,18.106
36445,1,0,1,0.500,122914,140255,3.292,5.500,18.106
36486,1,0,1,0.500,122593,139364,3.276,4.800,15.725
36526,1,0,1,0.500,122650,139469,3.276,4.800,15.725
36565,1,0,1,0.500,122820,139950,3.276,4.800,15.725
36606,1,0,1,0.500,123044,140498,3.292,4.900,16.131
36646,1,0,1,0.500,123210,140908,3.292,4.900,16.131
36686,1,0,1,0.500,123262,141015,3.256,5.000,16.280
36726,1,0,1,0.500,123216,140924,3.256,5.000,16.280
36766,1,0,1,0.500,123208,140892,3.256,5.000,16.280
36806,1,0,1,0.500,123270,141039,3.288,4.200,13.810
36846,1,0,1,0.500,123376,141311,3.288,4.200,13.810
36886,1,0,1,0.500,123494,141631,3.252,5.400,17.561
36926,1,0,1,0.500,123593,141899,3.252,5.400,17.561
36966,1,0,1,0.500,123651,142068,3.252,5.400,17.561
37006,1,0,1,0.500,123701,142219,3.276,4.500,14.742
37046,1,0,1,0.500,123766,142368,3.276,4.500,14.742
37086,1,0,1,0.500,123677,142145,3.272,11.400,37.301
37126,1,0,1,0.500,123167,140811,3.272,11.400,37.301
37166,1,0,1,0.500,122667,139486,3.272,11.400,37.301
37206,1,0,1,0.500,122566,139210,3.288,5.000,16.440
37246,1,0,1,0.500,122710,139554,3.288,5.000,16.440
37286,1,0,1,0.500,122869,139998,3.284,16.200,53.201
37326,1,0,1,0.500,123025,140399,3.284,16.200,53.201
37366,1,0,1,0.500,123144,140692,3.284,16.200,53.201
37406,1,0,1,0.500,123221,140804,3.292,6.200,20.410
37446,1,0,1,0.500,123241,140830,3.292,6.200,20.410
37486,1,0,1,0.500,123238,140822,3.276,11.600,38.002
37526,1,0,1,0.500,123262,140968,3.276,11.600,38.002
37567,1,0,1,0.500,123299,141131,3.276,11.700,38.329
37606,1,0,1,0.500,123370,141354,3.276,11.700,38.329
37646,1,0,1,0.500,123489,141625,3.276,11.700,38.329
37686,1,0,1,0.500,123595,141851,3.252,5.700,18.536
37726,1,0,1,0.500,123722,142130,3.252,5.700,18.536
37767,1,0,1,0.500,123852,142440,3.284,16.100,52.872
37806,1,0,1,0.500,123713,142143,3.284,16.100,52.872
37846,1,0,1,0.500,123143,140666,3.284,16.100,52.872
37886,1,0,1,0.500,122686,139463,3.256,6.200,20.187
37926,1,0,1,0.500,122652,139315,3.256,6.200,20.187
37967,1,0,1,0.500,122776,139637,3.272,11.100,36.319
38006,1,0,1,0.500,122910,139987,3.272,11.100,36.319
38046,1,0,1,0.500,123033,140318,3.272,11.100,36.319
38086,1,0,1,0.500,123167,140606,3.276,12.500,40.950
38126,1,0,1,0.500,123218,140727,3.276,12.500,40.950
38167,1,0,1,0.500,123187,140681,3.252,5.200,16.910
38206,1,0,1,0.500,123205,140735,3.252,5.200,16.910
38246,1,0,1,0.500,123279,140931,3.252,5.200,16.910
38286,1,0,1,0.500,123394,141206,3.288,15.900,52.279
38326,1,0,1,0.500,123478,141446,3.288,15.900,52.279
38367,1,0,1,0.500,123543,141652,3.260,6.400,20.864
38407,1,0,1,0.500,123613,141859,3.260,6.400,20.864
38446,1,0,1,0.500,123658,142003,3.260,6.400,20.864
38486,1,0,1,0.500,123726,142167,3.272,10.600,34.683
38527,1,0,1,0.500,123812,142389,3.272,10.600,34.683
38567,1,0,1,0.500,123730,142172,3.280,12.800,41.984
38607,1,0,1,0.500,123194,140766,3.280,12.800,41.984
38647,1,0,1,0.500,122738,139527,3.280,12.800,41.984
38687,1,0,1,0.500,122659,139272,3.248,4.900,15.915
38727,1,0,1,0.500,122746,139558,3.248,4.900,15.915
38767,1,0,1,0.500,122890,139942,3.284,15.800,51.887
38807,1,0,1,0.500,123016,140297,3.284,15.800,51.887
38847,1,0,1,0.500,123115,140552,3.284,15.800,51.887
38887,1,0,1,0.500,123119,140596,3.256,7.100,23.118
38927,1,0,1,0.500,123097,140520,3.256,7.100,23.118
38967,1,0,1,0.500,123150,140641,3.268,10.000,32.680
39007,1,0,1,0.500,123266,140946,3.268,10.000,32.680
39047,1,0,1,0.500,123391,141263,3.268,10.000,32.680
39087,1,0,1,0.500,123502,141530,3.280,13.400,43.952
39127,1,0,1,0.500,123607,141793,3.280,13.400,43.952
39167,1,0,1,0.500,123692,142000,3.248,5.000,16.240
39207,1,0,1,0.500,123741,142143,3.248,5.000,16.240
39247,1,0,1,0.500,123783,142262,3.248,5.000,16.240
39287,1,0,1,0.500,123841,142422,3.288,17.100,56.225
39327,1,0,1,0.500,123939,142608,3.288,17.100,56.225
39367,1,0,1,0.500,123869,142458,3.256,7.600,24.746
39407,1,0,1,0.500,123339,141084,3.256,7.600,24.746
39447,1,0,1,0.500,122842,139756,3.256,7.600,24.746
39487,1,0,1,0.500,122765,139524,3.268,9.800,32.026
39527,1,0,1,0.500,122885,139851,3.268,9.800,32.026
39567,1,0,1,0.500,123014,140202,3.276,14.100,46.192
39607,1,0,1,0.500,123163,140564,3.276,14.100,46.192
39647,1,0,1,0.500,123218,140735,3.276,14.100,46.192
39687,1,0,1,0.500,123183,140632,3.248,5.500,17.864
39727,1,0,1,0.500,123142,140528,3.248,5.500,17.864
39767,1,0,1,0.500,123146,140549,3.288,16.400,53.923
39807,1,0,1,0.500,123212,140695,3.288,16.400,53.923
39847,1,0,1,0.500,123300,140955,3.288,16.400,53.923
39887,1,0,1,0.500,123392,141237,3.260,8.200,26.732
39927,1,0,1,0.500,123486,141462,3.260,8.200,26.732
39967,1,0,1,0.500,123583,141681,3.288,10.000,32.880
40007,1,0,1,0.500,123652,141855,3.288,10.000,32.880
40047,1,0,1,0.500,123723,142033,3.288,10.000,32.880
40087,1,0,1,0.500,123772,142130,3.284,14.300,46.961
40127,1,0,1,0.500,123461,141351,3.284,14.300,46.961
40167,1,0,1,0.500,122915,139921,3.248,4.500,14.616
40207,1,0,1,0.500,122689,139281,3.248,4.500,14.616
40247,1,0,1,0.500,122771,139497,3.248,4.500,14.616
40287,1,0,1,0.500,122956,140040,3.288,16.200,53.266
40327,1,0,1,0.500,123205,140625,3.288,16.200,53.266
40367,1,0,1,0.500,123329,140955,3.260,4.800,15.648
40407,1,0,1,0.500,123306,140934,3.260,4.800,15.648
40447,1,0,1,0.500,123235,140763,3.260,4.800,15.648
40487,1,0,1,0.500,123229,140749,3.288,9.600,31.565
40527,1,0,1,0.500,123316,140948,3.288,9.600,31.565
40567,1,0,1,0.500,123408,141220,3.284,15.000,49.260
40607,1,0,1,0.500,123507,141471,3.284,15.000,49.260
40648,1,0,1,0.500,123620,141744,3.284,15.000,49.260
40687,1,0,1,0.500,123713,141978,3.288,4.600,15.125
40728,1,0,1,0.500,123799,142206,3.288,4.600,15.125
40767,1,0,1,0.500,123862,142388,3.288,16.300,53.594
40807,1,0,1,0.500,123793,142185,3.288,16.300,53.594
40848,1,0,1,0.500,123289,140846,3.288,16.300,53.594
40887,1,0,1,0.500,122854,139681,3.260,4.700,15.322
40928,1,0,1,0.500,122817,139531,3.260,4.700,15.322
40967,1,0,1,0.500,122996,139970,3.288,9.800,32.222
41007,1,0,1,0.500,123212,140518,3.288,9.800,32.222
41048,1,0,1,0.500,123424,141035,3.288,9.800,32.222
41087,1,0,1,0.500,123501,141243,3.284,4.600,15.106
41128,1,0,1,0.500,123456,141177,3.284,4.600,15.106
41168,1,0,1,0.500,123448,141118,3.288,4.800,15.782
41207,1,0,1,0.500,123503,141249,3.288,4.800,15.782
41248,1,0,1,0.500,123608,141520,3.288,4.800,15.782
41288,1,0,1,0.500,123705,141799,3.288,16.400,53.923
41328,1,0,1,0.500,123834,142097,3.288,16.400,53.923
41368,1,0,1,0.500,123919,142339,3.284,4.800,15.763
41408,1,0,1,0.500,123970,142495,3.284,4.800,15.763
41448,1,0,1,0.500,124057,142708,3.284,4.800,15.763
41488,1,0,1,0.500,124126,142895,3.288,9.900,32.551
41528,1,0,1,0.500,123953,142478,3.288,9.900,32.551
41568,1,0,1,0.500,123380,140927,3.284,4.700,15.435
41608,1,0,1,0.500,122938,139744,3.284,4.700,15.435
41648,1,0,1,0.500,122895,139639,3.284,4.700,15.435
41688,1,0,1,0.500,123054,140027,3.292,4.900,16.131
41728,1,0,1,0.500,123190,140431,3.292,4.900,16.131
41768,1,0,1,0.500,123350,140819,3.288,4.800,15.782
41808,1,0,1,0.500,123442,141064,3.288,4.800,15.782
41848,1,0,1,0.500,123416,141031,3.288,4.800,15.782
41888,1,0,1,0.500,123403,140968,3.288,4.700,15.454
41928,1,0,1,0.500,123446,141092,3.288,4.700,15.454
41968,1,0,1,0.500,123504,141267,3.288,9.100,29.921
42008,1,0,1,0.500,123597,141522,3.288,9.100,29.921
42048,1,0,1,0.500,123704,141790,3.288,9.100,29.921
42088,1,0,1,0.500,123789,142003,3.288,4.700,15.454
42128,1,0,1,0.500,123852,142160,3.288,4.700,15.454
42168,1,0,1,0.500,123928,142369,3.292,4.800,15.802
42208,1,0,1,0.500,124006,142571,3.292,4.800,15.802
42248,1,0,1,0.500,123867,142200,3.292,4.800,15.802
42288,1,0,1,0.500,123293,140689,3.288,4.600,15.125
42328,1,0,1,0.500,122877,139630,3.288,4.600,15.125
42368,1,0,1,0.500,122883,139606,3.288,4.500,14.796
42408,1,0,1,0.500,123034,140016,3.288,4.500,14.796
42448,1,0,1,0.500,123168,140404,3.288,4.500,14.796
42488,1,0,1,0.500,123349,140832,3.288,4.500,14.796
42528,1,0,1,0.500,123434,141071,3.288,4.500,14.796
42568,1,0,1,0.500,123442,141080,3.288,4.400,14.467
42608,1,0,1,0.500,123412,141009,3.288,4.400,14.467
42648,1,0,1,0.500,123467,141112,3.288,4.400,14.467
42688,1,0,1,0.500,123555,141323,3.292,4.700,15.472
42728,1,0,1,0.500,123667,141620,3.292,4.700,15.472
42768,1,0,1,0.500,123763,141881,3.292,4.800,15.802
42808,1,0,1,0.500,123853,142109,3.292,4.800,15.802
42848,1,0,1,0.500,123936,142328,3.292,4.800,15.802
42889,1,0,1,0.500,123984,142513,3.288,4.600,15.125
42928,1,0,1,0.500,124076,142724,3.288,4.600,15.125
42968,1,0,1,0.500,124101,142814,3.288,4.600,15.125
43009,1,0,1,0.500,123736,141879,3.288,4.600,15.125
43048,1,0,1,0.500,123222,140481,3.288,4.600,15.125
43088,1,0,1,0.500,123046,139978,3.288,4.600,15.125
43129,1,0,1,0.500,123157,140268,3.288,4.600,15.125
43168,1,0,1,0.500,123302,140663,3.288,4.700,15.454
43209,1,0,1,0.500,123433,141030,3.288,4.700,15.454
43249,1,0,1,0.500,123513,141251,3.288,4.700,15.454
43289,1,0,1,0.500,123488,141229,3.288,4.700,15.454
43329,1,0,1,0.500,123417,141043,3.288,4.700,15.454
43368,1,0,1,0.500,123366,140963,3.292,4.700,15.472
43409,1,0,1,0.500,123392,141031,3.292,4.700,15.472
43449,1,0,1,0.500,123418,141119,3.292,4.700,15.472
43488,1,0,1,0.500,123496,141321,3.288,4.700,15.454
43529,1,0,1,0.500,123602,141599,3.288,4.700,15.454
43569,1,0,1,0.500,123693,141852,3.288,4.700,15.454
43609,1,0,1,0.500,123782,142044,3.288,4.700,15.454
43649,1,0,1,0.500,123862,142239,3.288,4.700,15.454
43689,1,0,1,0.500,123751,141980,3.292,4.800,15.802
43729,1,0,1,0.500,123279,140686,3.292,4.800,15.802
43769,1,0,1,0.500,122896,139714,3.288,4.900,16.111
43809,1,0,1,0.500,122920,139710,3.288,4.900,16.111
43849,1,0,1,0.500,123088,140147,3.288,4.900,16.111
43889,1,0,1,0.500,123279,140655,3.288,4.500,14.796
43929,1,0,1,0.500,123407,141037,3.288,4.500,14.796
43969,1,0,1,0.500,123417,141084,3.292,4.600,15.143
44009,1,0,1,0.500,123365,140946,3.292,4.600,15.143
44049,1,0,1,0.500,123345,140898,3.292,4.600,15.143
44089,1,0,1,0.500,123377,141004,3.288,4.700,15.454
44129,1,0,1,0.500,123476,141233,3.288,4.700,15.454
44169,1,0,1,0.500,123590,141546,3.288,4.500,14.796
44209,1,0,1,0.500,123685,141782,3.288,4.500,14.796
44249,1,0,1,0.500,123756,141978,3.288,4.500,14.796
44289,1,0,1,0.500,123833,142164,3.288,4.600,15.125
44329,1,0,1,0.500,123902,142360,3.288,4.600,15.125
44369,1,0,1,0.500,123781,142015,3.288,4.700,15.454
44409,1,0,1,0.500,123251,140666,3.288,4.700,15.454
44449,1,0,1,0.500,122861,139567,3.288,4.700,15.454
44489,1,0,1,0.500,122829,139456,3.288,4.600,15.125
44529,1,0,1,0.500,122989,139888,3.288,4.600,15.125
44569,1,0,1,0.500,123159,140373,3.288,4.800,15.782
44609,1,0,1,0.500,123323,140763,3.288,4.800,15.782
44649,1,0,1,0.500,123379,140920,3.288,4.800,15.782
44689,1,0,1,0.500,123352,140860,3.292,4.600,15.143
44729,1,0,1,0.500,123332,140783,3.292,4.600,15.143
44769,1,0,1,0.500,123394,140908,3.288,4.600,15.125
44809,1,0,1,0.500,123503,141194,3.288,4.600,15.125
44849,1,0,1,0.500,123610,141485,3.288,4.600,15.125
44889,1,0,1,0.500,123703,141729,3.288,4.700,15.454
44929,1,0,1,0.500,123785,141974,3.288,4.700,15.454
44969,1,0,1,0.500,123860,142165,3.292,4.700,15.472
45009,1,0,1,0.500,123931,142340,3.292,4.700,15.472
45049,1,0,1,0.500,123887,142269,3.292,4.700,15.472
45089,1,0,1,0.500,123452,141112,3.292,4.800,15.802
45129,1,0,1,0.500,122992,139785,3.292,4.800,15.802
45169,1,0,1,0.500,122887,139470,3.288,4.900,16.111
45209,1,0,1,0.500,123018,139820,3.288,4.900,16.111
45249,1,0,1,0.500,123160,140205,3.288,4.900,16.111
45289,1,0,1,0.500,123313,140597,3.288,4.600,15.125
45329,1,0,1,0.500,123434,140910,3.288,4.600,15.125
45370,1,0,1,0.500,123445,140971,3.288,4.700,15.454
45410,1,0,1,0.500,123441,140943,3.288,4.700,15.454
45449,1,0,1,0.500,123475,141022,3.288,4.700,15.454
45490,1,0,1,0.500,123547,141250,3.288,4.600,15.125
45530,1,0,1,0.500,123631,141492,3.288,4.600,15.125
45570,1,0,1,0.500,123750,141775,3.288,4.700,15.454
45610,1,0,1,0.500,123846,142059,3.288,4.700,15.454
45650,1,0,1,0.500,123916,142253,3.288,4.700,15.454
45690,1,0,1,0.500,123988,142413,3.292,4.500,14.814
45730,1,0,1,0.500,124048,142605,3.292,4.500,14.814
45770,1,0,1,0.500,123986,142461,3.288,4.400,14.467
45810,1,0,1,0.500,123496,141157,3.288,4.400,14.467
45850,1,0,1,0.500,123058,139967,3.288,4.400,14.467
45890,1,0,1,0.500,123003,139815,3.288,4.500,14.796
45930,1,0,1,0.500,123134,140123,3.288,4.500,14.796
45970,1,0,1,0.500,123238,140433,3.288,4.500,14.796
46010,1,0,1,0.500,123367,140796,3.288,4.500,14.796
46050,1,0,1,0.500,123460,141066,3.288,4.500,14.796
46090,1,0,1,0.500,123518,141185,3.288,4.800,15.782
46130,1,0,1,0.500,123540,141245,3.288,4.800,15.782
46170,1,0,1,0.500,123546,141323,3.288,4.600,15.125
46210,1,0,1,0.500,123623,141500,3.288,4.600,15.125
46250,1,0,1,0.500,123703,141746,3.288,4.600,15.125
46290,1,0,1,0.500,123803,142012,3.288,4.600,15.125
46330,1,0,1,0.500,123896,142264,3.288,4.600,15.125
46370,1,0,1,0.500,123967,142453,3.288,4.700,15.454
46410,1,0,1,0.500,124007,142614,3.288,4.700,15.454
46450,1,0,1,0.500,124060,142757,3.288,4.700,15.454
46490,1,0,1,0.500,124149,142941,3.288,4.700,15.454
46530,1,0,1,0.500,124109,142909,3.288,4.700,15.454
46570,1,0,1,0.500,123658,141741,3.288,4.800,15.782
46610,1,0,1,0.500,123185,140446,3.288,4.800,15.782
46650,1,0,1,0.500,123083,140166,3.288,4.800,15.782
46690,1,0,1,0.500,123192,140437,3.288,4.800,15.782
46730,1,0,1,0.500,123306,140748,3.288,4.800,15.782
46770,1,0,1,0.500,123444,141076,3.292,4.700,15.472
46810,1,0,1,0.500,123548,141381,3.292,4.700,15.472
46850,1,0,1,0.500,123579,141465,3.292,4.700,15.472
46890,1,0,1,0.500,123580,141448,3.288,4.400,14.467
46930,1,0,1,0.500,123598,141534,3.288,4.400,14.467
46970,1,0,1,0.500,123656,141698,3.288,4.800,15.782
47010,1,0,1,0.500,123743,141930,3.288,4.800,15.782
47050,1,0,1,0.500,123829,142173,3.288,4.800,15.782
47090,1,0,1,0.500,123895,142384,3.288,4.800,15.782
47130,1,0,1,0.500,123972,142560,3.288,4.800,15.782
47170,1,0,1,0.500,124042,142710,3.288,4.800,15.782
47210,1,0,1,0.500,124104,142879,3.288,4.800,15.782
47250,1,0,1,0.500,124155,143038,3.288,4.800,15.782
47290,1,0,1,0.500,124226,143198,3.288,4.700,15.454
47330,1,0,1,0.500,124156,143071,3.288,4.700,15.454
47370,1,0,1,0.500,123740,142031,3.288,4.600,15.125
47410,1,0,1,0.500,123368,140995,3.288,4.600,15.125
47450,1,0,1,0.500,123293,140775,3.288,4.600,15.125
47490,1,0,1,0.500,123406,141095,3.288,4.700,15.454
47530,1,0,1,0.500,123549,141488,3.288,4.700,15.454
47571,1,0,1,0.500,123693,141824,3.288,4.400,14.467
47610,1,0,1,0.500,123742,141977,3.288,4.400,14.467
47650,1,0,1,0.500,123700,141927,3.288,4.400,14.467
47691,1,0,1,0.500,123676,141841,3.292,4.700,15.472
47730,1,0,1,0.500,123666,141840,3.292,4.700,15.472
47771,1,0,1,0.500,123700,141978,3.288,4.700,15.454
47811,1,0,1,0.500,123773,142168,3.288,4.700,15.454
47850,1,0,1,0.500,123811,142319,3.288,4.700,15.454
47891,1,0,1,0.500,123881,142464,3.288,4.600,15.125
47931,1,0,1,0.500,123946,142646,3.288,4.600,15.125
47971,1,0,1,0.500,124019,142797,3.288,4.600,15.125
48011,1,0,1,0.500,124063,142979,3.288,4.600,15.125
48051,1,0,1,0.500,124118,143165,3.288,4.600,15.125
48091,1,0,1,0.500,123993,142858,3.288,4.900,16.111
48131,1,0,1,0.500,123634,141908,3.288,4.900,16.111
48171,1,0,1,0.500,123426,141374,3.292,4.600,15.143
48211,1,0,1,0.500,123464,141444,3.292,4.600,15.143
48251,1,0,1,0.500,123621,141852,3.292,4.600,15.143
48291,1,0,1,0.500,123788,142307,3.288,4.300,14.138
48331,1,0,1,0.500,123925,142645,3.288,4.300,14.138
48371,1,0,1,0.500,123940,142685,3.288,4.600,15.125
48411,1,0,1,0.500,123913,142658,3.288,4.600,15.125
48451,1,0,1,0.500,123918,142660,3.288,4.600,15.125
48491,1,0,1,0.500,123947,142779,3.288,4.500,14.796
48531,1,0,1,0.500,124016,142952,3.288,4.500,14.796
48571,1,0,1,0.500,124113,143216,3.288,4.700,15.454
48611,1,0,1,0.500,124185,143413,3.288,4.700,15.454
48651,1,0,1,0.500,124200,143539,3.288,4.700,15.454
48691,1,0,1,0.500,124239,143621,3.288,4.700,15.454
48731,1,0,1,0.500,124259,143733,3.288,4.700,15.454
48771,1,0,1,0.500,124300,143808,3.288,4.600,15.125
48811,1,0,1,0.500,124125,143391,3.288,4.600,15.125
48851,1,0,1,0.500,123747,142401,3.288,4.600,15.125
48891,1,0,1,0.500,123525,141762,3.288,4.900,16.111
48931,1,0,1,0.500,123551,141822,3.288,4.900,16.111
48971,1,0,1,0.500,123666,142149,3.288,4.800,15.782
49011,1,0,1,0.500,123786,142425,3.288,4.800,15.782
49051,1,0,1,0.500,123905,142722,3.288,4.800,15.782
49091,1,0,1,0.500,123946,142858,3.288,4.800,15.782
49131,1,0,1,0.500,123952,142867,3.288,4.800,15.782
49171,1,0,1,0.500,123964,142871,3.288,4.800,15.782
49211,1,0,1,0.500,124017,143033,3.288,4.800,15.782
49251,1,0,1,0.500,124095,143261,3.288,4.800,15.782
49291,1,0,1,0.500,124166,143474,3.292,4.800,15.802
49331,1,0,1,0.500,124264,143692,3.292,4.800,15.802
49371,1,0,1,0.500,124322,143904,3.292,4.600,15.143
49411,1,0,1,0.500,124372,144042,3.292,4.600,15.143
49451,1,0,1,0.500,124449,144219,3.292,4.600,15.143
49491,1,0,1,0.500,124509,144378,3.288,4.600,15.125
49531,1,0,1,0.500,124428,144174,3.288,4.600,15.125
49571,1,0,1,0.500,124071,143242,3.288,4.500,14.796
49611,1,0,1,0.500,123720,142373,3.288,4.500,14.796
49651,1,0,1,0.500,123656,142193,3.288,4.500,14.796
49691,1,0,1,0.500,123758,142398,3.288,4.500,14.796
49731,1,0,1,0.500,123865,142656,3.288,4.500,14.796
49771,1,0,1,0.500,123983,142937,3.292,4.800,15.802
49811,1,0,1,0.500,124092,143160,3.292,4.800,15.802
49851,1,0,1,0.500,124113,143198,3.292,4.800,15.802
49891,1,0,1,0.500,124130,143214,3.288,4.800,15.782
49931,1,0,1,0.500,124189,143342,3.288,4.800,15.782
49972,1,0,1,0.500,124280,143553,3.288,4.700,15.454
50011,1,0,1,0.500,124335,143752,3.288,4.700,15.454
50051,1,0,1,0.500,124413,143978,3.288,4.700,15.454
50092,1,0,1,0.500,124504,144220,3.288,4.800,15.782
50131,1,0,1,0.500,124560,144368,3.288,4.800,15.782
50172,1,0,1,0.500,124599,144523,3.288,4.900,16.111
50212,1,0,1,0.500,124665,144697,3.288,4.900,16.111
50251,1,0,1,0.500,124738,144869,3.288,4.900,16.111
50292,1,0,1,0.500,124687,144728,3.292,4.500,14.814
50332,1,0,1,0.500,124333,143844,3.292,4.500,14.814
50372,1,0,1,0.500,124020,142979,3.288,4.500,14.796
50412,1,0,1,0.500,123952,142737,3.288,4.500,14.796
50452,1,0,1,0.500,123995,142858,3.288,4.500,14.796
50492,1,0,1,0.500,124069,143061,3.288,4.600,15.125
50532,1,0,1,0.500,124153,143272,3.288,4.600,15.125
50572,1,0,1,0.500,124192,143400,3.292,4.400,14.485
50612,1,0,1,0.500,124215,143457,3.292,4.400,14.485
50652,1,0,1,0.500,124214,143463,3.292,4.400,14.485
50692,1,0,1,0.500,124226,143514,3.288,4.800,15.782
50732,1,0,1,0.500,124264,143643,3.288,4.800,15.782
50772,1,0,1,0.500,124307,143825,3.288,4.700,15.454
50812,1,0,1,0.500,124384,144028,3.288,4.700,15.454
50852,1,0,1,0.500,124463,144231,3.288,4.700,15.454
50892,1,0,1,0.500,124528,144409,3.292,4.800,15.802
50932,1,0,1,0.500,124588,144581,3.292,4.800,15.802
50972,1,0,1,0.500,124629,144702,3.288,4.600,15.125
51012,1,0,1,0.500,124692,144876,3.288,4.600,15.125
51052,1,0,1,0.500,124744,145026,3.288,4.600,15.125
51092,1,0,1,0.500,124723,145008,3.288,4.700,15.454
51132,1,0,1,0.500,124394,144190,3.288,4.700,15.454
51172,1,0,1,0.500,123856,142942,3.288,4.600,15.125
51212,1,0,1,0.500,123646,142357,3.288,4.600,15.125
51252,1,0,1,0.500,123713,142477,3.288,4.600,15.125
51292,1,0,1,0.500,123891,142812,3.288,4.800,15.782
51332,1,0,1,0.500,124046,143162,3.288,4.800,15.782
51372,1,0,1,0.500,124152,143417,3.288,4.700,15.454
51412,1,0,1,0.500,124167,143455,3.288,4.700,15.454
51452,1,0,1,0.500,124175,143484,3.288,4.700,15.454
51492,1,0,1,0.500,124162,143478,3.288,4.700,15.454
51532,1,0,1,0.500,124226,143595,3.288,4.700,15.454
51572,1,0,1,0.500,124310,143800,3.288,4.900,16.111
51612,1,0,1,0.500,124375,144005,3.288,4.900,16.111
51652,1,0,1,0.500,124479,144225,3.288,4.900,16.111
51692,1,0,1,0.500,124607,144478,3.288,4.900,16.111
51732,1,0,1,0.500,124664,144666,3.288,4.900,16.111
51772,1,0,1,0.500,124690,144804,3.292,4.500,14.814
51812,1,0,1,0.500,124744,144927,3.292,4.500,14.814
51852,1,0,1,0.500,124812,145101,3.292,4.500,14.814
51892,1,0,1,0.500,124840,145201,3.288,4.600,15.125
51932,1,0,1,0.500,124652,144718,3.288,4.600,15.125
51972,1,0,1,0.500,124259,143634,3.288,4.600,15.125
52012,1,0,1,0.500,123948,142849,3.288,4.600,15.125
52052,1,0,1,0.500,123904,142719,3.288,4.600,15.125
52093,1,0,1,0.500,123995,142927,3.288,4.800,15.782
52132,1,0,1,0.500,124094,143175,3.288,4.800,15.782
52173,1,0,1,0.500,124182,143422,3.288,4.500,14.796
52213,1,0,1,0.500,124196,143475,3.288,4.500,14.796
52252,1,0,1,0.500,124158,143373,3.288,4.500,14.796
52293,1,0,1,0.500,124131,143309,3.288,4.700,15.454
52333,1,0,1,0.500,124129,143328,3.288,4.700,15.454
52373,1,0,1,0.500,124197,143456,3.288,4.600,15.125
52413,1,0,1,0.500,124277,143664,3.288,4.600,15.125
52453,1,0,1,0.500,124322,143823,3.288,4.600,15.125
52493,1,0,1,0.500,124357,143948,3.288,4.700,15.454
52533,1,0,1,0.500,124395,144081,3.288,4.700,15.454
52573,1,0,1,0.500,124453,144241,3.288,4.600,15.125
52613,1,0,1,0.500,124534,144411,3.288,4.600,15.125
52653,1,0,1,0.500,124616,144588,3.288,4.600,15.125
52693,1,0,1,0.500,124485,144284,3.288,4.400,14.467
52733,1,0,1,0.500,124116,143352,3.288,4.400,14.467
52773,1,0,1,0.500,123874,142666,3.288,4.500,14.796
52813,1,0,1,0.500,123856,142594,3.288,4.500,14.796
52853,1,0,1,0.500,123975,142940,3.288,4.500,14.796
52893,1,0,1,0.500,124140,143347,3.288,4.600,15.125
52933,1,0,1,0.500,124281,143675,3.288,4.600,15.125
52973,1,0,1,0.500,124306,143739,3.288,5.000,16.440
53013,1,0,1,0.500,124280,143652,3.288,5.000,16.440
53053,1,0,1,0.500,124235,143520,3.288,5.000,16.440
53093,1,0,1,0.500,124261,143545,3.288,4.700,15.454
53133,1,0,1,0.500,124343,143729,3.288,4.700,15.454
53173,1,0,1,0.500,124392,143914,3.288,4.700,15.454
53213,1,0,1,0.500,124476,144108,3.288,4.700,15.454
53253,1,0,1,0.500,124546,144301,3.288,4.700,15.454
53293,1,0,1,0.500,124618,144495,3.288,4.700,15.454
53333,1,0,1,0.500,124701,144692,3.288,4.700,15.454
53373,1,0,1,0.500,124747,144818,3.288,4.800,15.782
53413,1,0,1,0.500,124645,144505,3.288,4.800,15.782
53453,1,0,1,0.500,124361,143676,3.288,4.800,15.782
53493,1,0,1,0.500,124205,143141,3.288,4.700,15.454
53533,1,0,1,0.500,124217,143142,3.288,4.700,15.454
53573,1,0,1,0.500,124327,143465,3.288,4.700,15.454
53613,1,0,1,0.500,124498,143871,3.288,4.700,15.454
53653,1,0,1,0.500,124610,144154,3.288,4.700,15.454
53693,1,0,1,0.500,124638,144234,3.288,4.700,15.454
53733,1,0,1,0.500,124611,144169,3.288,4.700,15.454
53773,1,0,1,0.500,124595,144125,3.288,4.800,15.782
53813,1,0,1,0.500,124612,144192,3.288,4.800,15.782
53853,1,0,1,0.500,124698,144384,3.288,4.800,15.782
53893,1,0,1,0.500,124793,144633,3.288,4.700,15.454
53933,1,0,1,0.500,124880,144847,3.288,4.700,15.454
53973,1,0,1,0.500,124939,145069,3.288,5.000,16.440
54013,1,0,1,0.500,125021,145232,3.288,5.000,16.440
54053,1,0,1,0.500,125074,145381,3.288,5.000,16.440
54093,1,0,1,0.500,124996,145143,3.288,4.800,15.782
54133,1,0,1,0.500,124647,144174,3.288,4.800,15.782
54174,1,0,1,0.500,124391,143347,3.288,4.800,15.782
54213,1,0,1,0.500,124353,143214,3.288,4.800,15.782
54253,1,0,1,0.500,124451,143476,3.288,4.800,15.782
54294,1,0,1,0.500,124586,143802,3.288,4.400,14.467
54333,1,0,1,0.500,124699,144085,3.288,4.400,14.467
54374,1,0,1,0.500,124740,144230,3.288,4.700,15.454
54414,1,0,1,0.500,124707,144164,3.288,4.700,15.454
54453,1,0,1,0.500,124685,144087,3.288,4.700,15.454
54494,1,0,1,0.500,124699,144119,3.284,4.900,16.092
54534,1,0,1,0.500,124748,144281,3.284,4.900,16.092
54574,1,0,1,0.500,124844,144519,3.288,5.100,16.769
54614,1,0,1,0.500,124935,144783,3.288,5.100,16.769
54654,1,0,1,0.500,125012,144999,3.288,5.100,16.769
54694,1,0,1,0.500,125074,145206,3.288,4.900,16.111
54734,1,0,1,0.500,125129,145348,3.288,4.900,16.111
54774,1,0,1,0.500,125111,145286,3.288,4.800,15.782
54814,1,0,1,0.500,124743,144317,3.288,4.800,15.782
54854,1,0,1,0.500,124300,143120,3.288,4.800,15.782
54894,1,0,1,0.500,124162,142678,3.288,5.100,16.769
54934,1,0,1,0.500,124221,142837,3.288,5.100,16.769
54974,1,0,1,0.500,124322,143104,3.292,4.600,15.143
55014,1,0,1,0.500,124421,143365,3.292,4.600,15.143
55054,1,0,1,0.500,124509,143608,3.292,4.600,15.143
55094,1,0,1,0.500,124515,143668,3.284,4.800,15.763
55134,1,0,1,0.500,124499,143607,3.284,4.800,15.763
55174,1,0,1,0.500,124500,143620,3.288,4.800,15.782
55214,1,0,1,0.500,124545,143757,3.288,4.800,15.782
55254,1,0,1,0.500,124619,143956,3.288,4.800,15.782
55294,1,0,1,0.500,124708,144164,3.284,4.800,15.763
55334,1,0,1,0.500,124785,144384,3.284,4.800,15.763
55374,1,0,1,0.500,124830,144563,3.288,4.900,16.111
55414,1,0,1,0.500,124885,144722,3.288,4.900,16.111
55454,1,0,1,0.500,124955,144887,3.288,4.900,16.111
55494,1,0,1,0.500,124917,144814,3.288,4.900,16.111
55534,1,0,1,0.500,124522,143808,3.288,4.900,16.111
55574,1,0,1,0.500,124073,142561,3.288,4.900,16.111
55614,1,0,1,0.500,123920,142157,3.288,4.900,16.111
55654,1,0,1,0.500,123955,142289,3.288,4.900,16.111
55694,1,0,1,0.500,124035,142531,3.288,4.800,15.782
55734,1,0,1,0.500,124154,142823,3.288,4.800,15.782
55774,1,0,1,0.500,124203,143006,3.288,5.000,16.440
55814,1,0,1,0.500,124208,143039,3.288,5.000,16.440
55854,1,0,1,0.500,124187,142972,3.288,5.000,16.440
55894,1,0,1,0.500,124167,142953,3.288,4.800,15.782
55934,1,0,1,0.500,124152,143036,3.288,4.800,15.782
55974,1,0,1,0.500,124204,143227,3.288,4.700,15.454
56014,1,0,1,0.500,124286,143479,3.288,4.700,15.454
56054,1,0,1,0.500,124378,143740,3.288,4.700,15.454
56094,1,0,1,0.500,124448,143955,3.288,4.700,15.454
56134,1,0,1,0.500,124524,144125,3.288,4.700,15.454
56174,1,0,1,0.500,124578,144275,3.288,4.600,15.125
56214,1,0,1,0.500,124639,144459,3.288,4.600,15.125
56254,1,0,1,0.500,124504,144114,3.288,4.600,15.125
56295,1,0,1,0.500,123995,142788,3.288,4.800,15.782
56334,1,0,1,0.500,123640,141793,3.288,4.800,15.782
56375,1,0,1,0.500,123592,141695,3.284,4.700,15.435
56414,1,0,1,0.500,123675,141925,3.284,4.700,15.435
56454,1,0,1,0.500,123780,142214,3.284,4.700,15.435
56495,1,0,1,0.500,123857,142450,3.288,4.700,15.454
56535,1,0,1,0.500,123849,142496,3.288,4.700,15.454
56575,1,0,1,0.500,123736,142313,3.288,4.700,15.454
56615,1,0,1,0.500,123433,141801,3.288,4.700,15.454
56655,1,0,1,0.500,122893,140751,3.288,4.700,15.454
56695,1,0,1,0.500,122559,140108,3.284,4.800,15.763
56735,1,0,1,0.500,122410,139927,3.284,4.800,15.763
56775,1,0,1,0.500,122597,140496,3.284,4.800,15.763
56815,1,0,1,0.500,122798,141065,3.284,4.800,15.763
56855,1,0,1,0.500,122896,141380,3.284,4.800,15.763
56895,1,0,1,0.500,122743,141293,3.292,4.800,15.802
56935,1,0,1,0.500,122108,140330,3.292,4.800,15.802
56975,1,0,1,0.500,121278,138698,3.292,4.600,15.143
57015,1,0,1,0.500,120904,137146,3.292,4.600,15.143
57055,1,0,1,0.500,120663,135983,3.292,4.600,15.143
57095,1,0,1,0.500,121145,136769,3.288,4.700,15.454
57135,1,0,1,0.500,122043,138746,3.288,4.700,15.454
57175,1,0,1,0.500,123084,141200,3.292,4.800,15.802
57215,1,0,1,0.500,123655,142679,3.292,4.800,15.802
57255,1,0,1,0.500,123962,143467,3.292,4.800,15.802
57295,1,0,1,0.500,124079,143789,3.288,5.000,16.440
57335,1,0,1,0.500,124056,143774,3.288,5.000,16.440
57375,1,0,1,0.500,124075,143776,3.288,4.900,16.111
57415,1,0,1,0.500,124230,144158,3.288,4.900,16.111
57455,1,0,1,0.500,124409,144612,3.288,4.900,16.111
57495,1,0,1,0.500,124545,144964,3.292,4.900,16.131
57535,1,0,1,0.500,124565,145013,3.292,4.900,16.131
57575,1,0,1,0.500,124533,145003,3.288,4.800,15.782
57615,1,0,1,0.500,124594,145130,3.288,4.800,15.782
57655,1,0,1,0.500,124751,145466,3.288,4.800,15.782
57695,1,0,1,0.500,124692,145303,3.292,5.200,17.118
57735,1,0,1,0.500,124189,144039,3.292,5.200,17.118
57775,1,0,1,0.500,123817,142952,3.288,4.700,15.454
57815,1,0,1,0.500,123692,142597,3.288,4.700,15.454
57855,1,0,1,0.500,123813,142856,3.288,4.700,15.454
57895,1,0,1,0.500,123982,143311,3.272,5.000,16.360
57935,1,0,1,0.500,124155,143736,3.272,5.000,16.360
57975,1,0,1,0.500,124208,143886,3.292,4.800,15.802
58015,1,0,1,0.500,124167,143803,3.292,4.800,15.802
58055,1,0,1,0.500,124142,143707,3.292,4.800,15.802
58095,1,0,1,0.500,124188,143774,3.272,5.000,16.360
58135,1,0,1,0.500,124256,143971,3.272,5.000,16.360
58175,1,0,1,0.500,124332,144167,3.288,4.800,15.782
58215,1,0,1,0.500,124438,144403,3.288,4.800,15.782
58255,1,0,1,0.500,124536,144645,3.288,4.800,15.782
58295,1,0,1,0.500,124636,144910,3.264,5.100,16.646
58335,1,0,1,0.500,124717,145106,3.264,5.100,16.646
58376,1,0,1,0.500,124785,145257,3.288,5.000,16.440
58415,1,0,1,0.500,124532,144630,3.288,5.000,16.440
58455,1,0,1,0.500,124003,143237,3.288,5.000,16.440
58496,1,0,1,0.500,123699,142408,3.260,5.100,16.626
58535,1,0,1,0.500,123731,142409,3.260,5.100,16.626
58576,1,0,1,0.500,123896,142844,3.288,13.400,44.059
58616,1,0,1,0.500,124063,143253,3.288,13.400,44.059
58655,1,0,1,0.500,124193,143585,3.288,13.400,44.059
58696,1,0,1,0.500,124241,143730,3.256,5.000,16.280
58736,1,0,1,0.500,124197,143623,3.256,5.000,16.280
58776,1,0,1,0.500,124159,143490,3.288,14.000,46.032
58816,1,0,1,0.500,124230,143625,3.288,14.000,46.032
58856,1,0,1,0.500,124333,143920,3.288,14.000,46.032
58896,1,0,1,0.500,124450,144210,3.252,5.000,16.260
58936,1,0,1,0.500,124561,144502,3.252,5.000,16.260
58976,1,0,1,0.500,124668,144794,3.288,14.800,48.662
59016,1,0,1,0.500,124789,145088,3.288,14.800,48.662
59056,1,0,1,0.500,124891,145385,3.288,14.800,48.662
59096,1,0,1,0.500,124931,145535,3.248,5.200,16.890
59136,1,0,1,0.500,124633,144756,3.248,5.200,16.890
59176,1,0,1,0.500,124135,143380,3.276,11.700,38.329
59216,1,0,1,0.500,123907,142713,3.276,11.700,38.329
59256,1,0,1,0.500,123979,142833,3.276,11.700,38.329
59296,1,0,1,0.500,124174,143258,3.280,13.300,43.624
59336,1,0,1,0.500,124333,143706,3.280,13.300,43.624
59376,1,0,1,0.500,124484,144078,3.248,4.700,15.266
59416,1,0,1,0.500,124520,144160,3.248,4.700,15.266
59456,1,0,1,0.500,124486,144119,3.248,4.700,15.266
59496,1,0,1,0.500,124480,144106,3.268,11.100,36.275
59536,1,0,1,0.500,124534,144243,3.268,11.100,36.275
59576,1,0,1,0.500,124612,144465,3.288,14.700,48.334
59616,1,0,1,0.500,124712,144706,3.288,14.700,48.334
59656,1,0,1,0.500,124823,144982,3.288,14.700,48.334
59696,1,0,1,0.500,124925,145279,3.260,6.700,21.842
59736,1,0,1,0.500,125020,145495,3.260,6.700,21.842
59776,1,0,1,0.500,125129,145744,3.260,8.800,28.688
59816,1,0,1,0.500,125228,145973,3.260,8.800,28.688
59856,1,0,1,0.500,125106,145656,3.260,8.800,28.688
59896,1,0,1,0.500,124621,144332,3.280,15.500,50.840
59936,1,0,1,0.500,124200,143198,3.280,15.500,50.840
59976,1,0,1,0.500,124156,142994,3.256,7.500,24.420
60016,1,0,1,0.500,124295,143308,3.256,7.500,24.420
60056,1,0,1,0.500,124413,143649,3.256,7.500,24.420
60096,1,0,1,0.500,124526,143994,3.260,8.200,26.732
60136,1,0,1,0.500,124596,144143,3.260,8.200,26.732
60176,1,0,1,0.500,124572,144112,3.288,16.100,52.937
60216,1,0,1,0.500,124511,143984,3.288,16.100,52.937
60256,1,0,1,0.500,124527,144028,3.288,16.100,52.937
60296,1,0,1,0.500,124578,144182,3.268,9.600,31.373
60336,1,0,1,0.500,124562,144224,3.268,9.600,31.373
60376,1,0,1,0.500,124510,144125,3.248,6.300,20.462
60416,1,0,1,0.500,124544,144215,3.248,6.300,20.462
60456,1,0,1,0.500,124632,144467,3.248,6.300,20.462
60497,1,0,1,0.500,124706,144644,3.284,15.600,51.230
60536,1,0,1,0.500,124801,144873,3.284,15.600,51.230
60576,1,0,1,0.500,124794,144874,3.264,9.000,29.376
60617,1,0,1,0.500,124451,143957,3.264,9.000,29.376
60656,1,0,1,0.500,124095,142943,3.264,9.000,29.376
60697,1,0,1,0.500,123967,142593,3.252,6.300,20.488
60737,1,0,1,0.500,124066,142862,3.252,6.300,20.488
60776,1,0,1,0.500,124270,143374,3.284,15.500,50.902
60817,1,0,1,0.500,124421,143796,3.284,15.500,50.902
60857,1,0,1,0.500,124467,143956,3.284,15.500,50.902
60897,1,0,1,0.500,124420,143843,3.268,9.600,31.373
60937,1,0,1,0.500,124356,143689,3.268,9.600,31.373
60977,1,0,1,0.500,124346,143665,3.268,9.700,31.700
61017,1,0,1,0.500,124419,143791,3.268,9.700,31.700
61057,1,0,1,0.500,124494,144039,3.268,9.700,31.700
61097,1,0,1,0.500,124611,144316,3.260,9.000,29.340
61137,1,0,1,0.500,124700,144561,3.260,9.000,29.340
61177,1,0,1,0.500,124782,144779,3.280,12.900,42.312
61217,1,0,1,0.500,124862,144980,3.280,12.900,42.312
61257,1,0,1,0.500,124895,145100,3.280,12.900,42.312
61297,1,0,1,0.500,124637,144486,3.248,5.600,18.189
61337,1,0,1,0.500,124159,143157,3.248,5.600,18.189
61377,1,0,1,0.500,123940,142560,3.284,16.800,55.171
61417,1,0,1,0.500,124034,142735,3.284,16.800,55.171
61457,1,0,1,0.500,124227,143208,3.284,16.800,55.171
61497,1,0,1,0.500,124381,143652,3.244,5.100,16.544
61537,1,0,1,0.500,124508,143979,3.244,5.100,16.544
61577,1,0,1,0.500,124532,144022,3.284,16.900,55.500
61617,1,0,1,0.500,124456,143843,3.284,16.900,55.500
61657,1,0,1,0.500,124481,143884,3.284,16.900,55.500
61697,1,0,1,0.500,124572,144086,3.244,5.400,17.518
61737,1,0,1,0.500,124638,144284,3.244,5.400,17.518
61777,1,0,1,0.500,124683,144462,3.284,16.900,55.500
61817,1,0,1,0.500,124771,144673,3.284,16.900,55.500
61857,1,0,1,0.500,124866,144935,3.284,16.900,55.500
61897,1,0,1,0.500,124924,145119,3.248,5.300,17.214
61937,1,0,1,0.500,124973,145240,3.248,5.300,17.214
61977,1,0,1,0.500,124793,144793,3.292,16.600,54.647
62017,1,0,1,0.500,124234,143328,3.292,16.600,54.647
62057,1,0,1,0.500,123843,142243,3.292,16.600,54.647
62097,1,0,1,0.500,123862,142228,3.244,5.400,17.518
62137,1,0,1,0.500,124050,142698,3.244,5.400,17.518
62177,1,0,1,0.500,124252,143203,3.288,17.100,56.225
62217,1,0,1,0.500,124418,143642,3.288,17.100,56.225
62257,1,0,1,0.500,124450,143792,3.288,17.100,56.225
62297,1,0,1,0.500,124429,143737,3.260,4.800,15.648
62337,1,0,1,0.500,124414,143674,3.260,4.800,15.648
62377,1,0,1,0.500,124431,143719,3.292,6.700,22.056
62417,1,0,1,0.500,124508,143906,3.292,6.700,22.056
62457,1,0,1,0.500,124619,144175,3.292,6.700,22.056
62497,1,0,1,0.500,124711,144442,3.292,16.400,53.989
62537,1,0,1,0.500,124793,144662,3.292,16.400,53.989
62577,1,0,1,0.500,124877,144867,3.268,4.800,15.686
62617,1,0,1,0.500,124962,145095,3.268,4.800,15.686
62658,1,0,1,0.500,124987,145152,3.268,4.800,15.686
62697,1,0,1,0.500,124630,144207,3.288,4.600,15.125
62737,1,0,1,0.500,124096,142756,3.288,4.600,15.125
62777,1,0,1,0.500,123916,142254,3.288,14.100,46.361
62817,1,0,1,0.500,124056,142533,3.288,14.100,46.361
62858,1,0,1,0.500,124193,142902,3.288,14.100,46.361
62897,1,0,1,0.500,124295,143198,3.276,4.400,14.414
62938,1,0,1,0.500,124420,143530,3.276,4.400,14.414
62977,1,0,1,0.500,124478,143651,3.292,4.600,15.143
63017,1,0,1,0.500,124451,143640,3.292,4.600,15.143
63058,1,0,1,0.500,124465,143684,3.292,4.600,15.143
63097,1,0,1,0.500,124557,143893,3.292,13.100,43.125
63138,1,0,1,0.500,124647,144144,3.292,13.100,43.125
63178,1,0,1,0.500,124746,144407,3.280,4.600,15.088
63218,1,0,1,0.500,124822,144603,3.280,4.600,15.088
63258,1,0,1,0.500,124890,144787,3.280,4.600,15.088
63298,1,0,1,0.500,124974,144995,3.288,4.700,15.454
63338,1,0,1,0.500,125080,145228,3.288,4.700,15.454
63378,1,0,1,0.500,125152,145424,3.292,11.600,38.187
63418,1,0,1,0.500,124999,145045,3.292,11.600,38.187
63458,1,0,1,0.500,124445,143591,3.292,11.600,38.187
63498,1,0,1,0.500,124010,142399,3.288,4.400,14.467
63538,1,0,1,0.500,123885,142114,3.288,4.400,14.467
63578,1,0,1,0.500,123946,142293,3.288,4.800,15.782
63618,1,0,1,0.500,124130,142724,3.288,4.800,15.782
63658,1,0,1,0.500,124304,143171,3.288,4.800,15.782
63698,1,0,1,0.500,124409,143428,3.288,9.700,31.894
63738,1,0,1,0.500,124399,143415,3.288,9.700,31.894
63778,1,0,1,0.500,124384,143331,3.292,4.500,14.814
63818,1,0,1,0.500,124382,143377,3.292,4.500,14.814
63858,1,0,1,0.500,124434,143533,3.292,4.500,14.814
63898,1,0,1,0.500,124526,143744,3.292,4.700,15.472
63938,1,0,1,0.500,124576,143930,3.292,4.700,15.472
63978,1,0,1,0.500,124626,144090,3.288,4.700,15.454
64018,1,0,1,0.500,124670,144231,3.288,4.700,15.454
64058,1,0,1,0.500,124713,144363,3.288,4.700,15.454
64098,1,0,1,0.500,124737,144438,3.288,4.300,14.138
64138,1,0,1,0.500,124793,144616,3.288,4.300,14.138
64178,1,0,1,0.500,124752,144467,3.288,4.400,14.467
64218,1,0,1,0.500,124267,143249,3.288,4.400,14.467
64258,1,0,1,0.500,123727,141809,3.288,4.400,14.467
64298,1,0,1,0.500,123520,141217,3.284,4.600,15.106
64338,1,0,1,0.500,123657,141557,3.284,4.600,15.106
64378,1,0,1,0.500,123828,142020,3.288,4.700,15.454
64418,1,0,1,0.500,123988,142476,3.288,4.700,15.454
64458,1,0,1,0.500,124081,142717,3.288,4.700,15.454
64498,1,0,1,0.500,124044,142660,3.276,4.400,14.414
64538,1,0,1,0.500,123975,142500,3.276,4.400,14.414
64579,1,0,1,0.500,123978,142539,3.272,4.500,14.724
64619,1,0,1,0.500,124071,142756,3.272,4.500,14.724
64658,1,0,1,0.500,124192,143074,3.272,4.500,14.724
64699,1,0,1,0.500,124283,143327,3.276,4.400,14.414
64739,1,0,1,0.500,124334,143505,3.276,4.400,14.414
64778,1,0,1,0.500,124391,143643,3.276,4.500,14.742
64819,1,0,1,0.500,124430,143766,3.276,4.500,14.742
64859,1,0,1,0.500,124495,143949,3.276,4.500,14.742
64899,1,0,1,0.500,124539,144059,3.276,4.700,15.397
64939,1,0,1,0.500,124237,143283,3.276,4.700,15.397
64979,1,0,1,0.500,123747,141999,3.276,4.500,14.742
65019,1,0,1,0.500,123562,141427,3.276,4.500,14.742
65059,1,0,1,0.500,123668,141663,3.276,4.500,14.742
65099,1,0,1,0.500,123858,142192,3.280,4.500,14.760
65139,1,0,1,0.500,124080,142754,3.280,4.500,14.760
65179,1,0,1,0.500,124214,143126,3.284,4.700,15.435
65219,1,0,1,0.500,124226,143144,3.284,4.700,15.435
65259,1,0,1,0.500,124164,142984,3.284,4.700,15.435
65299,1,0,1,0.500,124139,142941,3.284,4.700,15.435
65339,1,0,1,0.500,124232,143139,3.284,4.700,15.435
65379,1,0,1,0.500,124336,143409,3.284,4.600,15.106
65419,1,0,1,0.500,124431,143671,3.284,4.600,15.106
65459,1,0,1,0.500,124517,143888,3.284,4.600,15.106
65499,1,0,1,0.500,124604,144119,3.284,4.800,15.763
65539,1,0,1,0.500,124663,144285,3.284,4.800,15.763
65579,1,0,1,0.500,124728,144471,3.284,4.700,15.435
65619,1,0,1,0.500,124751,144499,3.284,4.700,15.435
65659,1,0,1,0.500,124386,143584,3.284,4.700,15.435
65699,1,0,1,0.500,123881,142212,3.284,4.600,15.106
65739,1,0,1,0.500,123674,141629,3.284,4.600,15.106
65779,1,0,1,0.500,123755,141807,3.284,4.800,15.763
65819,1,0,1,0.500,123924,142264,3.284,4.800,15.763
65859,1,0,1,0.500,124103,142724,3.284,4.800,15.763
65899,1,0,1,0.500,124232,143048,3.288,4.500,14.796
65939,1,0,1,0.500,124254,143120,3.288,4.500,14.796
65979,1,0,1,0.500,124222,143072,3.288,4.600,15.125
66019,1,0,1,0.500,124223,143044,3.288,4.600,15.125
66059,1,0,1,0.500,124283,143184,3.288,4.600,15.125
66099,1,0,1,0.500,124390,143450,3.288,4.800,15.782
66139,1,0,1,0.500,124484,143736,3.288,4.800,15.782
66179,1,0,1,0.500,124575,143944,3.284,4.500,14.778
66219,1,0,1,0.500,124626,144109,3.284,4.500,14.778
66259,1,0,1,0.500,124692,144280,3.284,4.500,14.778
66299,1,0,1,0.500,124779,144500,3.288,4.800,15.782
66339,1,0,1,0.500,124770,144466,3.288,4.800,15.782
66379,1,0,1,0.500,124327,143343,3.284,4.600,15.106
66419,1,0,1,0.500,123801,141893,3.284,4.600,15.106
66459,1,0,1,0.500,123617,141364,3.284,4.600,15.106
66499,1,0,1,0.500,123724,141627,3.288,4.400,14.467
66539,1,0,1,0.500,123898,142088,3.288,4.400,14.467
66580,1,0,1,0.500,124066,142551,3.288,4.400,14.467
66619,1,0,1,0.500,124184,142883,3.288,4.400,14.467
66659,1,0,1,0.500,124202,142952,3.288,4.400,14.467
66700,1,0,1,0.500,124152,142840,3.284,4.800,15.763
66739,1,0,1,0.500,124152,142815,3.284,4.800,15.763
66780,1,0,1,0.500,124198,142932,3.284,4.600,15.106
66820,1,0,1,0.500,124262,143126,3.284,4.600,15.106
66860,1,0,1,0.500,124365,143389,3.284,4.600,15.106
66900,1,0,1,0.500,124493,143720,3.284,4.600,15.106
66940,1,0,1,0.500,124587,143945,3.284,4.600,15.106
66980,1,0,1,0.500,124616,144090,3.284,4.800,15.763
67020,1,0,1,0.500,124693,144261,3.284,4.800,15.763
67060,1,0,1,0.500,124755,144398,3.284,4.800,15.763
67100,1,0,1,0.500,124432,143610,3.284,4.600,15.106
67140,1,0,1,0.500,123872,142087,3.284,4.600,15.106
67180,1,0,1,0.500,123607,141323,3.288,4.500,14.796
67220,1,0,1,0.500,123658,141480,3.288,4.500,14.796
67260,1,0,1,0.500,123812,141908,3.288,4.500,14.796
67300,1,0,1,0.500,123978,142344,3.288,4.600,15.125
67340,1,0,1,0.500,124123,142753,3.288,4.600,15.125
67380,1,0,1,0.500,124166,142895,3.284,4.500,14.778
67420,1,0,1,0.500,124149,142846,3.284,4.500,14.778
67460,1,0,1,0.500,124129,142800,3.284,4.500,14.778
67500,1,0,1,0.500,124170,142884,3.284,4.600,15.106
67540,1,0,1,0.500,124234,143062,3.284,4.600,15.106
67580,1,0,1,0.500,124335,143295,3.284,4.500,14.778
67620,1,0,1,0.500,124422,143565,3.284,4.500,14.778
67660,1,0,1,0.500,124495,143760,3.284,4.500,14.778
67700,1,0,1,0.500,124561,143922,3.284,4.400,14.450
67740,1,0,1,0.500,124622,144091,3.284,4.400,14.450
67780,1,0,1,0.500,124669,144245,3.284,4.700,15.435
67820,1,0,1,0.500,124647,144199,3.284,4.700,15.435
67860,1,0,1,0.500,124235,143109,3.284,4.700,15.435
67900,1,0,1,0.500,123713,141727,3.284,4.500,14.778
67940,1,0,1,0.500,123543,141246,3.284,4.500,14.778
67980,1,0,1,0.500,123659,141504,3.284,4.900,16.092
68020,1,0,1,0.500,123858,142020,3.284,4.900,16.092
68060,1,0,1,0.500,124053,142519,3.284,4.900,16.092
68100,1,0,1,0.500,124118,142744,3.284,4.600,15.106
68140,1,0,1,0.500,124064,142613,3.284,4.600,15.106
68180,1,0,1,0.500,123985,142443,3.268,4.700,15.360
68220,1,0,1,0.500,123988,142408,3.268,4.700,15.360
68260,1,0,1,0.500,124030,142511,3.268,4.700,15.360
68300,1,0,1,0.500,124084,142679,3.268,4.700,15.360
68340,1,0,1,0.500,124146,142879,3.268,4.700,15.360
68380,1,0,1,0.500,124204,143048,3.260,4.800,15.648
68420,1,0,1,0.500,124265,143249,3.260,4.800,15.648
68460,1,0,1,0.500,124315,143385,3.260,4.800,15.648
68500,1,0,1,0.500,124354,143473,3.260,4.800,15.648
68540,1,0,1,0.500,124101,142819,3.260,4.800,15.648
68580,1,0,1,0.500,123631,141585,3.260,4.600,14.996
68620,1,0,1,0.500,123418,140969,3.260,4.600,14.996
68660,1,0,1,0.500,123506,141164,3.260,4.600,14.996
68700,1,0,1,0.500,123768,141777,3.256,4.800,15.629
68740,1,0,1,0.500,124061,142547,3.256,4.800,15.629
68781,1,0,1,0.500,124164,142870,3.284,4.300,14.121
68820,1,0,1,0.500,124140,142811,3.284,4.300,14.121
68860,1,0,1,0.500,124069,142643,3.284,4.300,14.121
68901,1,0,1,0.500,124067,142627,3.284,4.700,15.435
68940,1,0,1,0.500,124146,142802,3.284,4.700,15.435
68981,1,0,1,0.500,124267,143105,3.284,4.500,14.778
69021,1,0,1,0.500,124402,143427,3.284,4.500,14.778
69060,1,0,1,0.500,124499,143694,3.284,4.500,14.778
69101,1,0,1,0.500,124585,143934,3.284,4.800,15.763
69141,1,0,1,0.500,124646,144121,3.284,4.800,15.763
69181,1,0,1,0.500,124614,144038,3.268,5.000,16.340
69221,1,0,1,0.500,124161,142909,3.268,5.000,16.340
69261,1,0,1,0.500,123646,141517,3.268,5.000,16.340
69301,1,0,1,0.500,123479,141065,3.268,4.600,15.033
69341,1,0,1,0.500,123604,141358,3.268,4.600,15.033
69381,1,0,1,0.500,123788,141846,3.272,4.800,15.706
69421,1,0,1,0.500,123963,142280,3.272,4.800,15.706
69461,1,0,1,0.500,124052,142512,3.272,4.800,15.706
69501,1,0,1,0.500,124032,142473,3.276,4.700,15.397
69541,1,0,1,0.500,123973,142352,3.276,4.700,15.397
69581,1,0,1,0.500,124039,142462,3.280,4.300,14.104
69621,1,0,1,0.500,124142,142695,3.280,4.300,14.104
69661,1,0,1,0.500,124266,143044,3.280,4.300,14.104
69701,1,0,1,0.500,124378,143318,3.280,4.600,15.088
69741,1,0,1,0.500,124462,143542,3.280,4.600,15.088
69781,1,0,1,0.500,124519,143686,3.280,4.800,15.744
69821,1,0,1,0.500,124546,143787,3.280,4.800,15.744
69861,1,0,1,0.500,124313,143196,3.280,4.800,15.744
69901,1,0,1,0.500,123722,141669,3.280,4.900,16.072
69941,1,0,1,0.500,123363,140711,3.280,4.900,16.072
69981,1,0,1,0.500,123369,140708,3.276,4.800,15.725
70021,1,0,1,0.500,123514,141091,3.276,4.800,15.725
70061,1,0,1,0.500,123674,141514,3.276,4.800,15.725
70101,1,0,1,0.500,123827,141904,3.276,4.700,15.397
70141,1,0,1,0.500,123856,141987,3.276,4.700,15.397
70181,1,0,1,0.500,123830,141915,3.280,4.900,16.072
70221,1,0,1,0.500,123838,141941,3.280,4.900,16.072
70261,1,0,1,0.500,123912,142125,3.280,4.900,16.072
70301,1,0,1,0.500,124005,142354,3.284,4.500,14.778
70341,1,0,1,0.500,124101,142621,3.284,4.500,14.778
70381,1,0,1,0.500,124178,142875,3.280,4.700,15.416
70421,1,0,1,0.500,124303,143156,3.280,4.700,15.416
70461,1,0,1,0.500,124416,143448,3.280,4.700,15.416
70501,1,0,1,0.500,124483,143599,3.284,4.400,14.450
70541,1,0,1,0.500,124225,142949,3.284,4.400,14.450
70581,1,0,1,0.500,123714,141585,3.284,4.200,13.793
70621,1,0,1,0.500,123433,140850,3.284,4.200,13.793
70661,1,0,1,0.500,123487,140965,3.284,4.200,13.793
70701,1,0,1,0.500,123625,141310,3.284,4.600,15.106
70741,1,0,1,0.500,123743,141645,3.284,4.600,15.106
70781,1,0,1,0.500,123843,141957,3.280,5.000,16.400
70821,1,0,1,0.500,123903,142081,3.280,5.000,16.400
70861,1,0,1,0.500,123884,142041,3.280,5.000,16.400
70901,1,0,1,0.500,123898,142067,3.284,4.500,14.778
70941,1,0,1,0.500,123970,142286,3.284,4.500,14.778
70982,1,0,1,0.500,124093,142557,3.284,4.800,15.763
71021,1,0,1,0.500,124182,142832,3.284,4.800,15.763
71061,1,0,1,0.500,124255,143045,3.284,4.800,15.763
71102,1,0,1,0.500,124328,143235,3.284,5.000,16.420
71141,1,0,1,0.500,124417,143457,3.284,5.000,16.420
71182,1,0,1,0.500,124497,143691,3.284,4.700,15.435
71222,1,0,1,0.500,124498,143672,3.284,4.700,15.435
71261,1,0,1,0.500,124156,142744,3.284,4.700,15.435
71302,1,0,1,0.500,123761,141644,3.284,4.800,15.763
71342,1,0,1,0.500,123672,141385,3.284,4.800,15.763
71382,1,0,1,0.500,123789,141677,3.280,4.600,15.088
71422,1,0,1,0.500,123913,142028,3.280,4.600,15.088
71462,1,0,1,0.500,124066,142451,3.280,4.600,15.088
71502,1,0,1,0.500,124186,142748,3.284,4.600,15.106
71542,1,0,1,0.500,124225,142843,3.284,4.600,15.106
71582,1,0,1,0.500,124235,142881,3.284,4.300,14.121
71622,1,0,1,0.500,124284,142974,3.284,4.300,14.121
71662,1,0,1,0.500,124379,143192,3.284,4.300,14.121
71702,1,0,1,0.500,124493,143472,3.280,4.800,15.744
71742,1,0,1,0.500,124577,143717,3.280,4.800,15.744
71782,1,0,1,0.500,124640,143885,3.276,4.300,14.087
71822,1,0,1,0.500,124693,144046,3.276,4.300,14.087
71862,1,0,1,0.500,124760,144239,3.276,4.300,14.087
71902,1,0,1,0.500,124831,144428,3.280,4.800,15.744
71942,1,0,1,0.500,124889,144588,3.280,4.800,15.744
71982,1,0,1,0.500,124754,144237,3.276,4.500,14.742
72022,1,0,1,0.500,124329,143122,3.276,4.500,14.742
72062,1,0,1,0.500,124055,142383,3.276,4.500,14.742
72102,1,0,1,0.500,124075,142421,3.272,4.400,14.397
72142,1,0,1,0.500,124204,142765,3.272,4.400,14.397
72182,1,0,1,0.500,124338,143129,3.280,4.800,15.744
72222,1,0,1,0.500,124440,143391,3.280,4.800,15.744
72262,1,0,1,0.500,124456,143460,3.280,4.800,15.744
72302,1,0,1,0.500,124438,143424,3.280,4.700,15.416
72342,1,0,1,0.500,124410,143351,3.280,4.700,15.416
72382,1,0,1,0.500,124438,143426,3.268,4.500,14.706
72422,1,0,1,0.500,124474,143588,3.268,4.500,14.706
72462,1,0,1,0.500,124542,143779,3.268,4.500,14.706
72502,1,0,1,0.500,124571,143881,3.256,4.600,14.978
72542,1,0,1,0.500,124596,143939,3.256,4.600,14.978
72582,1,0,1,0.500,124596,144031,3.264,4.700,15.341
72622,1,0,1,0.500,124618,144071,3.264,4.700,15.341
72662,1,0,1,0.500,124678,144227,3.264,4.700,15.341
72702,1,0,1,0.500,124768,144434,3.256,5.000,16.280
72742,1,0,1,0.500,124586,143939,3.256,5.000,16.280
72782,1,0,1,0.500,124301,143127,3.284,4.800,15.763
72822,1,0,1,0.500,124191,142849,3.284,4.800,15.763
72862,1,0,1,0.500,124253,143014,3.284,4.800,15.763
72902,1,0,1,0.500,124365,143342,3.272,4.700,15.378
72942,1,0,1,0.500,124466,143629,3.272,4.700,15.378
72982,1,0,1,0.500,124470,143662,3.280,4.500,14.760
73022,1,0,1,0.500,124364,143417,3.280,4.500,14.760
73062,1,0,1,0.500,124330,143282,3.280,4.500,14.760
73102,1,0,1,0.500,124349,143351,3.292,4.700,15.472
73142,1,0,1,0.500,124407,143535,3.292,4.700,15.472
73183,1,0,1,0.500,124454,143676,3.288,4.800,15.782
73222,1,0,1,0.500,124492,143765,3.288,4.800,15.782
73262,1,0,1,0.500,124491,143817,3.288,4.800,15.782
73303,1,0,1,0.500,124489,143842,3.288,4.400,14.467
73343,1,0,1,0.500,124518,143901,3.288,4.400,14.467
73383,1,0,1,0.500,124598,144064,3.292,4.500,14.814
73423,1,0,1,0.500,124574,144043,3.292,4.500,14.814
73463,1,0,1,0.500,124325,143359,3.292,4.500,14.814
73503,1,0,1,0.500,124144,142836,3.292,4.700,15.472
73543,1,0,1,0.500,124228,143014,3.292,4.700,15.472
73583,1,0,1,0.500,124375,143433,3.288,4.700,15.454
73623,1,0,1,0.500,124523,143768,3.288,4.700,15.454
73663,1,0,1,0.500,124612,143995,3.288,4.700,15.454
73703,1,0,1,0.500,124642,144057,3.288,4.700,15.454
73743,1,0,1,0.500,124658,144065,3.288,4.700,15.454
73783,1,0,1,0.500,124716,144174,3.292,4.800,15.802
73823,1,0,1,0.500,124825,144422,3.292,4.800,15.802
73863,1,0,1,0.500,124935,144735,3.292,4.800,15.802
73903,1,0,1,0.500,125033,144987,3.276,4.600,15.070
73943,1,0,1,0.500,125104,145169,3.276,4.600,15.070
73983,1,0,1,0.500,125179,145328,3.236,4.900,15.856
74023,1,0,1,0.500,125204,145441,3.236,4.900,15.856
74063,1,0,1,0.500,125247,145517,3.236,4.900,15.856
74103,1,0,1,0.500,125302,145630,3.268,4.700,15.360
74143,1,0,1,0.500,125303,145653,3.268,4.700,15.360
74183,1,0,1,0.500,125047,144955,3.260,4.600,14.996
74223,1,0,1,0.500,124699,143997,3.260,4.600,14.996
74263,1,0,1,0.500,124573,143641,3.260,4.600,14.996
74303,1,0,1,0.500,124615,143754,3.280,4.800,15.744
74343,1,0,1,0.500,124704,143965,3.280,4.800,15.744
74383,1,0,1,0.500,124808,144234,3.284,4.600,15.106
74423,1,0,1,0.500,124886,144469,3.284,4.600,15.106
74463,1,0,1,0.500,124902,144529,3.284,4.600,15.106
74503,1,0,1,0.500,124895,144495,3.284,4.800,15.763
74543,1,0,1,0.500,124920,144539,3.284,4.800,15.763
74583,1,0,1,0.500,124969,144693,3.284,4.700,15.435
74623,1,0,1,0.500,125020,144811,3.284,4.700,15.435
74663,1,0,1,0.500,125092,144975,3.284,4.700,15.435
74703,1,0,1,0.500,125167,145146,3.288,4.800,15.782
74743,1,0,1,0.500,125228,145323,3.288,4.800,15.782
74783,1,0,1,0.500,125276,145440,3.288,4.700,15.454
74823,1,0,1,0.500,125312,145575,3.288,4.700,15.454
74863,1,0,1,0.500,125362,145742,3.288,4.700,15.454
74903,1,0,1,0.500,125309,145626,3.284,4.700,15.435
74943,1,0,1,0.500,125006,144786,3.284,4.700,15.435
74983,1,0,1,0.500,124765,144061,3.288,4.500,14.796
75023,1,0,1,0.500,124709,143896,3.288,4.500,14.796
75063,1,0,1,0.500,124770,144047,3.288,4.500,14.796
75103,1,0,1,0.500,124842,144227,3.288,4.700,15.454
75143,1,0,1,0.500,124932,144474,3.288,4.700,15.454
75184,1,0,1,0.500,124999,144674,3.252,4.600,14.959
75223,1,0,1,0.500,125041,144773,3.252,4.600,14.959
75263,1,0,1,0.500,125053,144803,3.252,4.600,14.959
75304,1,0,1,0.500,125076,144849,3.232,4.600,14.867
75343,1,0,1,0.500,125141,145021,3.232,4.600,14.867
75384,1,0,1,0.500,125201,145209,3.232,4.800,15.514
75424,1,0,1,0.500,125284,145413,3.232,4.800,15.514
75463,1,0,1,0.500,125353,145587,3.232,4.800,15.514
75504,1,0,1,0.500,125418,145753,3.232,4.600,14.867
75544,1,0,1,0.500,125475,145903,3.232,4.600,14.867
75584,1,0,1,0.500,125542,146037,3.232,4.400,14.221
75624,1,0,1,0.500,125578,146188,3.232,4.400,14.221
75664,1,0,1,0.500,125611,146272,3.232,4.400,14.221
75704,1,0,1,0.500,125447,145841,3.244,4.600,14.922
75744,1,0,1,0.500,125029,144702,3.244,4.600,14.922
75784,1,0,1,0.500,124743,143968,3.204,4.700,15.059
75824,1,0,1,0.500,124735,143905,3.204,4.700,15.059
75864,1,0,1,0.500,124814,144105,3.204,4.700,15.059
75904,1,0,1,0.500,124891,144311,3.204,4.800,15.379
75944,1,0,1,0.500,124972,144542,3.204,4.800,15.379
75984,1,0,1,0.500,125034,144688,3.204,4.600,14.738
76024,1,0,1,0.500,125032,144680,3.204,4.600,14.738
76064,1,0,1,0.500,125015,144655,3.204,4.600,14.738
76104,1,0,1,0.500,125041,144725,3.204,4.700,15.059
76144,1,0,1,0.500,125110,144886,3.204,4.700,15.059
76184,1,0,1,0.500,125200,145094,3.192,4.400,14.045
76224,1,0,1,0.500,125260,145253,3.192,4.400,14.045
76264,1,0,1,0.500,125328,145427,3.192,4.400,14.045
76304,1,0,1,0.500,125386,145577,3.188,4.700,14.984
76344,1,0,1,0.500,125409,145710,3.188,4.700,14.984
76384,1,0,1,0.500,125456,145821,3.188,4.700,14.984
76424,1,0,1,0.500,125495,145945,3.188,4.700,14.984
76464,1,0,1,0.500,125549,146066,3.188,4.700,14.984
76504,1,0,1,0.500,125498,145945,3.176,4.900,15.562
76544,1,0,1,0.500,125155,145009,3.176,4.900,15.562
76584,1,0,1,0.500,124812,144016,3.128,4.800,15.014
76624,1,0,1,0.500,124692,143724,3.128,4.800,15.014
76664,1,0,1,0.500,124726,143855,3.128,4.800,15.014
76704,1,0,1,0.500,124835,144125,3.156,4.800,15.149
76744,1,0,1,0.500,124969,144462,3.156,4.800,15.149
76784,1,0,1,0.500,125021,144664,3.176,4.700,14.927
76824,1,0,1,0.500,125032,144671,3.176,4.700,14.927
76864,1,0,1,0.500,125008,144632,3.176,4.700,14.927
76904,1,0,1,0.500,125012,144639,3.196,4.700,15.021
76944,1,0,1,0.500,125056,144744,3.196,4.700,15.021
76984,1,0,1,0.500,125135,144899,3.168,4.600,14.573
77024,1,0,1,0.500,125177,145047,3.168,4.600,14.573
77064,1,0,1,0.500,125204,145127,3.168,4.600,14.573
77104,1,0,1,0.500,125240,145199,3.228,5.000,16.140
77144,1,0,1,0.500,125272,145297,3.228,5.000,16.140
77184,1,0,1,0.500,125301,145416,3.272,4.900,16.033
77224,1,0,1,0.500,125335,145502,3.272,4.900,16.033
77264,1,0,1,0.500,125220,145218,3.272,4.900,16.033
77304,1,0,1,0.500,124844,144246,3.268,4.400,14.379
77344,1,0,1,0.500,124568,143488,3.268,4.400,14.379
77384,1,0,1,0.500,124566,143439,3.284,4.900,16.092
77424,1,0,1,0.500,124675,143743,3.284,4.900,16.092
77464,1,0,1,0.500,124801,144111,3.284,4.900,16.092
77505,1,0,1,0.500,124861,144323,3.280,4.900,16.072
77544,1,0,1,0.500,124842,144279,3.280,4.900,16.072
77585,1,0,1,0.500,124778,144129,3.280,4.800,15.744
77625,1,0,1,0.500,124762,144082,3.280,4.800,15.744
77664,1,0,1,0.500,124813,144191,3.280,4.800,15.744
77705,1,0,1,0.500,124900,144389,3.284,4.500,14.778
77745,1,0,1,0.500,125004,144678,3.284,4.500,14.778
77785,1,0,1,0.500,125116,144933,3.188,4.900,15.621
77825,1,0,1,0.500,125182,145142,3.188,4.900,15.621
77865,1,0,1,0.500,125278,145395,3.188,4.900,15.621
77905,1,0,1,0.500,125376,145621,3.188,4.500,14.346
77945,1,0,1,0.500,125440,145783,3.188,4.500,14.346
77985,1,0,1,0.500,125220,145243,3.204,4.700,15.059
78025,1,0,1,0.500,124804,144064,3.204,4.700,15.059
78065,1,0,1,0.500,124564,143418,3.204,4.700,15.059
78105,1,0,1,0.500,124590,143472,3.208,4.700,15.078
78145,1,0,1,0.500,124691,143745,3.208,4.700,15.078
78185,1,0,1,0.500,124804,144051,3.208,5.000,16.040
78225,1,0,1,0.500,124894,144287,3.208,5.000,16.040
78265,1,0,1,0.500,124889,144313,3.208,5.000,16.040
78305,1,0,1,0.500,124849,144206,3.208,4.900,15.719
78345,1,0,1,0.500,124841,144182,3.208,4.900,15.719
78385,1,0,1,0.500,124901,144314,3.208,4.800,15.398
78425,1,0,1,0.500,124992,144556,3.208,4.800,15.398
78465,1,0,1,0.500,125075,144780,3.208,4.800,15.398
78505,1,0,1,0.500,125148,144984,3.212,4.700,15.096
78545,1,0,1,0.500,125215,145173,3.212,4.700,15.096
78585,1,0,1,0.500,125262,145303,3.208,4.900,15.719
78625,1,0,1,0.500,125305,145397,3.208,4.900,15.719
78665,1,0,1,0.500,125257,145287,3.208,4.900,15.719
78705,1,0,1,0.500,124846,144207,3.216,4.300,13.829
78745,1,0,1,0.500,124429,143057,3.216,4.300,13.829
78785,1,0,1,0.500,124337,142793,3.212,5.100,16.381
78825,1,0,1,0.500,124431,143027,3.212,5.100,16.381
78865,1,0,1,0.500,124532,143298,3.212,5.100,16.381
78905,1,0,1,0.500,124652,143574,3.212,4.400,14.133
78945,1,0,1,0.500,124743,143795,3.212,4.400,14.133
78985,1,0,1,0.500,124742,143849,3.216,5.100,16.402
79025,1,0,1,0.500,124741,143806,3.216,5.100,16.402
79065,1,0,1,0.500,124777,143879,3.216,5.100,16.402
79105,1,0,1,0.500,124867,144103,3.220,4.500,14.490
79145,1,0,1,0.500,124964,144367,3.220,4.500,14.490
79185,1,0,1,0.500,125062,144617,3.232,5.100,16.483
79225,1,0,1,0.500,125105,144796,3.232,5.100,16.483
79265,1,0,1,0.500,125145,144917,3.232,5.100,16.483
79305,1,0,1,0.500,125228,145133,3.232,4.700,15.190
79345,1,0,1,0.500,125305,145350,3.232,4.700,15.190
79385,1,0,1,0.500,125192,145073,3.256,4.700,15.303
79425,1,0,1,0.500,124726,143790,3.256,4.700,15.303
79465,1,0,1,0.500,124372,142823,3.256,4.700,15.303
79505,1,0,1,0.500,124347,142732,3.232,5.300,17.130
79545,1,0,1,0.500,124451,142980,3.232,5.300,17.130
79586,1,0,1,0.500,124542,143234,3.236,4.800,15.533
79625,1,0,1,0.500,124667,143568,3.236,4.800,15.533
79665,1,0,1,0.500,124734,143775,3.236,4.800,15.533
79706,1,0,1,0.500,124725,143757,3.276,4.800,15.725
79745,1,0,1,0.500,124700,143719,3.276,4.800,15.725
79786,1,0,1,0.500,124733,143805,3.252,5.000,16.260
79826,1,0,1,0.500,124816,144020,3.252,5.000,16.260
79865,1,0,1,0.500,124919,144304,3.252,5.000,16.260
79906,1,0,1,0.500,125008,144554,3.276,4.600,15.070
79946,1,0,1,0.500,125117,144820,3.276,4.600,15.070
79986,1,0,1,0.500,125180,144987,3.236,5.300,17.151
80026,1,0,1,0.500,125248,145145,3.236,5.300,17.151
80066,1,0,1,0.500,125303,145358,3.236,5.300,17.151
80106,1,0,1,0.500,125288,145280,3.276,4.500,14.742
80146,1,0,1,0.500,124901,144262,3.276,4.500,14.742
80186,1,0,1,0.500,124448,142983,3.264,11.300,36.883
80226,1,0,1,0.500,124301,142639,3.264,11.300,36.883
80266,1,0,1,0.500,124401,142879,3.264,11.300,36.883
80306,1,0,1,0.500,124512,143172,3.280,4.800,15.744
80346,1,0,1,0.500,124610,143454,3.280,4.800,15.744
80386,1,0,1,0.500,124710,143723,3.276,15.700,51.433
80426,1,0,1,0.500,124766,143840,3.276,15.700,51.433
80466,1,0,1,0.500,124797,143895,3.276,15.700,51.433
80506,1,0,1,0.500,124840,144016,3.284,5.700,18.719
80546,1,0,1,0.500,124911,144208,3.284,5.700,18.719
80586,1,0,1,0.500,124998,144456,3.264,10.900,35.578
80626,1,0,1,0.500,125087,144696,3.264,10.900,35.578
80666,1,0,1,0.500,125183,144896,3.264,10.900,35.578
80706,1,0,1,0.500,125241,145095,3.276,4.600,15.070
80746,1,0,1,0.500,125280,145208,3.276,4.600,15.070
80786,1,0,1,0.500,125321,145336,3.236,5.200,16.827
80826,1,0,1,0.500,125336,145391,3.236,5.200,16.827
80866,1,0,1,0.500,125058,144670,3.236,5.200,16.827
80906,1,0,1,0.500,124545,143283,3.264,4.200,13.709
80946,1,0,1,0.500,124292,142587,3.264,4.200,13.709
80986,1,0,1,0.500,124350,142694,3.272,4.900,16.033
81026,1,0,1,0.500,124475,143055,3.272,4.900,16.033
81066,1,0,1,0.500,124619,143427,3.272,4.900,16.033
81106,1,0,1,0.500,124706,143672,3.272,5.300,17.342
81146,1,0,1,0.500,124692,143671,3.272,5.300,17.342
81186,1,0,1,0.500,124630,143542,3.264,4.800,15.667
81226,1,0,1,0.500,124624,143499,3.264,4.800,15.667
81266,1,0,1,0.500,124677,143629,3.264,4.800,15.667
81306,1,0,1,0.500,124751,143793,3.280,5.100,16.728
81346,1,0,1,0.500,124827,144005,3.280,5.100,16.728
81386,1,0,1,0.500,124900,144190,3.280,5.000,16.400
81426,1,0,1,0.500,124955,144341,3.280,5.000,16.400
81466,1,0,1,0.500,125024,144551,3.280,5.000,16.400
81506,1,0,1,0.500,125090,144745,3.284,4.800,15.763
81546,1,0,1,0.500,125098,144810,3.284,4.800,15.763
81586,1,0,1,0.500,124806,144045,3.248,4.900,15.915
81626,1,0,1,0.500,124357,142827,3.248,4.900,15.915
81666,1,0,1,0.500,124165,142308,3.248,4.900,15.915
81706,1,0,1,0.500,124241,142519,3.284,4.300,14.121
81747,1,0,1,0.500,124412,142977,3.284,4.300,14.121
81786,1,0,1,0.500,124565,143375,3.288,11.700,38.470
81826,1,0,1,0.500,124610,143514,3.288,11.700,38.470
81867,1,0,1,0.500,124587,143450,3.288,11.700,38.470
81906,1,0,1,0.500,124559,143385,3.292,4.900,16.131
81947,1,0,1,0.500,124556,143408,3.292,4.900,16.131
81986,1,0,1,0.500,124626,143621,3.272,4.800,15.706
82027,1,0,1,0.500,124722,143856,3.272,4.800,15.706
82067,1,0,1,0.500,124762,144026,3.272,4.800,15.706
82106,1,0,1,0.500,124806,144144,3.288,4.000,13.152
82147,1,0,1,0.500,124854,144272,3.288,4.000,13.152
82186,1,0,1,0.500,124922,144441,3.256,6.300,20.513
82227,1,0,1,0.500,124916,144474,3.256,6.300,20.513
82267,1,0,1,0.500,124591,143658,3.256,6.300,20.513
82306,1,0,1,0.500,124195,142550,3.288,5.000,16.440
82347,1,0,1,0.500,124044,142171,3.288,5.000,16.440
82387,1,0,1,0.500,124106,142391,3.180,15.700,49.926
82427,1,0,1,0.500,124292,142847,3.180,15.700,49.926
82467,1,0,1,0.500,124477,143322,3.180,15.700,49.926
82507,1,0,1,0.500,124564,143559,3.144,4.200,13.205
82547,1,0,1,0.500,124536,143492,3.144,4.200,13.205
82587,1,0,1,0.500,124490,143349,3.252,4.800,15.610
82627,1,0,1,0.500,124488,143399,3.252,4.800,15.610
82667,1,0,1,0.500,124545,143555,3.252,4.800,15.610
82707,1,0,1,0.500,124631,143772,3.288,4.800,15.782
82747,1,0,1,0.500,124728,144025,3.288,4.800,15.782
82787,1,0,1,0.500,124820,144311,3.284,4.900,16.092
82827,1,0,1,0.500,124940,144573,3.284,4.900,16.092
82867,1,0,1,0.500,125010,144788,3.284,4.900,16.092
82907,1,0,1,0.500,125053,144880,3.200,5.200,16.640
82947,1,0,1,0.500,124742,144064,3.200,5.200,16.640
82987,1,0,1,0.500,124317,142920,3.176,4.800,15.245
83027,1,0,1,0.500,124172,142575,3.176,4.800,15.245
83067,1,0,1,0.500,124264,142801,3.176,4.800,15.245
83107,1,0,1,0.500,124381,143148,3.244,4.300,13.949
83147,1,0,1,0.500,124500,143471,3.244,4.300,13.949
83187,1,0,1,0.500,124569,143670,3.240,5.900,19.116
83227,1,0,1,0.500,124564,143630,3.240,5.900,19.116
83267,1,0,1,0.500,124552,143602,3.240,5.900,19.116
83307,1,0,1,0.500,124612,143725,3.232,4.200,13.574
83347,1,0,1,0.500,124677,143932,3.232,4.200,13.574
83387,1,0,1,0.500,124781,144158,3.252,5.100,16.585
83427,1,0,1,0.500,124889,144484,3.252,5.100,16.585
83467,1,0,1,0.500,124997,144772,3.252,5.100,16.585
83507,1,0,1,0.500,125061,144958,3.288,5.000,16.440
83547,1,0,1,0.500,125123,145113,3.288,5.000,16.440
83587,1,0,1,0.500,125087,145040,3.288,5.100,16.769
83627,1,0,1,0.500,124745,144114,3.288,5.100,16.769
83667,1,0,1,0.500,124375,143094,3.288,5.100,16.769
83707,1,0,1,0.500,124278,142846,3.288,4.900,16.111
83747,1,0,1,0.500,124370,143081,3.288,4.900,16.111
83787,1,0,1,0.500,124477,143367,3.264,4.900,15.994
83827,1,0,1,0.500,124597,143700,3.264,4.900,15.994
83867,1,0,1,0.500,124673,143928,3.264,4.900,15.994
83907,1,0,1,0.500,124671,143970,3.280,4.200,13.776
83947,1,0,1,0.500,124660,143961,3.280,4.200,13.776
83988,1,0,1,0.500,124680,144025,3.284,5.400,17.734
84027,1,0,1,0.500,124767,144216,3.284,5.400,17.734
84067,1,0,1,0.500,124845,144434,3.284,5.400,17.734
84108,1,0,1,0.500,124893,144590,3.268,4.700,15.360
84147,1,0,1,0.500,124940,144705,3.268,4.700,15.360
84188,1,0,1,0.500,125020,144901,3.288,15.900,52.279
84228,1,0,1,0.500,125112,145158,3.288,15.900,52.279
84267,1,0,1,0.500,125141,145242,3.288,15.900,52.279
84308,1,0,1,0.500,124956,144812,3.288,7.700,25.318
84348,1,0,1,0.500,124544,143708,3.288,7.700,25.318
84388,1,0,1,0.500,124257,142986,3.260,5.400,17.604
84428,1,0,1,0.500,124267,142984,3.260,5.400,17.604
84468,1,0,1,0.500,124346,143228,3.260,5.400,17.604
84508,1,0,1,0.500,124443,143485,3.288,4.400,14.467
84548,1,0,1,0.500,124577,143831,3.288,4.400,14.467
84588,1,0,1,0.500,124686,144079,3.272,10.800,35.338
84628,1,0,1,0.500,124685,144139,3.272,10.800,35.338
84668,1,0,1,0.500,124702,144167,3.272,10.800,35.338
84708,1,0,1,0.500,124762,144313,3.296,5.300,17.469
84748,1,0,1,0.500,124822,144491,3.296,5.300,17.469
84788,1,0,1,0.500,124889,144700,3.280,11.700,38.376
84828,1,0,1,0.500,124999,144949,3.280,11.700,38.376
84868,1,0,1,0.500,125075,145186,3.280,11.700,38.376
84908,1,0,1,0.500,125111,145312,3.284,4.400,14.450
84948,1,0,1,0.500,125194,145498,3.284,4.400,14.450
84988,1,0,1,0.500,125253,145680,3.248,6.100,19.813
85028,1,0,1,0.500,125281,145753,3.248,6.100,19.813
85068,1,0,1,0.500,125061,145169,3.248,6.100,19.813
85108,1,0,1,0.500,124681,144131,3.264,4.400,14.362
85148,1,0,1,0.500,124521,143664,3.264,4.400,14.362
85188,1,0,1,0.500,124547,143735,3.284,15.700,51.559
85228,1,0,1,0.500,124608,143937,3.284,15.700,51.559
85268,1,0,1,0.500,124705,144202,3.284,15.700,51.559
85308,1,0,1,0.500,124774,144411,3.280,4.500,14.760
85348,1,0,1,0.500,124790,144449,3.280,4.500,14.760
85388,1,0,1,0.500,124771,144427,3.276,5.000,16.380
85428,1,0,1,0.500,124761,144438,3.276,5.000,16.380
85468,1,0,1,0.500,124810,144538,3.276,5.000,16.380
85508,1,0,1,0.500,124872,144684,3.284,4.200,13.793
85548,1,0,1,0.500,124946,144885,3.284,4.200,13.793
85588,1,0,1,0.500,125030,145078,3.288,4.800,15.782
85628,1,0,1,0.500,125095,145254,3.288,4.800,15.782
85668,1,0,1,0.500,125124,145344,3.288,4.800,15.782
85708,1,0,1,0.500,125173,145453,3.288,5.300,17.426
85748,1,0,1,0.500,125220,145593,3.288,5.300,17.426
85788,1,0,1,0.500,125257,145719,3.288,4.600,15.125
85828,1,0,1,0.500,125130,145425,3.288,4.600,15.125
85868,1,0,1,0.500,124786,144490,3.288,4.600,15.125
85908,1,0,1,0.500,124548,143810,3.292,5.100,16.789
85948,1,0,1,0.500,124527,143720,3.292,5.100,16.789
85988,1,0,1,0.500,124616,143891,3.292,5.100,16.789
86028,1,0,1,0.500,124735,144201,3.292,5.100,16.789
86068,1,0,1,0.500,124841,144499,3.292,5.100,16.789
86108,1,0,1,0.500,124848,144522,3.292,4.800,15.802
86148,1,0,1,0.500,124796,144399,3.292,4.800,15.802
86188,1,0,1,0.500,124750,144329,3.292,4.800,15.802
86228,1,0,1,0.500,124763,144352,3.292,4.800,15.802
86268,1,0,1,0.500,124817,144501,3.292,4.800,15.802
86308,1,0,1,0.500,124901,144730,3.292,4.800,15.802
86348,1,0,1,0.500,124979,144929,3.292,4.800,15.802
86389,1,0,1,0.500,125021,145041,3.268,5.000,16.340
86428,1,0,1,0.500,125066,145146,3.268,5.000,16.340
86468,1,0,1,0.500,125098,145257,3.268,5.000,16.340
86509,1,0,1,0.500,125150,145384,3.288,3.800,12.494
86548,1,0,1,0.500,125065,145140,3.288,3.800,12.494
86589,1,0,1,0.500,124756,144343,3.288,9.500,31.236
86629,1,0,1,0.500,124568,143806,3.288,9.500,31.236
86668,1,0,1,0.500,124592,143829,3.288,9.500,31.236
86709,1,0,1,0.500,124680,144087,3.292,4.500,14.814
86749,1,0,1,0.500,124805,144425,3.292,4.500,14.814
86789,1,0,1,0.500,124891,144676,3.280,5.000,16.400
86829,1,0,1,0.500,124882,144685,3.280,5.000,16.400
86869,1,0,1,0.500,124852,144613,3.280,5.000,16.400
86909,1,0,1,0.500,124851,144600,3.288,4.300,14.138
86949,1,0,1,0.500,124869,144661,3.288,4.300,14.138
86989,1,0,1,0.500,124930,144819,3.252,5.000,16.260
87029,1,0,1,0.500,125010,145008,3.252,5.000,16.260
87069,1,0,1,0.500,125073,145183,3.252,5.000,16.260
87109,1,0,1,0.500,125132,145322,3.296,4.700,15.491
87149,1,0,1,0.500,125179,145451,3.296,4.700,15.491
87189,1,0,1,0.500,125233,145607,3.288,15.800,51.950
87229,1,0,1,0.500,125234,145621,3.288,15.800,51.950
87269,1,0,1,0.500,124970,144954,3.288,15.800,51.950
87309,1,0,1,0.500,124595,143925,3.292,4.800,15.802
87349,1,0,1,0.500,124440,143491,3.292,4.800,15.802
87389,1,0,1,0.500,124481,143587,3.256,5.000,16.280
87429,1,0,1,0.500,124577,143802,3.256,5.000,16.280
87469,1,0,1,0.500,124685,144082,3.256,5.000,16.280
87509,1,0,1,0.500,124747,144265,3.272,4.100,13.415
87549,1,0,1,0.500,124735,144270,3.272,4.100,13.415
87589,1,0,1,0.500,124728,144241,3.256,10.400,33.862
87629,1,0,1,0.500,124744,144284,3.256,10.400,33.862
87669,1,0,1,0.500,124761,144351,3.256,10.400,33.862
87709,1,0,1,0.500,124790,144469,3.288,5.000,16.440
87749,1,0,1,0.500,124869,144656,3.288,5.000,16.440
87789,1,0,1,0.500,124926,144823,3.276,5.000,16.380
87829,1,0,1,0.500,124996,144975,3.276,5.000,16.380
87869,1,0,1,0.500,125059,145117,3.276,5.000,16.380
87909,1,0,1,0.500,125054,145163,3.284,4.400,14.450
87949,1,0,1,0.500,124960,144960,3.284,4.400,14.450
87989,1,0,1,0.500,124662,144130,3.244,5.000,16.220
88029,1,0,1,0.500,124364,143291,3.244,5.000,16.220
88069,1,0,1,0.500,124303,143098,3.244,5.000,16.220
88109,1,0,1,0.500,124364,143240,3.212,4.300,13.812
88149,1,0,1,0.500,124468,143498,3.212,4.300,13.812
88189,1,0,1,0.500,124594,143831,3.172,5.200,16.494
88229,1,0,1,0.500,124670,143989,3.172,5.200,16.494
88269,1,0,1,0.500,124673,143997,3.172,5.200,16.494
88309,1,0,1,0.500,124703,144054,3.192,6.800,21.706
88349,1,0,1,0.500,124788,144213,3.192,6.800,21.706
88389,1,0,1,0.500,124956,144575,3.192,4.900,15.641
88429,1,0,1,0.500,125118,144947,3.192,4.900,15.641
88469,1,0,1,0.500,125214,145225,3.192,4.900,15.641
88509,1,0,1,0.500,125263,145396,3.200,4.800,15.360
88549,1,0,1,0.500,125315,145569,3.200,4.800,15.360
88589,1,0,1,0.500,125395,145763,3.188,7.300,23.272
88629,1,0,1,0.500,125454,145917,3.188,7.300,23.272
88669,1,0,1,0.500,125497,146033,3.188,7.300,23.272
88709,1,0,1,0.500,125372,145714,3.184,4.000,12.736
88749,1,0,1,0.500,124961,144632,3.184,4.000,12.736
88790,1,0,1,0.500,124675,143801,3.160,5.000,15.800
88829,1,0,1,0.500,124643,143693,3.160,5.000,15.800
88869,1,0,1,0.500,124716,143883,3.160,5.000,15.800
88910,1,0,1,0.500,124805,144121,3.256,4.800,15.629
88949,1,0,1,0.500,124925,144406,3.256,4.800,15.629
88990,1,0,1,0.500,124951,144539,3.252,4.800,15.610
89030,1,0,1,0.500,124932,144523,3.252,4.800,15.610
89069,1,0,1,0.500,124931,144505,3.252,4.800,15.610
89110,1,0,1,0.500,124957,144578,3.280,4.800,15.744
89150,1,0,1,0.500,125035,144766,3.280,4.800,15.744
89190,1,0,1,0.500,125106,144966,3.244,4.900,15.896
