191,1,0,1,0.500,83179,83089,3.292,3.200,10.534
231,1,0,1,0.500,123013,136194,3.292,3.200,10.534
271,1,0,1,0.500,122762,139801,3.284,4.800,15.763
311,1,0,1,0.500,122595,139386,3.284,4.800,15.763
351,1,0,1,0.500,122534,139250,3.284,4.800,15.763
391,1,0,1,0.500,122497,139140,3.288,4.900,16.111
431,1,0,1,0.500,122320,138824,3.288,4.900,16.111
472,1,0,1,0.500,122097,138379,3.288,4.700,15.454
512,1,0,1,0.500,121891,137936,3.288,4.700,15.454
551,1,0,1,0.500,121666,137476,3.288,4.700,15.454
592,1,0,1,0.500,121439,136991,3.284,5.000,16.420
632,1,0,1,0.500,121158,136406,3.284,5.000,16.420
672,1,0,1,0.500,120981,136000,3.284,4.600,15.106
712,1,0,1,0.500,120921,135924,3.284,4.600,15.106
752,1,0,1,0.500,120825,135781,3.284,4.600,15.106
792,1,0,1,0.500,120704,135572,3.288,4.400,14.467
832,1,0,1,0.500,120464,135023,3.288,4.400,14.467
872,1,0,1,0.500,120140,134223,3.288,4.700,15.454
912,1,0,1,0.500,119707,133255,3.288,4.700,15.454
952,1,0,1,0.500,119323,132351,3.288,4.700,15.454
992,1,0,1,0.500,119078,131772,3.288,4.600,15.125
1032,1,0,1,0.500,118910,131378,3.288,4.600,15.125
1072,1,0,1,0.500,118706,130945,3.288,4.700,15.454
1112,1,0,1,0.500,118563,130610,3.288,4.700,15.454
1152,1,0,1,0.500,118316,130044,3.288,4.700,15.454
1192,1,0,1,0.500,118091,129561,3.288,4.800,15.782
1232,1,0,1,0.500,117868,129098,3.288,4.800,15.782
1272,1,0,1,0.500,117701,128734,3.288,4.600,15.125
1312,1,0,1,0.500,117516,128392,3.288,4.600,15.125
1352,1,0,1,0.500,117391,128158,3.288,4.600,15.125
1392,1,0,1,0.500,117359,128099,3.284,4.600,15.106
1432,1,0,1,0.500,117241,127872,3.284,4.600,15.106
1472,1,0,1,0.500,117214,127811,3.284,4.500,14.778
1512,1,0,1,0.500,117147,127725,3.284,4.500,14.778
1552,1,0,1,0.500,117182,127834,3.284,4.500,14.778
1592,1,0,1,0.500,117295,128067,3.284,5.000,16.420
1632,1,0,1,0.500,117315,128176,3.284,5.000,16.420
1672,1,0,1,0.500,117287,128160,3.284,4.800,15.763
1712,1,0,1,0.500,117362,128361,3.284,4.800,15.763
1752,1,0,1,0.500,117560,128771,3.284,4.800,15.763
1792,1,0,1,0.500,117714,129125,3.284,4.700,15.435
1832,1,0,1,0.500,118082,129942,3.284,4.700,15.435
1872,1,0,1,0.500,118488,130814,3.280,4.900,16.072
1912,1,0,1,0.500,118619,131132,3.280,4.900,16.072
1952,1,0,1,0.500,118691,131385,3.280,4.900,16.072
1992,1,0,1,0.500,119120,132356,3.284,4.900,16.092
2032,1,0,1,0.500,119361,132880,3.284,4.900,16.092
2072,1,0,1,0.500,119179,132440,3.284,4.700,15.435
2112,1,0,1,0.500,118753,131501,3.284,4.700,15.435
2152,1,0,1,0.500,118578,131187,3.284,4.700,15.435
2192,1,0,1,0.500,118600,131268,3.284,4.800,15.763
2232,1,0,1,0.500,118651,131421,3.284,4.800,15.763
2272,1,0,1,0.500,118844,131849,3.284,4.700,15.435
2312,1,0,1,0.500,119053,132332,3.284,4.700,15.435
2352,1,0,1,0.500,119148,132542,3.284,4.700,15.435
2392,1,0,1,0.500,119252,132743,3.284,4.600,15.106
2432,1,0,1,0.500,119365,133005,3.284,4.600,15.106
2473,1,0,1,0.500,119556,133505,3.288,4.600,15.125
2513,1,0,1,0.500,119683,133742,3.288,4.600,15.125
2552,1,0,1,0.500,119599,133569,3.288,4.600,15.125
2593,1,0,1,0.500,119507,133390,3.284,4.800,15.763
2633,1,0,1,0.500,119369,133067,3.284,4.800,15.763
2673,1,0,1,0.500,119051,132286,3.288,4.800,15.782
2713,1,0,1,0.500,118692,131523,3.288,4.800,15.782
2753,1,0,1,0.500,118679,131502,3.288,4.800,15.782
2793,1,0,1,0.500,118851,131892,3.284,4.800,15.763
2833,1,0,1,0.500,118912,132001,3.284,4.800,15.763
2873,1,0,1,0.500,118763,131672,3.284,4.700,15.435
2913,1,0,1,0.500,118595,131338,3.284,4.700,15.435
2953,1,0,1,0.500,118522,131180,3.284,4.700,15.435
2993,1,0,1,0.500,118519,131146,3.284,5.000,16.420
3033,1,0,1,0.500,118598,131342,3.284,5.000,16.420
3073,1,0,1,0.500,118680,131491,3.284,4.900,16.092
3113,1,0,1,0.500,118535,131179,3.284,4.900,16.092
3153,1,0,1,0.500,118469,131048,3.284,4.900,16.092
3193,1,0,1,0.500,118486,131096,3.284,4.900,16.092
3233,1,0,1,0.500,118412,130859,3.284,4.900,16.092
3273,1,0,1,0.500,118193,130336,3.284,5.000,16.420
3313,1,0,1,0.500,118124,130158,3.284,5.000,16.420
3353,1,0,1,0.500,118271,130458,3.284,5.000,16.420
3393,1,0,1,0.500,118441,130815,3.284,4.800,15.763
3433,1,0,1,0.500,118681,131367,3.284,4.800,15.763
3473,1,0,1,0.500,118780,131592,3.284,4.800,15.763
3513,1,0,1,0.500,118869,131754,3.284,4.800,15.763
3553,1,0,1,0.500,119008,132030,3.284,4.800,15.763
3593,1,0,1,0.500,119034,132104,3.284,4.800,15.763
3633,1,0,1,0.500,119003,132009,3.284,4.800,15.763
3673,1,0,1,0.500,118865,131713,3.284,4.700,15.435
3713,1,0,1,0.500,119073,132192,3.284,4.700,15.435
3753,1,0,1,0.500,119580,133324,3.284,4.700,15.435
3793,1,0,1,0.500,119795,133749,3.284,4.800,15.763
3833,1,0,1,0.500,119605,133274,3.284,4.800,15.763
3873,1,0,1,0.500,119287,132503,3.284,4.800,15.763
3913,1,0,1,0.500,119236,132328,3.284,4.800,15.763
3953,1,0,1,0.500,119253,132347,3.284,4.800,15.763
3993,1,0,1,0.500,119223,132262,3.284,4.800,15.763
4033,1,0,1,0.500,119300,132437,3.284,4.800,15.763
4073,1,0,1,0.500,119367,132537,3.284,4.800,15.763
4113,1,0,1,0.500,119453,132724,3.284,4.800,15.763
4153,1,0,1,0.500,119426,132645,3.284,4.800,15.763
4193,1,0,1,0.500,119372,132501,3.284,4.700,15.435
4233,1,0,1,0.500,119408,132570,3.284,4.700,15.435
4273,1,0,1,0.500,119484,132758,3.284,4.700,15.435
4313,1,0,1,0.500,119582,132956,3.284,4.700,15.435
4353,1,0,1,0.500,119520,132816,3.284,4.700,15.435
4393,1,0,1,0.500,119315,132349,3.284,4.800,15.763
4433,1,0,1,0.500,119015,131606,3.284,4.800,15.763
4474,1,0,1,0.500,118742,130986,3.284,5.000,16.420
4514,1,0,1,0.500,118691,130849,3.284,5.000,16.420
4553,1,0,1,0.500,118777,131025,3.284,5.000,16.420
4594,1,0,1,0.500,118851,131196,3.284,4.600,15.106
4634,1,0,1,0.500,118750,130992,3.284,4.600,15.106
4674,1,0,1,0.500,118765,131022,3.284,4.900,16.092
4714,1,0,1,0.500,118963,131476,3.284,4.900,16.092
4754,1,0,1,0.500,119231,132039,3.284,4.900,16.092
4794,1,0,1,0.500,119397,132396,3.284,4.800,15.763
4834,1,0,1,0.500,119568,132750,3.284,4.800,15.763
4874,1,0,1,0.500,119753,133162,3.284,4.800,15.763
4914,1,0,1,0.500,119742,133123,3.284,4.800,15.763
4954,1,0,1,0.500,119768,133202,3.284,4.800,15.763
4994,1,0,1,0.500,119838,133286,3.284,5.000,16.420
5034,1,0,1,0.500,119568,132629,3.284,5.000,16.420
5074,1,0,1,0.500,119426,132258,3.284,4.600,15.106
5114,1,0,1,0.500,119453,132286,3.284,4.600,15.106
5154,1,0,1,0.500,119591,132615,3.284,4.600,15.106
5194,1,0,1,0.500,119665,132790,3.284,4.800,15.763
5234,1,0,1,0.500,119726,132940,3.284,4.800,15.763
5274,1,0,1,0.500,119790,133096,3.284,4.900,16.092
5314,1,0,1,0.500,119859,133216,3.284,4.900,16.092
5354,1,0,1,0.500,119953,133405,3.284,4.900,16.092
5394,1,0,1,0.500,120126,133780,3.280,4.800,15.744
5434,1,0,1,0.500,120291,134148,3.280,4.800,15.744
5474,1,0,1,0.500,120436,134474,3.288,5.100,16.769
5514,1,0,1,0.500,120593,134834,3.288,5.100,16.769
5554,1,0,1,0.500,120694,135042,3.288,5.100,16.769
5594,1,0,1,0.500,120568,134718,3.284,4.900,16.092
5634,1,0,1,0.500,120216,133816,3.284,4.900,16.092
5674,1,0,1,0.500,120068,133427,3.284,4.700,15.435
5714,1,0,1,0.500,120130,133576,3.284,4.700,15.435
5754,1,0,1,0.500,120285,133916,3.284,4.700,15.435
5794,1,0,1,0.500,120427,134204,3.284,5.400,17.734
5834,1,0,1,0.500,120543,134479,3.284,5.400,17.734
5874,1,0,1,0.500,120601,134646,3.284,4.600,15.106
5914,1,0,1,0.500,120668,134780,3.284,4.600,15.106
5954,1,0,1,0.500,120774,134992,3.284,4.600,15.106
5994,1,0,1,0.500,120833,135136,3.280,5.000,16.400
6034,1,0,1,0.500,120921,135332,3.280,5.000,16.400
6074,1,0,1,0.500,121004,135527,3.284,5.000,16.420
6114,1,0,1,0.500,121034,135655,3.284,5.000,16.420
6154,1,0,1,0.500,121108,135825,3.284,5.000,16.420
6194,1,0,1,0.500,121142,135929,3.284,5.000,16.420
6234,1,0,1,0.500,120953,135418,3.284,5.000,16.420
6274,1,0,1,0.500,120550,134441,3.284,5.000,16.420
6314,1,0,1,0.500,120395,134051,3.284,5.000,16.420
6354,1,0,1,0.500,120443,134171,3.284,5.000,16.420
6394,1,0,1,0.500,120525,134353,3.240,5.300,17.172
6434,1,0,1,0.500,120655,134658,3.240,5.300,17.172
6475,1,0,1,0.500,120817,135038,3.276,4.800,15.725
6514,1,0,1,0.500,120958,135327,3.276,4.800,15.725
6554,1,0,1,0.500,121061,135563,3.276,4.800,15.725
6595,1,0,1,0.500,121243,135971,3.284,12.200,40.065
6634,1,0,1,0.500,121403,136314,3.284,12.200,40.065
6675,1,0,1,0.500,121497,136492,3.244,5.200,16.869
6715,1,0,1,0.500,121494,136553,3.244,5.200,16.869
6755,1,0,1,0.500,121487,136547,3.244,5.200,16.869
6795,1,0,1,0.500,121536,136648,3.272,4.900,16.033
6835,1,0,1,0.500,121678,137007,3.272,4.900,16.033
6875,1,0,1,0.500,121584,136731,3.280,13.200,43.296
6915,1,0,1,0.500,121170,135672,3.280,13.200,43.296
6955,1,0,1,0.500,120943,135166,3.280,13.200,43.296
6995,1,0,1,0.500,121026,135349,3.244,5.300,17.193
7035,1,0,1,0.500,121174,135707,3.244,5.300,17.193
7075,1,0,1,0.500,121396,136251,3.264,5.400,17.626
7115,1,0,1,0.500,121708,136931,3.264,5.400,17.626
7155,1,0,1,0.500,121808,137127,3.264,5.400,17.626
7195,1,0,1,0.500,121766,137009,3.284,14.600,47.946
7235,1,0,1,0.500,121733,136960,3.284,14.600,47.946
7275,1,0,1,0.500,121769,137088,3.248,5.900,19.163
7315,1,0,1,0.500,121809,137160,3.248,5.900,19.163
7355,1,0,1,0.500,121828,137238,3.248,5.900,19.163
7395,1,0,1,0.500,121889,137415,3.260,5.100,16.626
7435,1,0,1,0.500,121937,137504,3.260,5.100,16.626
7475,1,0,1,0.500,121944,137555,3.284,15.500,50.902
7515,1,0,1,0.500,121845,137316,3.284,15.500,50.902
7555,1,0,1,0.500,121440,136304,3.284,15.500,50.902
7595,1,0,1,0.500,121040,135351,3.256,7.300,23.769
7635,1,0,1,0.500,121000,135259,3.256,7.300,23.769
7675,1,0,1,0.500,121020,135363,3.256,8.200,26.699
7715,1,0,1,0.500,121077,135524,3.256,8.200,26.699
7755,1,0,1,0.500,121140,135697,3.256,8.200,26.699
7795,1,0,1,0.500,121149,135686,3.284,16.100,52.872
7835,1,0,1,0.500,121109,135628,3.284,16.100,52.872
7875,1,0,1,0.500,121133,135657,3.260,9.000,29.340
7915,1,0,1,0.500,121191,135816,3.260,9.000,29.340
7955,1,0,1,0.500,121305,136108,3.260,9.000,29.340
7995,1,0,1,0.500,121407,136350,3.248,6.500,21.112
8035,1,0,1,0.500,121475,136507,3.248,6.500,21.112
8075,1,0,1,0.500,121571,136726,3.284,15.200,49.917
8115,1,0,1,0.500,121706,137059,3.284,15.200,49.917
8155,1,0,1,0.500,121830,137372,3.284,15.200,49.917
8195,1,0,1,0.500,121868,137406,3.268,11.000,35.948
8235,1,0,1,0.500,121475,136413,3.268,11.000,35.948
8275,1,0,1,0.500,121054,135398,3.240,5.100,16.524
8315,1,0,1,0.500,120992,135245,3.240,5.100,16.524
8355,1,0,1,0.500,121081,135482,3.240,5.100,16.524
8395,1,0,1,0.500,121134,135649,3.280,13.200,43.296
8435,1,0,1,0.500,121277,136013,3.280,13.200,43.296
8476,1,0,1,0.500,121419,136326,3.272,12.600,41.227
8515,1,0,1,0.500,121490,136504,3.272,12.600,41.227
8555,1,0,1,0.500,121536,136617,3.272,12.600,41.227
8596,1,0,1,0.500,121616,136811,3.244,5.500,17.842
8635,1,0,1,0.500,121718,137059,3.244,5.500,17.842
8676,1,0,1,0.500,121770,137208,3.268,11.600,37.909
8716,1,0,1,0.500,121818,137328,3.268,11.600,37.909
8755,1,0,1,0.500,121876,137455,3.268,11.600,37.909
8796,1,0,1,0.500,121891,137520,3.280,14.600,47.888
8836,1,0,1,0.500,121835,137430,3.280,14.600,47.888
8876,1,0,1,0.500,121770,137264,3.240,5.400,17.496
8916,1,0,1,0.500,121555,136738,3.240,5.400,17.496
8956,1,0,1,0.500,121004,135380,3.240,5.400,17.496
8996,1,0,1,0.500,120669,134591,3.260,9.200,29.992
9036,1,0,1,0.500,120795,134884,3.260,9.200,29.992
9076,1,0,1,0.500,120995,135338,3.284,16.600,54.514
9116,1,0,1,0.500,121161,135769,3.284,16.600,54.514
9156,1,0,1,0.500,121344,136207,3.284,16.600,54.514
9196,1,0,1,0.500,121470,136485,3.252,7.800,25.366
9236,1,0,1,0.500,121449,136455,3.252,7.800,25.366
9276,1,0,1,0.500,121417,136434,3.252,6.800,22.114
9316,1,0,1,0.500,121462,136533,3.252,6.800,22.114
9356,1,0,1,0.500,121519,136661,3.252,6.800,22.114
9396,1,0,1,0.500,121596,136858,3.280,16.900,55.432
9436,1,0,1,0.500,121706,137102,3.280,16.900,55.432
9476,1,0,1,0.500,121735,137206,3.264,11.100,36.230
9516,1,0,1,0.500,121731,137227,3.264,11.100,36.230
9556,1,0,1,0.500,121742,137265,3.264,11.100,36.230
9596,1,0,1,0.500,121738,137282,3.240,5.200,16.848
9636,1,0,1,0.500,121710,137221,3.240,5.200,16.848
9676,1,0,1,0.500,121427,136472,3.284,13.500,44.334
9716,1,0,1,0.500,121005,135441,3.284,13.500,44.334
9756,1,0,1,0.500,120877,135109,3.284,13.500,44.334
9796,1,0,1,0.500,120967,135347,3.276,14.100,46.192
9836,1,0,1,0.500,121113,135719,3.276,14.100,46.192
9876,1,0,1,0.500,121299,136177,3.240,4.800,15.552
9916,1,0,1,0.500,121471,136574,3.240,4.800,15.552
9956,1,0,1,0.500,121547,136732,3.240,4.800,15.552
9996,1,0,1,0.500,121564,136780,3.284,10.200,33.497
10036,1,0,1,0.500,121619,136905,3.284,10.200,33.497
10076,1,0,1,0.500,121692,137098,3.284,16.600,54.514
10116,1,0,1,0.500,121753,137292,3.284,16.600,54.514
10156,1,0,1,0.500,121919,137674,3.284,16.600,54.514
10196,1,0,1,0.500,122028,137962,3.248,4.800,15.590
10236,1,0,1,0.500,122090,138117,3.248,4.800,15.590
10276,1,0,1,0.500,122110,138186,3.284,7.400,24.302
10316,1,0,1,0.500,122126,138246,3.284,7.400,24.302
10356,1,0,1,0.500,122043,138105,3.284,7.400,24.302
10396,1,0,1,0.500,121689,137203,3.284,16.300,53.529
10436,1,0,1,0.500,121282,136170,3.284,16.300,53.529
10476,1,0,1,0.500,121187,135942,3.264,4.700,15.341
10517,1,0,1,0.500,121305,136231,3.264,4.700,15.341
10556,1,0,1,0.500,121470,136666,3.264,4.700,15.341
10596,1,0,1,0.500,121711,137243,3.284,4.800,15.763
10637,1,0,1,0.500,121863,137627,3.284,4.800,15.763
10676,1,0,1,0.500,121884,137691,3.284,13.000,42.692
10717,1,0,1,0.500,121816,137533,3.284,13.000,42.692
10757,1,0,1,0.500,121815,137527,3.284,13.000,42.692
10796,1,0,1,0.500,121809,137523,3.276,4.500,14.742
10837,1,0,1,0.500,121807,137550,3.276,4.500,14.742
10877,1,0,1,0.500,121849,137650,3.284,4.600,15.106
10917,1,0,1,0.500,121847,137693,3.284,4.600,15.106
10957,1,0,1,0.500,121842,137727,3.284,4.600,15.106
10997,1,0,1,0.500,121871,137812,3.288,8.500,27.948
11037,1,0,1,0.500,121916,137942,3.288,8.500,27.948
11077,1,0,1,0.500,121784,137614,3.284,4.800,15.763
11117,1,0,1,0.500,121330,136487,3.284,4.800,15.763
11157,1,0,1,0.500,120958,135598,3.284,4.800,15.763
11197,1,0,1,0.500,120961,135615,3.284,4.600,15.106
11237,1,0,1,0.500,121048,135877,3.284,4.600,15.106
11277,1,0,1,0.500,121085,135984,3.284,4.800,15.763
11317,1,0,1,0.500,121110,136075,3.284,4.800,15.763
11357,1,0,1,0.500,121142,136168,3.284,4.800,15.763
11397,1,0,1,0.500,121121,136152,3.284,4.700,15.435
11437,1,0,1,0.500,121106,136107,3.284,4.700,15.435
11477,1,0,1,0.500,121157,136232,3.284,4.500,14.778
11517,1,0,1,0.500,121239,136473,3.284,4.500,14.778
11557,1,0,1,0.500,121328,136711,3.284,4.500,14.778
11597,1,0,1,0.500,121480,137046,3.284,4.600,15.106
11637,1,0,1,0.500,121596,137359,3.284,4.600,15.106
11677,1,0,1,0.500,121710,137641,3.284,4.800,15.763
11717,1,0,1,0.500,121776,137821,3.284,4.800,15.763
11757,1,0,1,0.500,121824,137935,3.284,4.800,15.763
11797,1,0,1,0.500,121649,137474,3.284,4.700,15.435
11837,1,0,1,0.500,121163,136260,3.284,4.700,15.435
11877,1,0,1,0.500,120887,135569,3.284,4.700,15.435
11917,1,0,1,0.500,120870,135556,3.284,4.700,15.435
11957,1,0,1,0.500,120934,135785,3.284,4.700,15.435
11997,1,0,1,0.500,121062,136088,3.288,4.500,14.796
12037,1,0,1,0.500,121126,136269,3.288,4.500,14.796
12077,1,0,1,0.500,121164,136361,3.284,4.500,14.778
12117,1,0,1,0.500,121179,136407,3.284,4.500,14.778
12157,1,0,1,0.500,121208,136474,3.284,4.500,14.778
12198,1,0,1,0.500,121281,136652,3.284,4.600,15.106
12237,1,0,1,0.500,121398,136913,3.284,4.600,15.106
12278,1,0,1,0.500,121481,137170,3.284,4.800,15.763
12318,1,0,1,0.500,121502,137236,3.284,4.800,15.763
12357,1,0,1,0.500,121569,137400,3.284,4.800,15.763
12398,1,0,1,0.500,121692,137712,3.284,4.700,15.435
12438,1,0,1,0.500,121789,137969,3.284,4.700,15.435
12478,1,0,1,0.500,121868,138127,3.284,4.500,14.778
12518,1,0,1,0.500,121670,137618,3.284,4.500,14.778
12558,1,0,1,0.500,121101,136219,3.284,4.500,14.778
12598,1,0,1,0.500,120616,135125,3.284,4.800,15.763
12638,1,0,1,0.500,120627,135182,3.284,4.800,15.763
12678,1,0,1,0.500,120751,135503,3.284,4.900,16.092
12718,1,0,1,0.500,120827,135696,3.284,4.900,16.092
12758,1,0,1,0.500,120915,135891,3.284,4.900,16.092
12798,1,0,1,0.500,120912,135867,3.284,4.700,15.435
12838,1,0,1,0.500,120771,135580,3.284,4.700,15.435
12878,1,0,1,0.500,120713,135462,3.284,4.600,15.106
12918,1,0,1,0.500,120686,135407,3.284,4.600,15.106
12958,1,0,1,0.500,120587,135212,3.284,4.600,15.106
12998,1,0,1,0.500,120293,134591,3.284,4.500,14.778
13038,1,0,1,0.500,119578,132987,3.284,4.500,14.778
13078,1,0,1,0.500,119152,132121,3.284,4.800,15.763
13118,1,0,1,0.500,119354,132651,3.284,4.800,15.763
13158,1,0,1,0.500,119491,133020,3.284,4.800,15.763
13198,1,0,1,0.500,119585,133233,3.284,4.700,15.435
13238,1,0,1,0.500,119380,132719,3.284,4.700,15.435
13278,1,0,1,0.500,118902,131586,3.284,4.800,15.763
13318,1,0,1,0.500,118628,130943,3.284,4.800,15.763
13358,1,0,1,0.500,118623,130935,3.284,4.800,15.763
13398,1,0,1,0.500,118698,131111,3.284,4.900,16.092
13438,1,0,1,0.500,118752,131234,3.284,4.900,16.092
13478,1,0,1,0.500,118568,130848,3.284,4.700,15.435
13518,1,0,1,0.500,118257,130179,3.284,4.700,15.435
13558,1,0,1,0.500,118129,129932,3.284,4.700,15.435
13598,1,0,1,0.500,118221,130191,3.284,4.600,15.106
13638,1,0,1,0.500,118408,130623,3.284,4.600,15.106
13678,1,0,1,0.500,118599,131031,3.284,4.800,15.763
13718,1,0,1,0.500,118719,131357,3.284,4.800,15.763
13758,1,0,1,0.500,118915,131838,3.284,4.800,15.763
13798,1,0,1,0.500,119155,132404,3.284,4.600,15.106
13838,1,0,1,0.500,119337,132834,3.284,4.600,15.106
13878,1,0,1,0.500,119415,133043,3.284,4.700,15.435
13918,1,0,1,0.500,119224,132534,3.284,4.700,15.435
13958,1,0,1,0.500,118784,131489,3.284,4.700,15.435
13998,1,0,1,0.500,118677,131248,3.284,4.800,15.763
14038,1,0,1,0.500,118847,131635,3.284,4.800,15.763
14079,1,0,1,0.500,119069,132118,3.284,4.700,15.435
14118,1,0,1,0.500,119207,132449,3.284,4.700,15.435
14158,1,0,1,0.500,119307,132673,3.284,4.700,15.435
14199,1,0,1,0.500,119334,132756,3.284,4.900,16.092
14238,1,0,1,0.500,119278,132624,3.284,4.900,16.092
14279,1,0,1,0.500,119265,132612,3.280,4.800,15.744
14319,1,0,1,0.500,119395,132914,3.280,4.800,15.744
14358,1,0,1,0.500,119542,133269,3.280,4.800,15.744
14399,1,0,1,0.500,119628,133442,3.284,4.600,15.106
14439,1,0,1,0.500,119702,133661,3.284,4.600,15.106
14479,1,0,1,0.500,119834,133966,3.284,4.700,15.435
14519,1,0,1,0.500,119910,134166,3.284,4.700,15.435
14559,1,0,1,0.500,119893,134129,3.284,4.700,15.435
14599,1,0,1,0.500,119513,133209,3.284,4.800,15.763
14639,1,0,1,0.500,119123,132283,3.284,4.800,15.763
14679,1,0,1,0.500,119045,132076,3.284,4.500,14.778
14719,1,0,1,0.500,119041,132109,3.284,4.500,14.778
14759,1,0,1,0.500,119179,132448,3.284,4.500,14.778
14799,1,0,1,0.500,119355,132884,3.284,4.700,15.435
14839,1,0,1,0.500,119518,133256,3.284,4.700,15.435
14879,1,0,1,0.500,119525,133292,3.284,4.500,14.778
14919,1,0,1,0.500,119473,133162,3.284,4.500,14.778
14959,1,0,1,0.500,119552,133349,3.284,4.500,14.778
14999,1,0,1,0.500,119737,133770,3.284,4.700,15.435
15039,1,0,1,0.500,119883,134089,3.284,4.700,15.435
15079,1,0,1,0.500,119986,134332,3.284,4.800,15.763
15119,1,0,1,0.500,120097,134590,3.284,4.800,15.763
15159,1,0,1,0.500,120181,134801,3.284,4.800,15.763
15199,1,0,1,0.500,120279,135000,3.284,4.500,14.778
15239,1,0,1,0.500,120133,134641,3.284,4.500,14.778
15279,1,0,1,0.500,119693,133567,3.284,4.700,15.435
15319,1,0,1,0.500,119436,132949,3.284,4.700,15.435
15359,1,0,1,0.500,119482,133039,3.284,4.700,15.435
15399,1,0,1,0.500,119614,133345,3.284,4.800,15.763
15439,1,0,1,0.500,119705,133562,3.284,4.800,15.763
15479,1,0,1,0.500,119773,133757,3.284,4.500,14.778
15519,1,0,1,0.500,119812,133819,3.284,4.500,14.778
15559,1,0,1,0.500,119816,133855,3.284,4.500,14.778
15599,1,0,1,0.500,119816,133860,3.284,4.800,15.763
15639,1,0,1,0.500,119852,133943,3.284,4.800,15.763
15679,1,0,1,0.500,119916,134087,3.284,4.300,14.121
15719,1,0,1,0.500,119994,134293,3.284,4.300,14.121
15759,1,0,1,0.500,120026,134388,3.284,4.300,14.121
15799,1,0,1,0.500,120080,134523,3.284,4.700,15.435
15839,1,0,1,0.500,120105,134617,3.284,4.700,15.435
15879,1,0,1,0.500,120171,134781,3.284,4.800,15.763
15919,1,0,1,0.500,120100,134605,3.284,4.800,15.763
15959,1,0,1,0.500,119703,133594,3.284,4.800,15.763
15999,1,0,1,0.500,119409,132890,3.284,4.700,15.435
16039,1,0,1,0.500,119454,132984,3.284,4.700,15.435
16080,1,0,1,0.500,119634,133391,3.284,4.500,14.778
16119,1,0,1,0.500,119813,133768,3.284,4.500,14.778
16159,1,0,1,0.500,120000,134212,3.284,4.500,14.778
16200,1,0,1,0.500,120103,134414,3.284,4.700,15.435
16239,1,0,1,0.500,120120,134428,3.284,4.700,15.435
16280,1,0,1,0.500,120180,134549,3.284,4.600,15.106
16320,1,0,1,0.500,120270,134784,3.284,4.600,15.106
16360,1,0,1,0.500,120418,135127,3.284,4.600,15.106
16400,1,0,1,0.500,120553,135453,3.284,4.600,15.106
16440,1,0,1,0.500,120657,135719,3.284,4.600,15.106
16480,1,0,1,0.500,120740,135933,3.288,4.500,14.796
16520,1,0,1,0.500,120787,136026,3.288,4.500,14.796
16560,1,0,1,0.500,120836,136146,3.288,4.500,14.796
16600,1,0,1,0.500,120882,136272,3.284,4.600,15.106
16640,1,0,1,0.500,120651,135673,3.284,4.600,15.106
16680,1,0,1,0.500,120156,134455,3.280,4.700,15.416
16720,1,0,1,0.500,119962,134023,3.280,4.700,15.416
16760,1,0,1,0.500,120062,134263,3.280,4.700,15.416
16800,1,0,1,0.500,120226,134662,3.284,4.400,14.450
16840,1,0,1,0.500,120337,134917,3.284,4.400,14.450
16880,1,0,1,0.500,120362,135024,3.284,4.900,16.092
16920,1,0,1,0.500,120374,135057,3.284,4.900,16.092
16960,1,0,1,0.500,120307,134883,3.284,4.900,16.092
17000,1,0,1,0.500,120352,134998,3.284,4.500,14.778
17040,1,0,1,0.500,120460,135237,3.284,4.500,14.778
17080,1,0,1,0.500,120577,135527,3.284,4.700,15.435
17120,1,0,1,0.500,120725,135864,3.284,4.700,15.435
17160,1,0,1,0.500,120880,136229,3.284,4.700,15.435
17200,1,0,1,0.500,121008,136519,3.284,4.400,14.450
17240,1,0,1,0.500,121070,136664,3.284,4.400,14.450
17280,1,0,1,0.500,121125,136800,3.284,4.600,15.106
17320,1,0,1,0.500,120928,136274,3.284,4.600,15.106
17360,1,0,1,0.500,120497,135242,3.284,4.600,15.106
17400,1,0,1,0.500,120366,134928,3.284,4.700,15.435
17440,1,0,1,0.500,120479,135215,3.284,4.700,15.435
17480,1,0,1,0.500,120605,135542,3.284,4.500,14.778
17520,1,0,1,0.500,120717,135825,3.284,4.500,14.778
17560,1,0,1,0.500,120835,136097,3.284,4.500,14.778
17600,1,0,1,0.500,120813,136050,3.284,4.800,15.763
17640,1,0,1,0.500,120725,135850,3.284,4.800,15.763
17680,1,0,1,0.500,120729,135866,3.284,4.800,15.763
17720,1,0,1,0.500,120862,136203,3.284,4.800,15.763
17760,1,0,1,0.500,120996,136528,3.284,4.800,15.763
17800,1,0,1,0.500,121107,136799,3.284,5.000,16.420
17840,1,0,1,0.500,121198,137028,3.284,5.000,16.420
17880,1,0,1,0.500,121241,137177,3.284,4.600,15.106
17920,1,0,1,0.500,121288,137283,3.284,4.600,15.106
17960,1,0,1,0.500,121289,137271,3.284,4.600,15.106
18000,1,0,1,0.500,120959,136464,3.284,4.600,15.106
18040,1,0,1,0.500,120469,135273,3.284,4.600,15.106
18081,1,0,1,0.500,120280,134807,3.288,4.700,15.454
18120,1,0,1,0.500,120235,134753,3.288,4.700,15.454
18160,1,0,1,0.500,120204,134688,3.288,4.700,15.454
18201,1,0,1,0.500,120053,134413,3.284,4.800,15.763
18240,1,0,1,0.500,119923,134157,3.284,4.800,15.763
18281,1,0,1,0.500,119756,133803,3.284,4.800,15.763
18321,1,0,1,0.500,119592,133457,3.284,4.800,15.763
18360,1,0,1,0.500,119417,133082,3.284,4.800,15.763
18401,1,0,1,0.500,119404,133074,3.284,4.800,15.763
18441,1,0,1,0.500,119583,133488,3.284,4.800,15.763
18481,1,0,1,0.500,119766,133882,3.284,4.700,15.435
18521,1,0,1,0.500,119827,134047,3.284,4.700,15.435
18561,1,0,1,0.500,119898,134223,3.284,4.700,15.435
18601,1,0,1,0.500,119974,134386,3.284,4.700,15.435
18641,1,0,1,0.500,120008,134476,3.284,4.700,15.435
18681,1,0,1,0.500,119741,133829,3.284,4.700,15.435
18721,1,0,1,0.500,119347,132894,3.284,4.700,15.435
18761,1,0,1,0.500,119328,132846,3.284,4.700,15.435
18801,1,0,1,0.500,119536,133326,3.284,4.600,15.106
18841,1,0,1,0.500,119685,133711,3.284,4.600,15.106
18881,1,0,1,0.500,119759,133903,3.284,4.600,15.106
18921,1,0,1,0.500,119756,133916,3.284,4.600,15.106
18961,1,0,1,0.500,119774,133991,3.284,4.600,15.106
19001,1,0,1,0.500,119846,134177,3.288,4.500,14.796
19041,1,0,1,0.500,119935,134359,3.288,4.500,14.796
19081,1,0,1,0.500,120027,134586,3.284,4.400,14.450
19121,1,0,1,0.500,120089,134734,3.284,4.400,14.450
19161,1,0,1,0.500,120152,134860,3.284,4.400,14.450
19201,1,0,1,0.500,120294,135173,3.280,4.600,15.088
19241,1,0,1,0.500,120404,135416,3.280,4.600,15.088
19281,1,0,1,0.500,120549,135757,3.284,4.600,15.106
19321,1,0,1,0.500,120703,136080,3.284,4.600,15.106
19361,1,0,1,0.500,120738,136074,3.284,4.600,15.106
19401,1,0,1,0.500,120345,135090,3.284,4.700,15.435
19441,1,0,1,0.500,120158,134573,3.284,4.700,15.435
19481,1,0,1,0.500,120276,134767,3.284,4.800,15.763
19521,1,0,1,0.500,120248,134725,3.284,4.800,15.763
19561,1,0,1,0.500,120223,134721,3.284,4.800,15.763
19601,1,0,1,0.500,120347,135021,3.284,4.400,14.450
19641,1,0,1,0.500,120364,135076,3.284,4.400,14.450
19681,1,0,1,0.500,120126,134552,3.284,4.400,14.450
19721,1,0,1,0.500,119804,133841,3.284,4.400,14.450
19761,1,0,1,0.500,119505,133165,3.284,4.400,14.450
19801,1,0,1,0.500,119068,132207,3.284,4.800,15.763
19841,1,0,1,0.500,118523,130990,3.284,4.800,15.763
19881,1,0,1,0.500,117850,129489,3.284,4.400,14.450
19921,1,0,1,0.500,117000,127629,3.284,4.400,14.450
19961,1,0,1,0.500,116548,126661,3.284,4.400,14.450
20001,1,0,1,0.500,116435,126415,3.284,4.700,15.435
20041,1,0,1,0.500,116352,126229,3.284,4.700,15.435
20081,1,0,1,0.500,116035,125585,3.284,4.900,16.092
20121,1,0,1,0.500,115915,125398,3.284,4.900,16.092
20161,1,0,1,0.500,116211,126078,3.284,4.900,16.092
20201,1,0,1,0.500,116551,126849,3.284,5.000,16.420
20241,1,0,1,0.500,116801,127414,3.284,5.000,16.420
20282,1,0,1,0.500,117046,127981,3.288,4.800,15.782
20322,1,0,1,0.500,117147,128130,3.288,4.800,15.782
20361,1,0,1,0.500,117119,128070,3.288,4.800,15.782
20402,1,0,1,0.500,117215,128307,3.284,4.700,15.435
20442,1,0,1,0.500,117600,129185,3.284,4.700,15.435
20482,1,0,1,0.500,117965,129978,3.284,4.600,15.106
20522,1,0,1,0.500,118233,130611,3.284,4.600,15.106
20562,1,0,1,0.500,118434,131084,3.284,4.600,15.106
20602,1,0,1,0.500,118598,131480,3.284,4.800,15.763
20642,1,0,1,0.500,118660,131606,3.284,4.800,15.763
20682,1,0,1,0.500,118816,131983,3.284,4.800,15.763
20722,1,0,1,0.500,118798,131916,3.284,4.800,15.763
20762,1,0,1,0.500,118501,131172,3.284,4.800,15.763
20802,1,0,1,0.500,118460,131058,3.284,4.700,15.435
20842,1,0,1,0.500,118726,131622,3.284,4.700,15.435
20882,1,0,1,0.500,119006,132271,3.284,4.800,15.763
20922,1,0,1,0.500,119185,132632,3.284,4.800,15.763
20962,1,0,1,0.500,119281,132862,3.284,4.800,15.763
21002,1,0,1,0.500,119363,133057,3.284,4.600,15.106
21042,1,0,1,0.500,119416,133138,3.284,4.600,15.106
21082,1,0,1,0.500,119452,133196,3.284,4.700,15.435
21122,1,0,1,0.500,119524,133353,3.284,4.700,15.435
21162,1,0,1,0.500,119669,133714,3.284,4.700,15.435
21202,1,0,1,0.500,119773,133969,3.288,4.700,15.454
21242,1,0,1,0.500,119752,133889,3.288,4.700,15.454
21282,1,0,1,0.500,119679,133736,3.284,4.800,15.763
21322,1,0,1,0.500,119702,133816,3.284,4.800,15.763
21362,1,0,1,0.500,119749,133918,3.284,4.800,15.763
21402,1,0,1,0.500,119513,133378,3.284,4.900,16.092
21442,1,0,1,0.500,118980,132131,3.284,4.900,16.092
21482,1,0,1,0.500,118716,131485,3.284,4.800,15.763
21522,1,0,1,0.500,118700,131445,3.284,4.800,15.763
21562,1,0,1,0.500,118781,131642,3.284,4.800,15.763
21602,1,0,1,0.500,118923,131940,3.284,4.400,14.450
21642,1,0,1,0.500,119107,132356,3.284,4.400,14.450
21682,1,0,1,0.500,119242,132662,3.284,4.600,15.106
21722,1,0,1,0.500,119360,132931,3.284,4.600,15.106
21762,1,0,1,0.500,119422,133077,3.284,4.600,15.106
21802,1,0,1,0.500,119458,133181,3.288,4.800,15.782
21842,1,0,1,0.500,119610,133497,3.288,4.800,15.782
21882,1,0,1,0.500,119726,133793,3.284,4.500,14.778
21922,1,0,1,0.500,119861,134082,3.284,4.500,14.778
21962,1,0,1,0.500,119936,134269,3.284,4.500,14.778
22002,1,0,1,0.500,120008,134421,3.284,4.700,15.435
22042,1,0,1,0.500,120088,134631,3.284,4.700,15.435
22083,1,0,1,0.500,120137,134726,3.284,4.900,16.092
22122,1,0,1,0.500,119774,133819,3.284,4.900,16.092
22162,1,0,1,0.500,119335,132832,3.284,4.900,16.092
22203,1,0,1,0.500,119323,132808,3.284,4.700,15.435
22242,1,0,1,0.500,119505,133202,3.284,4.700,15.435
22283,1,0,1,0.500,119632,133475,3.284,4.700,15.435
22323,1,0,1,0.500,119768,133860,3.284,4.700,15.435
22363,1,0,1,0.500,119955,134252,3.284,4.700,15.435
22403,1,0,1,0.500,119946,134219,3.284,4.700,15.435
22443,1,0,1,0.500,119884,134066,3.284,4.700,15.435
22483,1,0,1,0.500,119920,134192,3.284,4.700,15.435
22523,1,0,1,0.500,120024,134441,3.284,4.700,15.435
22563,1,0,1,0.500,120149,134743,3.284,4.700,15.435
22603,1,0,1,0.500,120245,134974,3.284,4.800,15.763
22643,1,0,1,0.500,120314,135139,3.284,4.800,15.763
22683,1,0,1,0.500,120360,135251,3.284,4.900,16.092
22723,1,0,1,0.500,120392,135332,3.284,4.900,16.092
22763,1,0,1,0.500,120232,134955,3.284,4.900,16.092
22803,1,0,1,0.500,119776,133856,3.284,4.800,15.763
22843,1,0,1,0.500,119495,133174,3.284,4.800,15.763
22883,1,0,1,0.500,119457,133109,3.284,4.500,14.778
22923,1,0,1,0.500,119561,133396,3.284,4.500,14.778
22963,1,0,1,0.500,119777,133899,3.284,4.500,14.778
23003,1,0,1,0.500,120007,134452,3.284,4.700,15.435
23043,1,0,1,0.500,120089,134610,3.284,4.700,15.435
23083,1,0,1,0.500,120017,134460,3.284,4.800,15.763
23123,1,0,1,0.500,120026,134467,3.284,4.800,15.763
23163,1,0,1,0.500,120073,134557,3.284,4.800,15.763
23203,1,0,1,0.500,120086,134583,3.284,4.700,15.435
23243,1,0,1,0.500,120076,134577,3.284,4.700,15.435
23283,1,0,1,0.500,120112,134659,3.284,4.800,15.763
23323,1,0,1,0.500,120188,134872,3.284,4.800,15.763
23363,1,0,1,0.500,120260,135044,3.284,4.800,15.763
23403,1,0,1,0.500,120204,134931,3.284,4.800,15.763
23443,1,0,1,0.500,119806,133963,3.284,4.800,15.763
23483,1,0,1,0.500,119331,132846,3.284,4.800,15.763
23523,1,0,1,0.500,119206,132556,3.284,4.800,15.763
23563,1,0,1,0.500,119317,132806,3.284,4.800,15.763
23603,1,0,1,0.500,119434,133123,3.284,4.600,15.106
23643,1,0,1,0.500,119646,133663,3.284,4.600,15.106
23683,1,0,1,0.500,119808,134046,3.284,5.000,16.420
23723,1,0,1,0.500,119858,134150,3.284,5.000,16.420
23763,1,0,1,0.500,119852,134108,3.284,5.000,16.420
23803,1,0,1,0.500,119851,134119,3.280,4.600,15.088
23843,1,0,1,0.500,119932,134306,3.280,4.600,15.088
23884,1,0,1,0.500,120036,134549,3.284,4.700,15.435
23923,1,0,1,0.500,120118,134764,3.284,4.700,15.435
23963,1,0,1,0.500,120164,134908,3.284,4.700,15.435
24004,1,0,1,0.500,120158,134941,3.280,4.900,16.072
24043,1,0,1,0.500,120212,135043,3.280,4.900,16.072
24084,1,0,1,0.500,120050,134643,3.280,5.000,16.400
24124,1,0,1,0.500,119552,133426,3.280,5.000,16.400
24163,1,0,1,0.500,119292,132827,3.280,5.000,16.400
24204,1,0,1,0.500,119330,132915,3.284,4.900,16.092
24244,1,0,1,0.500,119397,133070,3.284,4.900,16.092
24284,1,0,1,0.500,119438,133180,3.284,4.800,15.763
24324,1,0,1,0.500,119433,133175,3.284,4.800,15.763
24364,1,0,1,0.500,119366,133020,3.284,4.800,15.763
24404,1,0,1,0.500,119360,133011,3.284,4.600,15.106
24444,1,0,1,0.500,119402,133111,3.284,4.600,15.106
24484,1,0,1,0.500,119536,133443,3.284,4.900,16.092
24524,1,0,1,0.500,119688,133801,3.284,4.900,16.092
24564,1,0,1,0.500,119747,133930,3.284,4.900,16.092
24604,1,0,1,0.500,119715,133858,3.284,4.900,16.092
24644,1,0,1,0.500,119676,133769,3.284,4.900,16.092
24684,1,0,1,0.500,119609,133660,3.284,5.000,16.420
24724,1,0,1,0.500,119511,133437,3.284,5.000,16.420
24764,1,0,1,0.500,118947,132139,3.284,5.000,16.420
24804,1,0,1,0.500,118182,130419,3.284,4.500,14.778
24844,1,0,1,0.500,117951,129894,3.284,4.500,14.778
24884,1,0,1,0.500,117868,129725,3.284,4.800,15.763
24924,1,0,1,0.500,117720,129404,3.284,4.800,15.763
24964,1,0,1,0.500,117711,129430,3.284,4.800,15.763
25004,1,0,1,0.500,117762,129561,3.288,5.300,17.426
25044,1,0,1,0.500,117764,129551,3.288,5.300,17.426
25084,1,0,1,0.500,117732,129486,3.284,5.000,16.420
25124,1,0,1,0.500,117823,129710,3.284,5.000,16.420
25164,1,0,1,0.500,117905,129894,3.284,5.000,16.420
25204,1,0,1,0.500,117950,130031,3.280,4.100,13.448
25244,1,0,1,0.500,118167,130527,3.280,4.100,13.448
25284,1,0,1,0.500,118356,130968,3.288,5.000,16.440
25324,1,0,1,0.500,118550,131399,3.288,5.000,16.440
25364,1,0,1,0.500,118717,131767,3.288,5.000,16.440
25404,1,0,1,0.500,118772,131918,3.284,4.800,15.763
25444,1,0,1,0.500,118480,131216,3.284,4.800,15.763
25484,1,0,1,0.500,118138,130369,3.276,4.900,16.052
25524,1,0,1,0.500,118002,130081,3.276,4.900,16.052
25564,1,0,1,0.500,118028,130154,3.276,4.900,16.052
25604,1,0,1,0.500,118299,130799,3.284,4.200,13.793
25644,1,0,1,0.500,118576,131453,3.284,4.200,13.793
25684,1,0,1,0.500,118719,131770,3.284,6.400,21.018
25724,1,0,1,0.500,118792,131923,3.284,6.400,21.018
25764,1,0,1,0.500,118847,132004,3.284,6.400,21.018
25804,1,0,1,0.500,118938,132201,3.284,4.900,16.092
25844,1,0,1,0.500,119068,132519,3.284,4.900,16.092
25885,1,0,1,0.500,119188,132796,3.280,4.900,16.072
25924,1,0,1,0.500,119343,133091,3.280,4.900,16.072
25964,1,0,1,0.500,119478,133405,3.280,4.900,16.072
26005,1,0,1,0.500,119573,133646,3.288,5.000,16.440
26045,1,0,1,0.500,119734,134025,3.288,5.000,16.440
26085,1,0,1,0.500,119834,134220,3.240,5.100,16.524
26125,1,0,1,0.500,119455,133326,3.240,5.100,16.524
26165,1,0,1,0.500,119021,132285,3.240,5.100,16.524
26205,1,0,1,0.500,119001,132189,3.284,4.900,16.092
26245,1,0,1,0.500,119081,132352,3.284,4.900,16.092
26285,1,0,1,0.500,119172,132573,3.284,15.900,52.216
26325,1,0,1,0.500,119287,132828,3.284,15.900,52.216
26365,1,0,1,0.500,119299,132846,3.284,15.900,52.216
26405,1,0,1,0.500,119267,132762,3.284,4.600,15.106
26445,1,0,1,0.500,119269,132778,3.284,4.600,15.106
26485,1,0,1,0.500,119292,132793,3.244,5.200,16.869
26525,1,0,1,0.500,119351,132984,3.244,5.200,16.869
26565,1,0,1,0.500,119476,133318,3.244,5.200,16.869
26605,1,0,1,0.500,119579,133561,3.268,4.700,15.360
26645,1,0,1,0.500,119646,133708,3.268,4.700,15.360
26685,1,0,1,0.500,119680,133803,3.284,15.700,51.559
26725,1,0,1,0.500,119721,133941,3.284,15.700,51.559
26765,1,0,1,0.500,119785,134085,3.284,15.700,51.559
26805,1,0,1,0.500,119611,133613,3.284,8.200,26.929
26845,1,0,1,0.500,119120,132446,3.284,8.200,26.929
26885,1,0,1,0.500,118874,131857,3.248,5.200,16.890
26925,1,0,1,0.500,118941,131972,3.248,5.200,16.890
26965,1,0,1,0.500,119093,132301,3.248,5.200,16.890
27005,1,0,1,0.500,119200,132554,3.276,4.500,14.742
27045,1,0,1,0.500,119322,132847,3.276,4.500,14.742
27085,1,0,1,0.500,119441,133099,3.288,5.000,16.440
27125,1,0,1,0.500,119473,133223,3.288,5.000,16.440
27165,1,0,1,0.500,119563,133416,3.288,5.000,16.440
27205,1,0,1,0.500,119681,133671,3.284,4.900,16.092
27245,1,0,1,0.500,119776,133899,3.284,4.900,16.092
27285,1,0,1,0.500,119866,134114,3.284,5.000,16.420
27325,1,0,1,0.500,119917,134235,3.284,5.000,16.420
27365,1,0,1,0.500,119992,134419,3.284,5.000,16.420
27405,1,0,1,0.500,120127,134776,3.280,3.900,12.792
27445,1,0,1,0.500,120292,135182,3.280,3.900,12.792
27485,1,0,1,0.500,120479,135577,3.284,4.900,16.092
27525,1,0,1,0.500,120339,135219,3.284,4.900,16.092
27565,1,0,1,0.500,119746,133790,3.284,4.900,16.092
27605,1,0,1,0.500,119325,132801,3.284,4.900,16.092
27645,1,0,1,0.500,119264,132623,3.284,4.900,16.092
27685,1,0,1,0.500,119235,132564,3.264,4.900,15.994
27725,1,0,1,0.500,119205,132466,3.264,4.900,15.994
27765,1,0,1,0.500,119198,132424,3.264,4.900,15.994
27805,1,0,1,0.500,119122,132258,3.280,4.500,14.760
27845,1,0,1,0.500,119065,132134,3.280,4.500,14.760
27886,1,0,1,0.500,119098,132249,3.280,9.300,30.504
27925,1,0,1,0.500,119285,132663,3.280,9.300,30.504
27965,1,0,1,0.500,119566,133327,3.280,9.300,30.504
28006,1,0,1,0.500,119806,133906,3.284,5.000,16.420
28046,1,0,1,0.500,119972,134304,3.284,5.000,16.420
28086,1,0,1,0.500,120044,134472,3.268,5.000,16.340
28126,1,0,1,0.500,120102,134642,3.268,5.000,16.340
28166,1,0,1,0.500,120177,134826,3.268,5.000,16.340
28206,1,0,1,0.500,120269,135041,3.284,4.100,13.464
28246,1,0,1,0.500,120273,135041,3.284,4.100,13.464
28286,1,0,1,0.500,119903,134175,3.252,7.600,24.715
28326,1,0,1,0.500,119412,132988,3.252,7.600,24.715
28366,1,0,1,0.500,119429,133032,3.252,7.600,24.715
28406,1,0,1,0.500,119616,133471,3.284,5.400,17.734
28446,1,0,1,0.500,119766,133840,3.284,5.400,17.734
28486,1,0,1,0.500,119722,133694,3.276,13.800,45.209
28526,1,0,1,0.500,119485,133207,3.276,13.800,45.209
28566,1,0,1,0.500,119287,132748,3.276,13.800,45.209
28606,1,0,1,0.500,119031,132141,3.288,4.100,13.481
28646,1,0,1,0.500,118838,131740,3.288,4.100,13.481
28686,1,0,1,0.500,118966,132109,3.256,7.400,24.094
28726,1,0,1,0.500,119238,132720,3.256,7.400,24.094
28766,1,0,1,0.500,119519,133348,3.256,7.400,24.094
28806,1,0,1,0.500,119708,133747,3.288,5.000,16.440
28846,1,0,1,0.500,119671,133629,3.288,5.000,16.440
28886,1,0,1,0.500,119616,133456,3.276,12.600,41.278
28926,1,0,1,0.500,119503,133194,3.276,12.600,41.278
28967,1,0,1,0.500,119245,132586,3.280,14.700,48.216
29006,1,0,1,0.500,118617,131083,3.280,14.700,48.216
29046,1,0,1,0.500,118054,129783,3.280,14.700,48.216
29086,1,0,1,0.500,117992,129671,3.256,8.000,26.048
29126,1,0,1,0.500,118130,129978,3.256,8.000,26.048
29167,1,0,1,0.500,118283,130363,3.248,5.400,17.539
29206,1,0,1,0.500,118543,130954,3.248,5.400,17.539
29246,1,0,1,0.500,118762,131422,3.248,5.400,17.539
29286,1,0,1,0.500,118673,131218,3.276,12.100,39.640
29326,1,0,1,0.500,118670,131231,3.276,12.100,39.640
29367,1,0,1,0.500,118752,131414,3.284,15.400,50.574
29406,1,0,1,0.500,118743,131383,3.284,15.400,50.574
29446,1,0,1,0.500,118691,131292,3.284,15.400,50.574
29486,1,0,1,0.500,118669,131200,3.260,8.400,27.384
29526,1,0,1,0.500,118552,130930,3.260,8.400,27.384
29567,1,0,1,0.500,118517,130840,3.244,5.100,16.544
29606,1,0,1,0.500,118469,130735,3.244,5.100,16.544
29646,1,0,1,0.500,118561,130950,3.244,5.100,16.544
29686,1,0,1,0.500,118461,130724,3.268,11.500,37.582
29727,1,0,1,0.500,118116,129913,3.268,11.500,37.582
29767,1,0,1,0.500,117979,129605,3.284,15.900,52.216
29806,1,0,1,0.500,118056,129805,3.284,15.900,52.216
29847,1,0,1,0.500,118148,130023,3.284,15.900,52.216
29886,1,0,1,0.500,118241,130213,3.264,8.800,28.723
29927,1,0,1,0.500,118240,130219,3.264,8.800,28.723
29967,1,0,1,0.500,118177,130068,3.244,5.000,16.220
30006,1,0,1,0.500,118129,129985,3.244,5.000,16.220
30047,1,0,1,0.500,118161,130018,3.244,5.000,16.220
30086,1,0,1,0.500,118277,130304,3.268,11.100,36.275
30127,1,0,1,0.500,118554,130964,3.268,11.100,36.275
30167,1,0,1,0.500,118833,131572,3.284,16.900,55.500
30206,1,0,1,0.500,118990,131943,3.284,16.900,55.500
30247,1,0,1,0.500,119031,132046,3.284,16.900,55.500
30287,1,0,1,0.500,118991,131929,3.264,9.600,31.334
30327,1,0,1,0.500,118942,131820,3.264,9.600,31.334
30367,1,0,1,0.500,118861,131646,3.240,5.300,17.172
30407,1,0,1,0.500,118571,130937,3.240,5.300,17.172
30447,1,0,1,0.500,118166,129974,3.240,5.300,17.172
30487,1,0,1,0.500,118064,129754,3.264,10.300,33.619
30527,1,0,1,0.500,118166,129997,3.264,10.300,33.619
30567,1,0,1,0.500,118387,130499,3.288,16.900,55.567
30607,1,0,1,0.500,118487,130741,3.288,16.900,55.567
30647,1,0,1,0.500,118491,130723,3.288,16.900,55.567
30687,1,0,1,0.500,118425,130560,3.264,11.000,35.904
30727,1,0,1,0.500,118382,130464,3.264,11.000,35.904
30767,1,0,1,0.500,118340,130380,3.240,5.300,17.172
30807,1,0,1,0.500,118429,130583,3.240,5.300,17.172
30847,1,0,1,0.500,118524,130773,3.240,5.300,17.172
30887,1,0,1,0.500,118502,130751,3.260,9.900,32.274
30927,1,0,1,0.500,118508,130739,3.260,9.900,32.274
30967,1,0,1,0.500,118589,130941,3.284,16.900,55.500
31007,1,0,1,0.500,118659,131103,3.284,16.900,55.500
31047,1,0,1,0.500,118689,131154,3.284,16.900,55.500
31087,1,0,1,0.500,118761,131328,3.272,12.100,39.591
31127,1,0,1,0.500,118427,130524,3.272,12.100,39.591
31167,1,0,1,0.500,117866,129250,3.244,5.100,16.544
31207,1,0,1,0.500,117753,128988,3.244,5.100,16.544
31247,1,0,1,0.500,117972,129479,3.244,5.100,16.544
31287,1,0,1,0.500,118178,130012,3.256,8.400,27.350
31327,1,0,1,0.500,118414,130548,3.256,8.400,27.350
31367,1,0,1,0.500,118591,130947,3.288,16.200,53.266
31407,1,0,1,0.500,118578,130913,3.288,16.200,53.266
31447,1,0,1,0.500,118548,130848,3.288,16.200,53.266
31487,1,0,1,0.500,118610,130982,3.272,13.400,43.845
31527,1,0,1,0.500,118724,131265,3.272,13.400,43.845
31567,1,0,1,0.500,118800,131448,3.248,4.900,15.915
31607,1,0,1,0.500,118843,131548,3.248,4.900,15.915
31647,1,0,1,0.500,118866,131606,3.248,4.900,15.915
31687,1,0,1,0.500,118861,131604,3.288,7.300,24.002
31727,1,0,1,0.500,118937,131788,3.288,7.300,24.002
31767,1,0,1,0.500,119058,132041,3.288,14.700,48.334
31807,1,0,1,0.500,118748,131306,3.288,14.700,48.334
31847,1,0,1,0.500,118252,130150,3.288,14.700,48.334
31887,1,0,1,0.500,118154,129888,3.280,4.600,15.088
31927,1,0,1,0.500,118311,130257,3.280,4.600,15.088
31968,1,0,1,0.500,118462,130603,3.288,4.700,15.454
32008,1,0,1,0.500,118583,130926,3.288,4.700,15.454
32048,1,0,1,0.500,118710,131228,3.288,4.700,15.454
32088,1,0,1,0.500,118701,131191,3.288,5.400,17.755
32128,1,0,1,0.500,118618,130999,3.288,5.400,17.755
32168,1,0,1,0.500,118529,130784,3.284,13.100,43.020
32208,1,0,1,0.500,118550,130832,3.284,13.100,43.020
32248,1,0,1,0.500,118581,130960,3.284,13.100,43.020
32288,1,0,1,0.500,118730,131244,3.288,4.800,15.782
32328,1,0,1,0.500,118896,131675,3.288,4.800,15.782
32368,1,0,1,0.500,118998,131930,3.288,4.700,15.454
32408,1,0,1,0.500,119031,132003,3.288,4.700,15.454
32448,1,0,1,0.500,118968,131842,3.288,4.700,15.454
32488,1,0,1,0.500,118526,130785,3.288,4.600,15.125
32528,1,0,1,0.500,118100,129839,3.288,4.600,15.125
32568,1,0,1,0.500,118054,129695,3.288,4.700,15.454
32608,1,0,1,0.500,118188,130023,3.288,4.700,15.454
32648,1,0,1,0.500,118342,130386,3.288,4.700,15.454
32688,1,0,1,0.500,118440,130627,3.288,4.700,15.454
32728,1,0,1,0.500,118465,130699,3.288,4.700,15.454
32768,1,0,1,0.500,118452,130681,3.284,4.600,15.106
32808,1,0,1,0.500,118439,130659,3.284,4.600,15.106
32848,1,0,1,0.500,118403,130592,3.284,4.600,15.106
32888,1,0,1,0.500,118401,130561,3.288,4.800,15.782
32928,1,0,1,0.500,118417,130634,3.288,4.800,15.782
32968,1,0,1,0.500,118517,130913,3.288,4.800,15.782
33008,1,0,1,0.500,118766,131504,3.288,4.800,15.782
33048,1,0,1,0.500,119048,132175,3.288,4.800,15.782
33088,1,0,1,0.500,119245,132596,3.288,4.500,14.796
33128,1,0,1,0.500,119116,132287,3.288,4.500,14.796
33168,1,0,1,0.500,118496,130787,3.288,4.600,15.125
33208,1,0,1,0.500,117910,129420,3.288,4.600,15.125
33248,1,0,1,0.500,117804,129172,3.288,4.600,15.125
33288,1,0,1,0.500,117801,129142,3.284,4.600,15.106
33329,1,0,1,0.500,117783,129066,3.284,4.600,15.106
33368,1,0,1,0.500,117818,129142,3.284,4.700,15.435
33408,1,0,1,0.500,117851,129235,3.284,4.700,15.435
33449,1,0,1,0.500,117916,129426,3.284,4.700,15.435
33488,1,0,1,0.500,117971,129570,3.284,4.800,15.763
33529,1,0,1,0.500,118021,129656,3.284,4.800,15.763
33568,1,0,1,0.500,118093,129844,3.284,4.800,15.763
33608,1,0,1,0.500,118169,130020,3.284,4.800,15.763
33649,1,0,1,0.500,118244,130190,3.284,4.800,15.763
33688,1,0,1,0.500,118303,130347,3.284,4.500,14.778
33729,1,0,1,0.500,118384,130560,3.284,4.500,14.778
33769,1,0,1,0.500,118494,130803,3.284,4.500,14.778
33808,1,0,1,0.500,118467,130739,3.284,4.500,14.778
33849,1,0,1,0.500,118064,129789,3.284,4.500,14.778
33889,1,0,1,0.500,117710,128998,3.284,4.500,14.778
33929,1,0,1,0.500,117766,129077,3.284,4.500,14.778
33969,1,0,1,0.500,117900,129395,3.284,4.600,15.106
34009,1,0,1,0.500,118014,129665,3.284,4.600,15.106
34049,1,0,1,0.500,118173,130045,3.284,4.600,15.106
34089,1,0,1,0.500,118283,130301,3.284,4.500,14.778
34129,1,0,1,0.500,118318,130360,3.284,4.500,14.778
34169,1,0,1,0.500,118335,130411,3.284,4.500,14.778
34209,1,0,1,0.500,118369,130472,3.284,4.500,14.778
34249,1,0,1,0.500,118448,130638,3.284,4.500,14.778
34289,1,0,1,0.500,118498,130773,3.284,4.800,15.763
34329,1,0,1,0.500,118556,130927,3.284,4.800,15.763
34369,1,0,1,0.500,118634,131123,3.288,4.800,15.782
34409,1,0,1,0.500,118682,131246,3.288,4.800,15.782
34449,1,0,1,0.500,118734,131357,3.288,4.800,15.782
34489,1,0,1,0.500,118835,131605,3.288,4.800,15.782
34529,1,0,1,0.500,118688,131247,3.288,4.800,15.782
34569,1,0,1,0.500,118118,129905,3.288,4.600,15.125
34609,1,0,1,0.500,117808,129191,3.288,4.600,15.125
34649,1,0,1,0.500,117865,129295,3.288,4.600,15.125
34689,1,0,1,0.500,117937,129481,3.288,4.700,15.454
34729,1,0,1,0.500,118058,129773,3.288,4.700,15.454
34769,1,0,1,0.500,118163,130024,3.288,4.800,15.782
34809,1,0,1,0.500,118159,130018,3.288,4.800,15.782
34849,1,0,1,0.500,118078,129799,3.288,4.800,15.782
34889,1,0,1,0.500,117977,129609,3.288,4.600,15.125
34929,1,0,1,0.500,117975,129608,3.288,4.600,15.125
34969,1,0,1,0.500,118028,129679,3.288,4.700,15.454
35009,1,0,1,0.500,117964,129543,3.288,4.700,15.454
35049,1,0,1,0.500,118007,129699,3.288,4.700,15.454
35089,1,0,1,0.500,118181,130121,3.288,4.500,14.796
35129,1,0,1,0.500,118360,130567,3.288,4.500,14.796
35169,1,0,1,0.500,118465,130838,3.284,4.600,15.106
35209,1,0,1,0.500,118341,130517,3.284,4.600,15.106
35249,1,0,1,0.500,117904,129477,3.284,4.600,15.106
35289,1,0,1,0.500,117655,128860,3.288,4.900,16.111
35330,1,0,1,0.500,117658,128871,3.288,4.900,16.111
35369,1,0,1,0.500,117759,129083,3.288,4.700,15.454
35409,1,0,1,0.500,117862,129348,3.288,4.700,15.454
35450,1,0,1,0.500,117876,129371,3.288,4.700,15.454
35489,1,0,1,0.500,117869,129332,3.284,4.500,14.778
35530,1,0,1,0.500,117821,129214,3.284,4.500,14.778
35569,1,0,1,0.500,117814,129188,3.284,4.800,15.763
35609,1,0,1,0.500,117871,129355,3.284,4.800,15.763
35650,1,0,1,0.500,118052,129796,3.284,4.800,15.763
35689,1,0,1,0.500,118243,130217,3.284,4.700,15.435
35730,1,0,1,0.500,118336,130464,3.284,4.700,15.435
35770,1,0,1,0.500,118419,130657,3.284,4.800,15.763
35810,1,0,1,0.500,118487,130790,3.284,4.800,15.763
35850,1,0,1,0.500,118533,130901,3.284,4.800,15.763
35890,1,0,1,0.500,118349,130463,3.284,4.600,15.106
35930,1,0,1,0.500,117805,129190,3.284,4.600,15.106
35970,1,0,1,0.500,117552,128579,3.284,4.800,15.763
36010,1,0,1,0.500,117583,128652,3.284,4.800,15.763
36050,1,0,1,0.500,117769,129075,3.284,4.800,15.763
36090,1,0,1,0.500,117929,129458,3.284,4.800,15.763
36130,1,0,1,0.500,118006,129610,3.284,4.800,15.763
36170,1,0,1,0.500,118037,129701,3.284,4.600,15.106
36210,1,0,1,0.500,118028,129681,3.284,4.600,15.106
36250,1,0,1,0.500,118026,129678,3.284,4.600,15.106
36290,1,0,1,0.500,118153,129983,3.288,4.600,15.125
36330,1,0,1,0.500,118328,130391,3.288,4.600,15.125
36370,1,0,1,0.500,118440,130644,3.288,4.500,14.796
36410,1,0,1,0.500,118576,130976,3.288,4.500,14.796
36450,1,0,1,0.500,118698,131262,3.288,4.500,14.796
36490,1,0,1,0.500,118764,131427,3.284,4.500,14.778
36530,1,0,1,0.500,118793,131478,3.284,4.500,14.778
36570,1,0,1,0.500,118704,131262,3.288,4.600,15.125
36610,1,0,1,0.500,118251,130186,3.288,4.600,15.125
36650,1,0,1,0.500,117952,129484,3.288,4.600,15.125
36690,1,0,1,0.500,117928,129415,3.284,4.500,14.778
36730,1,0,1,0.500,118041,129694,3.284,4.500,14.778
36770,1,0,1,0.500,118116,129901,3.284,4.600,15.106
36810,1,0,1,0.500,118189,130040,3.284,4.600,15.106
36850,1,0,1,0.500,118246,130181,3.284,4.600,15.106
36890,1,0,1,0.500,118325,130370,3.288,4.600,15.125
36930,1,0,1,0.500,118416,130573,3.288,4.600,15.125
36970,1,0,1,0.500,118561,130892,3.284,4.800,15.763
37010,1,0,1,0.500,118727,131286,3.284,4.800,15.763
37050,1,0,1,0.500,118856,131604,3.284,4.800,15.763
37090,1,0,1,0.500,118956,131826,3.284,4.700,15.435
37130,1,0,1,0.500,118942,131807,3.284,4.700,15.435
37170,1,0,1,0.500,118849,131615,3.284,4.500,14.778
37210,1,0,1,0.500,118790,131443,3.284,4.500,14.778
37250,1,0,1,0.500,118750,131368,3.284,4.500,14.778
37290,1,0,1,0.500,118624,131060,3.284,4.600,15.106
37331,1,0,1,0.500,118174,129990,3.284,4.600,15.106
37370,1,0,1,0.500,117848,129248,3.284,4.500,14.778
37410,1,0,1,0.500,117884,129303,3.284,4.500,14.778
37451,1,0,1,0.500,118022,129635,3.284,4.500,14.778
37490,1,0,1,0.500,118179,129989,3.284,4.800,15.763
37531,1,0,1,0.500,118245,130139,3.284,4.800,15.763
37570,1,0,1,0.500,118236,130102,3.284,4.700,15.435
37610,1,0,1,0.500,118229,130087,3.284,4.700,15.435
37651,1,0,1,0.500,118261,130151,3.284,4.700,15.435
37691,1,0,1,0.500,118321,130298,3.284,4.800,15.763
37731,1,0,1,0.500,118395,130485,3.284,4.800,15.763
37771,1,0,1,0.500,118473,130693,3.284,4.500,14.778
37811,1,0,1,0.500,118619,131028,3.284,4.500,14.778
37851,1,0,1,0.500,118716,131252,3.284,4.500,14.778
37891,1,0,1,0.500,118779,131399,3.284,4.800,15.763
37931,1,0,1,0.500,118844,131547,3.284,4.800,15.763
37971,1,0,1,0.500,118948,131790,3.284,4.700,15.435
38011,1,0,1,0.500,119076,132081,3.284,4.700,15.435
38051,1,0,1,0.500,118817,131479,3.284,4.700,15.435
38091,1,0,1,0.500,118336,130346,3.288,4.800,15.782
38131,1,0,1,0.500,118195,130008,3.288,4.800,15.782
38171,1,0,1,0.500,118327,130345,3.284,4.900,16.092
38211,1,0,1,0.500,118501,130738,3.284,4.900,16.092
38251,1,0,1,0.500,118692,131167,3.284,4.900,16.092
38291,1,0,1,0.500,118832,131469,3.284,4.600,15.106
38331,1,0,1,0.500,118829,131497,3.284,4.600,15.106
38371,1,0,1,0.500,118801,131424,3.284,4.500,14.778
38411,1,0,1,0.500,118824,131485,3.284,4.500,14.778
38451,1,0,1,0.500,118896,131657,3.284,4.500,14.778
38491,1,0,1,0.500,119001,131915,3.284,4.600,15.106
38531,1,0,1,0.500,119103,132147,3.284,4.600,15.106
38571,1,0,1,0.500,119214,132400,3.284,4.600,15.106
38611,1,0,1,0.500,119241,132466,3.284,4.600,15.106
38651,1,0,1,0.500,119278,132557,3.284,4.600,15.106
38691,1,0,1,0.500,119327,132662,3.288,4.900,16.111
38731,1,0,1,0.500,119308,132656,3.288,4.900,16.111
38771,1,0,1,0.500,118986,131894,3.284,4.900,16.092
38811,1,0,1,0.500,118540,130819,3.284,4.900,16.092
38851,1,0,1,0.500,118373,130424,3.284,4.900,16.092
38891,1,0,1,0.500,118413,130516,3.284,4.600,15.106
38931,1,0,1,0.500,118543,130824,3.284,4.600,15.106
38971,1,0,1,0.500,118595,130934,3.288,4.600,15.125
39011,1,0,1,0.500,118601,131004,3.288,4.600,15.125
39051,1,0,1,0.500,118566,130928,3.288,4.600,15.125
39091,1,0,1,0.500,118546,130899,3.284,4.600,15.106
39131,1,0,1,0.500,118646,131132,3.284,4.600,15.106
39171,1,0,1,0.500,118792,131471,3.288,4.500,14.796
39211,1,0,1,0.500,118851,131587,3.288,4.500,14.796
39251,1,0,1,0.500,118904,131700,3.288,4.500,14.796
39291,1,0,1,0.500,118960,131824,3.284,4.500,14.778
39332,1,0,1,0.500,119014,131976,3.284,4.500,14.778
39371,1,0,1,0.500,119099,132173,3.284,4.700,15.435
39411,1,0,1,0.500,119215,132444,3.284,4.700,15.435
39452,1,0,1,0.500,119243,132484,3.284,4.700,15.435
39491,1,0,1,0.500,118882,131576,3.284,4.700,15.435
39532,1,0,1,0.500,118376,130425,3.284,4.700,15.435
39572,1,0,1,0.500,118230,130076,3.288,4.600,15.125
39611,1,0,1,0.500,118261,130155,3.288,4.600,15.125
39652,1,0,1,0.500,118307,130286,3.288,4.600,15.125
39692,1,0,1,0.500,118318,130316,3.284,4.600,15.106
39732,1,0,1,0.500,118405,130520,3.284,4.600,15.106
39772,1,0,1,0.500,118412,130567,3.284,4.700,15.435
39812,1,0,1,0.500,118382,130495,3.284,4.700,15.435
39852,1,0,1,0.500,118414,130568,3.284,4.700,15.435
39892,1,0,1,0.500,118504,130757,3.284,4.800,15.763
39932,1,0,1,0.500,118557,130941,3.284,4.800,15.763
39972,1,0,1,0.500,118667,131187,3.284,4.600,15.106
40012,1,0,1,0.500,118704,131260,3.284,4.600,15.106
40052,1,0,1,0.500,118743,131349,3.284,4.600,15.106
40092,1,0,1,0.500,118823,131572,3.284,4.800,15.763
40132,1,0,1,0.500,119008,131998,3.284,4.800,15.763
40172,1,0,1,0.500,119176,132396,3.288,4.400,14.467
40212,1,0,1,0.500,119015,131954,3.288,4.400,14.467
40252,1,0,1,0.500,118552,130868,3.288,4.400,14.467
40292,1,0,1,0.500,118392,130453,3.288,4.600,15.125
40332,1,0,1,0.500,118490,130712,3.288,4.600,15.125
40372,1,0,1,0.500,118658,131127,3.288,4.800,15.782
40412,1,0,1,0.500,118783,131427,3.288,4.800,15.782
40452,1,0,1,0.500,118892,131684,3.288,4.800,15.782
40492,1,0,1,0.500,118978,131885,3.288,4.600,15.125
40532,1,0,1,0.500,118974,131860,3.288,4.600,15.125
40572,1,0,1,0.500,118937,131755,3.284,4.700,15.435
40612,1,0,1,0.500,118983,131876,3.284,4.700,15.435
40652,1,0,1,0.500,119096,132135,3.284,4.700,15.435
40692,1,0,1,0.500,119201,132392,3.284,4.700,15.435
40732,1,0,1,0.500,119280,132586,3.284,4.700,15.435
40772,1,0,1,0.500,119387,132849,3.284,4.800,15.763
40812,1,0,1,0.500,119501,133101,3.284,4.800,15.763
40852,1,0,1,0.500,119575,133270,3.284,4.800,15.763
40892,1,0,1,0.500,119623,133397,3.288,4.500,14.796
40932,1,0,1,0.500,119579,133297,3.288,4.500,14.796
40972,1,0,1,0.500,119125,132203,3.284,4.300,14.121
41012,1,0,1,0.500,118596,130926,3.284,4.300,14.121
41052,1,0,1,0.500,118392,130472,3.284,4.300,14.121
41092,1,0,1,0.500,118483,130675,3.288,4.700,15.454
41132,1,0,1,0.500,118611,130968,3.288,4.700,15.454
41172,1,0,1,0.500,118736,131288,3.284,4.900,16.092
41212,1,0,1,0.500,118883,131633,3.284,4.900,16.092
41252,1,0,1,0.500,118935,131774,3.284,4.900,16.092
41292,1,0,1,0.500,118918,131704,3.284,4.600,15.106
41333,1,0,1,0.500,118952,131806,3.284,4.600,15.106
41372,1,0,1,0.500,119041,132024,3.288,4.800,15.782
41412,1,0,1,0.500,119081,132116,3.288,4.800,15.782
41453,1,0,1,0.500,119111,132251,3.288,4.800,15.782
41492,1,0,1,0.500,119238,132588,3.284,4.500,14.778
41533,1,0,1,0.500,119369,132882,3.284,4.500,14.778
41572,1,0,1,0.500,119444,133049,3.284,4.700,15.435
41612,1,0,1,0.500,119479,133158,3.284,4.700,15.435
41653,1,0,1,0.500,119283,132693,3.284,4.700,15.435
41693,1,0,1,0.500,118752,131388,3.284,4.700,15.435
41733,1,0,1,0.500,118403,130591,3.284,4.700,15.435
41773,1,0,1,0.500,118421,130648,3.288,4.700,15.454
41813,1,0,1,0.500,118553,130952,3.288,4.700,15.454
41853,1,0,1,0.500,118645,131162,3.288,4.700,15.454
41893,1,0,1,0.500,118711,131356,3.288,4.700,15.454
41933,1,0,1,0.500,118744,131460,3.288,4.700,15.454
41973,1,0,1,0.500,118757,131481,3.284,4.600,15.106
42013,1,0,1,0.500,118775,131552,3.284,4.600,15.106
42053,1,0,1,0.500,118868,131780,3.284,4.600,15.106
42093,1,0,1,0.500,118959,132024,3.284,4.700,15.435
42133,1,0,1,0.500,118994,132129,3.284,4.700,15.435
42173,1,0,1,0.500,119032,132219,3.284,4.800,15.763
42213,1,0,1,0.500,119112,132416,3.284,4.800,15.763
42253,1,0,1,0.500,119100,132380,3.284,4.800,15.763
42293,1,0,1,0.500,119051,132283,3.284,4.800,15.763
42333,1,0,1,0.500,118849,131824,3.284,4.800,15.763
42373,1,0,1,0.500,118208,130289,3.288,4.600,15.125
42413,1,0,1,0.500,117649,129036,3.288,4.600,15.125
42453,1,0,1,0.500,117407,128493,3.288,4.600,15.125
42493,1,0,1,0.500,117302,128273,3.288,4.600,15.125
42533,1,0,1,0.500,117245,128181,3.288,4.600,15.125
42573,1,0,1,0.500,117372,128479,3.284,4.700,15.435
42613,1,0,1,0.500,117559,128903,3.284,4.700,15.435
42653,1,0,1,0.500,117761,129361,3.284,4.700,15.435
42693,1,0,1,0.500,117796,129434,3.288,4.500,14.796
42733,1,0,1,0.500,117831,129525,3.288,4.500,14.796
42773,1,0,1,0.500,117876,129625,3.288,4.900,16.111
42813,1,0,1,0.500,117813,129498,3.288,4.900,16.111
42853,1,0,1,0.500,117807,129486,3.288,4.900,16.111
42893,1,0,1,0.500,117760,129401,3.288,4.600,15.125
42933,1,0,1,0.500,117557,128935,3.288,4.600,15.125
42973,1,0,1,0.500,116920,127507,3.288,4.500,14.796
43013,1,0,1,0.500,116536,126664,3.288,4.500,14.796
43053,1,0,1,0.500,116127,125734,3.288,4.500,14.796
43093,1,0,1,0.500,115641,124604,3.288,4.500,14.796
43133,1,0,1,0.500,115231,123703,3.288,4.500,14.796
43173,1,0,1,0.500,115084,123398,3.284,4.800,15.763
43213,1,0,1,0.500,115133,123526,3.284,4.800,15.763
43253,1,0,1,0.500,115174,123644,3.284,4.800,15.763
43293,1,0,1,0.500,115308,123955,3.288,4.500,14.796
43334,1,0,1,0.500,115449,124278,3.288,4.500,14.796
43373,1,0,1,0.500,115713,124829,3.284,4.700,15.435
43413,1,0,1,0.500,116237,125990,3.284,4.700,15.435
43454,1,0,1,0.500,116615,126806,3.284,4.700,15.435
43493,1,0,1,0.500,116948,127578,3.284,4.500,14.778
43534,1,0,1,0.500,117215,128136,3.284,4.500,14.778
43573,1,0,1,0.500,117296,128347,3.284,4.500,14.778
43613,1,0,1,0.500,117376,128516,3.284,4.500,14.778
43654,1,0,1,0.500,117461,128708,3.284,4.500,14.778
43693,1,0,1,0.500,117450,128671,3.284,4.400,14.450
43734,1,0,1,0.500,117393,128506,3.284,4.400,14.450
43774,1,0,1,0.500,116985,127545,3.288,4.600,15.125
43813,1,0,1,0.500,116511,126478,3.288,4.600,15.125
43854,1,0,1,0.500,116462,126380,3.288,4.600,15.125
43894,1,0,1,0.500,116632,126769,3.284,4.800,15.763
43934,1,0,1,0.500,116883,127296,3.284,4.800,15.763
43974,1,0,1,0.500,116976,127487,3.284,4.700,15.435
44014,1,0,1,0.500,117115,127777,3.284,4.700,15.435
44054,1,0,1,0.500,117334,128275,3.284,4.700,15.435
44094,1,0,1,0.500,117503,128620,3.288,4.700,15.454
44134,1,0,1,0.500,117645,128968,3.288,4.700,15.454
44174,1,0,1,0.500,117847,129416,3.288,4.900,16.111
44214,1,0,1,0.500,118001,129771,3.288,4.900,16.111
44254,1,0,1,0.500,118078,129912,3.288,4.900,16.111
44294,1,0,1,0.500,118071,129883,3.288,4.800,15.782
44334,1,0,1,0.500,118050,129801,3.288,4.800,15.782
44374,1,0,1,0.500,118056,129766,3.284,4.800,15.763
44414,1,0,1,0.500,118104,129914,3.284,4.800,15.763
44454,1,0,1,0.500,118030,129772,3.284,4.800,15.763
44494,1,0,1,0.500,117708,128949,3.284,4.700,15.435
44534,1,0,1,0.500,117475,128401,3.284,4.700,15.435
44574,1,0,1,0.500,117458,128397,3.284,4.900,16.092
44614,1,0,1,0.500,117529,128547,3.284,4.900,16.092
44654,1,0,1,0.500,117634,128793,3.284,4.900,16.092
44694,1,0,1,0.500,117763,129101,3.288,4.900,16.111
44734,1,0,1,0.500,117824,129260,3.288,4.900,16.111
44774,1,0,1,0.500,117800,129195,3.288,4.800,15.782
44814,1,0,1,0.500,117748,129082,3.288,4.800,15.782
44854,1,0,1,0.500,117824,129294,3.288,4.800,15.782
44894,1,0,1,0.500,117942,129560,3.284,4.800,15.763
44934,1,0,1,0.500,118017,129763,3.284,4.800,15.763
44974,1,0,1,0.500,118043,129821,3.284,5.000,16.420
45014,1,0,1,0.500,118033,129792,3.284,5.000,16.420
45054,1,0,1,0.500,118092,129937,3.284,5.000,16.420
45094,1,0,1,0.500,118187,130147,3.284,4.700,15.435
45134,1,0,1,0.500,118146,130064,3.284,4.700,15.435
45174,1,0,1,0.500,117687,128993,3.288,4.800,15.782
45214,1,0,1,0.500,117351,128204,3.288,4.800,15.782
45254,1,0,1,0.500,117348,128192,3.288,4.800,15.782
45294,1,0,1,0.500,117418,128364,3.288,4.800,15.782
45334,1,0,1,0.500,117514,128597,3.288,4.800,15.782
45374,1,0,1,0.500,117631,128871,3.284,4.800,15.763
45414,1,0,1,0.500,117701,129022,3.284,4.800,15.763
45454,1,0,1,0.500,117731,129117,3.284,4.800,15.763
45494,1,0,1,0.500,117722,129077,3.288,4.700,15.454
45535,1,0,1,0.500,117809,129304,3.288,4.700,15.454
45574,1,0,1,0.500,117955,129639,3.288,5.000,16.440
45614,1,0,1,0.500,118042,129850,3.288,5.000,16.440
45655,1,0,1,0.500,118125,130033,3.288,5.000,16.440
45694,1,0,1,0.500,118201,130277,3.284,5.000,16.420
45735,1,0,1,0.500,118260,130411,3.284,5.000,16.420
45774,1,0,1,0.500,118323,130556,3.284,4.800,15.763
45814,1,0,1,0.500,118346,130609,3.284,4.800,15.763
45855,1,0,1,0.500,117980,129745,3.284,4.800,15.763
45895,1,0,1,0.500,117571,128786,3.284,4.700,15.435
45935,1,0,1,0.500,117421,128422,3.284,4.700,15.435
45975,1,0,1,0.500,117468,128556,3.284,4.600,15.106
46015,1,0,1,0.500,117531,128679,3.284,4.600,15.106
46055,1,0,1,0.500,117511,128621,3.284,4.600,15.106
46095,1,0,1,0.500,117494,128593,3.284,4.800,15.763
46135,1,0,1,0.500,117582,128822,3.284,4.800,15.763
46175,1,0,1,0.500,117633,128947,3.284,4.800,15.763
46215,1,0,1,0.500,117687,129092,3.284,4.800,15.763
46255,1,0,1,0.500,117732,129206,3.284,4.800,15.763
46295,1,0,1,0.500,117836,129451,3.288,5.000,16.440
46335,1,0,1,0.500,117969,129727,3.288,5.000,16.440
46375,1,0,1,0.500,118064,129957,3.280,4.800,15.744
46415,1,0,1,0.500,118148,130168,3.280,4.800,15.744
46455,1,0,1,0.500,118249,130398,3.280,4.800,15.744
46495,1,0,1,0.500,118322,130545,3.284,4.900,16.092
46535,1,0,1,0.500,118316,130542,3.284,4.900,16.092
46575,1,0,1,0.500,117883,129499,3.284,4.800,15.763
46615,1,0,1,0.500,117408,128364,3.284,4.800,15.763
46655,1,0,1,0.500,117327,128189,3.284,4.800,15.763
46695,1,0,1,0.500,117454,128500,3.284,5.000,16.420
46735,1,0,1,0.500,117549,128730,3.284,5.000,16.420
46775,1,0,1,0.500,117620,128914,3.280,4.800,15.744
46815,1,0,1,0.500,117785,129326,3.280,4.800,15.744
46855,1,0,1,0.500,117905,129602,3.280,4.800,15.744
46895,1,0,1,0.500,117948,129711,3.284,4.700,15.435
46935,1,0,1,0.500,117988,129783,3.284,4.700,15.435
46975,1,0,1,0.500,118024,129848,3.284,6.700,22.003
47015,1,0,1,0.500,118021,129829,3.284,6.700,22.003
47055,1,0,1,0.500,118063,129920,3.284,6.700,22.003
47095,1,0,1,0.500,118120,130055,3.252,5.000,16.260
47135,1,0,1,0.500,118085,130003,3.252,5.000,16.260
47175,1,0,1,0.500,117940,129658,3.276,4.900,16.052
47215,1,0,1,0.500,117911,129578,3.276,4.900,16.052
47255,1,0,1,0.500,117910,129603,3.276,4.900,16.052
47295,1,0,1,0.500,117943,129705,3.284,14.600,47.946
47335,1,0,1,0.500,117730,129160,3.284,14.600,47.946
47375,1,0,1,0.500,117142,127801,3.284,7.600,24.958
47415,1,0,1,0.500,116923,127313,3.284,7.600,24.958
47455,1,0,1,0.500,117132,127780,3.284,7.600,24.958
47495,1,0,1,0.500,117250,128064,3.248,5.100,16.565
47536,1,0,1,0.500,117340,128256,3.248,5.100,16.565
47575,1,0,1,0.500,117407,128437,3.272,5.000,16.360
47615,1,0,1,0.500,117408,128421,3.272,5.000,16.360
47656,1,0,1,0.500,117301,128159,3.272,5.000,16.360
47695,1,0,1,0.500,117273,128088,3.284,15.200,49.917
47736,1,0,1,0.500,117348,128280,3.284,15.200,49.917
47776,1,0,1,0.500,117486,128554,3.260,8.700,28.362
47815,1,0,1,0.500,117562,128738,3.260,8.700,28.362
47856,1,0,1,0.500,117622,128897,3.260,8.700,28.362
47896,1,0,1,0.500,117746,129194,3.244,4.900,15.896
47936,1,0,1,0.500,117904,129547,3.244,4.900,15.896
47976,1,0,1,0.500,118034,129880,3.272,11.500,37.628
48016,1,0,1,0.500,118129,130108,3.272,11.500,37.628
48056,1,0,1,0.500,117918,129583,3.272,11.500,37.628
48096,1,0,1,0.500,117406,128369,3.284,15.900,52.216
48136,1,0,1,0.500,117199,127913,3.284,15.900,52.216
48176,1,0,1,0.500,117244,127976,3.264,9.700,31.661
48216,1,0,1,0.500,117353,128264,3.264,9.700,31.661
48256,1,0,1,0.500,117538,128662,3.264,9.700,31.661
48296,1,0,1,0.500,117638,128894,3.244,5.200,16.869
48336,1,0,1,0.500,117691,129053,3.244,5.200,16.869
48376,1,0,1,0.500,117674,129017,3.264,10.400,33.946
48416,1,0,1,0.500,117685,129019,3.264,10.400,33.946
48456,1,0,1,0.500,117798,129330,3.264,10.400,33.946
48496,1,0,1,0.500,117959,129706,3.284,15.700,51.559
48536,1,0,1,0.500,118038,129902,3.284,15.700,51.559
48576,1,0,1,0.500,118087,130051,3.268,10.300,33.660
48616,1,0,1,0.500,118077,130024,3.268,10.300,33.660
48656,1,0,1,0.500,118112,130078,3.268,10.300,33.660
48696,1,0,1,0.500,118071,129980,3.248,5.300,17.214
48736,1,0,1,0.500,118033,129913,3.248,5.300,17.214
48776,1,0,1,0.500,117806,129328,3.264,9.600,31.334
48816,1,0,1,0.500,117243,128043,3.264,9.600,31.334
48856,1,0,1,0.500,116967,127411,3.264,9.600,31.334
48896,1,0,1,0.500,117055,127595,3.284,15.900,52.216
48936,1,0,1,0.500,117143,127802,3.284,15.900,52.216
48976,1,0,1,0.500,117210,127958,3.272,11.400,37.301
49016,1,0,1,0.500,117235,128036,3.272,11.400,37.301
49056,1,0,1,0.500,117259,128127,3.272,11.400,37.301
49096,1,0,1,0.500,117332,128282,3.248,5.300,17.214
49136,1,0,1,0.500,117331,128280,3.248,5.300,17.214
49176,1,0,1,0.500,117237,128091,3.260,8.800,28.688
49216,1,0,1,0.500,117097,127782,3.260,8.800,28.688
49256,1,0,1,0.500,117061,127699,3.260,8.800,28.688
49296,1,0,1,0.500,117056,127681,3.284,15.100,49.588
49337,1,0,1,0.500,117008,127551,3.284,15.100,49.588
49376,1,0,1,0.500,116931,127312,3.272,12.000,39.264
49416,1,0,1,0.500,116815,127054,3.272,12.000,39.264
49457,1,0,1,0.500,117048,127599,3.272,12.000,39.264
49496,1,0,1,0.500,117304,128121,3.244,5.300,17.193
49537,1,0,1,0.500,117013,127421,3.244,5.300,17.193
49576,1,0,1,0.500,116684,126672,3.256,8.100,26.374
49617,1,0,1,0.500,116715,126740,3.256,8.100,26.374
49657,1,0,1,0.500,116840,127051,3.256,8.100,26.374
49696,1,0,1,0.500,116998,127470,3.284,15.000,49.260
49737,1,0,1,0.500,117126,127740,3.284,15.000,49.260
49776,1,0,1,0.500,117204,127909,3.276,12.600,41.278
49817,1,0,1,0.500,117371,128272,3.276,12.600,41.278
49857,1,0,1,0.500,117455,128349,3.276,12.600,41.278
49896,1,0,1,0.500,117232,127819,3.244,5.800,18.815
49937,1,0,1,0.500,117157,127667,3.244,5.800,18.815
49977,1,0,1,0.500,117126,127602,3.256,7.400,24.094
50017,1,0,1,0.500,117258,127903,3.256,7.400,24.094
50057,1,0,1,0.500,117507,128493,3.256,7.400,24.094
50097,1,0,1,0.500,117870,129347,3.276,15.700,51.433
50137,1,0,1,0.500,117969,129525,3.276,15.700,51.433
50177,1,0,1,0.500,117990,129580,3.276,13.400,43.898
50217,1,0,1,0.500,117950,129470,3.276,13.400,43.898
50257,1,0,1,0.500,117393,128120,3.276,13.400,43.898
50297,1,0,1,0.500,116746,126621,3.248,6.100,19.813
50337,1,0,1,0.500,116542,126162,3.248,6.100,19.813
50377,1,0,1,0.500,116515,126088,3.252,6.600,21.463
50417,1,0,1,0.500,116442,125896,3.252,6.600,21.463
50457,1,0,1,0.500,116185,125334,3.252,6.600,21.463
50497,1,0,1,0.500,116074,125129,3.280,14.400,47.232
50537,1,0,1,0.500,116083,125111,3.280,14.400,47.232
50577,1,0,1,0.500,116016,125006,3.280,14.500,47.560
50617,1,0,1,0.500,115822,124579,3.280,14.500,47.560
50657,1,0,1,0.500,115422,123693,3.280,14.500,47.560
50697,1,0,1,0.500,115007,122799,3.252,7.200,23.414
50737,1,0,1,0.500,114194,121117,3.252,7.200,23.414
50777,1,0,1,0.500,113629,120005,3.248,6.400,20.787
50817,1,0,1,0.500,113472,119721,3.248,6.400,20.787
50857,1,0,1,0.500,113591,119998,3.248,6.400,20.787
50897,1,0,1,0.500,113986,120827,3.276,13.600,44.554
50937,1,0,1,0.500,114085,121023,3.276,13.600,44.554
50977,1,0,1,0.500,113777,120367,3.284,15.300,50.245
51017,1,0,1,0.500,113638,120043,3.284,15.300,50.245
51057,1,0,1,0.500,113684,120146,3.284,15.300,50.245
51097,1,0,1,0.500,113799,120407,3.256,8.400,27.350
51137,1,0,1,0.500,113901,120597,3.256,8.400,27.350
51177,1,0,1,0.500,113987,120791,3.248,5.300,17.214
51217,1,0,1,0.500,114121,121091,3.248,5.300,17.214
51257,1,0,1,0.500,114148,121143,3.248,5.300,17.214
51297,1,0,1,0.500,114157,121161,3.288,12.700,41.758
51337,1,0,1,0.500,114221,121306,3.288,12.700,41.758
51377,1,0,1,0.500,114376,121643,3.284,16.400,53.858
51417,1,0,1,0.500,114594,122080,3.284,16.400,53.858
51457,1,0,1,0.500,114753,122402,3.284,16.400,53.858
51497,1,0,1,0.500,114810,122520,3.260,4.800,15.648
51537,1,0,1,0.500,114852,122585,3.260,4.800,15.648
51577,1,0,1,0.500,114974,122828,3.284,4.400,14.450
51617,1,0,1,0.500,115016,122942,3.284,4.400,14.450
51658,1,0,1,0.500,114742,122349,3.284,4.400,14.450
51697,1,0,1,0.500,114489,121788,3.284,11.700,38.423
51737,1,0,1,0.500,114582,121996,3.284,11.700,38.423
51778,1,0,1,0.500,114740,122296,3.284,4.600,15.106
51817,1,0,1,0.500,114869,122572,3.284,4.600,15.106
51858,1,0,1,0.500,114977,122808,3.284,4.600,15.106
51898,1,0,1,0.500,115057,122993,3.288,4.400,14.467
51937,1,0,1,0.500,115030,122918,3.288,4.400,14.467
51978,1,0,1,0.500,114944,122739,3.288,4.600,15.125
52018,1,0,1,0.500,114981,122835,3.288,4.600,15.125
52058,1,0,1,0.500,115052,122995,3.288,4.600,15.125
52098,1,0,1,0.500,115145,123152,3.284,10.900,35.796
52138,1,0,1,0.500,115177,123258,3.284,10.900,35.796
52178,1,0,1,0.500,115281,123493,3.288,4.500,14.796
52218,1,0,1,0.500,115437,123846,3.288,4.500,14.796
52258,1,0,1,0.500,115491,123982,3.288,4.500,14.796
52298,1,0,1,0.500,115490,123957,3.288,4.500,14.796
52338,1,0,1,0.500,115290,123512,3.288,4.500,14.796
52378,1,0,1,0.500,114915,122661,3.284,4.700,15.435
52418,1,0,1,0.500,114769,122364,3.284,4.700,15.435
52458,1,0,1,0.500,114761,122348,3.284,4.700,15.435
52498,1,0,1,0.500,114836,122442,3.288,4.400,14.467
52538,1,0,1,0.500,114818,122436,3.288,4.400,14.467
52578,1,0,1,0.500,114846,122474,3.284,4.700,15.435
52618,1,0,1,0.500,114867,122569,3.284,4.700,15.435
52658,1,0,1,0.500,114999,122866,3.284,4.700,15.435
52698,1,0,1,0.500,115139,123166,3.284,4.600,15.106
52738,1,0,1,0.500,115285,123485,3.284,4.600,15.106
52778,1,0,1,0.500,115448,123832,3.288,4.900,16.111
52818,1,0,1,0.500,115574,124131,3.288,4.900,16.111
52858,1,0,1,0.500,115652,124327,3.288,4.900,16.111
52898,1,0,1,0.500,115752,124520,3.288,4.500,14.796
52938,1,0,1,0.500,115766,124576,3.288,4.500,14.796
52978,1,0,1,0.500,115799,124651,3.288,4.300,14.138
53018,1,0,1,0.500,115705,124404,3.288,4.300,14.138
53058,1,0,1,0.500,115253,123416,3.288,4.300,14.138
53098,1,0,1,0.500,114905,122663,3.284,4.600,15.106
53138,1,0,1,0.500,114892,122622,3.284,4.600,15.106
53178,1,0,1,0.500,115030,122899,3.288,4.600,15.125
53218,1,0,1,0.500,115092,123059,3.288,4.600,15.125
53258,1,0,1,0.500,115235,123364,3.288,4.600,15.125
53298,1,0,1,0.500,115337,123578,3.288,4.700,15.454
53338,1,0,1,0.500,115404,123742,3.288,4.700,15.454
53378,1,0,1,0.500,115310,123545,3.288,4.700,15.454
53419,1,0,1,0.500,115259,123384,3.288,4.700,15.454
53458,1,0,1,0.500,115249,123397,3.288,4.700,15.454
53498,1,0,1,0.500,115314,123528,3.284,4.600,15.106
53539,1,0,1,0.500,115341,123608,3.284,4.600,15.106
53578,1,0,1,0.500,115358,123645,3.284,4.800,15.763
53619,1,0,1,0.500,115358,123652,3.284,4.800,15.763
53659,1,0,1,0.500,115312,123572,3.284,4.800,15.763
53698,1,0,1,0.500,115385,123750,3.288,4.500,14.796
53739,1,0,1,0.500,115373,123689,3.288,4.500,14.796
53778,1,0,1,0.500,114991,122821,3.288,4.700,15.454
53819,1,0,1,0.500,114657,122121,3.288,4.700,15.454
53859,1,0,1,0.500,114595,121982,3.288,4.700,15.454
53899,1,0,1,0.500,114651,122102,3.284,4.500,14.778
53939,1,0,1,0.500,114660,122100,3.284,4.500,14.778
53979,1,0,1,0.500,114665,122164,3.284,4.800,15.763
54019,1,0,1,0.500,114699,122212,3.284,4.800,15.763
54059,1,0,1,0.500,114673,122148,3.284,4.800,15.763
54099,1,0,1,0.500,114585,121960,3.284,4.600,15.106
54139,1,0,1,0.500,114448,121704,3.284,4.600,15.106
54179,1,0,1,0.500,114377,121602,3.284,4.800,15.763
54219,1,0,1,0.500,114448,121761,3.284,4.800,15.763
54259,1,0,1,0.500,114560,122031,3.284,4.800,15.763
54299,1,0,1,0.500,114692,122312,3.284,4.500,14.778
54339,1,0,1,0.500,114924,122772,3.284,4.500,14.778
54379,1,0,1,0.500,115164,123261,3.288,4.300,14.138
54419,1,0,1,0.500,115228,123406,3.288,4.300,14.138
54459,1,0,1,0.500,114864,122608,3.288,4.300,14.138
54499,1,0,1,0.500,114540,121890,3.284,4.700,15.435
54539,1,0,1,0.500,114504,121798,3.284,4.700,15.435
54579,1,0,1,0.500,114668,122174,3.284,4.600,15.106
54619,1,0,1,0.500,114923,122709,3.284,4.600,15.106
54659,1,0,1,0.500,115074,122982,3.284,4.600,15.106
54699,1,0,1,0.500,115050,122895,3.284,4.800,15.763
54739,1,0,1,0.500,114913,122624,3.284,4.800,15.763
54779,1,0,1,0.500,114926,122653,3.284,4.600,15.106
54819,1,0,1,0.500,115065,122962,3.284,4.600,15.106
54859,1,0,1,0.500,115297,123474,3.284,4.600,15.106
54899,1,0,1,0.500,115436,123777,3.288,4.600,15.125
54939,1,0,1,0.500,115531,123989,3.288,4.600,15.125
54979,1,0,1,0.500,115666,124261,3.288,4.500,14.796
55019,1,0,1,0.500,115711,124361,3.288,4.500,14.796
55059,1,0,1,0.500,115750,124459,3.288,4.500,14.796
55099,1,0,1,0.500,115819,124609,3.284,4.700,15.435
55139,1,0,1,0.500,115523,123928,3.284,4.700,15.435
55179,1,0,1,0.500,114975,122723,3.284,4.300,14.121
55219,1,0,1,0.500,114709,122140,3.284,4.300,14.121
55259,1,0,1,0.500,114792,122326,3.284,4.300,14.121
55299,1,0,1,0.500,114911,122594,3.288,4.600,15.125
55339,1,0,1,0.500,114998,122745,3.288,4.600,15.125
55379,1,0,1,0.500,115049,122886,3.288,4.600,15.125
55420,1,0,1,0.500,115122,123041,3.288,4.600,15.125
55459,1,0,1,0.500,115180,123171,3.288,4.600,15.125
55499,1,0,1,0.500,115183,123181,3.288,4.500,14.796
55540,1,0,1,0.500,115166,123171,3.288,4.500,14.796
55579,1,0,1,0.500,115203,123277,3.288,5.000,16.440
55619,1,0,1,0.500,115237,123365,3.288,5.000,16.440
55660,1,0,1,0.500,115306,123495,3.288,5.000,16.440
55699,1,0,1,0.500,115428,123764,3.284,4.600,15.106
55740,1,0,1,0.500,115484,123893,3.284,4.600,15.106
55779,1,0,1,0.500,115544,123989,3.288,4.300,14.138
55819,1,0,1,0.500,115448,123810,3.288,4.300,14.138
55860,1,0,1,0.500,114851,122497,3.288,4.300,14.138
55899,1,0,1,0.500,114496,121724,3.288,4.800,15.782
55940,1,0,1,0.500,114493,121716,3.288,4.800,15.782
55980,1,0,1,0.500,114594,121956,3.288,4.700,15.454
56019,1,0,1,0.500,114639,122010,3.288,4.700,15.454
56060,1,0,1,0.500,114572,121850,3.288,4.700,15.454
56100,1,0,1,0.500,114374,121460,3.288,4.600,15.125
56140,1,0,1,0.500,114219,121137,3.288,4.600,15.125
56180,1,0,1,0.500,114090,120843,3.284,4.500,14.778
56220,1,0,1,0.500,113924,120460,3.284,4.500,14.778
56260,1,0,1,0.500,113709,120034,3.284,4.500,14.778
56300,1,0,1,0.500,113675,119985,3.284,4.700,15.435
56340,1,0,1,0.500,113612,119872,3.284,4.700,15.435
56380,1,0,1,0.500,113616,119932,3.284,4.400,14.450
56420,1,0,1,0.500,113649,119999,3.284,4.400,14.450
56460,1,0,1,0.500,113613,119920,3.284,4.400,14.450
56500,1,0,1,0.500,113593,119920,3.284,4.700,15.435
56540,1,0,1,0.500,113574,119873,3.284,4.700,15.435
56580,1,0,1,0.500,113220,119111,3.284,4.500,14.778
56620,1,0,1,0.500,112920,118537,3.284,4.500,14.778
56660,1,0,1,0.500,112912,118543,3.284,4.500,14.778
56700,1,0,1,0.500,113024,118761,3.284,4.500,14.778
56740,1,0,1,0.500,113054,118818,3.284,4.500,14.778
56780,1,0,1,0.500,113069,118876,3.284,4.500,14.778
56820,1,0,1,0.500,113066,118853,3.284,4.500,14.778
56860,1,0,1,0.500,113022,118763,3.284,4.500,14.778
56900,1,0,1,0.500,112999,118717,3.284,4.700,15.435
56940,1,0,1,0.500,112887,118509,3.284,4.700,15.435
56980,1,0,1,0.500,112823,118375,3.284,4.500,14.778
57020,1,0,1,0.500,112822,118381,3.284,4.500,14.778
57060,1,0,1,0.500,112826,118379,3.284,4.500,14.778
57100,1,0,1,0.500,112849,118427,3.284,4.600,15.106
57140,1,0,1,0.500,112826,118367,3.284,4.600,15.106
57180,1,0,1,0.500,112793,118303,3.284,4.500,14.778
57220,1,0,1,0.500,112779,118293,3.284,4.500,14.778
57260,1,0,1,0.500,112786,118309,3.284,4.500,14.778
57300,1,0,1,0.500,112622,117963,3.284,4.900,16.092
57340,1,0,1,0.500,112246,117227,3.284,4.900,16.092
57380,1,0,1,0.500,112051,116835,3.288,4.600,15.125
57420,1,0,1,0.500,112108,116909,3.288,4.600,15.125
57460,1,0,1,0.500,112129,116946,3.288,4.600,15.125
57500,1,0,1,0.500,112142,116951,3.284,4.800,15.763
57540,1,0,1,0.500,112121,116905,3.284,4.800,15.763
57580,1,0,1,0.500,112112,116897,3.288,4.800,15.782
57621,1,0,1,0.500,112065,116803,3.288,4.800,15.782
57661,1,0,1,0.500,112064,116790,3.288,4.800,15.782
57700,1,0,1,0.500,111983,116637,3.284,4.500,14.778
57741,1,0,1,0.500,111869,116426,3.284,4.500,14.778
57780,1,0,1,0.500,111545,115836,3.288,4.700,15.454
57821,1,0,1,0.500,111403,115551,3.288,4.700,15.454
57861,1,0,1,0.500,111390,115507,3.288,4.700,15.454
57900,1,0,1,0.500,111322,115398,3.284,4.700,15.435
57941,1,0,1,0.500,111376,115495,3.284,4.700,15.435
57981,1,0,1,0.500,111442,115617,3.288,4.700,15.454
58021,1,0,1,0.500,111363,115500,3.288,4.700,15.454
58061,1,0,1,0.500,111173,115110,3.288,4.700,15.454
58101,1,0,1,0.500,111096,114958,3.284,4.600,15.106
58141,1,0,1,0.500,111143,115036,3.284,4.600,15.106
58181,1,0,1,0.500,111251,115242,3.284,4.600,15.106
58221,1,0,1,0.500,111358,115443,3.284,4.600,15.106
58261,1,0,1,0.500,111483,115691,3.284,4.600,15.106
58301,1,0,1,0.500,111578,115857,3.284,4.500,14.778
58341,1,0,1,0.500,111630,115964,3.284,4.500,14.778
58381,1,0,1,0.500,111669,116017,3.288,4.300,14.138
58421,1,0,1,0.500,111701,116102,3.288,4.300,14.138
58461,1,0,1,0.500,111868,116432,3.288,4.300,14.138
58501,1,0,1,0.500,112029,116716,3.284,4.400,14.450
58541,1,0,1,0.500,112060,116778,3.284,4.400,14.450
58581,1,0,1,0.500,112036,116746,3.288,4.700,15.454
58621,1,0,1,0.500,111971,116614,3.288,4.700,15.454
58661,1,0,1,0.500,111844,116364,3.288,4.700,15.454
58701,1,0,1,0.500,111917,116524,3.284,4.500,14.778
58741,1,0,1,0.500,111847,116400,3.284,4.500,14.778
58781,1,0,1,0.500,111587,115892,3.284,4.700,15.435
58821,1,0,1,0.500,111492,115717,3.284,4.700,15.435
58861,1,0,1,0.500,111515,115770,3.284,4.700,15.435
58901,1,0,1,0.500,111479,115679,3.284,4.500,14.778
58941,1,0,1,0.500,111276,115318,3.284,4.500,14.778
58981,1,0,1,0.500,110996,114809,3.288,4.400,14.467
59021,1,0,1,0.500,110482,114260,3.288,4.400,14.467
59061,1,0,1,0.500,110077,113554,3.288,4.400,14.467
59101,1,0,1,0.500,110041,113400,3.284,4.500,14.778
59141,1,0,1,0.500,110003,113333,3.284,4.500,14.778
59181,1,0,1,0.500,109864,113125,3.284,4.400,14.450
59221,1,0,1,0.500,109885,113143,3.284,4.400,14.450
59261,1,0,1,0.500,109946,113223,3.284,4.400,14.450
59301,1,0,1,0.500,109964,113264,3.284,4.700,15.435
59341,1,0,1,0.500,110058,113394,3.284,4.700,15.435
59381,1,0,1,0.500,110144,113518,3.284,4.800,15.763
59421,1,0,1,0.500,109332,112429,3.284,4.800,15.763
59461,1,0,1,0.500,108522,111314,3.284,4.800,15.763
59501,1,0,1,0.500,107849,109684,3.284,4.500,14.778
59541,1,0,1,0.500,107799,109353,3.284,4.500,14.778
59582,1,0,1,0.500,107865,109381,3.284,4.600,15.106
59621,1,0,1,0.500,107619,109038,3.284,4.600,15.106
59661,1,0,1,0.500,107440,108848,3.284,4.600,15.106
59702,1,0,1,0.500,107610,108908,3.284,4.400,14.450
59741,1,0,1,0.500,107692,108988,3.284,4.400,14.450
59782,1,0,1,0.500,107696,109096,3.284,4.500,14.778
59822,1,0,1,0.500,107827,109321,3.284,4.500,14.778
59861,1,0,1,0.500,107881,109447,3.284,4.500,14.778
59902,1,0,1,0.500,108066,109758,3.284,4.600,15.106
59942,1,0,1,0.500,108146,109949,3.284,4.600,15.106
59982,1,0,1,0.500,108269,110161,3.288,4.300,14.138
60022,1,0,1,0.500,108472,110450,3.288,4.300,14.138
60062,1,0,1,0.500,108594,110633,3.288,4.300,14.138
60102,1,0,1,0.500,108725,110826,3.288,4.400,14.467
60142,1,0,1,0.500,108961,111142,3.288,4.400,14.467
60182,1,0,1,0.500,108988,111193,3.284,4.600,15.106
60222,1,0,1,0.500,108985,111146,3.284,4.600,15.106
60262,1,0,1,0.500,108721,110685,3.284,4.600,15.106
60302,1,0,1,0.500,108707,110616,3.288,4.400,14.467
60342,1,0,1,0.500,108919,110925,3.288,4.400,14.467
60382,1,0,1,0.500,109135,111260,3.284,4.700,15.435
60422,1,0,1,0.500,109310,111503,3.284,4.700,15.435
60462,1,0,1,0.500,109414,111676,3.284,4.700,15.435
60502,1,0,1,0.500,109378,111641,3.284,4.500,14.778
60542,1,0,1,0.500,109457,111722,3.284,4.500,14.778
60582,1,0,1,0.500,109492,111759,3.284,4.900,16.092
60622,1,0,1,0.500,109531,111844,3.284,4.900,16.092
60662,1,0,1,0.500,109542,111885,3.284,4.900,16.092
60702,1,0,1,0.500,109590,111978,3.284,4.500,14.778
60742,1,0,1,0.500,109638,112056,3.284,4.500,14.778
60782,1,0,1,0.500,109674,112132,3.284,4.400,14.450
60822,1,0,1,0.500,109748,112231,3.284,4.400,14.450
60862,1,0,1,0.500,109681,112135,3.284,4.400,14.450
60902,1,0,1,0.500,109729,112202,3.284,4.600,15.106
60942,1,0,1,0.500,109911,112492,3.284,4.600,15.106
60982,1,0,1,0.500,109941,112480,3.284,4.300,14.121
61022,1,0,1,0.500,109674,112004,3.284,4.300,14.121
61062,1,0,1,0.500,109527,111779,3.284,4.300,14.121
61102,1,0,1,0.500,109606,111893,3.284,4.400,14.450
61142,1,0,1,0.500,109600,111914,3.284,4.400,14.450
61182,1,0,1,0.500,109654,112024,3.284,4.500,14.778
61222,1,0,1,0.500,109677,112085,3.284,4.500,14.778
61262,1,0,1,0.500,109713,112134,3.284,4.500,14.778
61302,1,0,1,0.500,109751,112147,3.284,4.600,15.106
61342,1,0,1,0.500,109708,112086,3.284,4.600,15.106
61382,1,0,1,0.500,109725,112148,3.288,4.600,15.125
61422,1,0,1,0.500,109756,112203,3.288,4.600,15.125
61462,1,0,1,0.500,109752,112233,3.288,4.600,15.125
61502,1,0,1,0.500,109831,112364,3.284,4.700,15.435
61542,1,0,1,0.500,109869,112437,3.284,4.700,15.435
61582,1,0,1,0.500,109772,112289,3.288,4.600,15.125
61622,1,0,1,0.500,109710,112222,3.288,4.600,15.125
61662,1,0,1,0.500,109810,112370,3.288,4.600,15.125
61702,1,0,1,0.500,109791,112278,3.284,4.600,15.106
61742,1,0,1,0.500,109553,111861,3.284,4.600,15.106
61783,1,0,1,0.500,109487,111745,3.288,4.500,14.796
61822,1,0,1,0.500,109525,111812,3.288,4.500,14.796
61862,1,0,1,0.500,109668,112033,3.288,4.500,14.796
61903,1,0,1,0.500,109701,112112,3.284,4.700,15.435
61942,1,0,1,0.500,109741,112177,3.284,4.700,15.435
61983,1,0,1,0.500,109823,112310,3.288,4.600,15.125
62023,1,0,1,0.500,109740,112183,3.288,4.600,15.125
62062,1,0,1,0.500,109636,112066,3.288,4.600,15.125
62103,1,0,1,0.500,109734,112235,3.284,4.500,14.778
62143,1,0,1,0.500,109886,112477,3.284,4.500,14.778
62183,1,0,1,0.500,109901,112527,3.284,4.800,15.763
62223,1,0,1,0.500,109904,112539,3.284,4.800,15.763
62263,1,0,1,0.500,109979,112662,3.284,4.800,15.763
62303,1,0,1,0.500,110030,112763,3.284,4.600,15.106
62343,1,0,1,0.500,110121,112925,3.284,4.600,15.106
62383,1,0,1,0.500,110085,112860,3.284,4.800,15.763
62423,1,0,1,0.500,109815,112383,3.284,4.800,15.763
62463,1,0,1,0.500,109633,112055,3.284,4.800,15.763
62503,1,0,1,0.500,109622,112039,3.288,4.500,14.796
62543,1,0,1,0.500,109691,112161,3.288,4.500,14.796
62583,1,0,1,0.500,109750,112282,3.288,4.600,15.125
62623,1,0,1,0.500,109751,112296,3.288,4.600,15.125
62663,1,0,1,0.500,109814,112422,3.288,4.600,15.125
62703,1,0,1,0.500,110059,112775,3.284,4.400,14.450
62743,1,0,1,0.500,110191,112976,3.284,4.400,14.450
62783,1,0,1,0.500,110285,113113,3.288,4.400,14.467
62823,1,0,1,0.500,110365,113259,3.288,4.400,14.467
62863,1,0,1,0.500,110417,113339,3.288,4.400,14.467
62903,1,0,1,0.500,110314,113203,3.284,4.600,15.106
62943,1,0,1,0.500,110054,112852,3.284,4.600,15.106
62983,1,0,1,0.500,110131,112994,3.284,4.700,15.435
63023,1,0,1,0.500,110280,113196,3.284,4.700,15.435
63063,1,0,1,0.500,110331,113274,3.284,4.700,15.435
63103,1,0,1,0.500,110175,112994,3.284,4.500,14.778
63143,1,0,1,0.500,109951,112553,3.284,4.500,14.778
63183,1,0,1,0.500,109832,112359,3.284,4.700,15.435
63223,1,0,1,0.500,109891,112471,3.284,4.700,15.435
63263,1,0,1,0.500,109963,112607,3.284,4.700,15.435
63303,1,0,1,0.500,109985,112671,3.288,4.600,15.125
63343,1,0,1,0.500,110006,112723,3.288,4.600,15.125
63383,1,0,1,0.500,110001,112725,3.288,4.600,15.125
63423,1,0,1,0.500,109949,112638,3.288,4.600,15.125
63463,1,0,1,0.500,109915,112591,3.288,4.600,15.125
63503,1,0,1,0.500,109921,112616,3.284,4.500,14.778
63543,1,0,1,0.500,109988,112758,3.284,4.500,14.778
63583,1,0,1,0.500,110088,112919,3.284,4.800,15.763
63623,1,0,1,0.500,110188,113090,3.284,4.800,15.763
63663,1,0,1,0.500,110308,113275,3.284,4.800,15.763
63703,1,0,1,0.500,110312,113298,3.284,4.400,14.450
63743,1,0,1,0.500,110291,113254,3.284,4.400,14.450
63783,1,0,1,0.500,110274,113239,3.284,4.400,14.450
63823,1,0,1,0.500,110169,113038,3.284,4.400,14.450
63863,1,0,1,0.500,109839,112446,3.284,4.400,14.450
63903,1,0,1,0.500,109720,112218,3.284,4.600,15.106
63943,1,0,1,0.500,109678,112179,3.284,4.600,15.106
63984,1,0,1,0.500,109743,112299,3.284,4.700,15.435
64023,1,0,1,0.500,109766,112336,3.284,4.700,15.435
64063,1,0,1,0.500,109816,112410,3.284,4.700,15.435
64104,1,0,1,0.500,109821,112429,3.288,4.500,14.796
64143,1,0,1,0.500,109880,112491,3.288,4.500,14.796
64184,1,0,1,0.500,109880,112481,3.284,4.400,14.450
64224,1,0,1,0.500,109876,112483,3.284,4.400,14.450
64263,1,0,1,0.500,109929,112559,3.284,4.400,14.450
64304,1,0,1,0.500,109957,112614,3.288,4.800,15.782
64344,1,0,1,0.500,109934,112596,3.288,4.800,15.782
64384,1,0,1,0.500,109936,112626,3.284,4.600,15.106
64424,1,0,1,0.500,109955,112638,3.284,4.600,15.106
64464,1,0,1,0.500,110007,112735,3.284,4.600,15.106
64504,1,0,1,0.500,110111,112900,3.288,4.700,15.454
64544,1,0,1,0.500,110042,112717,3.288,4.700,15.454
64584,1,0,1,0.500,109886,112402,3.288,5.000,16.440
64624,1,0,1,0.500,109836,112340,3.288,5.000,16.440
64664,1,0,1,0.500,109936,112517,3.288,5.000,16.440
64704,1,0,1,0.500,110008,112652,3.288,4.600,15.125
64744,1,0,1,0.500,109986,112648,3.288,4.600,15.125
64784,1,0,1,0.500,109947,112621,3.284,4.600,15.106
64824,1,0,1,0.500,109913,112566,3.284,4.600,15.106
64864,1,0,1,0.500,110023,112698,3.284,4.600,15.106
64904,1,0,1,0.500,110068,112776,3.288,4.700,15.454
64944,1,0,1,0.500,110175,112946,3.288,4.700,15.454
64984,1,0,1,0.500,110146,112917,3.284,4.400,14.450
65024,1,0,1,0.500,110082,112865,3.284,4.400,14.450
65064,1,0,1,0.500,110255,113156,3.284,4.400,14.450
65104,1,0,1,0.500,110349,113305,3.288,4.400,14.467
65144,1,0,1,0.500,110483,113546,3.288,4.400,14.467
65184,1,0,1,0.500,110598,113713,3.284,4.300,14.121
65224,1,0,1,0.500,110333,113237,3.284,4.300,14.121
65264,1,0,1,0.500,110081,112762,3.284,4.300,14.121
65304,1,0,1,0.500,110020,112654,3.288,4.600,15.125
65344,1,0,1,0.500,109983,112639,3.288,4.600,15.125
65384,1,0,1,0.500,110007,112711,3.288,4.600,15.125
65424,1,0,1,0.500,110101,112887,3.288,4.600,15.125
65464,1,0,1,0.500,110181,113031,3.288,4.600,15.125
65504,1,0,1,0.500,110208,113052,3.284,4.600,15.106
65544,1,0,1,0.500,110180,113000,3.284,4.600,15.106
65584,1,0,1,0.500,110194,113030,3.288,4.600,15.125
65624,1,0,1,0.500,110158,112990,3.288,4.600,15.125
65664,1,0,1,0.500,110138,112964,3.288,4.600,15.125
65704,1,0,1,0.500,110247,113147,3.284,4.700,15.435
65744,1,0,1,0.500,110287,113233,3.284,4.700,15.435
65784,1,0,1,0.500,110213,113134,3.284,4.600,15.106
65824,1,0,1,0.500,110198,113122,3.284,4.600,15.106
65864,1,0,1,0.500,110287,113263,3.284,4.600,15.106
65904,1,0,1,0.500,110103,112920,3.284,4.700,15.435
65944,1,0,1,0.500,109843,112442,3.284,4.700,15.435
65984,1,0,1,0.500,109770,112294,3.284,4.900,16.092
66024,1,0,1,0.500,109779,112352,3.284,4.900,16.092
66064,1,0,1,0.500,109791,112399,3.284,4.900,16.092
66104,1,0,1,0.500,109815,112458,3.288,4.700,15.454
66144,1,0,1,0.500,109826,112488,3.288,4.700,15.454
66185,1,0,1,0.500,109847,112568,3.284,4.700,15.435
66224,1,0,1,0.500,109915,112627,3.284,4.700,15.435
66264,1,0,1,0.500,109949,112692,3.284,4.700,15.435
66305,1,0,1,0.500,110072,112880,3.288,4.200,13.810
66345,1,0,1,0.500,110076,112893,3.288,4.200,13.810
66385,1,0,1,0.500,110090,112940,3.284,5.000,16.420
66425,1,0,1,0.500,110109,113000,3.284,5.000,16.420
66465,1,0,1,0.500,110159,113089,3.284,5.000,16.420
66505,1,0,1,0.500,110156,113092,3.288,4.500,14.796
66545,1,0,1,0.500,110137,113067,3.288,4.500,14.796
66585,1,0,1,0.500,110124,113024,3.284,4.700,15.435
66625,1,0,1,0.500,109957,112688,3.284,4.700,15.435
66665,1,0,1,0.500,109880,112501,3.284,4.700,15.435
66705,1,0,1,0.500,109862,112484,3.284,4.100,13.464
66745,1,0,1,0.500,109957,112652,3.284,4.100,13.464
66785,1,0,1,0.500,109938,112603,3.284,5.100,16.748
66825,1,0,1,0.500,109917,112612,3.284,5.100,16.748
66865,1,0,1,0.500,110030,112785,3.284,5.100,16.748
66905,1,0,1,0.500,110015,112785,3.284,5.000,16.420
66945,1,0,1,0.500,109974,112737,3.284,5.000,16.420
66985,1,0,1,0.500,110035,112844,3.284,4.900,16.092
67025,1,0,1,0.500,110064,112906,3.284,4.900,16.092
67065,1,0,1,0.500,110082,112929,3.284,4.900,16.092
67105,1,0,1,0.500,110001,112835,3.288,4.600,15.125
67145,1,0,1,0.500,109952,112769,3.288,4.600,15.125
67185,1,0,1,0.500,109975,112810,3.284,4.900,16.092
67225,1,0,1,0.500,110014,112862,3.284,4.900,16.092
67265,1,0,1,0.500,109976,112818,3.284,4.900,16.092
67305,1,0,1,0.500,110084,112983,3.288,5.300,17.426
67345,1,0,1,0.500,109942,112690,3.288,5.300,17.426
67385,1,0,1,0.500,109659,112169,3.280,4.900,16.072
67425,1,0,1,0.500,109607,112069,3.280,4.900,16.072
67465,1,0,1,0.500,109734,112252,3.280,4.900,16.072
67505,1,0,1,0.500,109847,112439,3.284,4.300,14.121
67545,1,0,1,0.500,109933,112563,3.284,4.300,14.121
67585,1,0,1,0.500,109995,112663,3.284,4.800,15.763
67625,1,0,1,0.500,110046,112734,3.284,4.800,15.763
67665,1,0,1,0.500,110014,112687,3.284,4.800,15.763
67705,1,0,1,0.500,110112,112830,3.288,4.900,16.111
67745,1,0,1,0.500,110151,112906,3.288,4.900,16.111
67785,1,0,1,0.500,110205,113014,3.284,4.800,15.763
67825,1,0,1,0.500,110214,113012,3.284,4.800,15.763
67865,1,0,1,0.500,110147,112940,3.284,4.800,15.763
67905,1,0,1,0.500,110131,112941,3.292,4.600,15.143
67945,1,0,1,0.500,110183,113016,3.292,4.600,15.143
67985,1,0,1,0.500,110189,113030,3.284,5.000,16.420
68025,1,0,1,0.500,110245,113128,3.284,5.000,16.420
68065,1,0,1,0.500,110266,113122,3.284,5.000,16.420
68105,1,0,1,0.500,110066,112727,3.284,4.800,15.763
68145,1,0,1,0.500,109981,112559,3.284,4.800,15.763
68185,1,0,1,0.500,109955,112549,3.284,4.800,15.763
68225,1,0,1,0.500,109977,112634,3.284,4.800,15.763
68265,1,0,1,0.500,110050,112767,3.284,4.800,15.763
68305,1,0,1,0.500,110011,112753,3.288,4.400,14.467
68345,1,0,1,0.500,110085,112871,3.288,4.400,14.467
68386,1,0,1,0.500,110211,113025,3.244,5.200,16.869
68425,1,0,1,0.500,110300,113132,3.244,5.200,16.869
68465,1,0,1,0.500,110347,113222,3.244,5.200,16.869
68506,1,0,1,0.500,110427,113350,3.264,4.600,15.014
68545,1,0,1,0.500,110459,113426,3.264,4.600,15.014
68586,1,0,1,0.500,110480,113474,3.284,4.800,15.763
68626,1,0,1,0.500,110515,113550,3.284,4.800,15.763
68665,1,0,1,0.500,110581,113669,3.284,4.800,15.763
68706,1,0,1,0.500,110677,113832,3.284,4.700,15.435
68746,1,0,1,0.500,110676,113831,3.284,4.700,15.435
68786,1,0,1,0.500,110744,113941,3.248,5.000,16.240
68826,1,0,1,0.500,110633,113747,3.248,5.000,16.240
68866,1,0,1,0.500,110348,113200,3.248,5.000,16.240
68906,1,0,1,0.500,110162,112882,3.288,4.900,16.111
68946,1,0,1,0.500,110214,112963,3.288,4.900,16.111
68986,1,0,1,0.500,110340,113172,3.288,15.300,50.306
69026,1,0,1,0.500,110406,113275,3.288,15.300,50.306
69066,1,0,1,0.500,110554,113504,3.288,15.300,50.306
69106,1,0,1,0.500,110927,114085,3.284,4.600,15.106
69146,1,0,1,0.500,111052,114269,3.284,4.600,15.106
69186,1,0,1,0.500,110843,113885,3.248,4.800,15.590
69226,1,0,1,0.500,110678,113618,3.248,4.800,15.590
69266,1,0,1,0.500,110679,113616,3.248,4.800,15.590
69306,1,0,1,0.500,110684,113667,3.272,4.500,14.724
69346,1,0,1,0.500,110757,113819,3.272,4.500,14.724
69386,1,0,1,0.500,110787,113904,3.284,14.800,48.603
69426,1,0,1,0.500,110768,113884,3.284,14.800,48.603
69466,1,0,1,0.500,110811,113947,3.284,14.800,48.603
69506,1,0,1,0.500,110774,113887,3.288,4.700,15.454
69546,1,0,1,0.500,110736,113848,3.288,4.700,15.454
69586,1,0,1,0.500,110802,113970,3.252,5.200,16.910
69626,1,0,1,0.500,110793,113956,3.252,5.200,16.910
69666,1,0,1,0.500,110528,113467,3.252,5.200,16.910
69706,1,0,1,0.500,110358,113130,3.276,4.200,13.759
69746,1,0,1,0.500,110330,113088,3.276,4.200,13.759
69786,1,0,1,0.500,110400,113223,3.284,14.500,47.618
69826,1,0,1,0.500,110487,113369,3.284,14.500,47.618
69866,1,0,1,0.500,110607,113578,3.284,14.500,47.618
69906,1,0,1,0.500,110684,113684,3.288,7.400,24.331
69946,1,0,1,0.500,110689,113718,3.288,7.400,24.331
69986,1,0,1,0.500,110603,113615,3.252,5.100,16.585
70026,1,0,1,0.500,110570,113577,3.252,5.100,16.585
70066,1,0,1,0.500,110688,113780,3.252,5.100,16.585
70106,1,0,1,0.500,110705,113794,3.280,4.700,15.416
70146,1,0,1,0.500,110717,113827,3.280,4.700,15.416
70186,1,0,1,0.500,110740,113855,3.284,4.600,15.106
70226,1,0,1,0.500,110687,113797,3.284,4.600,15.106
70266,1,0,1,0.500,110736,113894,3.284,4.600,15.106
70306,1,0,1,0.500,110911,114153,3.288,4.700,15.454
70346,1,0,1,0.500,110987,114263,3.288,4.700,15.454
70386,1,0,1,0.500,111014,114294,3.252,5.000,16.260
70426,1,0,1,0.500,111023,114293,3.252,5.000,16.260
70466,1,0,1,0.500,110953,114132,3.252,5.000,16.260
70506,1,0,1,0.500,110653,113564,3.280,4.200,13.776
70546,1,0,1,0.500,110599,113455,3.280,4.200,13.776
70586,1,0,1,0.500,110645,113522,3.284,13.600,44.662
70626,1,0,1,0.500,110681,113590,3.284,13.600,44.662
70666,1,0,1,0.500,110707,113664,3.284,13.600,44.662
70706,1,0,1,0.500,110694,113671,3.284,6.800,22.331
70747,1,0,1,0.500,110717,113711,3.284,6.800,22.331
70786,1,0,1,0.500,110813,113864,3.252,4.900,15.935
70827,1,0,1,0.500,110761,113781,3.252,4.900,15.935
70867,1,0,1,0.500,110809,113853,3.252,4.900,15.935
70906,1,0,1,0.500,110799,113879,3.280,4.500,14.760
70947,1,0,1,0.500,110755,113828,3.280,4.500,14.760
70986,1,0,1,0.500,110765,113852,3.284,13.800,45.319
71027,1,0,1,0.500,110827,113971,3.284,13.800,45.319
71067,1,0,1,0.500,110778,113894,3.284,13.800,45.319
71107,1,0,1,0.500,110722,113808,3.288,4.800,15.782
71147,1,0,1,0.500,110730,113822,3.288,4.800,15.782
71187,1,0,1,0.500,110806,113936,3.256,5.000,16.280
71227,1,0,1,0.500,110878,114062,3.256,5.000,16.280
71267,1,0,1,0.500,111072,114373,3.256,5.000,16.280
71307,1,0,1,0.500,111035,114294,3.276,4.500,14.742
71347,1,0,1,0.500,110685,113647,3.276,4.500,14.742
71387,1,0,1,0.500,110548,113351,3.280,14.100,46.248
71427,1,0,1,0.500,110457,113249,3.280,14.100,46.248
71467,1,0,1,0.500,110432,113225,3.280,14.100,46.248
71507,1,0,1,0.500,110611,113506,3.288,7.400,24.331
71547,1,0,1,0.500,110708,113649,3.288,7.400,24.331
71587,1,0,1,0.500,110742,113705,3.252,5.200,16.910
71627,1,0,1,0.500,110772,113732,3.252,5.200,16.910
71667,1,0,1,0.500,110776,113710,3.252,5.200,16.910
71707,1,0,1,0.500,110816,113789,3.280,4.600,15.088
71747,1,0,1,0.500,110883,113898,3.280,4.600,15.088
71787,1,0,1,0.500,110965,114023,3.284,4.700,15.435
71827,1,0,1,0.500,111063,114190,3.284,4.700,15.435
71867,1,0,1,0.500,111171,114366,3.284,4.700,15.435
71907,1,0,1,0.500,111191,114392,3.288,4.900,16.111
71947,1,0,1,0.500,111188,114389,3.288,4.900,16.111
71987,1,0,1,0.500,111167,114354,3.284,5.100,16.748
72027,1,0,1,0.500,111273,114506,3.284,5.100,16.748
72067,1,0,1,0.500,111336,114599,3.284,5.100,16.748
72107,1,0,1,0.500,111173,114306,3.276,4.200,13.759
72147,1,0,1,0.500,110959,113895,3.276,4.200,13.759
72187,1,0,1,0.500,110995,113935,3.284,4.700,15.435
72227,1,0,1,0.500,110966,113901,3.284,4.700,15.435
72267,1,0,1,0.500,110947,113891,3.284,4.700,15.435
72307,1,0,1,0.500,111012,114015,3.288,4.500,14.796
72347,1,0,1,0.500,111024,114058,3.288,4.500,14.796
72387,1,0,1,0.500,110962,113972,3.256,5.000,16.280
72427,1,0,1,0.500,110965,113971,3.256,5.000,16.280
72467,1,0,1,0.500,110861,113846,3.256,5.000,16.280
72507,1,0,1,0.500,110873,113894,3.280,4.400,14.432
72547,1,0,1,0.500,110918,113973,3.280,4.400,14.432
72588,1,0,1,0.500,110861,113895,3.284,13.400,44.006
72627,1,0,1,0.500,110816,113850,3.284,13.400,44.006
72667,1,0,1,0.500,110843,113891,3.284,13.400,44.006
72708,1,0,1,0.500,110820,113857,3.288,6.000,19.728
72747,1,0,1,0.500,110837,113898,3.288,6.000,19.728
72788,1,0,1,0.500,110904,114008,3.256,5.100,16.606
72828,1,0,1,0.500,110778,113794,3.256,5.100,16.606
72867,1,0,1,0.500,110561,113351,3.256,5.100,16.606
72908,1,0,1,0.500,110472,113210,3.280,4.100,13.448
72948,1,0,1,0.500,110510,113302,3.280,4.100,13.448
72988,1,0,1,0.500,110594,113466,3.284,12.500,41.050
73028,1,0,1,0.500,110637,113521,3.284,12.500,41.050
73068,1,0,1,0.500,110702,113637,3.284,12.500,41.050
73108,1,0,1,0.500,110743,113683,3.288,4.800,15.782
73148,1,0,1,0.500,110784,113737,3.288,4.800,15.782
73188,1,0,1,0.500,110813,113762,3.260,5.100,16.626
73228,1,0,1,0.500,110802,113791,3.260,5.100,16.626
73268,1,0,1,0.500,110876,113954,3.260,5.100,16.626
73308,1,0,1,0.500,110995,114140,3.284,4.400,14.450
73348,1,0,1,0.500,111082,114312,3.284,4.400,14.450
73388,1,0,1,0.500,111111,114383,3.272,11.200,36.646
73428,1,0,1,0.500,111160,114448,3.272,11.200,36.646
73468,1,0,1,0.500,111187,114481,3.272,11.200,36.646
73508,1,0,1,0.500,111237,114586,3.288,5.300,17.426
73548,1,0,1,0.500,111312,114718,3.288,5.300,17.426
73588,1,0,1,0.500,111209,114493,3.264,9.500,31.008
73628,1,0,1,0.500,111164,114343,3.264,9.500,31.008
73668,1,0,1,0.500,111088,114232,3.264,9.500,31.008
73708,1,0,1,0.500,111069,114233,3.284,4.400,14.450
73748,1,0,1,0.500,111075,114230,3.284,4.400,14.450
73788,1,0,1,0.500,111170,114407,3.284,4.700,15.435
73828,1,0,1,0.500,111280,114593,3.284,4.700,15.435
73868,1,0,1,0.500,111272,114569,3.284,4.700,15.435
73908,1,0,1,0.500,111190,114437,3.288,5.200,17.098
73948,1,0,1,0.500,111232,114521,3.288,5.200,17.098
73988,1,0,1,0.500,111331,114693,3.284,4.600,15.106
74028,1,0,1,0.500,111266,114574,3.284,4.600,15.106
74068,1,0,1,0.500,111250,114548,3.284,4.600,15.106
74108,1,0,1,0.500,111166,114395,3.284,4.100,13.464
74148,1,0,1,0.500,111060,114258,3.284,4.100,13.464
74188,1,0,1,0.500,111184,114454,3.284,4.900,16.092
74228,1,0,1,0.500,111309,114661,3.284,4.900,16.092
74268,1,0,1,0.500,111287,114627,3.284,4.900,16.092
74308,1,0,1,0.500,111161,114376,3.288,5.100,16.769
74348,1,0,1,0.500,110990,114014,3.288,5.100,16.769
74388,1,0,1,0.500,110877,113852,3.268,4.700,15.360
74428,1,0,1,0.500,110938,113954,3.268,4.700,15.360
74468,1,0,1,0.500,110971,114022,3.268,4.700,15.360
74508,1,0,1,0.500,111033,114118,3.284,4.100,13.464
74548,1,0,1,0.500,111113,114220,3.284,4.100,13.464
74588,1,0,1,0.500,111216,114400,3.284,8.800,28.899
74628,1,0,1,0.500,111327,114585,3.284,8.800,28.899
74668,1,0,1,0.500,111367,114642,3.284,8.800,28.899
74708,1,0,1,0.500,111512,114870,3.288,5.100,16.769
74748,1,0,1,0.500,111515,114860,3.288,5.100,16.769
74789,1,0,1,0.500,111501,114855,3.272,4.800,15.706
74828,1,0,1,0.500,111558,114937,3.272,4.800,15.706
74868,1,0,1,0.500,111477,114824,3.272,4.800,15.706
74909,1,0,1,0.500,111496,114858,3.284,4.300,14.121
74948,1,0,1,0.500,111524,114906,3.284,4.300,14.121
74989,1,0,1,0.500,111715,115237,3.288,8.100,26.633
75029,1,0,1,0.500,111830,115409,3.288,8.100,26.633
75068,1,0,1,0.500,111600,114957,3.288,8.100,26.633
75109,1,0,1,0.500,111298,114386,3.284,5.000,16.420
75149,1,0,1,0.500,111364,114477,3.284,5.000,16.420
75189,1,0,1,0.500,111498,114707,3.276,4.900,16.052
75229,1,0,1,0.500,111466,114683,3.276,4.900,16.052
75269,1,0,1,0.500,111532,114809,3.276,4.900,16.052
75309,1,0,1,0.500,111606,114943,3.288,4.200,13.810
75349,1,0,1,0.500,111620,114951,3.288,4.200,13.810
75389,1,0,1,0.500,111621,114943,3.256,7.000,22.792
75429,1,0,1,0.500,111640,114995,3.256,7.000,22.792
75469,1,0,1,0.500,111591,114949,3.256,7.000,22.792
75509,1,0,1,0.500,111607,114940,3.288,4.900,16.111
75549,1,0,1,0.500,111731,115161,3.288,4.900,16.111
75589,1,0,1,0.500,111797,115277,3.280,13.800,45.264
75629,1,0,1,0.500,111808,115288,3.280,13.800,45.264
75669,1,0,1,0.500,111809,115326,3.280,13.800,45.264
75709,1,0,1,0.500,111940,115596,3.288,4.400,14.467
75749,1,0,1,0.500,111957,115654,3.288,4.400,14.467
75789,1,0,1,0.500,111667,115136,3.252,6.200,20.162
75829,1,0,1,0.500,111434,114677,3.252,6.200,20.162
75869,1,0,1,0.500,111407,114613,3.252,6.200,20.162
75909,1,0,1,0.500,111314,114477,3.256,4.600,14.978
75949,1,0,1,0.500,111197,114322,3.256,4.600,14.978
75989,1,0,1,0.500,111185,114323,3.280,14.700,48.216
76029,1,0,1,0.500,111201,114353,3.280,14.700,48.216
76069,1,0,1,0.500,111173,114305,3.280,14.700,48.216
76109,1,0,1,0.500,111243,114374,3.284,4.300,14.121
76149,1,0,1,0.500,111251,114371,3.284,4.300,14.121
76189,1,0,1,0.500,111188,114279,3.284,4.700,15.435
76229,1,0,1,0.500,111219,114334,3.284,4.700,15.435
76269,1,0,1,0.500,111296,114454,3.284,4.700,15.435
76309,1,0,1,0.500,111259,114416,3.288,4.900,16.111
76349,1,0,1,0.500,111359,114592,3.288,4.900,16.111
76389,1,0,1,0.500,111493,114826,3.280,4.700,15.416
76429,1,0,1,0.500,111648,115105,3.280,4.700,15.416
76469,1,0,1,0.500,111694,115147,3.280,4.700,15.416
76509,1,0,1,0.500,111435,114636,3.284,4.600,15.106
76549,1,0,1,0.500,111238,114284,3.284,4.600,15.106
76589,1,0,1,0.500,111276,114363,3.284,5.000,16.420
76629,1,0,1,0.500,111316,114454,3.284,5.000,16.420
76669,1,0,1,0.500,111257,114372,3.284,5.000,16.420
76709,1,0,1,0.500,111295,114448,3.264,4.500,14.688
76749,1,0,1,0.500,111372,114601,3.264,4.500,14.688
76789,1,0,1,0.500,111405,114655,3.284,4.900,16.092
76829,1,0,1,0.500,111426,114693,3.284,4.900,16.092
76869,1,0,1,0.500,111453,114770,3.284,4.900,16.092
76909,1,0,1,0.500,111519,114879,3.284,4.300,14.121
76949,1,0,1,0.500,111643,115102,3.284,4.300,14.121
76989,1,0,1,0.500,111808,115380,3.284,5.200,17.077
77029,1,0,1,0.500,111835,115434,3.284,5.200,17.077
77069,1,0,1,0.500,111788,115355,3.284,5.200,17.077
77109,1,0,1,0.500,111806,115398,3.288,4.700,15.454
77149,1,0,1,0.500,111732,115288,3.288,4.700,15.454
77190,1,0,1,0.500,111656,115130,3.284,4.800,15.763
77229,1,0,1,0.500,111444,114717,3.284,4.800,15.763
77269,1,0,1,0.500,111241,114369,3.284,4.800,15.763
77310,1,0,1,0.500,111205,114297,3.288,4.800,15.782
77349,1,0,1,0.500,111251,114390,3.288,4.800,15.782
77390,1,0,1,0.500,111310,114481,3.244,5.000,16.220
77430,1,0,1,0.500,111319,114518,3.244,5.000,16.220
77469,1,0,1,0.500,111302,114522,3.244,5.000,16.220
77510,1,0,1,0.500,111338,114598,3.268,4.400,14.379
77550,1,0,1,0.500,111365,114653,3.268,4.400,14.379
77590,1,0,1,0.500,111434,114788,3.284,15.500,50.902
77630,1,0,1,0.500,111509,114908,3.284,15.500,50.902
77670,1,0,1,0.500,111549,115005,3.284,15.500,50.902
77710,1,0,1,0.500,111594,115083,3.288,4.400,14.467
77750,1,0,1,0.500,111678,115238,3.288,4.400,14.467
77790,1,0,1,0.500,111795,115452,3.248,5.000,16.240
77830,1,0,1,0.500,111775,115428,3.248,5.000,16.240
77870,1,0,1,0.500,111760,115404,3.248,5.000,16.240
77910,1,0,1,0.500,111828,115525,3.272,4.300,14.070
77950,1,0,1,0.500,111830,115519,3.272,4.300,14.070
77990,1,0,1,0.500,111533,114945,3.288,15.100,49.649
78030,1,0,1,0.500,111137,114215,3.288,15.100,49.649
78070,1,0,1,0.500,111039,114058,3.288,15.100,49.649
78110,1,0,1,0.500,111142,114267,3.288,4.700,15.454
78150,1,0,1,0.500,111309,114546,3.288,4.700,15.454
78190,1,0,1,0.500,111450,114796,3.252,4.900,15.935
78230,1,0,1,0.500,111654,115203,3.252,4.900,15.935
78270,1,0,1,0.500,111705,115297,3.252,4.900,15.935
78310,1,0,1,0.500,111630,115143,3.280,4.300,14.104
78350,1,0,1,0.500,111536,114977,3.280,4.300,14.104
78390,1,0,1,0.500,111487,114876,3.280,14.200,46.576
78430,1,0,1,0.500,111444,114773,3.280,14.200,46.576
78470,1,0,1,0.500,111431,114761,3.280,14.200,46.576
78510,1,0,1,0.500,111478,114877,3.292,4.600,15.143
78550,1,0,1,0.500,111655,115185,3.292,4.600,15.143
78590,1,0,1,0.500,111765,115388,3.288,5.000,16.440
78630,1,0,1,0.500,111831,115518,3.288,5.000,16.440
78670,1,0,1,0.500,111875,115575,3.288,5.000,16.440
78710,1,0,1,0.500,111844,115514,3.276,4.200,13.759
78750,1,0,1,0.500,111524,114892,3.276,4.200,13.759
78790,1,0,1,0.500,111288,114463,3.284,5.000,16.420
78830,1,0,1,0.500,111412,114641,3.284,5.000,16.420
78870,1,0,1,0.500,111409,114668,3.284,5.000,16.420
78910,1,0,1,0.500,111290,114495,3.288,6.200,20.386
78950,1,0,1,0.500,111326,114582,3.288,6.200,20.386
78990,1,0,1,0.500,111376,114669,3.284,5.100,16.748
79030,1,0,1,0.500,111388,114699,3.284,5.100,16.748
79070,1,0,1,0.500,111312,114557,3.284,5.100,16.748
79110,1,0,1,0.500,111304,114551,3.284,4.500,14.778
79150,1,0,1,0.500,111346,114635,3.284,4.500,14.778
79190,1,0,1,0.500,111367,114691,3.284,4.900,16.092
79230,1,0,1,0.500,111444,114816,3.284,4.900,16.092
79270,1,0,1,0.500,111500,114905,3.284,4.900,16.092
79310,1,0,1,0.500,111474,114850,3.284,4.900,16.092
79350,1,0,1,0.500,111434,114769,3.284,4.900,16.092
79391,1,0,1,0.500,111513,114895,3.260,5.000,16.300
79430,1,0,1,0.500,111426,114762,3.260,5.000,16.300
79470,1,0,1,0.500,111175,114309,3.260,5.000,16.300
79511,1,0,1,0.500,111167,114269,3.284,4.500,14.778
79550,1,0,1,0.500,111191,114289,3.284,4.500,14.778
79591,1,0,1,0.500,111165,114266,3.284,12.700,41.707
79631,1,0,1,0.500,111165,114246,3.284,12.700,41.707
79670,1,0,1,0.500,111136,114207,3.284,12.700,41.707
79711,1,0,1,0.500,111184,114290,3.288,5.600,18.413
79751,1,0,1,0.500,111217,114324,3.288,5.600,18.413
79791,1,0,1,0.500,111277,114414,3.260,4.900,15.974
79831,1,0,1,0.500,111389,114585,3.260,4.900,15.974
79871,1,0,1,0.500,111518,114808,3.260,4.900,15.974
79911,1,0,1,0.500,111627,114991,3.284,4.300,14.121
79951,1,0,1,0.500,111753,115207,3.284,4.300,14.121
79991,1,0,1,0.500,111762,115228,3.288,12.000,39.456
80031,1,0,1,0.500,111733,115187,3.288,12.000,39.456
80071,1,0,1,0.500,111705,115116,3.288,12.000,39.456
80111,1,0,1,0.500,111640,115009,3.288,4.800,15.782
80151,1,0,1,0.500,111620,114989,3.288,4.800,15.782
80191,1,0,1,0.500,111399,114552,3.264,4.700,15.341
80231,1,0,1,0.500,111113,114029,3.264,4.700,15.341
80271,1,0,1,0.500,111053,113923,3.264,4.700,15.341
80311,1,0,1,0.500,111143,114091,3.284,4.100,13.464
80351,1,0,1,0.500,111152,114125,3.284,4.100,13.464
80391,1,0,1,0.500,111145,114152,3.272,11.200,36.646
80431,1,0,1,0.500,111167,114209,3.272,11.200,36.646
80471,1,0,1,0.500,111160,114227,3.272,11.200,36.646
80511,1,0,1,0.500,111240,114336,3.292,5.200,17.118
80551,1,0,1,0.500,111304,114417,3.292,5.200,17.118
80591,1,0,1,0.500,111219,114241,3.264,9.400,30.682
80631,1,0,1,0.500,110998,113877,3.264,9.400,30.682
80672,1,0,1,0.500,110769,113502,3.260,7.600,24.776
80711,1,0,1,0.500,110699,113404,3.260,7.600,24.776
80751,1,0,1,0.500,110731,113480,3.260,7.600,24.776
80791,1,0,1,0.500,110882,113730,3.284,15.800,51.887
80831,1,0,1,0.500,110967,113879,3.284,15.800,51.887
80872,1,0,1,0.500,111130,114194,3.264,9.100,29.702
80911,1,0,1,0.500,111292,114436,3.264,9.100,29.702
80951,1,0,1,0.500,110906,113731,3.264,9.100,29.702
80991,1,0,1,0.500,110624,113246,3.256,6.500,21.164
81031,1,0,1,0.500,110636,113258,3.256,6.500,21.164
81072,1,0,1,0.500,110757,113473,3.284,15.700,51.559
81111,1,0,1,0.500,110840,113593,3.284,15.700,51.559
81151,1,0,1,0.500,110813,113562,3.284,15.700,51.559
81191,1,0,1,0.500,110648,113302,3.256,7.100,23.118
81231,1,0,1,0.500,110550,113167,3.256,7.100,23.118
81272,1,0,1,0.500,110517,113136,3.268,9.500,31.046
81311,1,0,1,0.500,110578,113258,3.268,9.500,31.046
81351,1,0,1,0.500,110622,113341,3.268,9.500,31.046
81391,1,0,1,0.500,110684,113466,3.284,14.500,47.618
81431,1,0,1,0.500,110791,113601,3.284,14.500,47.618
81472,1,0,1,0.500,110818,113626,3.248,5.000,16.240
81511,1,0,1,0.500,110888,113733,3.248,5.000,16.240
81552,1,0,1,0.500,110925,113778,3.248,5.000,16.240
81591,1,0,1,0.500,110931,113789,3.280,12.900,42.312
81631,1,0,1,0.500,110989,113922,3.280,12.900,42.312
81672,1,0,1,0.500,110947,113871,3.268,11.100,36.275
81711,1,0,1,0.500,110688,113395,3.268,11.100,36.275
81752,1,0,1,0.500,110483,113059,3.268,11.100,36.275
81791,1,0,1,0.500,110539,113167,3.248,5.300,17.214
81832,1,0,1,0.500,110597,113252,3.248,5.300,17.214
81872,1,0,1,0.500,110614,113302,3.284,16.800,55.171
81911,1,0,1,0.500,110680,113375,3.284,16.800,55.171
81952,1,0,1,0.500,110805,113545,3.284,16.800,55.171
81991,1,0,1,0.500,110891,113668,3.248,5.500,17.864
82032,1,0,1,0.500,111085,113976,3.248,5.500,17.864
82072,1,0,1,0.500,111252,114261,3.284,14.600,47.946
82112,1,0,1,0.500,111426,114557,3.284,14.600,47.946
82152,1,0,1,0.500,111398,114537,3.284,14.600,47.946
82192,1,0,1,0.500,111316,114398,3.256,7.000,22.792
82232,1,0,1,0.500,111276,114360,3.256,7.000,22.792
82272,1,0,1,0.500,111271,114382,3.280,12.900,42.312
82312,1,0,1,0.500,111357,114523,3.280,12.900,42.312
82352,1,0,1,0.500,111531,114828,3.280,12.900,42.312
82392,1,0,1,0.500,111586,114951,3.260,8.100,26.406
82432,1,0,1,0.500,111524,114803,3.260,8.100,26.406
82472,1,0,1,0.500,111409,114582,3.272,12.000,39.264
82512,1,0,1,0.500,111454,114639,3.272,12.000,39.264
82552,1,0,1,0.500,111520,114731,3.272,12.000,39.264
82592,1,0,1,0.500,111456,114616,3.264,8.400,27.418
82632,1,0,1,0.500,111424,114558,3.264,8.400,27.418
82672,1,0,1,0.500,111407,114533,3.276,12.300,40.295
82712,1,0,1,0.500,111327,114387,3.276,12.300,40.295
82752,1,0,1,0.500,111313,114371,3.276,12.300,40.295
82792,1,0,1,0.500,111410,114555,3.260,8.200,26.732
82832,1,0,1,0.500,111633,114942,3.260,8.200,26.732
82872,1,0,1,0.500,111772,115188,3.268,11.700,38.236
82912,1,0,1,0.500,111844,115320,3.268,11.700,38.236
82952,1,0,1,0.500,111858,115358,3.268,11.700,38.236
82992,1,0,1,0.500,111882,115413,3.264,9.500,31.008
83032,1,0,1,0.500,111956,115531,3.264,9.500,31.008
83072,1,0,1,0.500,111953,115549,3.272,11.600,37.955
83112,1,0,1,0.500,111627,114949,3.272,11.600,37.955
83152,1,0,1,0.500,111167,114145,3.272,11.600,37.955
83192,1,0,1,0.500,111069,113987,3.260,9.300,30.318
83232,1,0,1,0.500,111109,114051,3.260,9.300,30.318
83272,1,0,1,0.500,111164,114163,3.268,11.100,36.275
83312,1,0,1,0.500,111249,114316,3.268,11.100,36.275
83352,1,0,1,0.500,111335,114452,3.268,11.100,36.275
83392,1,0,1,0.500,111426,114592,3.264,9.900,32.314
83432,1,0,1,0.500,111446,114657,3.264,9.900,32.314
83472,1,0,1,0.500,111527,114833,3.268,10.500,34.314
83512,1,0,1,0.500,111728,115197,3.268,10.500,34.314
83552,1,0,1,0.500,111849,115420,3.268,10.500,34.314
83592,1,0,1,0.500,111914,115527,3.288,10.500,34.524
83632,1,0,1,0.500,111999,115648,3.288,10.500,34.524
83672,1,0,1,0.500,112050,115730,3.264,10.000,32.640
83712,1,0,1,0.500,112147,115908,3.264,10.000,32.640
83752,1,0,1,0.500,112280,116151,3.264,10.000,32.640
83792,1,0,1,0.500,112211,116019,3.288,11.200,36.826
83832,1,0,1,0.500,111944,115489,3.288,11.200,36.826
83872,1,0,1,0.500,111958,115501,3.264,4.400,14.362
83912,1,0,1,0.500,111995,115525,3.264,4.400,14.362
83952,1,0,1,0.500,111926,115387,3.264,4.400,14.362
83993,1,0,1,0.500,112197,115885,3.288,11.400,37.483
84032,1,0,1,0.500,112494,116434,3.288,11.400,37.483
84073,1,0,1,0.500,112589,116570,3.264,4.300,14.035
84112,1,0,1,0.500,112349,116134,3.264,4.300,14.035
84152,1,0,1,0.500,112166,115839,3.264,4.300,14.035
84193,1,0,1,0.500,112227,115949,3.284,10.800,35.467
84232,1,0,1,0.500,112286,116042,3.284,10.800,35.467
84273,1,0,1,0.500,112316,116092,3.288,4.600,15.125
84313,1,0,1,0.500,112376,116234,3.288,4.600,15.125
84352,1,0,1,0.500,112495,116460,3.288,4.600,15.125
84393,1,0,1,0.500,112666,116806,3.288,10.500,34.524
84433,1,0,1,0.500,113086,117671,3.288,10.500,34.524
84473,1,0,1,0.500,113125,117749,3.288,4.700,15.454
84513,1,0,1,0.500,112746,117020,3.288,4.700,15.454
84553,1,0,1,0.500,112583,116756,3.288,4.700,15.454
84593,1,0,1,0.500,112404,116425,3.288,11.400,37.483
84633,1,0,1,0.500,112261,116143,3.288,11.400,37.483
84673,1,0,1,0.500,112105,115817,3.288,4.400,14.467
84713,1,0,1,0.500,112040,115674,3.288,4.400,14.467
84753,1,0,1,0.500,111996,115540,3.288,4.400,14.467
84793,1,0,1,0.500,111932,115417,3.288,4.800,15.782
84833,1,0,1,0.500,111921,115412,3.288,4.800,15.782
84873,1,0,1,0.500,112008,115546,3.288,4.500,14.796
84913,1,0,1,0.500,112171,115849,3.288,4.500,14.796
84953,1,0,1,0.500,112340,116171,3.288,4.500,14.796
84993,1,0,1,0.500,112516,116489,3.292,4.600,15.143
85033,1,0,1,0.500,112591,116645,3.292,4.600,15.143
85073,1,0,1,0.500,112682,116808,3.288,4.700,15.454
85113,1,0,1,0.500,112804,117086,3.288,4.700,15.454
85153,1,0,1,0.500,112886,117219,3.288,4.700,15.454
85193,1,0,1,0.500,112603,116674,3.288,4.300,14.138
85233,1,0,1,0.500,112469,116442,3.288,4.300,14.138
85273,1,0,1,0.500,112572,116605,3.288,4.500,14.796
85313,1,0,1,0.500,112604,116639,3.288,4.500,14.796
85353,1,0,1,0.500,112521,116508,3.288,4.500,14.796
85393,1,0,1,0.500,112472,116421,3.288,4.500,14.796
85433,1,0,1,0.500,112397,116293,3.288,4.500,14.796
85473,1,0,1,0.500,112373,116255,3.288,4.500,14.796
85513,1,0,1,0.500,112324,116160,3.288,4.500,14.796
85553,1,0,1,0.500,112432,116367,3.288,4.500,14.796
85593,1,0,1,0.500,112664,116803,3.288,4.600,15.125
85633,1,0,1,0.500,112850,117154,3.288,4.600,15.125
85673,1,0,1,0.500,112993,117424,3.288,4.500,14.796
85713,1,0,1,0.500,113137,117716,3.288,4.500,14.796
85753,1,0,1,0.500,113284,118019,3.288,4.500,14.796
85793,1,0,1,0.500,113396,118229,3.284,4.700,15.435
85833,1,0,1,0.500,113024,117462,3.284,4.700,15.435
85873,1,0,1,0.500,112572,116608,3.288,4.500,14.796
85913,1,0,1,0.500,112520,116506,3.288,4.500,14.796
85953,1,0,1,0.500,112593,116627,3.288,4.500,14.796
85993,1,0,1,0.500,112671,116748,3.284,4.800,15.763
86033,1,0,1,0.500,112708,116819,3.284,4.800,15.763
86073,1,0,1,0.500,112665,116730,3.288,4.700,15.454
86113,1,0,1,0.500,112522,116445,3.288,4.700,15.454
86154,1,0,1,0.500,112413,116228,3.288,4.700,15.454
86193,1,0,1,0.500,112384,116192,3.288,4.500,14.796
86233,1,0,1,0.500,112440,116317,3.288,4.500,14.796
86273,1,0,1,0.500,112615,116654,3.288,4.700,15.454
86313,1,0,1,0.500,112757,116920,3.288,4.700,15.454
86354,1,0,1,0.500,112853,117103,3.288,4.700,15.454
86394,1,0,1,0.500,112884,117130,3.288,4.800,15.782
86433,1,0,1,0.500,112805,116978,3.288,4.800,15.782
86474,1,0,1,0.500,112479,116351,3.284,4.800,15.763
86514,1,0,1,0.500,112083,115595,3.284,4.800,15.763
86554,1,0,1,0.500,111974,115408,3.284,4.800,15.763
86594,1,0,1,0.500,112000,115466,3.288,4.700,15.454
86634,1,0,1,0.500,112099,115649,3.288,4.700,15.454
86674,1,0,1,0.500,112180,115785,3.288,4.600,15.125
86714,1,0,1,0.500,112209,115834,3.288,4.600,15.125
86754,1,0,1,0.500,112206,115840,3.288,4.600,15.125
86794,1,0,1,0.500,112145,115741,3.288,4.500,14.796
86834,1,0,1,0.500,112137,115745,3.288,4.500,14.796
86874,1,0,1,0.500,112143,115767,3.288,4.400,14.467
86914,1,0,1,0.500,112130,115734,3.288,4.400,14.467
86954,1,0,1,0.500,112179,115816,3.288,4.400,14.467
86994,1,0,1,0.500,112164,115801,3.288,4.400,14.467
87034,1,0,1,0.500,112196,115845,3.288,4.400,14.467
87074,1,0,1,0.500,112264,115949,3.288,4.700,15.454
87114,1,0,1,0.500,112092,115621,3.288,4.700,15.454
87154,1,0,1,0.500,111792,115092,3.288,4.700,15.454
87194,1,0,1,0.500,111776,115065,3.288,4.400,14.467
87234,1,0,1,0.500,111914,115305,3.288,4.400,14.467
87274,1,0,1,0.500,112059,115572,3.284,4.900,16.092
87314,1,0,1,0.500,112131,115692,3.284,4.900,16.092
87354,1,0,1,0.500,112186,115786,3.284,4.900,16.092
87394,1,0,1,0.500,112168,115751,3.288,4.600,15.125
87434,1,0,1,0.500,112087,115624,3.288,4.600,15.125
87474,1,0,1,0.500,112069,115586,3.288,4.700,15.454
87514,1,0,1,0.500,112082,115628,3.288,4.700,15.454
87554,1,0,1,0.500,112103,115674,3.288,4.700,15.454
87594,1,0,1,0.500,112126,115737,3.288,4.700,15.454
87634,1,0,1,0.500,112116,115727,3.288,4.700,15.454
87674,1,0,1,0.500,112142,115779,3.288,4.800,15.782
87714,1,0,1,0.500,112124,115747,3.288,4.800,15.782
87754,1,0,1,0.500,111856,115249,3.288,4.800,15.782
87794,1,0,1,0.500,111657,114879,3.288,4.600,15.125
87834,1,0,1,0.500,111676,114945,3.288,4.600,15.125
87874,1,0,1,0.500,111753,115106,3.288,4.600,15.125
87914,1,0,1,0.500,111839,115253,3.288,4.600,15.125
87954,1,0,1,0.500,111901,115384,3.288,4.600,15.125
87994,1,0,1,0.500,111921,115436,3.288,4.500,14.796
88034,1,0,1,0.500,111918,115424,3.288,4.500,14.796
88074,1,0,1,0.500,111918,115418,3.288,4.700,15.454
88114,1,0,1,0.500,111895,115369,3.288,4.700,15.454
88155,1,0,1,0.500,111966,115522,3.288,4.700,15.454
88194,1,0,1,0.500,112047,115652,3.288,4.400,14.467
88235,1,0,1,0.500,112020,115649,3.288,4.400,14.467
88274,1,0,1,0.500,112025,115665,3.288,4.500,14.796
88314,1,0,1,0.500,112064,115745,3.288,4.500,14.796
88355,1,0,1,0.500,111942,115510,3.288,4.500,14.796
88394,1,0,1,0.500,111588,114842,3.288,4.900,16.111
88435,1,0,1,0.500,111436,114573,3.288,4.900,16.111
88475,1,0,1,0.500,111519,114718,3.288,4.500,14.796
88514,1,0,1,0.500,111586,114852,3.288,4.500,14.796
88555,1,0,1,0.500,111654,114962,3.288,4.500,14.796
88595,1,0,1,0.500,111691,115058,3.288,4.800,15.782
88635,1,0,1,0.500,111737,115125,3.288,4.800,15.782
88675,1,0,1,0.500,111737,115133,3.288,4.600,15.125
88715,1,0,1,0.500,111742,115164,3.288,4.600,15.125
88755,1,0,1,0.500,111835,115303,3.288,4.600,15.125
88795,1,0,1,0.500,111920,115474,3.292,4.500,14.814
88835,1,0,1,0.500,111963,115563,3.292,4.500,14.814
88875,1,0,1,0.500,111980,115604,3.288,4.600,15.125
88915,1,0,1,0.500,111987,115621,3.288,4.600,15.125
88955,1,0,1,0.500,112047,115740,3.288,4.600,15.125
88995,1,0,1,0.500,111933,115519,3.288,4.800,15.782
89035,1,0,1,0.500,111642,114950,3.288,4.800,15.782
89075,1,0,1,0.500,111571,114831,3.288,4.500,14.796
89115,1,0,1,0.500,111656,114972,3.288,4.500,14.796
89155,1,0,1,0.500,111729,115112,3.288,4.500,14.796
89195,1,0,1,0.500,111767,115171,3.288,4.500,14.796
89235,1,0,1,0.500,111844,115311,3.288,4.500,14.796
89275,1,0,1,0.500,111854,115348,3.288,4.700,15.454
89315,1,0,1,0.500,111844,115330,3.288,4.700,15.454
89355,1,0,1,0.500,111846,115334,3.288,4.700,15.454
89395,1,0,1,0.500,111842,115338,3.288,4.700,15.454
89435,1,0,1,0.500,111912,115445,3.288,4.700,15.454
89475,1,0,1,0.500,111967,115555,3.288,4.500,14.796
89515,1,0,1,0.500,111994,115632,3.288,4.500,14.796
89555,1,0,1,0.500,112007,115648,3.288,4.500,14.796
89595,1,0,1,0.500,112052,115750,3.288,4.700,15.454
89635,1,0,1,0.500,112094,115833,3.288,4.700,15.454
89675,1,0,1,0.500,111871,115393,3.288,4.700,15.454
89715,1,0,1,0.500,111521,114767,3.288,4.700,15.454
89755,1,0,1,0.500,111515,114749,3.288,4.700,15.454
89795,1,0,1,0.500,111611,114941,3.288,4.500,14.796
89835,1,0,1,0.500,111678,115032,3.288,4.500,14.796
89875,1,0,1,0.500,111738,115139,3.288,4.400,14.467
89915,1,0,1,0.500,111770,115204,3.288,4.400,14.467
89955,1,0,1,0.500,111752,115181,3.288,4.400,14.467
89995,1,0,1,0.500,111769,115199,3.288,4.500,14.796
90035,1,0,1,0.500,111804,115258,3.288,4.500,14.796
90075,1,0,1,0.500,111859,115371,3.284,4.800,15.763
90115,1,0,1,0.500,111933,115500,3.284,4.800,15.763
90155,1,0,1,0.500,111962,115545,3.284,4.800,15.763
90195,1,0,1,0.500,112017,115657,3.288,4.600,15.125
90235,1,0,1,0.500,112036,115680,3.288,4.600,15.125
90275,1,0,1,0.500,112048,115698,3.288,4.400,14.467
90315,1,0,1,0.500,112082,115759,3.288,4.400,14.467
90356,1,0,1,0.500,112108,115801,3.288,4.400,14.467
90395,1,0,1,0.500,111890,115399,3.288,4.500,14.796
90436,1,0,1,0.500,111585,114836,3.288,4.500,14.796
90475,1,0,1,0.500,111495,114686,3.288,4.700,15.454
90515,1,0,1,0.500,111572,114809,3.288,4.700,15.454
90556,1,0,1,0.500,111626,114899,3.288,4.700,15.454
90595,1,0,1,0.500,111677,115007,3.288,4.600,15.125
90636,1,0,1,0.500,111692,115030,3.288,4.600,15.125
90676,1,0,1,0.500,111662,114937,3.288,4.400,14.467
90715,1,0,1,0.500,111629,114895,3.288,4.400,14.467
