191,1,0,1,0.500,82957,83022,3.208,3.500,11.228
231,1,0,1,0.500,117624,131674,3.208,3.500,11.228
271,1,0,1,0.500,118008,134835,3.256,4.600,14.978
311,1,0,1,0.500,117674,134036,3.256,4.600,14.978
351,1,0,1,0.500,117698,134165,3.256,4.600,14.978
391,1,0,1,0.500,117902,134757,3.264,4.500,14.688
431,1,0,1,0.500,117927,134906,3.264,4.500,14.688
471,1,0,1,0.500,117999,135050,3.252,4.600,14.959
511,1,0,1,0.500,118101,135315,3.252,4.600,14.959
551,1,0,1,0.500,118270,135711,3.252,4.600,14.959
591,1,0,1,0.500,118258,135698,3.252,4.800,15.610
631,1,0,1,0.500,117955,134990,3.252,4.800,15.610
671,1,0,1,0.500,117780,134534,3.252,4.800,15.610
711,1,0,1,0.500,117611,134110,3.252,4.800,15.610
751,1,0,1,0.500,117048,132705,3.252,4.800,15.610
791,1,0,1,0.500,115955,130063,3.256,4.400,14.326
831,1,0,1,0.500,115598,129105,3.256,4.400,14.326
872,1,0,1,0.500,115511,128841,3.252,4.700,15.284
911,1,0,1,0.500,115414,128609,3.252,4.700,15.284
951,1,0,1,0.500,115570,128920,3.252,4.700,15.284
992,1,0,1,0.500,115898,129642,3.252,4.600,14.959
1031,1,0,1,0.500,115949,129734,3.252,4.600,14.959
1072,1,0,1,0.500,115910,129636,3.252,4.700,15.284
1111,1,0,1,0.500,115929,129668,3.252,4.700,15.284
1151,1,0,1,0.500,116122,130101,3.252,4.700,15.284
1192,1,0,1,0.500,116158,130220,3.252,4.500,14.634
1231,1,0,1,0.500,116370,130734,3.252,4.500,14.634
1272,1,0,1,0.500,116632,131365,3.252,4.900,15.935
1311,1,0,1,0.500,116700,131531,3.252,4.900,15.935
1351,1,0,1,0.500,116659,131470,3.252,4.900,15.935
1392,1,0,1,0.500,116548,131215,3.260,4.800,15.648
1431,1,0,1,0.500,116442,130971,3.260,4.800,15.648
1472,1,0,1,0.500,116224,130455,3.252,5.000,16.260
1511,1,0,1,0.500,115678,129147,3.252,5.000,16.260
1551,1,0,1,0.500,115420,128500,3.252,5.000,16.260
1592,1,0,1,0.500,115868,129506,3.256,4.700,15.303
1631,1,0,1,0.500,116279,130401,3.256,4.700,15.303
1672,1,0,1,0.500,116144,130084,3.252,4.800,15.610
1711,1,0,1,0.500,115663,129026,3.252,4.800,15.610
1751,1,0,1,0.500,116204,130293,3.252,4.800,15.610
1792,1,0,1,0.500,116859,131824,3.256,4.700,15.303
1831,1,0,1,0.500,116969,132087,3.256,4.700,15.303
1872,1,0,1,0.500,117095,132415,3.256,4.600,14.978
1911,1,0,1,0.500,117483,133363,3.256,4.600,14.978
1951,1,0,1,0.500,117664,133794,3.256,4.600,14.978
1992,1,0,1,0.500,117376,133058,3.260,4.600,14.996
2031,1,0,1,0.500,116780,131536,3.260,4.600,14.996
2072,1,0,1,0.500,116350,130495,3.256,4.500,14.652
2112,1,0,1,0.500,116307,130352,3.256,4.500,14.652
2151,1,0,1,0.500,116439,130631,3.256,4.500,14.652
2192,1,0,1,0.500,116422,130602,3.256,4.800,15.629
2231,1,0,1,0.500,115712,128958,3.256,4.800,15.629
2272,1,0,1,0.500,115159,127793,3.256,4.800,15.629
2312,1,0,1,0.500,114972,127401,3.256,4.800,15.629
2351,1,0,1,0.500,114754,126980,3.256,4.800,15.629
2392,1,0,1,0.500,114822,127154,3.260,4.700,15.322
2431,1,0,1,0.500,114647,126774,3.260,4.700,15.322
2472,1,0,1,0.500,114377,126178,3.256,4.600,14.978
2512,1,0,1,0.500,114396,126142,3.256,4.600,14.978
2551,1,0,1,0.500,114610,126539,3.256,4.600,14.978
2592,1,0,1,0.500,114917,127129,3.252,4.600,14.959
2631,1,0,1,0.500,114931,127121,3.252,4.600,14.959
2672,1,0,1,0.500,114653,126471,3.256,4.500,14.652
2712,1,0,1,0.500,114715,126605,3.256,4.500,14.652
2751,1,0,1,0.500,115308,127877,3.256,4.500,14.652
2792,1,0,1,0.500,116003,129441,3.252,4.800,15.610
2831,1,0,1,0.500,116565,130713,3.252,4.800,15.610
2872,1,0,1,0.500,116486,130465,3.252,4.800,15.610
2912,1,0,1,0.500,115442,127974,3.252,4.800,15.610
2951,1,0,1,0.500,114300,125442,3.252,4.800,15.610
2992,1,0,1,0.500,113759,124296,3.256,4.900,15.954
3031,1,0,1,0.500,113322,123398,3.256,4.900,15.954
3072,1,0,1,0.500,113146,123057,3.252,4.800,15.610
3112,1,0,1,0.500,113663,124071,3.252,4.800,15.610
3151,1,0,1,0.500,114486,125805,3.252,4.800,15.610
3192,1,0,1,0.500,115141,127251,3.252,4.800,15.610
3231,1,0,1,0.500,115600,128297,3.252,4.800,15.610
3272,1,0,1,0.500,115863,128890,3.252,4.800,15.610
3312,1,0,1,0.500,115843,128840,3.252,4.800,15.610
3351,1,0,1,0.500,115505,128081,3.252,4.800,15.610
3392,1,0,1,0.500,115048,127111,3.252,4.600,14.959
3431,1,0,1,0.500,114654,126300,3.252,4.600,14.959
3472,1,0,1,0.500,114415,125820,3.252,4.700,15.284
3512,1,0,1,0.500,114650,126357,3.252,4.700,15.284
3551,1,0,1,0.500,114974,127007,3.252,4.700,15.284
3592,1,0,1,0.500,114617,126184,3.252,4.800,15.610
3632,1,0,1,0.500,114052,124916,3.252,4.800,15.610
3672,1,0,1,0.500,113788,124332,3.252,4.600,14.959
3712,1,0,1,0.500,113637,124044,3.252,4.600,14.959
3751,1,0,1,0.500,113634,124080,3.252,4.600,14.959
3792,1,0,1,0.500,113744,124308,3.252,4.600,14.959
3832,1,0,1,0.500,113936,124732,3.252,4.600,14.959
3872,1,0,1,0.500,114068,124988,3.252,4.800,15.610
3912,1,0,1,0.500,114055,124970,3.252,4.800,15.610
3951,1,0,1,0.500,114062,124962,3.252,4.800,15.610
3992,1,0,1,0.500,114252,125328,3.256,4.700,15.303
4032,1,0,1,0.500,114286,125428,3.256,4.700,15.303
4072,1,0,1,0.500,114138,125121,3.256,4.900,15.954
4112,1,0,1,0.500,114055,124943,3.256,4.900,15.954
4151,1,0,1,0.500,114051,124945,3.256,4.900,15.954
4192,1,0,1,0.500,113942,124730,3.252,4.700,15.284
4232,1,0,1,0.500,114076,125031,3.252,4.700,15.284
4272,1,0,1,0.500,114200,125263,3.256,4.600,14.978
4312,1,0,1,0.500,113902,124583,3.256,4.600,14.978
4352,1,0,1,0.500,113620,123927,3.256,4.600,14.978
4392,1,0,1,0.500,113642,123917,3.252,4.600,14.959
4432,1,0,1,0.500,113673,124035,3.252,4.600,14.959
4472,1,0,1,0.500,113510,123729,3.252,4.600,14.959
4512,1,0,1,0.500,113415,123594,3.252,4.600,14.959
4552,1,0,1,0.500,113550,123873,3.252,4.600,14.959
4592,1,0,1,0.500,113692,124165,3.256,4.800,15.629
4632,1,0,1,0.500,113844,124468,3.256,4.800,15.629
4672,1,0,1,0.500,113828,124415,3.256,4.700,15.303
4712,1,0,1,0.500,113755,124281,3.256,4.700,15.303
4752,1,0,1,0.500,113712,124213,3.256,4.700,15.303
4792,1,0,1,0.500,113632,124066,3.256,4.800,15.629
4832,1,0,1,0.500,113702,124211,3.256,4.800,15.629
4872,1,0,1,0.500,113856,124541,3.252,4.800,15.610
4912,1,0,1,0.500,114029,124899,3.252,4.800,15.610
4952,1,0,1,0.500,114337,125551,3.252,4.800,15.610
4992,1,0,1,0.500,114550,126003,3.256,4.500,14.652
5032,1,0,1,0.500,114647,126183,3.256,4.500,14.652
5072,1,0,1,0.500,114075,124912,3.256,4.800,15.629
5112,1,0,1,0.500,113531,123717,3.256,4.800,15.629
5152,1,0,1,0.500,113481,123591,3.256,4.800,15.629
5192,1,0,1,0.500,113505,123680,3.256,4.700,15.303
5232,1,0,1,0.500,113495,123684,3.256,4.700,15.303
5272,1,0,1,0.500,113789,124317,3.256,4.500,14.652
5312,1,0,1,0.500,114108,124988,3.256,4.500,14.652
5352,1,0,1,0.500,114200,125176,3.256,4.500,14.652
5392,1,0,1,0.500,114243,125262,3.256,4.800,15.629
5432,1,0,1,0.500,114136,125045,3.256,4.800,15.629
5472,1,0,1,0.500,113910,124600,3.256,4.900,15.954
5512,1,0,1,0.500,113935,124624,3.256,4.900,15.954
5552,1,0,1,0.500,114221,125246,3.256,4.900,15.954
5592,1,0,1,0.500,114440,125728,3.260,4.800,15.648
5632,1,0,1,0.500,114823,126532,3.260,4.800,15.648
5672,1,0,1,0.500,115043,127042,3.260,4.700,15.322
5712,1,0,1,0.500,115226,127463,3.260,4.700,15.322
5752,1,0,1,0.500,115633,128382,3.260,4.700,15.322
5792,1,0,1,0.500,115955,129164,3.256,4.700,15.303
5832,1,0,1,0.500,115785,128780,3.256,4.700,15.303
5872,1,0,1,0.500,114865,126614,3.256,4.800,15.629
5912,1,0,1,0.500,114038,124751,3.256,4.800,15.629
5952,1,0,1,0.500,113805,124253,3.256,4.800,15.629
5992,1,0,1,0.500,113943,124567,3.256,4.500,14.652
6032,1,0,1,0.500,113972,124637,3.256,4.500,14.652
6072,1,0,1,0.500,113955,124622,3.260,4.600,14.996
6112,1,0,1,0.500,113913,124543,3.260,4.600,14.996
6152,1,0,1,0.500,113445,123611,3.260,4.600,14.996
6192,1,0,1,0.500,112864,122500,3.260,4.500,14.670
6232,1,0,1,0.500,112506,121815,3.260,4.500,14.670
6272,1,0,1,0.500,112430,121697,3.256,4.600,14.978
6312,1,0,1,0.500,112344,121563,3.256,4.600,14.978
6352,1,0,1,0.500,112324,121540,3.256,4.600,14.978
6392,1,0,1,0.500,112704,122248,3.260,4.400,14.344
6432,1,0,1,0.500,113161,123149,3.260,4.400,14.344
6472,1,0,1,0.500,113430,123663,3.260,4.800,15.648
6512,1,0,1,0.500,113593,124007,3.260,4.800,15.648
6552,1,0,1,0.500,113693,124213,3.260,4.800,15.648
6592,1,0,1,0.500,113866,124587,3.256,4.600,14.978
6632,1,0,1,0.500,114061,125018,3.256,4.600,14.978
6672,1,0,1,0.500,113753,124351,3.256,4.900,15.954
6712,1,0,1,0.500,113089,122917,3.256,4.900,15.954
6752,1,0,1,0.500,112837,122327,3.256,4.900,15.954
6792,1,0,1,0.500,112879,122461,3.260,4.700,15.322
6832,1,0,1,0.500,113015,122782,3.260,4.700,15.322
6872,1,0,1,0.500,113181,123139,3.256,4.700,15.303
6912,1,0,1,0.500,113364,123534,3.256,4.700,15.303
6952,1,0,1,0.500,113399,123601,3.256,4.700,15.303
6992,1,0,1,0.500,113318,123410,3.260,4.800,15.648
7032,1,0,1,0.500,113168,123130,3.260,4.800,15.648
7072,1,0,1,0.500,113286,123335,3.256,4.800,15.629
7112,1,0,1,0.500,113401,123598,3.256,4.800,15.629
7152,1,0,1,0.500,113486,123782,3.256,4.800,15.629
7192,1,0,1,0.500,113488,123797,3.260,4.600,14.996
7232,1,0,1,0.500,113348,123563,3.260,4.600,14.996
7272,1,0,1,0.500,113235,123328,3.260,5.000,16.300
7312,1,0,1,0.500,113178,123270,3.260,5.000,16.300
7352,1,0,1,0.500,113096,123135,3.260,5.000,16.300
7392,1,0,1,0.500,113391,123709,3.260,4.700,15.322
7432,1,0,1,0.500,113285,123527,3.260,4.700,15.322
7472,1,0,1,0.500,112434,121768,3.260,4.600,14.996
7512,1,0,1,0.500,112029,120941,3.260,4.600,14.996
7552,1,0,1,0.500,112060,121024,3.260,4.600,14.996
7592,1,0,1,0.500,111947,120842,3.256,4.300,14.001
7632,1,0,1,0.500,111959,120919,3.256,4.300,14.001
7672,1,0,1,0.500,112254,121463,3.260,4.600,14.996
7712,1,0,1,0.500,112524,122033,3.260,4.600,14.996
7752,1,0,1,0.500,112526,122023,3.260,4.600,14.996
7792,1,0,1,0.500,112732,122406,3.264,4.700,15.341
7832,1,0,1,0.500,113071,123071,3.264,4.700,15.341
7872,1,0,1,0.500,113335,123576,3.260,4.800,15.648
7912,1,0,1,0.500,113531,123992,3.260,4.800,15.648
7952,1,0,1,0.500,113702,124346,3.260,4.800,15.648
7992,1,0,1,0.500,113721,124398,3.260,4.800,15.648
8032,1,0,1,0.500,113734,124411,3.260,4.800,15.648
8072,1,0,1,0.500,113510,124004,3.260,4.500,14.670
8112,1,0,1,0.500,113365,123714,3.260,4.500,14.670
8152,1,0,1,0.500,113783,124556,3.260,4.500,14.670
8192,1,0,1,0.500,113966,124930,3.260,4.800,15.648
8232,1,0,1,0.500,113369,123608,3.260,4.800,15.648
8272,1,0,1,0.500,112414,121685,3.260,4.600,14.996
8312,1,0,1,0.500,111745,120390,3.260,4.600,14.996
8352,1,0,1,0.500,111455,119895,3.260,4.600,14.996
8392,1,0,1,0.500,111235,119523,3.260,4.900,15.974
8432,1,0,1,0.500,111238,119569,3.260,4.900,15.974
8472,1,0,1,0.500,111465,119980,3.260,4.700,15.322
8512,1,0,1,0.500,111914,120795,3.260,4.700,15.322
8552,1,0,1,0.500,112094,121148,3.260,4.700,15.322
8592,1,0,1,0.500,112189,121343,3.260,4.900,15.974
8632,1,0,1,0.500,112373,121696,3.260,4.900,15.974
8672,1,0,1,0.500,112435,121844,3.260,5.000,16.300
8712,1,0,1,0.500,112460,121883,3.260,5.000,16.300
8752,1,0,1,0.500,112532,122044,3.260,5.000,16.300
8792,1,0,1,0.500,112559,122112,3.264,4.700,15.341
8832,1,0,1,0.500,112500,122013,3.264,4.700,15.341
8872,1,0,1,0.500,112474,121996,3.260,4.600,14.996
8912,1,0,1,0.500,112791,122587,3.260,4.600,14.996
8952,1,0,1,0.500,113179,123351,3.260,4.600,14.996
8992,1,0,1,0.500,112803,122534,3.260,4.500,14.670
9032,1,0,1,0.500,112106,121074,3.260,4.500,14.670
9072,1,0,1,0.500,111906,120673,3.260,4.600,14.996
9112,1,0,1,0.500,111943,120773,3.260,4.600,14.996
9152,1,0,1,0.500,111944,120828,3.260,4.600,14.996
9192,1,0,1,0.500,112235,121402,3.260,4.800,15.648
9232,1,0,1,0.500,112537,122023,3.260,4.800,15.648
9272,1,0,1,0.500,112678,122257,3.260,4.800,15.648
9312,1,0,1,0.500,112680,122271,3.260,4.800,15.648
9352,1,0,1,0.500,112561,122038,3.260,4.800,15.648
9392,1,0,1,0.500,112602,122114,3.260,4.800,15.648
9432,1,0,1,0.500,112713,122334,3.260,4.800,15.648
9472,1,0,1,0.500,112860,122598,3.260,4.800,15.648
9512,1,0,1,0.500,113008,122933,3.260,4.800,15.648
9552,1,0,1,0.500,113118,123171,3.260,4.800,15.648
9592,1,0,1,0.500,113286,123496,3.260,4.900,15.974
9632,1,0,1,0.500,113459,123863,3.260,4.900,15.974
9672,1,0,1,0.500,113614,124164,3.260,4.900,15.974
9712,1,0,1,0.500,113865,124663,3.260,4.900,15.974
9752,1,0,1,0.500,113741,124388,3.260,4.900,15.974
9792,1,0,1,0.500,112791,122366,3.264,4.800,15.667
9832,1,0,1,0.500,111922,120599,3.264,4.800,15.667
9872,1,0,1,0.500,111815,120368,3.260,4.800,15.648
9912,1,0,1,0.500,111996,120729,3.260,4.800,15.648
9952,1,0,1,0.500,112111,120956,3.260,4.800,15.648
9992,1,0,1,0.500,112401,121547,3.260,4.500,14.670
10032,1,0,1,0.500,112879,122472,3.260,4.500,14.670
10072,1,0,1,0.500,113124,122943,3.260,4.900,15.974
10112,1,0,1,0.500,112996,122655,3.260,4.900,15.974
10152,1,0,1,0.500,112870,122396,3.260,4.900,15.974
10192,1,0,1,0.500,112868,122417,3.256,4.900,15.954
10232,1,0,1,0.500,113066,122802,3.256,4.900,15.954
10272,1,0,1,0.500,113203,123117,3.264,4.700,15.341
10312,1,0,1,0.500,113375,123451,3.264,4.700,15.341
10352,1,0,1,0.500,113524,123750,3.264,4.700,15.341
10392,1,0,1,0.500,113555,123830,3.260,4.600,14.996
10432,1,0,1,0.500,113657,124026,3.260,4.600,14.996
10472,1,0,1,0.500,113942,124647,3.260,4.800,15.648
10512,1,0,1,0.500,113967,124667,3.260,4.800,15.648
10552,1,0,1,0.500,113099,122832,3.260,4.800,15.648
10592,1,0,1,0.500,112265,121099,3.260,5.000,16.300
10632,1,0,1,0.500,112131,120806,3.260,5.000,16.300
10672,1,0,1,0.500,112180,120975,3.264,4.800,15.667
10712,1,0,1,0.500,112170,120974,3.264,4.800,15.667
10752,1,0,1,0.500,112393,121455,3.264,4.800,15.667
10792,1,0,1,0.500,112628,121946,3.260,4.800,15.648
10832,1,0,1,0.500,112684,122045,3.260,4.800,15.648
10872,1,0,1,0.500,112803,122260,3.260,4.800,15.648
10912,1,0,1,0.500,112914,122495,3.260,4.800,15.648
10952,1,0,1,0.500,113064,122811,3.260,4.800,15.648
10992,1,0,1,0.500,113202,123110,3.260,4.700,15.322
11032,1,0,1,0.500,113163,123050,3.260,4.700,15.322
11072,1,0,1,0.500,112977,122686,3.260,5.000,16.300
11112,1,0,1,0.500,112743,122283,3.260,5.000,16.300
11152,1,0,1,0.500,112399,121671,3.260,5.000,16.300
11192,1,0,1,0.500,112323,121500,3.260,4.800,15.648
11232,1,0,1,0.500,112787,122407,3.260,4.800,15.648
11272,1,0,1,0.500,112834,122467,3.260,5.100,16.626
11312,1,0,1,0.500,112065,120915,3.260,5.100,16.626
11352,1,0,1,0.500,111643,120065,3.260,5.100,16.626
11392,1,0,1,0.500,111672,120139,3.260,4.600,14.996
11432,1,0,1,0.500,111620,120086,3.260,4.600,14.996
11472,1,0,1,0.500,111594,120082,3.264,4.900,15.994
11512,1,0,1,0.500,111875,120640,3.264,4.900,15.994
11552,1,0,1,0.500,112125,121129,3.264,4.900,15.994
11592,1,0,1,0.500,112144,121149,3.264,4.800,15.667
11632,1,0,1,0.500,112209,121278,3.264,4.800,15.667
11672,1,0,1,0.500,112327,121496,3.264,4.700,15.341
11712,1,0,1,0.500,112327,121500,3.264,4.700,15.341
11752,1,0,1,0.500,112509,121874,3.264,4.700,15.341
11792,1,0,1,0.500,112723,122283,3.264,4.800,15.667
11832,1,0,1,0.500,112727,122327,3.264,4.800,15.667
11872,1,0,1,0.500,112810,122489,3.264,4.700,15.341
11912,1,0,1,0.500,112845,122557,3.264,4.700,15.341
11952,1,0,1,0.500,112517,121993,3.264,4.700,15.341
11992,1,0,1,0.500,112363,121701,3.260,4.600,14.996
12032,1,0,1,0.500,112519,122003,3.260,4.600,14.996
12072,1,0,1,0.500,112167,121271,3.264,4.600,15.014
12112,1,0,1,0.500,111502,119917,3.264,4.600,15.014
12152,1,0,1,0.500,111431,119733,3.264,4.600,15.014
12192,1,0,1,0.500,111617,120117,3.260,4.700,15.322
12232,1,0,1,0.500,111861,120604,3.260,4.700,15.322
12272,1,0,1,0.500,112118,121164,3.264,4.800,15.667
12312,1,0,1,0.500,112380,121693,3.264,4.800,15.667
12352,1,0,1,0.500,112665,122223,3.264,4.800,15.667
12392,1,0,1,0.500,112616,122121,3.264,4.900,15.994
12432,1,0,1,0.500,112434,121766,3.264,4.900,15.994
12472,1,0,1,0.500,112440,121768,3.264,4.600,15.014
12512,1,0,1,0.500,112479,121838,3.264,4.600,15.014
12552,1,0,1,0.500,112608,122111,3.264,4.600,15.014
12592,1,0,1,0.500,112783,122486,3.260,4.700,15.322
12632,1,0,1,0.500,113019,122968,3.260,4.700,15.322
12672,1,0,1,0.500,113192,123324,3.260,4.900,15.974
12712,1,0,1,0.500,113403,123787,3.260,4.900,15.974
12752,1,0,1,0.500,113503,124011,3.260,4.900,15.974
12792,1,0,1,0.500,113736,124469,3.264,4.500,14.688
12832,1,0,1,0.500,114028,125074,3.264,4.500,14.688
12872,1,0,1,0.500,114187,125394,3.264,4.900,15.994
12912,1,0,1,0.500,113474,123869,3.264,4.900,15.994
12952,1,0,1,0.500,112425,121697,3.264,4.900,15.994
12992,1,0,1,0.500,112063,120980,3.264,4.700,15.341
13032,1,0,1,0.500,112133,121145,3.264,4.700,15.341
13072,1,0,1,0.500,112137,121194,3.260,4.900,15.974
13112,1,0,1,0.500,112301,121569,3.260,4.900,15.974
13152,1,0,1,0.500,112574,122125,3.260,4.900,15.974
13192,1,0,1,0.500,112814,122609,3.264,4.500,14.688
13232,1,0,1,0.500,112795,122574,3.264,4.500,14.688
13272,1,0,1,0.500,112588,122155,3.264,4.700,15.341
13312,1,0,1,0.500,112341,121704,3.264,4.700,15.341
13352,1,0,1,0.500,111985,121061,3.264,4.700,15.341
13392,1,0,1,0.500,111758,120639,3.264,4.700,15.341
13432,1,0,1,0.500,111618,120457,3.264,4.700,15.341
13472,1,0,1,0.500,111671,120509,3.264,4.700,15.341
13512,1,0,1,0.500,111879,120929,3.264,4.700,15.341
13552,1,0,1,0.500,112131,121420,3.264,4.700,15.341
13592,1,0,1,0.500,112622,122386,3.264,5.000,16.320
13632,1,0,1,0.500,113007,123189,3.264,5.000,16.320
13672,1,0,1,0.500,113323,123806,3.264,4.800,15.667
13712,1,0,1,0.500,113554,124311,3.264,4.800,15.667
13752,1,0,1,0.500,113662,124521,3.264,4.800,15.667
13792,1,0,1,0.500,113061,123291,3.264,4.600,15.014
13832,1,0,1,0.500,112159,121441,3.264,4.600,15.014
13872,1,0,1,0.500,111762,120635,3.264,4.700,15.341
13912,1,0,1,0.500,111652,120457,3.264,4.700,15.341
13952,1,0,1,0.500,111568,120334,3.264,4.700,15.341
13992,1,0,1,0.500,111487,120225,3.264,4.700,15.341
14032,1,0,1,0.500,111755,120751,3.264,4.700,15.341
14072,1,0,1,0.500,112112,121446,3.264,4.700,15.341
14112,1,0,1,0.500,112314,121811,3.264,4.700,15.341
14152,1,0,1,0.500,112466,122075,3.264,4.700,15.341
14192,1,0,1,0.500,112638,122413,3.260,4.800,15.648
14232,1,0,1,0.500,112705,122484,3.260,4.800,15.648
14272,1,0,1,0.500,112644,122392,3.260,4.700,15.322
14312,1,0,1,0.500,112481,122068,3.260,4.700,15.322
14352,1,0,1,0.500,112317,121755,3.260,4.700,15.322
14392,1,0,1,0.500,112210,121574,3.264,4.600,15.014
14432,1,0,1,0.500,112246,121646,3.264,4.600,15.014
14472,1,0,1,0.500,112306,121797,3.264,4.600,15.014
14512,1,0,1,0.500,112404,121999,3.264,4.600,15.014
14552,1,0,1,0.500,112636,122441,3.264,4.600,15.014
14592,1,0,1,0.500,112715,122583,3.264,4.600,15.014
14632,1,0,1,0.500,112850,122842,3.264,4.600,15.014
14672,1,0,1,0.500,113104,123366,3.264,4.800,15.667
14712,1,0,1,0.500,112786,122709,3.264,4.800,15.667
14752,1,0,1,0.500,111928,120992,3.264,4.800,15.667
14792,1,0,1,0.500,111667,120402,3.264,4.900,15.994
14832,1,0,1,0.500,111883,120833,3.264,4.900,15.994
14872,1,0,1,0.500,112042,121161,3.264,4.600,15.014
14912,1,0,1,0.500,112279,121621,3.264,4.600,15.014
14952,1,0,1,0.500,112768,122567,3.264,4.600,15.014
14992,1,0,1,0.500,113166,123364,3.260,4.900,15.974
15032,1,0,1,0.500,113198,123418,3.260,4.900,15.974
15072,1,0,1,0.500,113218,123471,3.264,4.700,15.341
15112,1,0,1,0.500,113253,123518,3.264,4.700,15.341
15152,1,0,1,0.500,113264,123574,3.264,4.700,15.341
15192,1,0,1,0.500,113458,123970,3.260,4.800,15.648
15232,1,0,1,0.500,113547,124193,3.260,4.800,15.648
15273,1,0,1,0.500,113419,123926,3.264,4.600,15.014
15312,1,0,1,0.500,113176,123459,3.264,4.600,15.014
15352,1,0,1,0.500,112957,123088,3.264,4.600,15.014
15392,1,0,1,0.500,112768,122736,3.264,4.600,15.014
15432,1,0,1,0.500,112834,122904,3.264,4.600,15.014
15473,1,0,1,0.500,112985,123233,3.264,4.800,15.667
15512,1,0,1,0.500,113202,123681,3.264,4.800,15.667
15552,1,0,1,0.500,113232,123750,3.264,4.800,15.667
15592,1,0,1,0.500,112518,122315,3.264,4.800,15.667
15632,1,0,1,0.500,111888,121070,3.264,4.800,15.667
15673,1,0,1,0.500,111852,121001,3.260,4.900,15.974
15712,1,0,1,0.500,111892,121117,3.260,4.900,15.974
15752,1,0,1,0.500,111831,121060,3.260,4.900,15.974
15793,1,0,1,0.500,112144,121671,3.260,4.800,15.648
15832,1,0,1,0.500,112441,122257,3.260,4.800,15.648
15873,1,0,1,0.500,112487,122359,3.264,4.900,15.994
15912,1,0,1,0.500,112578,122507,3.264,4.900,15.994
15952,1,0,1,0.500,112738,122822,3.264,4.900,15.994
15993,1,0,1,0.500,112838,123027,3.264,4.800,15.667
16032,1,0,1,0.500,112898,123137,3.264,4.800,15.667
16073,1,0,1,0.500,112927,123213,3.264,4.700,15.341
16113,1,0,1,0.500,112666,122731,3.264,4.700,15.341
16152,1,0,1,0.500,112510,122429,3.264,4.700,15.341
16193,1,0,1,0.500,112643,122706,3.264,5.000,16.320
16232,1,0,1,0.500,112764,122949,3.264,5.000,16.320
16273,1,0,1,0.500,112942,123295,3.264,4.800,15.667
16313,1,0,1,0.500,113185,123798,3.264,4.800,15.667
16352,1,0,1,0.500,113505,124412,3.264,4.800,15.667
16393,1,0,1,0.500,113925,125272,3.260,4.700,15.322
16433,1,0,1,0.500,113880,125161,3.260,4.700,15.322
16473,1,0,1,0.500,113178,123651,3.260,4.700,15.322
16513,1,0,1,0.500,112744,122740,3.260,4.700,15.322
16552,1,0,1,0.500,112814,122888,3.260,4.700,15.322
16593,1,0,1,0.500,112871,123044,3.264,4.700,15.341
16633,1,0,1,0.500,112983,123272,3.264,4.700,15.341
16673,1,0,1,0.500,113180,123668,3.264,4.900,15.994
16713,1,0,1,0.500,113391,124121,3.264,4.900,15.994
16753,1,0,1,0.500,113582,124488,3.264,4.900,15.994
16793,1,0,1,0.500,113718,124783,3.264,4.800,15.667
16833,1,0,1,0.500,113792,124960,3.264,4.800,15.667
16873,1,0,1,0.500,113869,125112,3.260,4.900,15.974
16913,1,0,1,0.500,113956,125329,3.260,4.900,15.974
16953,1,0,1,0.500,113935,125282,3.260,4.900,15.974
16993,1,0,1,0.500,113876,125183,3.264,4.600,15.014
17033,1,0,1,0.500,113986,125407,3.264,4.600,15.014
17073,1,0,1,0.500,114203,125880,3.264,5.000,16.320
17113,1,0,1,0.500,114403,126337,3.264,5.000,16.320
17153,1,0,1,0.500,114489,126521,3.264,5.000,16.320
17193,1,0,1,0.500,114777,127140,3.264,4.600,15.014
17233,1,0,1,0.500,115010,127632,3.264,4.600,15.014
17273,1,0,1,0.500,115016,127666,3.264,4.800,15.667
17313,1,0,1,0.500,114491,126496,3.264,4.800,15.667
17353,1,0,1,0.500,113350,124072,3.264,4.800,15.667
17393,1,0,1,0.500,112609,122611,3.264,4.500,14.688
17433,1,0,1,0.500,112529,122435,3.264,4.500,14.688
17473,1,0,1,0.500,112795,123032,3.260,4.700,15.322
17513,1,0,1,0.500,113408,124271,3.260,4.700,15.322
17553,1,0,1,0.500,113958,125412,3.260,4.700,15.322
17593,1,0,1,0.500,114222,126005,3.264,4.800,15.667
17633,1,0,1,0.500,114488,126536,3.264,4.800,15.667
17673,1,0,1,0.500,114384,126295,3.260,4.900,15.974
17713,1,0,1,0.500,114168,125850,3.260,4.900,15.974
17753,1,0,1,0.500,114393,126321,3.260,4.900,15.974
17793,1,0,1,0.500,114415,126357,3.264,4.800,15.667
17833,1,0,1,0.500,114202,125915,3.264,4.800,15.667
17873,1,0,1,0.500,114085,125681,3.260,4.800,15.648
17913,1,0,1,0.500,114031,125598,3.260,4.800,15.648
17953,1,0,1,0.500,114046,125639,3.260,4.800,15.648
17993,1,0,1,0.500,114243,126072,3.264,4.900,15.994
18033,1,0,1,0.500,114510,126651,3.264,4.900,15.994
18073,1,0,1,0.500,114777,127231,3.264,4.700,15.341
18113,1,0,1,0.500,114995,127704,3.264,4.700,15.341
18153,1,0,1,0.500,115036,127803,3.264,4.700,15.341
18193,1,0,1,0.500,114891,127476,3.264,5.100,16.646
18233,1,0,1,0.500,114119,125801,3.264,5.100,16.646
18273,1,0,1,0.500,113451,124419,3.264,4.700,15.341
18313,1,0,1,0.500,113385,124279,3.264,4.700,15.341
18353,1,0,1,0.500,113416,124387,3.264,4.700,15.341
18393,1,0,1,0.500,113316,124236,3.264,4.800,15.667
18433,1,0,1,0.500,113503,124612,3.264,4.800,15.667
18473,1,0,1,0.500,113823,125291,3.264,4.700,15.341
18513,1,0,1,0.500,114022,125698,3.264,4.700,15.341
18553,1,0,1,0.500,113888,125419,3.264,4.700,15.341
18593,1,0,1,0.500,113835,125329,3.264,4.800,15.667
18633,1,0,1,0.500,114102,125897,3.264,4.800,15.667
18673,1,0,1,0.500,114574,126907,3.260,4.700,15.322
18713,1,0,1,0.500,115043,127934,3.260,4.700,15.322
18753,1,0,1,0.500,115231,128356,3.260,4.700,15.322
18793,1,0,1,0.500,115234,128355,3.260,4.900,15.974
18833,1,0,1,0.500,115225,128401,3.260,4.900,15.974
18873,1,0,1,0.500,115280,128502,3.264,4.800,15.667
18913,1,0,1,0.500,115394,128751,3.264,4.800,15.667
18953,1,0,1,0.500,115542,129037,3.264,4.800,15.667
18993,1,0,1,0.500,115617,129185,3.264,4.800,15.667
19033,1,0,1,0.500,115654,129253,3.264,4.800,15.667
19073,1,0,1,0.500,115390,128658,3.264,4.900,15.994
19113,1,0,1,0.500,114428,126541,3.264,4.900,15.994
19153,1,0,1,0.500,113662,124892,3.264,4.900,15.994
19193,1,0,1,0.500,113530,124606,3.264,4.600,15.014
19233,1,0,1,0.500,113534,124647,3.264,4.600,15.014
19273,1,0,1,0.500,113624,124862,3.264,4.500,14.688
19313,1,0,1,0.500,114069,125760,3.264,4.500,14.688
19353,1,0,1,0.500,114642,126968,3.264,4.500,14.688
19393,1,0,1,0.500,114928,127618,3.260,4.700,15.322
19433,1,0,1,0.500,114912,127576,3.260,4.700,15.322
19473,1,0,1,0.500,114668,127037,3.264,4.900,15.994
19513,1,0,1,0.500,114414,126492,3.264,4.900,15.994
19553,1,0,1,0.500,114301,126241,3.264,4.900,15.994
19593,1,0,1,0.500,114231,126106,3.264,4.900,15.994
19633,1,0,1,0.500,114243,126121,3.264,4.900,15.994
19673,1,0,1,0.500,114291,126242,3.264,4.700,15.341
19713,1,0,1,0.500,114400,126475,3.264,4.700,15.341
19753,1,0,1,0.500,114625,126962,3.264,4.700,15.341
19793,1,0,1,0.500,114937,127681,3.264,4.800,15.667
19833,1,0,1,0.500,115196,128284,3.264,4.800,15.667
19873,1,0,1,0.500,115530,129073,3.264,5.000,16.320
19913,1,0,1,0.500,115555,129168,3.264,5.000,16.320
19953,1,0,1,0.500,114771,127355,3.264,5.000,16.320
19993,1,0,1,0.500,113835,125275,3.264,4.800,15.667
20033,1,0,1,0.500,113377,124264,3.264,4.800,15.667
20073,1,0,1,0.500,113193,123931,3.264,4.700,15.341
20113,1,0,1,0.500,113240,124055,3.264,4.700,15.341
20153,1,0,1,0.500,113583,124749,3.264,4.700,15.341
20193,1,0,1,0.500,114023,125694,3.264,4.700,15.341
20233,1,0,1,0.500,114226,126157,3.264,4.700,15.341
20273,1,0,1,0.500,114193,126067,3.264,4.700,15.341
20313,1,0,1,0.500,114042,125770,3.264,4.700,15.341
20353,1,0,1,0.500,114090,125866,3.264,4.700,15.341
20393,1,0,1,0.500,114345,126418,3.264,4.700,15.341
20433,1,0,1,0.500,114520,126847,3.264,4.700,15.341
20473,1,0,1,0.500,114570,126952,3.264,4.800,15.667
20513,1,0,1,0.500,114561,126981,3.264,4.800,15.667
20553,1,0,1,0.500,114510,126901,3.264,4.800,15.667
20593,1,0,1,0.500,114547,126976,3.264,4.600,15.014
20633,1,0,1,0.500,114791,127507,3.264,4.600,15.014
20673,1,0,1,0.500,114876,127730,3.264,4.800,15.667
20713,1,0,1,0.500,114241,126362,3.264,4.800,15.667
20753,1,0,1,0.500,113483,124747,3.264,4.800,15.667
20793,1,0,1,0.500,113133,124015,3.264,4.700,15.341
20833,1,0,1,0.500,112962,123667,3.264,4.700,15.341
20873,1,0,1,0.500,112814,123428,3.264,4.700,15.341
20913,1,0,1,0.500,112929,123688,3.264,4.700,15.341
20953,1,0,1,0.500,113273,124381,3.264,4.700,15.341
20993,1,0,1,0.500,113664,125213,3.268,4.800,15.686
21033,1,0,1,0.500,113919,125714,3.268,4.800,15.686
21073,1,0,1,0.500,114026,125933,3.264,4.900,15.994
21113,1,0,1,0.500,114388,126702,3.264,4.900,15.994
21153,1,0,1,0.500,114463,126860,3.264,4.900,15.994
21193,1,0,1,0.500,114328,126577,3.264,5.000,16.320
21233,1,0,1,0.500,114111,126119,3.264,5.000,16.320
21273,1,0,1,0.500,113998,125906,3.264,4.700,15.341
21313,1,0,1,0.500,114057,126016,3.264,4.700,15.341
21353,1,0,1,0.500,114211,126351,3.264,4.700,15.341
21393,1,0,1,0.500,114556,127076,3.264,4.900,15.994
21433,1,0,1,0.500,114256,126413,3.264,4.900,15.994
21473,1,0,1,0.500,113493,124757,3.264,4.900,15.994
21513,1,0,1,0.500,113279,124286,3.264,4.900,15.994
21553,1,0,1,0.500,113384,124534,3.264,4.900,15.994
21593,1,0,1,0.500,113527,124837,3.264,5.200,16.973
21633,1,0,1,0.500,113755,125348,3.264,5.200,16.973
21673,1,0,1,0.500,113992,125816,3.260,4.800,15.648
21713,1,0,1,0.500,114108,126075,3.260,4.800,15.648
21753,1,0,1,0.500,114117,126075,3.260,4.800,15.648
21793,1,0,1,0.500,114021,125863,3.264,4.700,15.341
21833,1,0,1,0.500,114073,126007,3.264,4.700,15.341
21873,1,0,1,0.500,114192,126240,3.264,4.900,15.994
21913,1,0,1,0.500,114170,126204,3.264,4.900,15.994
21953,1,0,1,0.500,113887,125619,3.264,4.900,15.994
21993,1,0,1,0.500,113861,125579,3.264,5.100,16.646
22033,1,0,1,0.500,114048,125989,3.264,5.100,16.646
22073,1,0,1,0.500,114250,126413,3.264,4.900,15.994
22113,1,0,1,0.500,114521,126956,3.264,4.900,15.994
22153,1,0,1,0.500,114068,125985,3.264,4.900,15.994
22193,1,0,1,0.500,113365,124476,3.264,4.800,15.667
22233,1,0,1,0.500,113102,123898,3.264,4.800,15.667
22273,1,0,1,0.500,113081,123871,3.264,4.700,15.341
22313,1,0,1,0.500,113037,123801,3.264,4.700,15.341
22353,1,0,1,0.500,113096,123941,3.264,4.700,15.341
22393,1,0,1,0.500,113340,124461,3.260,4.900,15.974
22433,1,0,1,0.500,113560,124887,3.260,4.900,15.974
22473,1,0,1,0.500,113646,125061,3.260,4.700,15.322
22513,1,0,1,0.500,113808,125393,3.260,4.700,15.322
22553,1,0,1,0.500,114120,126052,3.260,4.700,15.322
22593,1,0,1,0.500,114284,126405,3.264,4.800,15.667
22633,1,0,1,0.500,114409,126676,3.264,4.800,15.667
22673,1,0,1,0.500,114545,126937,3.260,4.900,15.974
22713,1,0,1,0.500,114528,126934,3.260,4.900,15.974
22753,1,0,1,0.500,114668,127228,3.260,4.900,15.974
22793,1,0,1,0.500,114860,127634,3.264,4.900,15.994
22833,1,0,1,0.500,115244,128475,3.264,4.900,15.994
22874,1,0,1,0.500,115591,129248,3.264,4.800,15.667
22913,1,0,1,0.500,115195,128303,3.264,4.800,15.667
22953,1,0,1,0.500,114766,127324,3.264,4.800,15.667
22993,1,0,1,0.500,114867,127505,3.264,4.800,15.667
23033,1,0,1,0.500,115059,127944,3.264,4.800,15.667
23074,1,0,1,0.500,115045,127960,3.260,4.900,15.974
23113,1,0,1,0.500,115155,128213,3.260,4.900,15.974
23153,1,0,1,0.500,115222,128348,3.260,4.900,15.974
23194,1,0,1,0.500,114981,127805,3.264,4.800,15.667
23233,1,0,1,0.500,114737,127269,3.264,4.800,15.667
23274,1,0,1,0.500,114937,127752,3.264,4.800,15.667
23314,1,0,1,0.500,115426,128894,3.264,4.800,15.667
23353,1,0,1,0.500,115854,129939,3.264,4.800,15.667
23394,1,0,1,0.500,115891,130050,3.264,4.900,15.994
23433,1,0,1,0.500,115957,130216,3.264,4.900,15.994
23474,1,0,1,0.500,116114,130642,3.260,5.000,16.300
23514,1,0,1,0.500,116363,131278,3.260,5.000,16.300
23553,1,0,1,0.500,116708,132142,3.260,5.000,16.300
23594,1,0,1,0.500,116756,132322,3.264,5.000,16.320
23634,1,0,1,0.500,116468,131609,3.264,5.000,16.320
23674,1,0,1,0.500,115669,129737,3.264,4.900,15.994
23714,1,0,1,0.500,115017,128200,3.264,4.900,15.994
23753,1,0,1,0.500,114881,127829,3.264,4.900,15.994
23794,1,0,1,0.500,114813,127637,3.260,4.900,15.974
23834,1,0,1,0.500,114872,127758,3.260,4.900,15.974
23874,1,0,1,0.500,115105,128282,3.264,4.900,15.994
23914,1,0,1,0.500,115200,128499,3.264,4.900,15.994
23954,1,0,1,0.500,115123,128337,3.264,4.900,15.994
23994,1,0,1,0.500,115212,128502,3.264,4.600,15.014
24034,1,0,1,0.500,115275,128681,3.264,4.600,15.014
24074,1,0,1,0.500,115266,128655,3.264,5.100,16.646
24114,1,0,1,0.500,115184,128499,3.264,5.100,16.646
24154,1,0,1,0.500,115011,128107,3.264,5.100,16.646
24194,1,0,1,0.500,114832,127728,3.264,4.700,15.341
24234,1,0,1,0.500,114659,127397,3.264,4.700,15.341
24274,1,0,1,0.500,114695,127477,3.264,5.200,16.973
24314,1,0,1,0.500,115012,128182,3.264,5.200,16.973
24354,1,0,1,0.500,115432,129107,3.264,5.200,16.973
24394,1,0,1,0.500,115168,128505,3.264,4.800,15.667
24434,1,0,1,0.500,114337,126685,3.264,4.800,15.667
24474,1,0,1,0.500,113675,125291,3.264,4.900,15.994
24514,1,0,1,0.500,113241,124410,3.264,4.900,15.994
24554,1,0,1,0.500,113032,124023,3.264,4.900,15.994
24594,1,0,1,0.500,113023,124067,3.260,4.700,15.322
24634,1,0,1,0.500,113319,124660,3.260,4.700,15.322
24674,1,0,1,0.500,113759,125577,3.260,4.900,15.974
24714,1,0,1,0.500,114121,126323,3.260,4.900,15.974
24754,1,0,1,0.500,114421,126977,3.260,4.900,15.974
24794,1,0,1,0.500,114566,127318,3.264,4.900,15.994
24834,1,0,1,0.500,114679,127538,3.264,4.900,15.994
24874,1,0,1,0.500,114786,127784,3.264,4.900,15.994
24914,1,0,1,0.500,114743,127691,3.264,4.900,15.994
24954,1,0,1,0.500,114665,127540,3.264,4.900,15.994
24994,1,0,1,0.500,114709,127657,3.264,4.900,15.994
25034,1,0,1,0.500,114761,127772,3.264,4.900,15.994
25074,1,0,1,0.500,114871,128027,3.268,5.000,16.340
25114,1,0,1,0.500,115080,128521,3.268,5.000,16.340
25154,1,0,1,0.500,115495,129441,3.268,5.000,16.340
25194,1,0,1,0.500,115785,130099,3.264,4.800,15.667
25234,1,0,1,0.500,115333,129106,3.264,4.800,15.667
25274,1,0,1,0.500,114468,127137,3.264,5.200,16.973
25314,1,0,1,0.500,113805,125761,3.264,5.200,16.973
25354,1,0,1,0.500,113828,125840,3.264,5.200,16.973
25394,1,0,1,0.500,113950,126103,3.264,5.100,16.646
25434,1,0,1,0.500,114033,126334,3.264,5.100,16.646
25474,1,0,1,0.500,114565,127470,3.264,5.000,16.320
25514,1,0,1,0.500,115053,128517,3.264,5.000,16.320
25554,1,0,1,0.500,114831,128038,3.264,5.000,16.320
25594,1,0,1,0.500,114687,127696,3.264,4.700,15.341
25634,1,0,1,0.500,115036,128461,3.264,4.700,15.341
25674,1,0,1,0.500,115175,128772,3.268,4.700,15.360
25714,1,0,1,0.500,115202,128828,3.268,4.700,15.360
25754,1,0,1,0.500,115331,129152,3.268,4.700,15.360
25794,1,0,1,0.500,115287,129059,3.260,5.000,16.300
25834,1,0,1,0.500,115044,128526,3.260,5.000,16.300
25874,1,0,1,0.500,114960,128357,3.264,4.900,15.994
25914,1,0,1,0.500,115064,128595,3.264,4.900,15.994
25954,1,0,1,0.500,115238,128989,3.264,4.900,15.994
25994,1,0,1,0.500,115430,129433,3.260,4.900,15.974
26034,1,0,1,0.500,115657,129955,3.260,4.900,15.974
26074,1,0,1,0.500,116046,130789,3.264,5.000,16.320
26114,1,0,1,0.500,116242,131280,3.264,5.000,16.320
26154,1,0,1,0.500,115904,130472,3.264,5.000,16.320
26194,1,0,1,0.500,115309,129099,3.264,4.900,15.994
26234,1,0,1,0.500,114993,128406,3.264,4.900,15.994
26274,1,0,1,0.500,115067,128555,3.264,5.200,16.973
26314,1,0,1,0.500,115280,129084,3.264,5.200,16.973
26354,1,0,1,0.500,115401,129374,3.264,5.200,16.973
26394,1,0,1,0.500,115518,129662,3.264,5.000,16.320
26434,1,0,1,0.500,115744,130181,3.264,5.000,16.320
26474,1,0,1,0.500,115761,130267,3.260,5.000,16.300
26514,1,0,1,0.500,115831,130420,3.260,5.000,16.300
26554,1,0,1,0.500,116191,131248,3.260,5.000,16.300
26594,1,0,1,0.500,116495,131974,3.264,4.800,15.667
26634,1,0,1,0.500,116744,132532,3.264,4.800,15.667
26674,1,0,1,0.500,116990,133128,3.264,4.800,15.667
26714,1,0,1,0.500,117098,133380,3.264,4.800,15.667
26754,1,0,1,0.500,117116,133420,3.264,4.800,15.667
26794,1,0,1,0.500,117157,133563,3.264,5.100,16.646
26834,1,0,1,0.500,117227,133722,3.264,5.100,16.646
26874,1,0,1,0.500,117316,133922,3.264,4.800,15.667
26914,1,0,1,0.500,117400,134145,3.264,4.800,15.667
26954,1,0,1,0.500,117353,134013,3.264,4.800,15.667
26994,1,0,1,0.500,117304,133879,3.256,5.200,16.931
27034,1,0,1,0.500,117265,133771,3.256,5.200,16.931
27074,1,0,1,0.500,117337,133919,3.264,4.900,15.994
27114,1,0,1,0.500,117170,133527,3.264,4.900,15.994
27154,1,0,1,0.500,116356,131552,3.264,4.900,15.994
27194,1,0,1,0.500,115732,130033,3.252,5.000,16.260
27234,1,0,1,0.500,115691,129928,3.252,5.000,16.260
27274,1,0,1,0.500,115742,130051,3.264,4.800,15.667
27314,1,0,1,0.500,115772,130146,3.264,4.800,15.667
27354,1,0,1,0.500,116243,131261,3.264,4.800,15.667
27394,1,0,1,0.500,116608,132152,3.260,5.300,17.278
27434,1,0,1,0.500,116784,132626,3.260,5.300,17.278
27474,1,0,1,0.500,117006,133190,3.264,4.800,15.667
27514,1,0,1,0.500,117144,133556,3.264,4.800,15.667
27554,1,0,1,0.500,117263,133841,3.264,4.800,15.667
27594,1,0,1,0.500,117245,133830,3.264,5.100,16.646
27634,1,0,1,0.500,117004,133211,3.264,5.100,16.646
27674,1,0,1,0.500,116630,132307,3.264,4.800,15.667
27714,1,0,1,0.500,116184,131186,3.264,4.800,15.667
27754,1,0,1,0.500,115668,129962,3.264,4.800,15.667
27794,1,0,1,0.500,115494,129568,3.268,5.000,16.340
27834,1,0,1,0.500,115627,129853,3.268,5.000,16.340
27874,1,0,1,0.500,115683,129987,3.264,5.000,16.320
27914,1,0,1,0.500,115761,130142,3.264,5.000,16.320
27954,1,0,1,0.500,115931,130541,3.264,5.000,16.320
27994,1,0,1,0.500,116153,131069,3.264,5.200,16.973
28034,1,0,1,0.500,115805,130282,3.264,5.200,16.973
28074,1,0,1,0.500,114942,128282,3.264,5.200,16.973
28114,1,0,1,0.500,114357,126989,3.264,5.200,16.973
28154,1,0,1,0.500,113913,126086,3.264,5.200,16.973
28194,1,0,1,0.500,113644,125559,3.264,5.400,17.626
28234,1,0,1,0.500,113727,125795,3.264,5.400,17.626
28274,1,0,1,0.500,114003,126378,3.264,4.900,15.994
28314,1,0,1,0.500,114341,127107,3.264,4.900,15.994
28354,1,0,1,0.500,114313,127086,3.264,4.900,15.994
28394,1,0,1,0.500,114144,126712,3.264,5.200,16.973
28434,1,0,1,0.500,114203,126860,3.264,5.200,16.973
28474,1,0,1,0.500,114282,127066,3.260,4.900,15.974
28514,1,0,1,0.500,114369,127271,3.260,4.900,15.974
28554,1,0,1,0.500,114175,126863,3.260,4.900,15.974
28594,1,0,1,0.500,114067,126660,3.264,5.500,17.952
28634,1,0,1,0.500,114231,127026,3.264,5.500,17.952
28674,1,0,1,0.500,114369,127341,3.256,5.000,16.280
28714,1,0,1,0.500,114547,127728,3.256,5.000,16.280
28754,1,0,1,0.500,114837,128356,3.256,5.000,16.280
28794,1,0,1,0.500,114994,128719,3.264,7.700,25.133
28834,1,0,1,0.500,114935,128606,3.264,7.700,25.133
28874,1,0,1,0.500,115020,128815,3.252,5.000,16.260
28914,1,0,1,0.500,114552,127765,3.252,5.000,16.260
28954,1,0,1,0.500,113595,125704,3.252,5.000,16.260
28994,1,0,1,0.500,113411,125339,3.264,9.200,30.029
29034,1,0,1,0.500,113731,126002,3.264,9.200,30.029
29074,1,0,1,0.500,113771,126100,3.244,5.200,16.869
29114,1,0,1,0.500,113930,126449,3.244,5.200,16.869
29154,1,0,1,0.500,114370,127405,3.244,5.200,16.869
29194,1,0,1,0.500,114614,127872,3.264,10.900,35.578
29234,1,0,1,0.500,114691,128062,3.264,10.900,35.578
29274,1,0,1,0.500,115106,128910,3.240,4.800,15.552
29314,1,0,1,0.500,115533,129870,3.240,4.800,15.552
29354,1,0,1,0.500,115774,130452,3.240,4.800,15.552
29394,1,0,1,0.500,115816,130529,3.264,5.000,16.320
29434,1,0,1,0.500,115651,130162,3.264,5.000,16.320
29475,1,0,1,0.500,115412,129632,3.236,5.400,17.474
29514,1,0,1,0.500,115307,129434,3.236,5.400,17.474
29554,1,0,1,0.500,115251,129320,3.236,5.400,17.474
29595,1,0,1,0.500,115315,129475,3.264,4.800,15.667
29634,1,0,1,0.500,115612,130150,3.264,4.800,15.667
29675,1,0,1,0.500,115929,130876,3.228,5.200,16.786
29715,1,0,1,0.500,116217,131495,3.228,5.200,16.786
29754,1,0,1,0.500,116107,131226,3.228,5.200,16.786
29795,1,0,1,0.500,115248,129274,3.264,5.100,16.646
29834,1,0,1,0.500,114414,127381,3.264,5.100,16.646
29875,1,0,1,0.500,113937,126391,3.224,5.100,16.442
29915,1,0,1,0.500,113858,126237,3.224,5.100,16.442
29954,1,0,1,0.500,114102,126802,3.224,5.100,16.442
29995,1,0,1,0.500,114483,127663,3.264,5.000,16.320
30035,1,0,1,0.500,114896,128583,3.264,5.000,16.320
30075,1,0,1,0.500,115207,129258,3.232,5.800,18.746
30115,1,0,1,0.500,115071,128940,3.232,5.800,18.746
30154,1,0,1,0.500,114845,128424,3.232,5.800,18.746
30195,1,0,1,0.500,115066,128921,3.260,4.800,15.648
30235,1,0,1,0.500,115261,129381,3.260,4.800,15.648
30275,1,0,1,0.500,115403,129689,3.264,7.900,25.786
30315,1,0,1,0.500,115253,129364,3.264,7.900,25.786
30355,1,0,1,0.500,115079,128962,3.264,7.900,25.786
30395,1,0,1,0.500,114986,128750,3.252,5.000,16.260
30435,1,0,1,0.500,115104,129023,3.252,5.000,16.260
30475,1,0,1,0.500,115215,129279,3.264,10.000,32.640
30515,1,0,1,0.500,115494,129881,3.264,10.000,32.640
30555,1,0,1,0.500,115718,130384,3.264,10.000,32.640
30595,1,0,1,0.500,116044,131125,3.244,5.000,16.220
30635,1,0,1,0.500,116503,132214,3.244,5.000,16.220
30675,1,0,1,0.500,116192,131495,3.264,11.900,38.842
30715,1,0,1,0.500,115410,129634,3.264,11.900,38.842
30755,1,0,1,0.500,115223,129215,3.264,11.900,38.842
30795,1,0,1,0.500,115521,129946,3.236,5.000,16.180
30835,1,0,1,0.500,115612,130160,3.236,5.000,16.180
30875,1,0,1,0.500,115792,130574,3.264,14.200,46.349
30915,1,0,1,0.500,116083,131225,3.264,14.200,46.349
30955,1,0,1,0.500,116093,131240,3.264,14.200,46.349
30995,1,0,1,0.500,116140,131308,3.228,5.300,17.108
31035,1,0,1,0.500,116339,131782,3.228,5.300,17.108
31075,1,0,1,0.500,116265,131560,3.260,15.900,51.834
31115,1,0,1,0.500,116067,131111,3.260,15.900,51.834
31155,1,0,1,0.500,115935,130812,3.260,15.900,51.834
31195,1,0,1,0.500,115811,130505,3.224,5.500,17.732
31235,1,0,1,0.500,115671,130190,3.224,5.500,17.732
31275,1,0,1,0.500,115767,130459,3.264,16.300,53.203
31315,1,0,1,0.500,115906,130744,3.264,16.300,53.203
31355,1,0,1,0.500,116022,131026,3.264,16.300,53.203
31395,1,0,1,0.500,116353,131861,3.228,5.800,18.722
31435,1,0,1,0.500,116673,132617,3.228,5.800,18.722
31475,1,0,1,0.500,116253,131623,3.256,14.200,46.235
31515,1,0,1,0.500,115460,129715,3.256,14.200,46.235
31555,1,0,1,0.500,115082,128861,3.256,14.200,46.235
31595,1,0,1,0.500,114945,128618,3.236,7.500,24.270
31635,1,0,1,0.500,114937,128643,3.236,7.500,24.270
31675,1,0,1,0.500,115091,128991,3.252,12.100,39.349
31715,1,0,1,0.500,115294,129477,3.252,12.100,39.349
31755,1,0,1,0.500,115416,129751,3.252,12.100,39.349
31795,1,0,1,0.500,115493,129935,3.244,9.700,31.467
31835,1,0,1,0.500,115813,130675,3.244,9.700,31.467
31875,1,0,1,0.500,116183,131538,3.244,10.100,32.764
31915,1,0,1,0.500,115980,131036,3.244,10.100,32.764
31955,1,0,1,0.500,115771,130545,3.244,10.100,32.764
31995,1,0,1,0.500,115665,130358,3.252,11.600,37.723
32035,1,0,1,0.500,115558,130104,3.252,11.600,37.723
32075,1,0,1,0.500,115559,130153,3.236,7.800,25.241
32115,1,0,1,0.500,115715,130532,3.236,7.800,25.241
32155,1,0,1,0.500,116402,132122,3.236,7.800,25.241
32195,1,0,1,0.500,116483,132352,3.260,13.600,44.336
32235,1,0,1,0.500,115668,130405,3.260,13.600,44.336
32275,1,0,1,0.500,115345,129642,3.232,5.200,16.806
32315,1,0,1,0.500,115274,129499,3.232,5.200,16.806
32355,1,0,1,0.500,115068,129036,3.232,5.200,16.806
32395,1,0,1,0.500,115037,129030,3.268,15.300,50.000
32435,1,0,1,0.500,115413,129879,3.268,15.300,50.000
32475,1,0,1,0.500,115542,130150,3.228,5.800,18.722
32515,1,0,1,0.500,115524,130121,3.228,5.800,18.722
32555,1,0,1,0.500,115588,130267,3.228,5.800,18.722
32595,1,0,1,0.500,115790,130727,3.264,15.800,51.571
32635,1,0,1,0.500,115708,130529,3.264,15.800,51.571
32675,1,0,1,0.500,115687,130512,3.224,5.300,17.087
32715,1,0,1,0.500,116005,131251,3.224,5.300,17.087
32755,1,0,1,0.500,115873,130938,3.224,5.300,17.087
32795,1,0,1,0.500,115648,130473,3.264,14.900,48.634
32835,1,0,1,0.500,115959,131201,3.264,14.900,48.634
32875,1,0,1,0.500,116245,131918,3.232,6.200,20.038
32915,1,0,1,0.500,116280,131954,3.232,6.200,20.038
32955,1,0,1,0.500,115672,130510,3.232,6.200,20.038
32995,1,0,1,0.500,114989,128918,3.256,13.300,43.305
33035,1,0,1,0.500,114584,127995,3.256,13.300,43.305
33075,1,0,1,0.500,114510,127874,3.240,8.100,26.244
33115,1,0,1,0.500,114871,128698,3.240,8.100,26.244
33155,1,0,1,0.500,115211,129469,3.240,8.100,26.244
33195,1,0,1,0.500,115640,130412,3.248,11.200,36.378
33235,1,0,1,0.500,115683,130501,3.248,11.200,36.378
33275,1,0,1,0.500,115295,129578,3.244,10.200,33.089
33315,1,0,1,0.500,115119,129157,3.244,10.200,33.089
33355,1,0,1,0.500,115236,129459,3.244,10.200,33.089
33395,1,0,1,0.500,115509,130082,3.240,9.300,30.132
33435,1,0,1,0.500,115689,130530,3.240,9.300,30.132
33475,1,0,1,0.500,115911,131045,3.256,11.900,38.746
33515,1,0,1,0.500,116197,131728,3.256,11.900,38.746
33555,1,0,1,0.500,116383,132215,3.256,11.900,38.746
33595,1,0,1,0.500,116444,132399,3.236,7.600,24.594
33635,1,0,1,0.500,116565,132676,3.236,7.600,24.594
33675,1,0,1,0.500,116629,132854,3.260,14.000,45.640
33715,1,0,1,0.500,116074,131543,3.260,14.000,45.640
33755,1,0,1,0.500,115448,130055,3.260,14.000,45.640
33795,1,0,1,0.500,115459,130126,3.228,5.200,16.786
33835,1,0,1,0.500,115590,130435,3.228,5.200,16.786
33875,1,0,1,0.500,115401,130004,3.268,15.900,51.961
33915,1,0,1,0.500,115329,129860,3.268,15.900,51.961
33955,1,0,1,0.500,115321,129807,3.268,15.900,51.961
33995,1,0,1,0.500,115049,129196,3.224,5.300,17.087
34035,1,0,1,0.500,114802,128620,3.224,5.300,17.087
34076,1,0,1,0.500,114953,128976,3.264,15.800,51.571
34115,1,0,1,0.500,115208,129625,3.264,15.800,51.571
34155,1,0,1,0.500,115438,130175,3.264,15.800,51.571
34195,1,0,1,0.500,115763,130919,3.232,5.200,16.806
34235,1,0,1,0.500,116007,131501,3.232,5.200,16.806
34276,1,0,1,0.500,115925,131299,3.264,14.400,47.002
34315,1,0,1,0.500,115995,131457,3.264,14.400,47.002
34355,1,0,1,0.500,116191,131920,3.264,14.400,47.002
34396,1,0,1,0.500,116186,131893,3.236,6.800,22.005
34435,1,0,1,0.500,116295,132143,3.236,6.800,22.005
34476,1,0,1,0.500,116379,132323,3.256,12.500,40.700
34516,1,0,1,0.500,115515,130249,3.256,12.500,40.700
34555,1,0,1,0.500,114853,128743,3.256,12.500,40.700
34596,1,0,1,0.500,115286,129734,3.244,8.800,28.547
34635,1,0,1,0.500,115937,131280,3.244,8.800,28.547
34676,1,0,1,0.500,116203,131966,3.248,10.500,34.104
34716,1,0,1,0.500,116286,132206,3.248,10.500,34.104
34755,1,0,1,0.500,116372,132380,3.248,10.500,34.104
34796,1,0,1,0.500,116068,131650,3.248,11.100,36.053
34836,1,0,1,0.500,115723,130834,3.248,11.100,36.053
34876,1,0,1,0.500,115871,131210,3.240,8.300,26.892
34916,1,0,1,0.500,116123,131887,3.240,8.300,26.892
34956,1,0,1,0.500,116320,132420,3.240,8.300,26.892
34996,1,0,1,0.500,116373,132526,3.256,12.900,42.002
35036,1,0,1,0.500,115772,131038,3.256,12.900,42.002
35076,1,0,1,0.500,114754,128742,3.236,6.700,21.681
35116,1,0,1,0.500,114317,127789,3.236,6.700,21.681
35156,1,0,1,0.500,114424,128021,3.236,6.700,21.681
35196,1,0,1,0.500,114955,129209,3.264,15.200,49.613
35236,1,0,1,0.500,115169,129660,3.264,15.200,49.613
35276,1,0,1,0.500,114534,128229,3.224,5.300,17.087
35316,1,0,1,0.500,114072,127196,3.224,5.300,17.087
35356,1,0,1,0.500,114032,127103,3.224,5.300,17.087
35396,1,0,1,0.500,113870,126830,3.260,16.900,55.094
35436,1,0,1,0.500,113958,127054,3.260,16.900,55.094
35476,1,0,1,0.500,114368,127971,3.224,5.200,16.765
35516,1,0,1,0.500,114833,129051,3.224,5.200,16.765
35556,1,0,1,0.500,115010,129435,3.224,5.200,16.765
35596,1,0,1,0.500,114847,129033,3.264,17.000,55.488
35636,1,0,1,0.500,114762,128859,3.264,17.000,55.488
35676,1,0,1,0.500,114744,128800,3.228,5.400,17.431
35716,1,0,1,0.500,114878,129111,3.228,5.400,17.431
35756,1,0,1,0.500,114648,128633,3.228,5.400,17.431
35796,1,0,1,0.500,114071,127393,3.256,13.100,42.654
35836,1,0,1,0.500,113775,126774,3.256,13.100,42.654
35876,1,0,1,0.500,113731,126754,3.236,8.100,26.212
35916,1,0,1,0.500,113901,127089,3.236,8.100,26.212
35956,1,0,1,0.500,114624,128681,3.236,8.100,26.212
35996,1,0,1,0.500,114917,129326,3.248,10.900,35.403
36036,1,0,1,0.500,114083,127469,3.248,10.900,35.403
36076,1,0,1,0.500,113530,126284,3.248,10.900,35.403
36116,1,0,1,0.500,113305,125798,3.248,10.900,35.403
36156,1,0,1,0.500,112707,124589,3.248,10.900,35.403
36196,1,0,1,0.500,112397,124018,3.240,9.200,29.808
36236,1,0,1,0.500,112740,124721,3.240,9.200,29.808
36276,1,0,1,0.500,112895,125075,3.256,13.400,43.630
36316,1,0,1,0.500,112875,125005,3.256,13.400,43.630
36356,1,0,1,0.500,113206,125686,3.256,13.400,43.630
36396,1,0,1,0.500,113478,126241,3.232,7.000,22.624
36436,1,0,1,0.500,113688,126693,3.232,7.000,22.624
36476,1,0,1,0.500,114238,127913,3.264,16.000,52.224
36516,1,0,1,0.500,114798,129131,3.264,16.000,52.224
36556,1,0,1,0.500,115041,129727,3.264,16.000,52.224
36596,1,0,1,0.500,115058,129761,3.220,5.700,18.354
36636,1,0,1,0.500,115219,130104,3.220,5.700,18.354
36676,1,0,1,0.500,115329,130411,3.268,16.900,55.229
36716,1,0,1,0.500,115492,130755,3.268,16.900,55.229
36756,1,0,1,0.500,115451,130652,3.268,16.900,55.229
36796,1,0,1,0.500,114587,128686,3.224,5.100,16.442
36836,1,0,1,0.500,113607,126554,3.224,5.100,16.442
36876,1,0,1,0.500,113347,126073,3.260,15.900,51.834
36916,1,0,1,0.500,113527,126431,3.260,15.900,51.834
36956,1,0,1,0.500,113603,126631,3.260,15.900,51.834
36996,1,0,1,0.500,113772,126977,3.232,7.300,23.594
37036,1,0,1,0.500,114264,128001,3.232,7.300,23.594
37076,1,0,1,0.500,114370,128246,3.252,13.000,42.276
37116,1,0,1,0.500,114397,128272,3.252,13.000,42.276
37156,1,0,1,0.500,114555,128609,3.252,13.000,42.276
37196,1,0,1,0.500,114682,128886,3.240,9.700,31.428
37236,1,0,1,0.500,114718,128961,3.240,9.700,31.428
37276,1,0,1,0.500,114850,129225,3.244,10.400,33.738
37316,1,0,1,0.500,114732,128965,3.244,10.400,33.738
37356,1,0,1,0.500,114516,128461,3.244,10.400,33.738
37396,1,0,1,0.500,114614,128671,3.248,12.300,39.950
37436,1,0,1,0.500,114810,129106,3.248,12.300,39.950
37476,1,0,1,0.500,114978,129454,3.240,8.200,26.568
37516,1,0,1,0.500,115415,130489,3.240,8.200,26.568
37556,1,0,1,0.500,115673,131061,3.240,8.200,26.568
37596,1,0,1,0.500,115699,131130,3.260,14.200,46.292
37636,1,0,1,0.500,115173,129944,3.260,14.200,46.292
37676,1,0,1,0.500,114193,127750,3.264,5.700,18.605
37716,1,0,1,0.500,113535,126356,3.264,5.700,18.605
37756,1,0,1,0.500,113431,126188,3.264,5.700,18.605
37796,1,0,1,0.500,113583,126556,3.264,16.600,54.182
37836,1,0,1,0.500,113778,126989,3.264,16.600,54.182
37876,1,0,1,0.500,113979,127437,3.224,4.700,15.153
37916,1,0,1,0.500,114172,127824,3.224,4.700,15.153
37956,1,0,1,0.500,114424,128370,3.224,4.700,15.153
37996,1,0,1,0.500,114687,128957,3.264,17.300,56.467
38036,1,0,1,0.500,115014,129656,3.264,17.300,56.467
38076,1,0,1,0.500,115260,130205,3.268,4.800,15.686
38116,1,0,1,0.500,115433,130593,3.268,4.800,15.686
38156,1,0,1,0.500,115437,130606,3.268,4.800,15.686
38196,1,0,1,0.500,115095,129843,3.268,15.400,50.327
38236,1,0,1,0.500,114934,129480,3.268,15.400,50.327
38276,1,0,1,0.500,114881,129350,3.232,4.700,15.190
38316,1,0,1,0.500,114810,129194,3.232,4.700,15.190
38357,1,0,1,0.500,114932,129479,3.232,4.700,15.190
38396,1,0,1,0.500,115305,130356,3.268,12.800,41.830
38436,1,0,1,0.500,115868,131631,3.268,12.800,41.830
38476,1,0,1,0.500,116190,132365,3.240,4.700,15.228
38516,1,0,1,0.500,116448,132989,3.240,4.700,15.228
38557,1,0,1,0.500,116134,132239,3.240,4.700,15.228
38596,1,0,1,0.500,115462,130631,3.268,10.500,34.314
38637,1,0,1,0.500,115359,130428,3.268,10.500,34.314
38677,1,0,1,0.500,115212,130049,3.248,4.800,15.590
38716,1,0,1,0.500,114645,128787,3.248,4.800,15.590
38757,1,0,1,0.500,114284,128008,3.248,4.800,15.590
38796,1,0,1,0.500,114300,128002,3.268,8.200,26.798
38836,1,0,1,0.500,114144,127682,3.268,8.200,26.798
38877,1,0,1,0.500,114014,127371,3.260,4.600,14.996
38916,1,0,1,0.500,114039,127386,3.260,4.600,14.996
38957,1,0,1,0.500,114405,128147,3.260,4.600,14.996
38997,1,0,1,0.500,114901,129223,3.268,5.100,16.667
39037,1,0,1,0.500,115206,129921,3.268,5.100,16.667
39077,1,0,1,0.500,115329,130191,3.268,4.600,15.033
39117,1,0,1,0.500,115157,129797,3.268,4.600,15.033
39157,1,0,1,0.500,115111,129684,3.268,4.600,15.033
39197,1,0,1,0.500,115214,129940,3.268,4.800,15.686
39236,1,0,1,0.500,115494,130536,3.268,4.800,15.686
39277,1,0,1,0.500,115915,131485,3.268,4.800,15.686
39317,1,0,1,0.500,116419,132726,3.268,4.800,15.686
39357,1,0,1,0.500,116799,133625,3.268,4.800,15.686
39397,1,0,1,0.500,117153,134518,3.268,4.500,14.706
39437,1,0,1,0.500,117342,135018,3.268,4.500,14.706
39477,1,0,1,0.500,116987,134112,3.264,4.800,15.667
39517,1,0,1,0.500,116473,132881,3.264,4.800,15.667
39557,1,0,1,0.500,116528,133014,3.264,4.800,15.667
39597,1,0,1,0.500,116721,133459,3.264,4.800,15.667
39637,1,0,1,0.500,116764,133615,3.264,4.800,15.667
39677,1,0,1,0.500,116898,133928,3.268,12.700,41.504
39717,1,0,1,0.500,116929,134008,3.268,12.700,41.504
39757,1,0,1,0.500,116765,133594,3.268,12.700,41.504
39797,1,0,1,0.500,116683,133382,3.264,4.800,15.667
39837,1,0,1,0.500,116684,133395,3.264,4.800,15.667
39877,1,0,1,0.500,116758,133578,3.264,10.400,33.946
39917,1,0,1,0.500,116929,134047,3.264,10.400,33.946
39957,1,0,1,0.500,117095,134474,3.264,10.400,33.946
39997,1,0,1,0.500,117202,134695,3.264,4.800,15.667
40037,1,0,1,0.500,117133,134537,3.264,4.800,15.667
40077,1,0,1,0.500,116795,133682,3.264,7.900,25.786
40117,1,0,1,0.500,116434,132788,3.264,7.900,25.786
40157,1,0,1,0.500,116441,132800,3.264,7.900,25.786
40197,1,0,1,0.500,116511,132956,3.264,4.600,15.014
40237,1,0,1,0.500,116817,133702,3.264,4.600,15.014
40277,1,0,1,0.500,116945,134001,3.264,5.500,17.952
40317,1,0,1,0.500,116148,132098,3.264,5.500,17.952
40357,1,0,1,0.500,115281,130008,3.264,5.500,17.952
40397,1,0,1,0.500,114884,129093,3.264,4.600,15.014
40437,1,0,1,0.500,114542,128392,3.264,4.600,15.014
40477,1,0,1,0.500,114739,128854,3.264,4.900,15.994
40517,1,0,1,0.500,115411,130454,3.264,4.900,15.994
40557,1,0,1,0.500,115859,131487,3.264,4.900,15.994
40597,1,0,1,0.500,115929,131621,3.268,4.500,14.706
40637,1,0,1,0.500,115811,131355,3.268,4.500,14.706
40677,1,0,1,0.500,115604,130840,3.264,4.900,15.994
40717,1,0,1,0.500,115434,130420,3.264,4.900,15.994
40757,1,0,1,0.500,115136,129739,3.264,4.900,15.994
40797,1,0,1,0.500,114964,129354,3.264,4.500,14.688
40837,1,0,1,0.500,114982,129404,3.264,4.500,14.688
40877,1,0,1,0.500,115088,129701,3.264,4.700,15.341
40917,1,0,1,0.500,115224,130022,3.264,4.700,15.341
40957,1,0,1,0.500,115188,129941,3.264,4.700,15.341
40997,1,0,1,0.500,115235,130046,3.268,4.600,15.033
41037,1,0,1,0.500,115217,130015,3.268,4.600,15.033
41077,1,0,1,0.500,115361,130314,3.264,4.900,15.994
41117,1,0,1,0.500,114867,129233,3.264,4.900,15.994
41157,1,0,1,0.500,114052,127384,3.264,4.900,15.994
41197,1,0,1,0.500,113884,127034,3.264,4.600,15.014
41237,1,0,1,0.500,114079,127492,3.264,4.600,15.014
41277,1,0,1,0.500,114085,127499,3.268,4.900,16.013
41317,1,0,1,0.500,113994,127349,3.268,4.900,16.013
41357,1,0,1,0.500,114218,127866,3.268,4.900,16.013
41397,1,0,1,0.500,114601,128702,3.264,4.900,15.994
41437,1,0,1,0.500,114667,128823,3.264,4.900,15.994
41477,1,0,1,0.500,114610,128692,3.264,4.800,15.667
41517,1,0,1,0.500,114786,129006,3.264,4.800,15.667
41557,1,0,1,0.500,114769,128948,3.264,4.800,15.667
41597,1,0,1,0.500,114501,128342,3.268,4.400,14.379
41637,1,0,1,0.500,114307,127937,3.268,4.400,14.379
41677,1,0,1,0.500,114085,127469,3.268,4.700,15.360
41717,1,0,1,0.500,113915,127138,3.268,4.700,15.360
41757,1,0,1,0.500,113920,127168,3.268,4.700,15.360
41797,1,0,1,0.500,113965,127285,3.268,4.900,16.013
41837,1,0,1,0.500,113976,127292,3.268,4.900,16.013
41877,1,0,1,0.500,114116,127577,3.264,4.900,15.994
41917,1,0,1,0.500,113879,127079,3.264,4.900,15.994
41957,1,0,1,0.500,113195,125562,3.264,4.900,15.994
41997,1,0,1,0.500,112776,124674,3.268,4.900,16.013
42037,1,0,1,0.500,112797,124749,3.268,4.900,16.013
42077,1,0,1,0.500,112853,124906,3.268,4.400,14.379
42117,1,0,1,0.500,112918,125068,3.268,4.400,14.379
42157,1,0,1,0.500,113168,125606,3.268,4.400,14.379
42197,1,0,1,0.500,113200,125633,3.268,4.700,15.360
42237,1,0,1,0.500,113249,125722,3.268,4.700,15.360
42277,1,0,1,0.500,113427,126080,3.264,4.600,15.014
42317,1,0,1,0.500,113706,126655,3.264,4.600,15.014
42357,1,0,1,0.500,114038,127383,3.264,4.600,15.014
42397,1,0,1,0.500,114418,128206,3.268,4.800,15.686
42437,1,0,1,0.500,114545,128467,3.268,4.800,15.686
42477,1,0,1,0.500,114638,128697,3.268,4.500,14.706
42518,1,0,1,0.500,114746,128927,3.268,4.500,14.706
42557,1,0,1,0.500,114660,128725,3.268,4.500,14.706
42597,1,0,1,0.500,114719,128862,3.268,4.800,15.686
42638,1,0,1,0.500,114914,129269,3.268,4.800,15.686
42677,1,0,1,0.500,115232,129962,3.268,4.700,15.360
42717,1,0,1,0.500,115143,129754,3.268,4.700,15.360
42758,1,0,1,0.500,114590,128461,3.268,4.700,15.360
42797,1,0,1,0.500,114426,128042,3.268,5.000,16.340
42838,1,0,1,0.500,114439,128036,3.268,5.000,16.340
42877,1,0,1,0.500,114293,127745,3.268,4.700,15.360
42918,1,0,1,0.500,114310,127824,3.268,4.700,15.360
42958,1,0,1,0.500,114541,128340,3.268,4.700,15.360
42997,1,0,1,0.500,114775,128818,3.264,4.700,15.341
43038,1,0,1,0.500,114794,128831,3.264,4.700,15.341
43077,1,0,1,0.500,114728,128676,3.264,4.900,15.994
43117,1,0,1,0.500,114715,128613,3.264,4.900,15.994
43158,1,0,1,0.500,114734,128631,3.264,4.900,15.994
43197,1,0,1,0.500,114680,128524,3.264,4.800,15.667
43238,1,0,1,0.500,114804,128813,3.264,4.800,15.667
43277,1,0,1,0.500,115342,129985,3.268,4.500,14.706
43318,1,0,1,0.500,115886,131285,3.268,4.500,14.706
43358,1,0,1,0.500,116176,131983,3.268,4.500,14.706
43397,1,0,1,0.500,116240,132146,3.268,4.500,14.706
43438,1,0,1,0.500,116368,132448,3.268,4.500,14.706
43478,1,0,1,0.500,116112,131868,3.264,4.500,14.688
43517,1,0,1,0.500,115336,129987,3.264,4.500,14.688
43558,1,0,1,0.500,115019,129233,3.264,4.500,14.688
43598,1,0,1,0.500,115179,129631,3.264,4.600,15.014
43638,1,0,1,0.500,115385,130118,3.264,4.600,15.014
43678,1,0,1,0.500,115540,130529,3.264,4.600,15.014
43717,1,0,1,0.500,115710,130920,3.264,4.600,15.014
43758,1,0,1,0.500,115648,130780,3.264,4.600,15.014
43798,1,0,1,0.500,115375,130175,3.268,4.700,15.360
43838,1,0,1,0.500,115310,130006,3.268,4.700,15.360
43878,1,0,1,0.500,115581,130655,3.268,4.600,15.033
43918,1,0,1,0.500,115736,131047,3.268,4.600,15.033
43958,1,0,1,0.500,115725,131029,3.268,4.600,15.033
43998,1,0,1,0.500,115523,130563,3.264,4.700,15.341
44038,1,0,1,0.500,115192,129826,3.264,4.700,15.341
44078,1,0,1,0.500,115051,129533,3.264,4.700,15.341
44118,1,0,1,0.500,115235,130020,3.264,4.700,15.341
44158,1,0,1,0.500,115901,131549,3.264,4.700,15.341
44198,1,0,1,0.500,115882,131493,3.268,4.600,15.033
44238,1,0,1,0.500,115002,129406,3.268,4.600,15.033
44278,1,0,1,0.500,114474,128244,3.268,4.700,15.360
44318,1,0,1,0.500,114284,127811,3.268,4.700,15.360
44358,1,0,1,0.500,114190,127654,3.268,4.700,15.360
44398,1,0,1,0.500,114180,127679,3.268,4.900,16.013
44438,1,0,1,0.500,114412,128188,3.268,4.900,16.013
44478,1,0,1,0.500,114490,128416,3.268,4.700,15.360
44518,1,0,1,0.500,114409,128231,3.268,4.700,15.360
44558,1,0,1,0.500,114495,128449,3.268,4.700,15.360
44598,1,0,1,0.500,114700,128916,3.268,4.600,15.033
44638,1,0,1,0.500,114884,129373,3.268,4.600,15.033
44678,1,0,1,0.500,115167,129998,3.268,4.700,15.360
44718,1,0,1,0.500,115170,130042,3.268,4.700,15.360
44758,1,0,1,0.500,115156,130029,3.268,4.700,15.360
44798,1,0,1,0.500,115179,130113,3.264,4.700,15.341
44838,1,0,1,0.500,115273,130356,3.264,4.700,15.341
44878,1,0,1,0.500,115548,131015,3.268,4.900,16.013
44918,1,0,1,0.500,116003,132057,3.268,4.900,16.013
44958,1,0,1,0.500,115610,131140,3.268,4.900,16.013
44998,1,0,1,0.500,114647,128888,3.268,4.800,15.686
45038,1,0,1,0.500,114383,128277,3.268,4.800,15.686
45078,1,0,1,0.500,114305,128127,3.264,4.800,15.667
45118,1,0,1,0.500,114204,127932,3.264,4.800,15.667
45158,1,0,1,0.500,114297,128142,3.264,4.800,15.667
45198,1,0,1,0.500,114302,128145,3.268,4.600,15.033
45238,1,0,1,0.500,114268,128070,3.268,4.600,15.033
45278,1,0,1,0.500,114212,127934,3.268,4.800,15.686
45318,1,0,1,0.500,114083,127663,3.268,4.800,15.686
45358,1,0,1,0.500,114233,128021,3.268,4.800,15.686
45398,1,0,1,0.500,114535,128749,3.268,4.500,14.706
45438,1,0,1,0.500,114588,128855,3.268,4.500,14.706
45478,1,0,1,0.500,114519,128729,3.268,4.700,15.360
45518,1,0,1,0.500,114492,128678,3.268,4.700,15.360
45558,1,0,1,0.500,114391,128471,3.268,4.700,15.360
45598,1,0,1,0.500,114469,128680,3.264,4.700,15.341
45638,1,0,1,0.500,114773,129385,3.264,4.700,15.341
45678,1,0,1,0.500,115268,130510,3.268,4.600,15.033
45718,1,0,1,0.500,115516,131055,3.268,4.600,15.033
45758,1,0,1,0.500,114922,129635,3.268,4.600,15.033
45798,1,0,1,0.500,114526,128673,3.264,4.800,15.667
45838,1,0,1,0.500,114724,129104,3.264,4.800,15.667
45878,1,0,1,0.500,114921,129518,3.268,4.600,15.033
45918,1,0,1,0.500,114933,129606,3.268,4.600,15.033
45958,1,0,1,0.500,115154,130123,3.268,4.600,15.033
45998,1,0,1,0.500,115299,130454,3.264,5.000,16.320
46038,1,0,1,0.500,115407,130696,3.264,5.000,16.320
46078,1,0,1,0.500,115434,130763,3.268,4.800,15.686
46118,1,0,1,0.500,115742,131449,3.268,4.800,15.686
46158,1,0,1,0.500,116123,132402,3.268,4.800,15.686
46198,1,0,1,0.500,116223,132652,3.268,4.600,15.033
46238,1,0,1,0.500,116065,132275,3.268,4.600,15.033
46278,1,0,1,0.500,116020,132230,3.264,4.900,15.994
46318,1,0,1,0.500,115846,131782,3.264,4.900,15.994
46358,1,0,1,0.500,115568,131126,3.264,4.900,15.994
46398,1,0,1,0.500,115298,130534,3.268,4.800,15.686
46439,1,0,1,0.500,115101,130126,3.268,4.800,15.686
46478,1,0,1,0.500,115526,131113,3.268,4.800,15.686
46519,1,0,1,0.500,115828,131770,3.268,4.800,15.686
46558,1,0,1,0.500,115008,129776,3.268,4.800,15.686
46598,1,0,1,0.500,114258,127979,3.268,4.600,15.033
46639,1,0,1,0.500,114099,127572,3.268,4.600,15.033
46678,1,0,1,0.500,114107,127624,3.268,4.400,14.379
46718,1,0,1,0.500,114264,128000,3.268,4.400,14.379
46759,1,0,1,0.500,114571,128731,3.268,4.400,14.379
46798,1,0,1,0.500,114824,129338,3.268,4.800,15.686
46839,1,0,1,0.500,114866,129392,3.268,4.800,15.686
46878,1,0,1,0.500,114699,129012,3.268,4.700,15.360
46919,1,0,1,0.500,114550,128631,3.268,4.700,15.360
46959,1,0,1,0.500,114662,128880,3.268,4.700,15.360
46998,1,0,1,0.500,115076,129870,3.268,4.800,15.686
47039,1,0,1,0.500,115512,130925,3.268,4.800,15.686
47078,1,0,1,0.500,115752,131478,3.268,4.600,15.033
47118,1,0,1,0.500,115842,131773,3.268,4.600,15.033
47159,1,0,1,0.500,115931,132016,3.268,4.600,15.033
47198,1,0,1,0.500,116014,132234,3.268,4.600,15.033
47239,1,0,1,0.500,116201,132669,3.268,4.600,15.033
47279,1,0,1,0.500,116042,132289,3.268,4.700,15.360
47319,1,0,1,0.500,115263,130386,3.268,4.700,15.360
47359,1,0,1,0.500,114784,129210,3.268,4.700,15.360
47399,1,0,1,0.500,114688,129001,3.264,5.000,16.320
47439,1,0,1,0.500,114569,128738,3.264,5.000,16.320
47479,1,0,1,0.500,114738,129163,3.264,4.700,15.341
47519,1,0,1,0.500,115038,129880,3.264,4.700,15.341
47559,1,0,1,0.500,115054,129919,3.264,4.700,15.341
47599,1,0,1,0.500,114924,129620,3.268,4.700,15.360
47639,1,0,1,0.500,114821,129383,3.268,4.700,15.360
47679,1,0,1,0.500,114658,128980,3.268,4.800,15.686
47719,1,0,1,0.500,114637,128965,3.268,4.800,15.686
47759,1,0,1,0.500,114731,129205,3.268,4.800,15.686
47799,1,0,1,0.500,114746,129251,3.264,4.700,15.341
47839,1,0,1,0.500,114569,128879,3.264,4.700,15.341
47879,1,0,1,0.500,114561,128916,3.268,4.800,15.686
47919,1,0,1,0.500,114788,129439,3.268,4.800,15.686
47959,1,0,1,0.500,114981,129921,3.268,4.800,15.686
47999,1,0,1,0.500,115084,130179,3.268,4.900,16.013
48039,1,0,1,0.500,114356,128511,3.268,4.900,16.013
48079,1,0,1,0.500,113393,126399,3.264,4.700,15.341
48119,1,0,1,0.500,113114,125831,3.264,4.700,15.341
48159,1,0,1,0.500,113147,125924,3.264,4.700,15.341
48199,1,0,1,0.500,113273,126213,3.268,4.600,15.033
48239,1,0,1,0.500,113654,127043,3.268,4.600,15.033
48279,1,0,1,0.500,113888,127531,3.264,4.900,15.994
48319,1,0,1,0.500,113823,127381,3.264,4.900,15.994
48359,1,0,1,0.500,113771,127262,3.264,4.900,15.994
48399,1,0,1,0.500,114049,127853,3.268,4.700,15.360
48439,1,0,1,0.500,114060,127881,3.268,4.700,15.360
48479,1,0,1,0.500,113828,127401,3.264,4.800,15.667
48519,1,0,1,0.500,113911,127544,3.264,4.800,15.667
48559,1,0,1,0.500,113701,127083,3.264,4.800,15.667
48599,1,0,1,0.500,113486,126612,3.268,4.900,16.013
48639,1,0,1,0.500,113521,126716,3.268,4.900,16.013
48679,1,0,1,0.500,114001,127782,3.268,4.700,15.360
48719,1,0,1,0.500,114447,128804,3.268,4.700,15.360
48759,1,0,1,0.500,114543,128981,3.268,4.700,15.360
48799,1,0,1,0.500,113903,127493,3.268,4.800,15.686
48839,1,0,1,0.500,113094,125701,3.268,4.800,15.686
48879,1,0,1,0.500,112914,125316,3.268,4.600,15.033
48919,1,0,1,0.500,113009,125524,3.268,4.600,15.033
48959,1,0,1,0.500,112946,125407,3.268,4.600,15.033
48999,1,0,1,0.500,113086,125696,3.264,4.800,15.667
49039,1,0,1,0.500,113239,126015,3.264,4.800,15.667
49079,1,0,1,0.500,113440,126436,3.268,4.800,15.686
49119,1,0,1,0.500,113645,126825,3.268,4.800,15.686
49159,1,0,1,0.500,113705,126937,3.268,4.800,15.686
49199,1,0,1,0.500,113767,127067,3.268,4.700,15.360
49239,1,0,1,0.500,113888,127320,3.268,4.700,15.360
49279,1,0,1,0.500,113993,127550,3.268,4.800,15.686
49319,1,0,1,0.500,114107,127863,3.268,4.800,15.686
49359,1,0,1,0.500,114191,128054,3.268,4.800,15.686
49399,1,0,1,0.500,114314,128325,3.268,5.000,16.340
49439,1,0,1,0.500,114642,129094,3.268,5.000,16.340
49479,1,0,1,0.500,114824,129503,3.268,4.700,15.360
49519,1,0,1,0.500,115042,129979,3.268,4.700,15.360
49559,1,0,1,0.500,114840,129468,3.268,4.700,15.360
49599,1,0,1,0.500,113779,127033,3.268,4.500,14.706
49639,1,0,1,0.500,113224,125780,3.268,4.500,14.706
49679,1,0,1,0.500,113098,125536,3.268,4.600,15.033
49720,1,0,1,0.500,113213,125758,3.268,4.600,15.033
49759,1,0,1,0.500,113371,126114,3.268,4.600,15.033
49799,1,0,1,0.500,113575,126550,3.268,4.800,15.686
49840,1,0,1,0.500,113718,126834,3.268,4.800,15.686
49879,1,0,1,0.500,113527,126350,3.268,4.800,15.686
49920,1,0,1,0.500,113326,125907,3.268,4.800,15.686
49959,1,0,1,0.500,113537,126366,3.268,4.800,15.686
49999,1,0,1,0.500,113876,127101,3.268,4.500,14.706
50040,1,0,1,0.500,114162,127742,3.268,4.500,14.706
50079,1,0,1,0.500,114568,128634,3.268,4.600,15.033
50120,1,0,1,0.500,114864,129303,3.268,4.600,15.033
50160,1,0,1,0.500,114885,129354,3.268,4.600,15.033
50199,1,0,1,0.500,114890,129340,3.268,4.800,15.686
50240,1,0,1,0.500,114867,129286,3.268,4.800,15.686
50279,1,0,1,0.500,115243,130186,3.264,4.800,15.667
50320,1,0,1,0.500,115744,131333,3.264,4.800,15.667
50360,1,0,1,0.500,115387,130454,3.264,4.800,15.667
50399,1,0,1,0.500,114573,128512,3.268,4.800,15.686
50440,1,0,1,0.500,114316,127886,3.268,4.800,15.686
50479,1,0,1,0.500,114442,128170,3.268,4.500,14.706
50520,1,0,1,0.500,114605,128558,3.268,4.500,14.706
50560,1,0,1,0.500,115014,129508,3.268,4.500,14.706
50599,1,0,1,0.500,115284,130134,3.268,4.800,15.686
50640,1,0,1,0.500,115142,129804,3.268,4.800,15.686
50680,1,0,1,0.500,114949,129336,3.268,4.700,15.360
50720,1,0,1,0.500,114987,129409,3.268,4.700,15.360
50760,1,0,1,0.500,114993,129446,3.268,4.700,15.360
50800,1,0,1,0.500,115120,129756,3.268,4.900,16.013
50840,1,0,1,0.500,115362,130358,3.268,4.900,16.013
50880,1,0,1,0.500,115407,130480,3.264,4.500,14.688
50920,1,0,1,0.500,115421,130517,3.264,4.500,14.688
50960,1,0,1,0.500,115463,130652,3.264,4.500,14.688
51000,1,0,1,0.500,115520,130807,3.268,4.700,15.360
51040,1,0,1,0.500,116040,132069,3.268,4.700,15.360
51080,1,0,1,0.500,116347,132790,3.268,4.800,15.686
51120,1,0,1,0.500,115569,130919,3.268,4.800,15.686
51160,1,0,1,0.500,114648,128702,3.268,4.800,15.686
51200,1,0,1,0.500,114602,128595,3.264,4.900,15.994
51240,1,0,1,0.500,114640,128693,3.264,4.900,15.994
51280,1,0,1,0.500,114781,129079,3.268,4.600,15.033
51320,1,0,1,0.500,115416,130570,3.268,4.600,15.033
51360,1,0,1,0.500,115670,131158,3.268,4.600,15.033
51400,1,0,1,0.500,115433,130566,3.268,4.800,15.686
51440,1,0,1,0.500,115228,129975,3.268,4.800,15.686
51480,1,0,1,0.500,114315,127803,3.268,4.700,15.360
51520,1,0,1,0.500,113170,125271,3.268,4.700,15.360
51560,1,0,1,0.500,113426,125780,3.268,4.700,15.360
51600,1,0,1,0.500,114511,128208,3.268,4.700,15.360
51640,1,0,1,0.500,115346,130235,3.268,4.700,15.360
51680,1,0,1,0.500,115972,131784,3.268,4.900,16.013
51720,1,0,1,0.500,116616,133471,3.268,4.900,16.013
51760,1,0,1,0.500,117086,134687,3.268,4.900,16.013
51800,1,0,1,0.500,117298,135201,3.268,4.800,15.686
51840,1,0,1,0.500,117372,135346,3.268,4.800,15.686
51880,1,0,1,0.500,116873,134083,3.268,4.900,16.013
51920,1,0,1,0.500,116087,132075,3.268,4.900,16.013
51960,1,0,1,0.500,115974,131770,3.268,4.900,16.013
52000,1,0,1,0.500,116177,132253,3.268,4.500,14.706
52040,1,0,1,0.500,116134,132189,3.268,4.500,14.706
52080,1,0,1,0.500,116308,132679,3.268,4.700,15.360
52120,1,0,1,0.500,116523,133230,3.268,4.700,15.360
52160,1,0,1,0.500,116481,133142,3.268,4.700,15.360
52200,1,0,1,0.500,116482,133212,3.268,4.900,16.013
52240,1,0,1,0.500,116753,133898,3.268,4.900,16.013
52280,1,0,1,0.500,117022,134564,3.268,4.900,16.013
52320,1,0,1,0.500,117164,135009,3.268,4.900,16.013
52360,1,0,1,0.500,117421,135701,3.268,4.900,16.013
52400,1,0,1,0.500,117694,136409,3.268,4.600,15.033
52440,1,0,1,0.500,117833,136796,3.268,4.600,15.033
52480,1,0,1,0.500,117798,136723,3.272,4.600,15.051
52520,1,0,1,0.500,117823,136762,3.272,4.600,15.051
52560,1,0,1,0.500,117689,136411,3.272,4.600,15.051
52600,1,0,1,0.500,117237,135301,3.272,4.700,15.378
52640,1,0,1,0.500,116742,133997,3.272,4.700,15.378
52680,1,0,1,0.500,115794,131637,3.272,4.600,15.051
52720,1,0,1,0.500,115174,130125,3.272,4.600,15.051
52760,1,0,1,0.500,115448,130834,3.272,4.600,15.051
52800,1,0,1,0.500,115851,131806,3.272,4.700,15.378
52840,1,0,1,0.500,115906,131959,3.272,4.700,15.378
52880,1,0,1,0.500,115811,131696,3.268,4.800,15.686
52920,1,0,1,0.500,115473,130933,3.268,4.800,15.686
52960,1,0,1,0.500,115081,130022,3.268,4.800,15.686
53000,1,0,1,0.500,114699,129165,3.276,4.800,15.725
53040,1,0,1,0.500,114748,129354,3.276,4.800,15.725
53080,1,0,1,0.500,114845,129635,3.268,4.600,15.033
53120,1,0,1,0.500,114788,129530,3.268,4.600,15.033
53160,1,0,1,0.500,115190,130518,3.268,4.600,15.033
53200,1,0,1,0.500,115747,131840,3.272,4.700,15.378
53240,1,0,1,0.500,116267,133089,3.272,4.700,15.378
53280,1,0,1,0.500,116738,134207,3.272,4.700,15.378
53321,1,0,1,0.500,116887,134549,3.272,4.700,15.378
53360,1,0,1,0.500,116827,134378,3.272,4.700,15.378
53400,1,0,1,0.500,116526,133630,3.272,4.700,15.378
53441,1,0,1,0.500,116199,132848,3.272,4.700,15.378
53480,1,0,1,0.500,116188,132843,3.272,4.700,15.378
53521,1,0,1,0.500,115908,132220,3.272,4.700,15.378
53561,1,0,1,0.500,115770,131894,3.272,4.700,15.378
53600,1,0,1,0.500,116201,132893,3.276,4.500,14.742
53641,1,0,1,0.500,116816,134341,3.276,4.500,14.742
53680,1,0,1,0.500,117273,135470,3.272,4.600,15.051
53721,1,0,1,0.500,117247,135484,3.272,4.600,15.051
53761,1,0,1,0.500,116975,134866,3.272,4.600,15.051
53800,1,0,1,0.500,116828,134535,3.276,4.800,15.725
53841,1,0,1,0.500,116686,134247,3.276,4.800,15.725
53880,1,0,1,0.500,116604,134098,3.272,4.500,14.724
53920,1,0,1,0.500,116656,134256,3.272,4.500,14.724
53961,1,0,1,0.500,116898,134846,3.272,4.500,14.724
54000,1,0,1,0.500,117228,135623,3.272,4.600,15.051
54041,1,0,1,0.500,117160,135489,3.272,4.600,15.051
54081,1,0,1,0.500,116655,134219,3.276,4.600,15.070
54121,1,0,1,0.500,117135,135396,3.276,4.600,15.070
54161,1,0,1,0.500,117841,137191,3.276,4.600,15.070
54200,1,0,1,0.500,118110,137968,3.272,4.900,16.033
54241,1,0,1,0.500,118317,138550,3.272,4.900,16.033
54281,1,0,1,0.500,118338,138686,3.276,4.800,15.725
54321,1,0,1,0.500,118357,138750,3.276,4.800,15.725
54361,1,0,1,0.500,118527,139120,3.276,4.800,15.725
54401,1,0,1,0.500,118386,138689,3.276,4.800,15.725
54441,1,0,1,0.500,117686,136987,3.276,4.800,15.725
54481,1,0,1,0.500,117096,135437,3.276,4.600,15.070
54521,1,0,1,0.500,116669,134247,3.276,4.600,15.070
54561,1,0,1,0.500,115808,132015,3.276,4.600,15.070
54601,1,0,1,0.500,115191,130487,3.276,5.100,16.708
54641,1,0,1,0.500,115244,130648,3.276,5.100,16.708
54681,1,0,1,0.500,115479,131197,3.280,4.700,15.416
54721,1,0,1,0.500,115644,131567,3.280,4.700,15.416
54761,1,0,1,0.500,116018,132388,3.280,4.700,15.416
54801,1,0,1,0.500,116473,133461,3.276,4.600,15.070
54841,1,0,1,0.500,116949,134647,3.276,4.600,15.070
54881,1,0,1,0.500,117182,135278,3.276,4.600,15.070
54921,1,0,1,0.500,117183,135281,3.276,4.600,15.070
54961,1,0,1,0.500,117049,134953,3.276,4.600,15.070
55001,1,0,1,0.500,116511,133612,3.280,4.700,15.416
55041,1,0,1,0.500,115511,131145,3.280,4.700,15.416
55081,1,0,1,0.500,114634,129108,3.276,4.500,14.742
55121,1,0,1,0.500,114741,129446,3.276,4.500,14.742
55161,1,0,1,0.500,115393,131017,3.276,4.500,14.742
55201,1,0,1,0.500,115493,131310,3.276,4.800,15.725
55241,1,0,1,0.500,115566,131474,3.276,4.800,15.725
55281,1,0,1,0.500,115935,132320,3.276,4.700,15.397
55321,1,0,1,0.500,116260,133141,3.276,4.700,15.397
55361,1,0,1,0.500,116439,133581,3.276,4.700,15.397
55401,1,0,1,0.500,116308,133263,3.276,4.600,15.070
55441,1,0,1,0.500,115906,132241,3.276,4.600,15.070
55481,1,0,1,0.500,115495,131279,3.276,4.700,15.397
55521,1,0,1,0.500,115310,130808,3.276,4.700,15.397
55561,1,0,1,0.500,115434,131132,3.276,4.700,15.397
55601,1,0,1,0.500,115792,131971,3.276,4.700,15.397
55641,1,0,1,0.500,116118,132734,3.276,4.700,15.397
55681,1,0,1,0.500,116311,133199,3.276,4.400,14.414
55721,1,0,1,0.500,116384,133399,3.276,4.400,14.414
55761,1,0,1,0.500,116155,132802,3.276,4.400,14.414
55801,1,0,1,0.500,116110,132771,3.280,4.700,15.416
55841,1,0,1,0.500,116160,132899,3.280,4.700,15.416
55881,1,0,1,0.500,116248,133127,3.280,4.500,14.760
55921,1,0,1,0.500,116460,133692,3.280,4.500,14.760
55961,1,0,1,0.500,116118,132843,3.280,4.500,14.760
56001,1,0,1,0.500,115235,130681,3.276,4.500,14.742
56041,1,0,1,0.500,114573,129122,3.276,4.500,14.742
56081,1,0,1,0.500,114597,129214,3.280,4.900,16.072
56121,1,0,1,0.500,114755,129607,3.280,4.900,16.072
56161,1,0,1,0.500,114944,130059,3.280,4.900,16.072
56201,1,0,1,0.500,115049,130317,3.276,4.600,15.070
56241,1,0,1,0.500,114877,129893,3.276,4.600,15.070
56281,1,0,1,0.500,114562,129145,3.276,4.600,15.070
56321,1,0,1,0.500,114418,128755,3.276,4.600,15.070
56361,1,0,1,0.500,114436,128795,3.276,4.600,15.070
56401,1,0,1,0.500,114648,129289,3.276,4.600,15.070
56441,1,0,1,0.500,114891,129867,3.276,4.600,15.070
56481,1,0,1,0.500,114980,130052,3.272,4.700,15.378
56521,1,0,1,0.500,114926,129954,3.272,4.700,15.378
56561,1,0,1,0.500,114846,129802,3.272,4.700,15.378
56601,1,0,1,0.500,114756,129557,3.276,4.800,15.725
56641,1,0,1,0.500,114678,129385,3.276,4.800,15.725
56681,1,0,1,0.500,114616,129250,3.276,4.700,15.397
56721,1,0,1,0.500,114055,127935,3.276,4.700,15.397
56761,1,0,1,0.500,113545,126808,3.276,4.700,15.397
56802,1,0,1,0.500,113578,126905,3.276,4.800,15.725
56841,1,0,1,0.500,113810,127445,3.276,4.800,15.725
56881,1,0,1,0.500,113922,127713,3.276,4.600,15.070
56922,1,0,1,0.500,113993,127909,3.276,4.600,15.070
56961,1,0,1,0.500,114377,128830,3.276,4.600,15.070
57002,1,0,1,0.500,114570,129275,3.276,4.600,15.070
57042,1,0,1,0.500,114401,128840,3.276,4.600,15.070
57081,1,0,1,0.500,114109,128127,3.280,4.800,15.744
57122,1,0,1,0.500,114032,127974,3.280,4.800,15.744
57162,1,0,1,0.500,114366,128736,3.280,4.800,15.744
57202,1,0,1,0.500,114641,129415,3.276,4.600,15.070
57242,1,0,1,0.500,114775,129731,3.276,4.600,15.070
57281,1,0,1,0.500,114876,129978,3.280,4.600,15.088
57322,1,0,1,0.500,115047,130350,3.280,4.600,15.088
57362,1,0,1,0.500,115224,130754,3.280,4.600,15.088
57402,1,0,1,0.500,115403,131171,3.276,4.800,15.725
57442,1,0,1,0.500,115614,131607,3.276,4.800,15.725
57482,1,0,1,0.500,115165,130528,3.276,4.800,15.725
57522,1,0,1,0.500,114656,129369,3.276,4.800,15.725
57562,1,0,1,0.500,114596,129210,3.276,4.800,15.725
57602,1,0,1,0.500,114671,129388,3.276,4.500,14.742
57642,1,0,1,0.500,114777,129643,3.276,4.500,14.742
57682,1,0,1,0.500,114901,129910,3.276,5.000,16.380
57722,1,0,1,0.500,114962,130087,3.276,5.000,16.380
57762,1,0,1,0.500,115222,130688,3.276,5.000,16.380
57802,1,0,1,0.500,115491,131300,3.276,4.600,15.070
57842,1,0,1,0.500,115722,131843,3.276,4.600,15.070
57882,1,0,1,0.500,115980,132448,3.276,4.700,15.397
57922,1,0,1,0.500,116228,133052,3.276,4.700,15.397
57962,1,0,1,0.500,116386,133469,3.276,4.700,15.397
58002,1,0,1,0.500,116467,133668,3.276,4.600,15.070
58042,1,0,1,0.500,116576,133928,3.276,4.600,15.070
58082,1,0,1,0.500,116634,134109,3.276,4.900,16.052
58122,1,0,1,0.500,116766,134417,3.276,4.900,16.052
58162,1,0,1,0.500,117074,135168,3.276,4.900,16.052
58202,1,0,1,0.500,117508,136249,3.276,4.700,15.397
58242,1,0,1,0.500,117575,136410,3.276,4.700,15.397
58282,1,0,1,0.500,117109,135233,3.276,4.900,16.052
58322,1,0,1,0.500,116783,134409,3.276,4.900,16.052
58362,1,0,1,0.500,116835,134507,3.276,4.900,16.052
58402,1,0,1,0.500,116881,134643,3.276,4.800,15.725
58442,1,0,1,0.500,117015,134970,3.276,4.800,15.725
58482,1,0,1,0.500,117304,135669,3.276,4.700,15.397
58522,1,0,1,0.500,117485,136116,3.276,4.700,15.397
58562,1,0,1,0.500,117503,136143,3.276,4.700,15.397
58602,1,0,1,0.500,117540,136181,3.276,4.700,15.397
58642,1,0,1,0.500,117688,136521,3.276,4.700,15.397
58682,1,0,1,0.500,117814,136870,3.276,4.500,14.742
58722,1,0,1,0.500,117951,137184,3.276,4.500,14.742
58762,1,0,1,0.500,118080,137513,3.276,4.500,14.742
58802,1,0,1,0.500,118160,137705,3.272,4.500,14.724
58842,1,0,1,0.500,118226,137882,3.272,4.500,14.724
58882,1,0,1,0.500,118265,138024,3.276,4.800,15.725
58922,1,0,1,0.500,118426,138384,3.276,4.800,15.725
58962,1,0,1,0.500,118460,138478,3.276,4.800,15.725
59002,1,0,1,0.500,118072,137536,3.276,4.600,15.070
59042,1,0,1,0.500,117681,136534,3.276,4.600,15.070
59082,1,0,1,0.500,117562,136207,3.276,4.700,15.397
59122,1,0,1,0.500,117488,136095,3.276,4.700,15.397
59162,1,0,1,0.500,117586,136328,3.276,4.700,15.397
59202,1,0,1,0.500,117795,136881,3.272,5.000,16.360
59242,1,0,1,0.500,117878,137087,3.272,5.000,16.360
59282,1,0,1,0.500,117788,136885,3.276,4.500,14.742
59322,1,0,1,0.500,117739,136712,3.276,4.500,14.742
59362,1,0,1,0.500,117743,136743,3.276,4.500,14.742
59402,1,0,1,0.500,117860,137054,3.276,4.800,15.725
59442,1,0,1,0.500,118020,137459,3.276,4.800,15.725
59482,1,0,1,0.500,118113,137694,3.276,5.000,16.380
59522,1,0,1,0.500,118160,137840,3.276,5.000,16.380
59562,1,0,1,0.500,118202,137954,3.276,5.000,16.380
59602,1,0,1,0.500,118175,137913,3.276,4.900,16.052
59642,1,0,1,0.500,118161,137903,3.276,4.900,16.052
59682,1,0,1,0.500,118247,138080,3.276,4.800,15.725
59722,1,0,1,0.500,117969,137441,3.276,4.800,15.725
59762,1,0,1,0.500,117438,136095,3.276,4.800,15.725
59802,1,0,1,0.500,117158,135437,3.280,4.500,14.760
59842,1,0,1,0.500,117084,135268,3.280,4.500,14.760
59882,1,0,1,0.500,117054,135267,3.276,4.800,15.725
59922,1,0,1,0.500,117148,135487,3.276,4.800,15.725
59962,1,0,1,0.500,117330,135977,3.276,4.800,15.725
60002,1,0,1,0.500,117307,135956,3.276,4.900,16.052
60042,1,0,1,0.500,117201,135667,3.276,4.900,16.052
60082,1,0,1,0.500,117147,135510,3.276,4.900,16.052
60122,1,0,1,0.500,117131,135489,3.276,4.900,16.052
60162,1,0,1,0.500,117187,135607,3.276,4.900,16.052
60202,1,0,1,0.500,117310,135931,3.272,4.800,15.706
60242,1,0,1,0.500,117444,136287,3.272,4.800,15.706
60283,1,0,1,0.500,117507,136444,3.276,4.700,15.397
60322,1,0,1,0.500,117494,136442,3.276,4.700,15.397
60362,1,0,1,0.500,117509,136489,3.276,4.700,15.397
60403,1,0,1,0.500,117503,136526,3.272,4.800,15.706
60442,1,0,1,0.500,117563,136684,3.272,4.800,15.706
60483,1,0,1,0.500,117276,136003,3.276,4.800,15.725
60523,1,0,1,0.500,116520,134058,3.276,4.800,15.725
60562,1,0,1,0.500,115932,132507,3.276,4.800,15.725
60603,1,0,1,0.500,116006,132703,3.276,4.800,15.725
60643,1,0,1,0.500,116227,133246,3.276,4.800,15.725
60683,1,0,1,0.500,116361,133577,3.276,4.700,15.397
60723,1,0,1,0.500,116533,134084,3.276,4.700,15.397
60763,1,0,1,0.500,116514,134015,3.276,4.700,15.397
60803,1,0,1,0.500,116253,133347,3.276,4.900,16.052
60843,1,0,1,0.500,116144,133045,3.276,4.900,16.052
60883,1,0,1,0.500,116171,133060,3.276,4.800,15.725
60923,1,0,1,0.500,116188,133095,3.276,4.800,15.725
60963,1,0,1,0.500,116520,133920,3.276,4.800,15.725
61003,1,0,1,0.500,116834,134742,3.276,4.700,15.397
61043,1,0,1,0.500,117019,135212,3.276,4.700,15.397
61083,1,0,1,0.500,117195,135671,3.272,4.500,14.724
61123,1,0,1,0.500,117334,136018,3.272,4.500,14.724
61163,1,0,1,0.500,117372,136135,3.272,4.500,14.724
61203,1,0,1,0.500,117484,136417,3.276,4.900,16.052
61243,1,0,1,0.500,117704,136967,3.276,4.900,16.052
61283,1,0,1,0.500,117709,136970,3.276,4.700,15.397
61323,1,0,1,0.500,117114,135484,3.276,4.700,15.397
61363,1,0,1,0.500,116383,133575,3.276,4.700,15.397
61403,1,0,1,0.500,116003,132539,3.276,4.800,15.725
61443,1,0,1,0.500,115936,132388,3.276,4.800,15.725
61483,1,0,1,0.500,116107,132824,3.276,4.600,15.070
61523,1,0,1,0.500,116352,133420,3.276,4.600,15.070
61563,1,0,1,0.500,116634,134128,3.276,4.600,15.070
61603,1,0,1,0.500,116911,134823,3.276,4.600,15.070
61643,1,0,1,0.500,117042,135082,3.276,4.600,15.070
61683,1,0,1,0.500,117168,135404,3.276,4.700,15.397
61723,1,0,1,0.500,117392,135946,3.276,4.700,15.397
61763,1,0,1,0.500,117584,136451,3.276,4.700,15.397
61803,1,0,1,0.500,117756,136847,3.276,5.000,16.380
61843,1,0,1,0.500,117812,137016,3.276,5.000,16.380
61883,1,0,1,0.500,117819,137004,3.276,4.900,16.052
61923,1,0,1,0.500,117778,136905,3.276,4.900,16.052
61963,1,0,1,0.500,117803,136970,3.276,4.900,16.052
62003,1,0,1,0.500,117949,137320,3.276,4.700,15.397
62043,1,0,1,0.500,118125,137793,3.276,4.700,15.397
62083,1,0,1,0.500,118275,138153,3.276,4.800,15.725
62123,1,0,1,0.500,118088,137654,3.276,4.800,15.725
62163,1,0,1,0.500,117486,136128,3.276,4.800,15.725
62203,1,0,1,0.500,117058,135011,3.272,4.800,15.706
62243,1,0,1,0.500,116950,134704,3.272,4.800,15.706
62283,1,0,1,0.500,116965,134767,3.276,4.800,15.725
62323,1,0,1,0.500,117178,135328,3.276,4.800,15.725
62363,1,0,1,0.500,117467,136073,3.276,4.800,15.725
62403,1,0,1,0.500,117595,136406,3.276,4.800,15.725
62443,1,0,1,0.500,117524,136214,3.276,4.800,15.725
62483,1,0,1,0.500,117384,135847,3.276,5.000,16.380
62523,1,0,1,0.500,117360,135783,3.276,5.000,16.380
62563,1,0,1,0.500,117409,135914,3.276,5.000,16.380
62603,1,0,1,0.500,117511,136219,3.276,4.800,15.725
62643,1,0,1,0.500,117615,136514,3.276,4.800,15.725
62683,1,0,1,0.500,117673,136707,3.276,5.100,16.708
62723,1,0,1,0.500,117709,136774,3.276,5.100,16.708
62763,1,0,1,0.500,117705,136750,3.276,5.100,16.708
62803,1,0,1,0.500,117786,136970,3.276,4.900,16.052
62843,1,0,1,0.500,117876,137221,3.276,4.900,16.052
62883,1,0,1,0.500,117551,136381,3.276,4.900,16.052
62923,1,0,1,0.500,116844,134631,3.276,4.900,16.052
62963,1,0,1,0.500,116283,133178,3.276,4.900,16.052
63003,1,0,1,0.500,116037,132591,3.280,4.700,15.416
63043,1,0,1,0.500,116059,132709,3.280,4.700,15.416
63083,1,0,1,0.500,116355,133480,3.276,4.900,16.052
63123,1,0,1,0.500,116829,134697,3.276,4.900,16.052
63163,1,0,1,0.500,116944,135013,3.276,4.900,16.052
63203,1,0,1,0.500,116838,134781,3.280,5.000,16.400
63243,1,0,1,0.500,116724,134454,3.280,5.000,16.400
63283,1,0,1,0.500,116574,134089,3.276,4.800,15.725
63323,1,0,1,0.500,116600,134078,3.276,4.800,15.725
63363,1,0,1,0.500,116701,134330,3.276,4.800,15.725
63403,1,0,1,0.500,116744,134419,3.276,4.800,15.725
63443,1,0,1,0.500,116771,134488,3.276,4.800,15.725
63483,1,0,1,0.500,116950,134916,3.276,4.600,15.070
63523,1,0,1,0.500,117226,135682,3.276,4.600,15.070
63563,1,0,1,0.500,117636,136739,3.276,4.600,15.070
63603,1,0,1,0.500,117979,137633,3.276,4.500,14.742
63643,1,0,1,0.500,117671,136900,3.276,4.500,14.742
63684,1,0,1,0.500,116870,134889,3.276,4.900,16.052
63723,1,0,1,0.500,116118,132908,3.276,4.900,16.052
63763,1,0,1,0.500,115681,131764,3.276,4.900,16.052
63804,1,0,1,0.500,115357,130944,3.276,4.800,15.725
63843,1,0,1,0.500,115245,130706,3.276,4.800,15.725
63884,1,0,1,0.500,115607,131619,3.272,4.900,16.033
63924,1,0,1,0.500,115978,132508,3.272,4.900,16.033
63963,1,0,1,0.500,115974,132497,3.272,4.900,16.033
64004,1,0,1,0.500,115858,132171,3.276,4.600,15.070
64044,1,0,1,0.500,116075,132684,3.276,4.600,15.070
64084,1,0,1,0.500,116310,133252,3.276,5.000,16.380
64124,1,0,1,0.500,116483,133737,3.276,5.000,16.380
64164,1,0,1,0.500,116646,134172,3.276,5.000,16.380
64204,1,0,1,0.500,116786,134558,3.280,4.700,15.416
64244,1,0,1,0.500,116920,134953,3.280,4.700,15.416
64284,1,0,1,0.500,117021,135241,3.276,4.700,15.397
64324,1,0,1,0.500,117120,135481,3.276,4.700,15.397
64364,1,0,1,0.500,117188,135630,3.276,4.700,15.397
64404,1,0,1,0.500,116710,134387,3.280,4.800,15.744
64444,1,0,1,0.500,115918,132351,3.280,4.800,15.744
64484,1,0,1,0.500,115503,131310,3.276,5.400,17.690
64524,1,0,1,0.500,115450,131189,3.276,5.400,17.690
64564,1,0,1,0.500,115570,131539,3.276,5.400,17.690
64604,1,0,1,0.500,115799,132165,3.280,4.700,15.416
64644,1,0,1,0.500,115938,132523,3.280,4.700,15.416
64684,1,0,1,0.500,115924,132438,3.276,4.900,16.052
64724,1,0,1,0.500,115868,132349,3.276,4.900,16.052
64764,1,0,1,0.500,115884,132341,3.276,4.900,16.052
64804,1,0,1,0.500,115887,132314,3.276,4.600,15.070
64844,1,0,1,0.500,116089,132839,3.276,4.600,15.070
64884,1,0,1,0.500,116288,133373,3.276,5.000,16.380
64924,1,0,1,0.500,116466,133844,3.276,5.000,16.380
64964,1,0,1,0.500,116624,134250,3.276,5.000,16.380
65004,1,0,1,0.500,116639,134299,3.276,4.500,14.742
65044,1,0,1,0.500,116704,134476,3.276,4.500,14.742
65084,1,0,1,0.500,116969,135171,3.272,4.900,16.033
65124,1,0,1,0.500,117175,135700,3.272,4.900,16.033
65164,1,0,1,0.500,117229,135827,3.272,4.900,16.033
65204,1,0,1,0.500,116493,133920,3.276,4.500,14.742
65244,1,0,1,0.500,115037,130236,3.276,4.500,14.742
65284,1,0,1,0.500,114380,128651,3.272,4.900,16.033
65324,1,0,1,0.500,114369,128725,3.272,4.900,16.033
65364,1,0,1,0.500,114308,128653,3.272,4.900,16.033
65404,1,0,1,0.500,114838,129939,3.280,5.200,17.056
65444,1,0,1,0.500,115760,132136,3.280,5.200,17.056
65484,1,0,1,0.500,116088,132959,3.276,5.000,16.380
65524,1,0,1,0.500,116152,133036,3.276,5.000,16.380
65564,1,0,1,0.500,116445,133768,3.276,5.000,16.380
65604,1,0,1,0.500,116787,134632,3.280,4.900,16.072
65644,1,0,1,0.500,117094,135432,3.280,4.900,16.072
65684,1,0,1,0.500,117202,135748,3.276,4.700,15.397
65724,1,0,1,0.500,117217,135784,3.276,4.700,15.397
65764,1,0,1,0.500,117156,135635,3.276,4.700,15.397
65804,1,0,1,0.500,117010,135262,3.276,5.000,16.380
65844,1,0,1,0.500,117012,135261,3.276,5.000,16.380
65884,1,0,1,0.500,117307,136006,3.272,5.200,17.014
65924,1,0,1,0.500,117623,136861,3.272,5.200,17.014
65964,1,0,1,0.500,117390,136264,3.272,5.200,17.014
66004,1,0,1,0.500,116445,133782,3.276,4.500,14.742
66044,1,0,1,0.500,115919,132377,3.276,4.500,14.742
66084,1,0,1,0.500,116186,133012,3.276,5.200,17.035
66124,1,0,1,0.500,116568,133997,3.276,5.200,17.035
66164,1,0,1,0.500,116719,134406,3.276,5.200,17.035
66204,1,0,1,0.500,116897,134887,3.276,4.600,15.070
66244,1,0,1,0.500,117174,135600,3.276,4.600,15.070
66284,1,0,1,0.500,117281,135908,3.276,5.200,17.035
66324,1,0,1,0.500,117231,135719,3.276,5.200,17.035
66364,1,0,1,0.500,117050,135224,3.276,5.200,17.035
66404,1,0,1,0.500,116943,134930,3.272,4.300,14.070
66444,1,0,1,0.500,116828,134611,3.272,4.300,14.070
66484,1,0,1,0.500,116790,134510,3.276,5.000,16.380
66524,1,0,1,0.500,116761,134447,3.276,5.000,16.380
66564,1,0,1,0.500,116711,134338,3.276,5.000,16.380
66604,1,0,1,0.500,116947,134960,3.256,4.400,14.326
66644,1,0,1,0.500,117429,136246,3.256,4.400,14.326
66684,1,0,1,0.500,117863,137415,3.276,5.000,16.380
66724,1,0,1,0.500,117991,137748,3.276,5.000,16.380
66764,1,0,1,0.500,117701,136971,3.276,5.000,16.380
66804,1,0,1,0.500,117599,136704,3.280,5.300,17.384
66844,1,0,1,0.500,117772,137105,3.280,5.300,17.384
66884,1,0,1,0.500,117911,137479,3.276,5.300,17.363
66924,1,0,1,0.500,118006,137679,3.276,5.300,17.363
66964,1,0,1,0.500,118063,137852,3.276,5.300,17.363
67004,1,0,1,0.500,117897,137451,3.276,5.000,16.380
67044,1,0,1,0.500,117610,136706,3.276,5.000,16.380
67084,1,0,1,0.500,117464,136305,3.264,5.000,16.320
67124,1,0,1,0.500,117418,136185,3.264,5.000,16.320
67164,1,0,1,0.500,117527,136471,3.264,5.000,16.320
67204,1,0,1,0.500,117838,137281,3.272,4.500,14.724
67244,1,0,1,0.500,118083,137929,3.272,4.500,14.724
67284,1,0,1,0.500,118264,138369,3.248,4.900,15.915
67324,1,0,1,0.500,118392,138753,3.248,4.900,15.915
67364,1,0,1,0.500,118476,138973,3.248,4.900,15.915
67404,1,0,1,0.500,118562,139176,3.272,4.300,14.070
67444,1,0,1,0.500,118631,139353,3.272,4.300,14.070
67485,1,0,1,0.500,118421,138803,3.236,5.000,16.180
67524,1,0,1,0.500,117835,137292,3.236,5.000,16.180
67564,1,0,1,0.500,117228,135739,3.236,5.000,16.180
67605,1,0,1,0.500,116911,134927,3.272,4.100,13.415
67644,1,0,1,0.500,116664,134334,3.272,4.100,13.415
67685,1,0,1,0.500,116453,133836,3.276,6.700,21.949
67725,1,0,1,0.500,116539,134059,3.276,6.700,21.949
67764,1,0,1,0.500,116767,134729,3.276,6.700,21.949
67805,1,0,1,0.500,116995,135352,3.260,4.400,14.344
67845,1,0,1,0.500,117292,136134,3.260,4.400,14.344
67885,1,0,1,0.500,117506,136627,3.276,11.600,38.002
67925,1,0,1,0.500,117480,136590,3.276,11.600,38.002
67964,1,0,1,0.500,117398,136363,3.276,11.600,38.002
68005,1,0,1,0.500,117294,136126,3.248,4.700,15.266
68045,1,0,1,0.500,116991,135402,3.248,4.700,15.266
68085,1,0,1,0.500,116460,134019,3.276,15.600,51.106
68125,1,0,1,0.500,115961,132738,3.276,15.600,51.106
68165,1,0,1,0.500,115909,132623,3.276,15.600,51.106
68205,1,0,1,0.500,116395,133894,3.280,4.800,15.744
68245,1,0,1,0.500,116697,134673,3.280,4.800,15.744
68285,1,0,1,0.500,116576,134421,3.268,5.200,16.994
68325,1,0,1,0.500,116538,134315,3.268,5.200,16.994
68365,1,0,1,0.500,116660,134615,3.268,5.200,16.994
68405,1,0,1,0.500,116625,134568,3.276,4.600,15.070
68445,1,0,1,0.500,116392,133983,3.276,4.600,15.070
68485,1,0,1,0.500,116119,133285,3.252,5.000,16.260
68525,1,0,1,0.500,115792,132500,3.252,5.000,16.260
68565,1,0,1,0.500,115662,132227,3.252,5.000,16.260
68605,1,0,1,0.500,116010,133129,3.276,4.500,14.742
68645,1,0,1,0.500,116737,134963,3.276,4.500,14.742
68685,1,0,1,0.500,117198,136153,3.236,5.400,17.474
68725,1,0,1,0.500,117348,136489,3.236,5.400,17.474
68765,1,0,1,0.500,117340,136478,3.236,5.400,17.474
68805,1,0,1,0.500,117165,136056,3.276,4.200,13.759
68845,1,0,1,0.500,116812,135201,3.276,4.200,13.759
68885,1,0,1,0.500,116305,133860,3.248,7.600,24.685
68925,1,0,1,0.500,116072,133284,3.248,7.600,24.685
68965,1,0,1,0.500,116378,134108,3.248,7.600,24.685
69005,1,0,1,0.500,116945,135570,3.260,4.600,14.996
69045,1,0,1,0.500,116994,135718,3.260,4.600,14.996
69085,1,0,1,0.500,116819,135252,3.268,12.600,41.177
69125,1,0,1,0.500,116827,135245,3.268,12.600,41.177
69165,1,0,1,0.500,116786,135161,3.268,12.600,41.177
69205,1,0,1,0.500,116475,134412,3.280,5.100,16.728
69245,1,0,1,0.500,116241,133802,3.280,5.100,16.728
69285,1,0,1,0.500,115970,133114,3.276,4.900,16.052
69325,1,0,1,0.500,115384,131597,3.276,4.900,16.052
69365,1,0,1,0.500,114857,130302,3.276,4.900,16.052
69405,1,0,1,0.500,115120,130972,3.280,4.800,15.744
69445,1,0,1,0.500,115790,132615,3.280,4.800,15.744
69485,1,0,1,0.500,116411,134191,3.276,4.700,15.397
69525,1,0,1,0.500,116977,135610,3.276,4.700,15.397
69565,1,0,1,0.500,117100,135913,3.276,4.700,15.397
69605,1,0,1,0.500,116811,135131,3.280,4.600,15.088
69645,1,0,1,0.500,116279,133770,3.280,4.600,15.088
69685,1,0,1,0.500,115723,132276,3.276,5.500,18.018
69725,1,0,1,0.500,115643,132167,3.276,5.500,18.018
69765,1,0,1,0.500,115274,131300,3.276,5.500,18.018
69805,1,0,1,0.500,114363,129114,3.276,4.500,14.742
69845,1,0,1,0.500,114319,129036,3.276,4.500,14.742
69885,1,0,1,0.500,114831,130276,3.276,5.400,17.690
69925,1,0,1,0.500,115351,131516,3.276,5.400,17.690
69965,1,0,1,0.500,116103,133424,3.276,5.400,17.690
70005,1,0,1,0.500,116645,134819,3.276,4.400,14.414
70045,1,0,1,0.500,116627,134764,3.276,4.400,14.414
70085,1,0,1,0.500,116228,133675,3.276,5.000,16.380
70125,1,0,1,0.500,115508,131771,3.276,5.000,16.380
70165,1,0,1,0.500,114673,129687,3.276,5.000,16.380
70205,1,0,1,0.500,114068,128286,3.256,4.700,15.303
70245,1,0,1,0.500,113888,127942,3.256,4.700,15.303
70285,1,0,1,0.500,114305,128944,3.276,4.900,16.052
70325,1,0,1,0.500,115191,131110,3.276,4.900,16.052
70365,1,0,1,0.500,116118,133429,3.276,4.900,16.052
70405,1,0,1,0.500,116812,135222,3.284,5.100,16.748
70445,1,0,1,0.500,117169,136114,3.284,5.100,16.748
70485,1,0,1,0.500,116857,135349,3.276,4.800,15.725
70525,1,0,1,0.500,115883,132807,3.276,4.800,15.725
70565,1,0,1,0.500,114923,130314,3.276,4.800,15.725
70605,1,0,1,0.500,114080,128350,3.280,4.700,15.416
70645,1,0,1,0.500,113580,127313,3.280,4.700,15.416
70685,1,0,1,0.500,114287,129025,3.264,5.100,16.646
70725,1,0,1,0.500,115353,131624,3.264,5.100,16.646
70765,1,0,1,0.500,116158,133604,3.264,5.100,16.646
70805,1,0,1,0.500,116664,134880,3.276,4.500,14.742
70845,1,0,1,0.500,116869,135386,3.276,4.500,14.742
70886,1,0,1,0.500,116753,135092,3.244,5.000,16.220
70925,1,0,1,0.500,116458,134387,3.244,5.000,16.220
70965,1,0,1,0.500,116123,133567,3.244,5.000,16.220
71006,1,0,1,0.500,115543,132090,3.272,4.200,13.742
71045,1,0,1,0.500,115078,130964,3.272,4.200,13.742
71086,1,0,1,0.500,115272,131465,3.240,5.100,16.524
71125,1,0,1,0.500,115854,132908,3.240,5.100,16.524
71165,1,0,1,0.500,116137,133603,3.240,5.100,16.524
71206,1,0,1,0.500,115606,132281,3.268,4.300,14.052
71245,1,0,1,0.500,114697,129950,3.268,4.300,14.052
71286,1,0,1,0.500,113827,127861,3.276,10.000,32.760
71326,1,0,1,0.500,113151,126415,3.276,10.000,32.760
71365,1,0,1,0.500,112628,125311,3.276,10.000,32.760
71406,1,0,1,0.500,112461,125065,3.252,4.500,14.634
71446,1,0,1,0.500,112900,126131,3.252,4.500,14.634
71486,1,0,1,0.500,113184,126806,3.280,14.700,48.216
71526,1,0,1,0.500,113310,127037,3.280,14.700,48.216
71566,1,0,1,0.500,113549,127524,3.280,14.700,48.216
71606,1,0,1,0.500,113814,128098,3.280,4.800,15.744
71646,1,0,1,0.500,113905,128289,3.280,4.800,15.744
71686,1,0,1,0.500,113909,128364,3.272,5.400,17.669
71726,1,0,1,0.500,114157,128911,3.272,5.400,17.669
71766,1,0,1,0.500,113810,128101,3.272,5.400,17.669
71806,1,0,1,0.500,113132,126564,3.280,4.400,14.432
71846,1,0,1,0.500,112947,126193,3.280,4.400,14.432
71886,1,0,1,0.500,113062,126474,3.256,5.200,16.931
71926,1,0,1,0.500,112381,124968,3.256,5.200,16.931
71966,1,0,1,0.500,111719,123515,3.256,5.200,16.931
72006,1,0,1,0.500,111588,123249,3.280,4.700,15.416
72046,1,0,1,0.500,111590,123267,3.280,4.700,15.416
72086,1,0,1,0.500,111293,122628,3.240,5.000,16.200
72126,1,0,1,0.500,111134,122298,3.240,5.000,16.200
72166,1,0,1,0.500,111188,122388,3.240,5.000,16.200
72206,1,0,1,0.500,110960,121902,3.276,4.200,13.759
72246,1,0,1,0.500,110844,121612,3.276,4.200,13.759
72286,1,0,1,0.500,110888,121693,3.244,6.900,22.384
72326,1,0,1,0.500,110684,121261,3.244,6.900,22.384
72366,1,0,1,0.500,110493,120900,3.244,6.900,22.384
72406,1,0,1,0.500,110650,121266,3.260,4.500,14.670
72446,1,0,1,0.500,111038,122104,3.260,4.500,14.670
72486,1,0,1,0.500,111332,122737,3.264,11.700,38.189
72526,1,0,1,0.500,111469,123036,3.264,11.700,38.189
72566,1,0,1,0.500,111680,123442,3.264,11.700,38.189
72606,1,0,1,0.500,112007,124143,3.280,4.900,16.072
72646,1,0,1,0.500,112280,124735,3.280,4.900,16.072
72686,1,0,1,0.500,112576,125347,3.276,15.700,51.433
72726,1,0,1,0.500,112255,124661,3.276,15.700,51.433
72766,1,0,1,0.500,111763,123601,3.276,15.700,51.433
72806,1,0,1,0.500,112052,124256,3.280,5.700,18.696
72846,1,0,1,0.500,112301,124791,3.280,5.700,18.696
72886,1,0,1,0.500,111910,123886,3.264,5.000,16.320
72926,1,0,1,0.500,111774,123669,3.264,5.000,16.320
72966,1,0,1,0.500,112200,124641,3.264,5.000,16.320
73006,1,0,1,0.500,112205,124700,3.280,5.100,16.728
73046,1,0,1,0.500,111950,124190,3.280,5.100,16.728
73086,1,0,1,0.500,112117,124627,3.248,5.200,16.890
73126,1,0,1,0.500,112390,125221,3.248,5.200,16.890
73166,1,0,1,0.500,112259,124948,3.248,5.200,16.890
73206,1,0,1,0.500,112437,125337,3.276,4.300,14.087
73246,1,0,1,0.500,112817,126146,3.276,4.300,14.087
73286,1,0,1,0.500,113097,126787,3.280,5.000,16.400
73326,1,0,1,0.500,113484,127644,3.280,5.000,16.400
73366,1,0,1,0.500,113797,128359,3.280,5.000,16.400
73406,1,0,1,0.500,114037,128904,3.268,4.800,15.686
73446,1,0,1,0.500,114355,129655,3.268,4.800,15.686
73486,1,0,1,0.500,114782,130674,3.276,9.400,30.794
73526,1,0,1,0.500,115549,132524,3.276,9.400,30.794
73566,1,0,1,0.500,115689,132909,3.276,9.400,30.794
73606,1,0,1,0.500,115029,131279,3.280,5.100,16.728
73646,1,0,1,0.500,114604,130199,3.280,5.100,16.728
73686,1,0,1,0.500,114497,129892,3.280,5.100,16.728
73726,1,0,1,0.500,114292,129366,3.280,5.100,16.728
73766,1,0,1,0.500,114160,129057,3.280,5.100,16.728
73806,1,0,1,0.500,114128,128945,3.280,5.500,18.040
73846,1,0,1,0.500,114413,129599,3.280,5.500,18.040
73886,1,0,1,0.500,114538,129867,3.276,5.100,16.708
73926,1,0,1,0.500,114487,129691,3.276,5.100,16.708
73966,1,0,1,0.500,114840,130541,3.276,5.100,16.708
74006,1,0,1,0.500,115335,131755,3.280,5.100,16.728
74046,1,0,1,0.500,115575,132358,3.280,5.100,16.728
74086,1,0,1,0.500,115569,132308,3.256,5.100,16.606
74126,1,0,1,0.500,115547,132232,3.256,5.100,16.606
74166,1,0,1,0.500,115452,131961,3.256,5.100,16.606
74206,1,0,1,0.500,115360,131710,3.276,5.100,16.708
74247,1,0,1,0.500,115442,131855,3.276,5.100,16.708
74286,1,0,1,0.500,115802,132678,3.236,5.000,16.180
74326,1,0,1,0.500,116321,133932,3.236,5.000,16.180
74367,1,0,1,0.500,116919,135418,3.236,5.000,16.180
74406,1,0,1,0.500,117170,136077,3.276,4.400,14.414
74447,1,0,1,0.500,116960,135581,3.276,4.400,14.414
74486,1,0,1,0.500,116651,134865,3.248,6.800,22.086
74526,1,0,1,0.500,116281,133847,3.248,6.800,22.086
74567,1,0,1,0.500,115820,132658,3.248,6.800,22.086
74606,1,0,1,0.500,115528,131908,3.276,4.900,16.052
74647,1,0,1,0.500,115458,131660,3.276,4.900,16.052
74686,1,0,1,0.500,115564,131858,3.260,11.700,38.142
74726,1,0,1,0.500,115472,131632,3.260,11.700,38.142
74767,1,0,1,0.500,115330,131277,3.260,11.700,38.142
74806,1,0,1,0.500,115499,131687,3.280,5.100,16.728
74847,1,0,1,0.500,115910,132744,3.280,5.100,16.728
74887,1,0,1,0.500,116263,133616,3.276,15.700,51.433
74926,1,0,1,0.500,116252,133605,3.276,15.700,51.433
74967,1,0,1,0.500,116131,133269,3.276,15.700,51.433
75006,1,0,1,0.500,116055,133051,3.280,4.800,15.744
75047,1,0,1,0.500,115942,132758,3.280,4.800,15.744
75087,1,0,1,0.500,116184,133350,3.264,13.300,43.411
75127,1,0,1,0.500,116650,134509,3.264,13.300,43.411
75167,1,0,1,0.500,116667,134589,3.264,13.300,43.411
75207,1,0,1,0.500,116215,133461,3.276,4.800,15.725
75247,1,0,1,0.500,115797,132393,3.276,4.800,15.725
75287,1,0,1,0.500,115488,131610,3.252,5.100,16.585
75327,1,0,1,0.500,115279,131063,3.252,5.100,16.585
75367,1,0,1,0.500,115385,131360,3.252,5.100,16.585
75407,1,0,1,0.500,115684,132115,3.276,4.700,15.397
75447,1,0,1,0.500,115989,132871,3.276,4.700,15.397
75487,1,0,1,0.500,116031,132980,3.240,5.400,17.496
75527,1,0,1,0.500,115935,132738,3.240,5.400,17.496
75567,1,0,1,0.500,115933,132683,3.240,5.400,17.496
75607,1,0,1,0.500,116091,133071,3.272,4.200,13.742
75647,1,0,1,0.500,116323,133644,3.272,4.200,13.742
75687,1,0,1,0.500,116273,133510,3.252,8.100,26.341
75727,1,0,1,0.500,116339,133697,3.252,8.100,26.341
75767,1,0,1,0.500,116391,133812,3.252,8.100,26.341
75807,1,0,1,0.500,116284,133535,3.256,4.400,14.326
75847,1,0,1,0.500,116411,133837,3.256,4.400,14.326
75887,1,0,1,0.500,116768,134728,3.264,13.000,42.432
75927,1,0,1,0.500,116612,134384,3.264,13.000,42.432
75967,1,0,1,0.500,115989,132817,3.264,13.000,42.432
76007,1,0,1,0.500,115678,131994,3.280,4.800,15.744
76047,1,0,1,0.500,115498,131559,3.280,4.800,15.744
76087,1,0,1,0.500,115377,131278,3.276,4.900,16.052
76127,1,0,1,0.500,115655,131982,3.276,4.900,16.052
76167,1,0,1,0.500,116165,133220,3.276,4.900,16.052
76207,1,0,1,0.500,116430,133894,3.276,4.800,15.725
76247,1,0,1,0.500,116524,134153,3.276,4.800,15.725
76287,1,0,1,0.500,116583,134323,3.280,5.200,17.056
76327,1,0,1,0.500,116780,134770,3.280,5.200,17.056
76367,1,0,1,0.500,117084,135511,3.280,5.200,17.056
76407,1,0,1,0.500,117397,136332,3.276,4.800,15.725
76447,1,0,1,0.500,117638,136929,3.276,4.800,15.725
76487,1,0,1,0.500,117762,137254,3.276,5.100,16.708
76527,1,0,1,0.500,117878,137555,3.276,5.100,16.708
76567,1,0,1,0.500,117977,137814,3.276,5.100,16.708
76607,1,0,1,0.500,118075,138061,3.276,4.100,13.432
76647,1,0,1,0.500,118111,138107,3.276,4.100,13.432
76687,1,0,1,0.500,117782,137290,3.276,5.200,17.035
76727,1,0,1,0.500,117316,136162,3.276,5.200,17.035
76767,1,0,1,0.500,117160,135781,3.276,5.200,17.035
76807,1,0,1,0.500,117149,135783,3.272,4.200,13.742
76847,1,0,1,0.500,117027,135522,3.272,4.200,13.742
76887,1,0,1,0.500,116970,135417,3.276,4.900,16.052
76927,1,0,1,0.500,117069,135607,3.276,4.900,16.052
76967,1,0,1,0.500,117142,135760,3.276,4.900,16.052
77007,1,0,1,0.500,117097,135624,3.252,4.700,15.284
77047,1,0,1,0.500,117114,135641,3.252,4.700,15.284
77087,1,0,1,0.500,117121,135586,3.276,4.800,15.725
77127,1,0,1,0.500,117114,135624,3.276,4.800,15.725
77167,1,0,1,0.500,117195,135836,3.276,4.800,15.725
77207,1,0,1,0.500,117330,136188,3.280,5.200,17.056
77247,1,0,1,0.500,117401,136356,3.280,5.200,17.056
77287,1,0,1,0.500,117449,136482,3.276,4.900,16.052
77327,1,0,1,0.500,117621,136906,3.276,4.900,16.052
77367,1,0,1,0.500,117823,137402,3.276,4.900,16.052
77407,1,0,1,0.500,117774,137276,3.276,4.700,15.397
77447,1,0,1,0.500,117300,136073,3.276,4.700,15.397
77487,1,0,1,0.500,116918,135142,3.256,5.100,16.606
77527,1,0,1,0.500,116810,134866,3.256,5.100,16.606
77567,1,0,1,0.500,116831,134884,3.256,5.100,16.606
77607,1,0,1,0.500,116974,135268,3.280,4.400,14.432
77647,1,0,1,0.500,117244,135910,3.280,4.400,14.432
77687,1,0,1,0.500,117512,136525,3.240,5.100,16.524
77727,1,0,1,0.500,117585,136726,3.240,5.100,16.524
77767,1,0,1,0.500,117560,136629,3.240,5.100,16.524
77807,1,0,1,0.500,117564,136612,3.280,4.300,14.104
77847,1,0,1,0.500,117563,136638,3.280,4.300,14.104
77888,1,0,1,0.500,117430,136381,3.276,6.800,22.277
77927,1,0,1,0.500,117395,136264,3.276,6.800,22.277
77967,1,0,1,0.500,117327,136142,3.276,6.800,22.277
78008,1,0,1,0.500,117223,135874,3.264,4.500,14.688
78047,1,0,1,0.500,117264,135954,3.264,4.500,14.688
78088,1,0,1,0.500,117351,136164,3.276,11.600,38.002
78128,1,0,1,0.500,117501,136480,3.276,11.600,38.002
78167,1,0,1,0.500,117624,136800,3.276,11.600,38.002
78208,1,0,1,0.500,117270,135935,3.280,5.200,17.056
78247,1,0,1,0.500,116872,134895,3.280,5.200,17.056
78288,1,0,1,0.500,116904,134947,3.276,5.300,17.363
78328,1,0,1,0.500,117020,135262,3.276,5.300,17.363
78368,1,0,1,0.500,117003,135237,3.276,5.300,17.363
78408,1,0,1,0.500,117175,135669,3.276,4.800,15.725
78448,1,0,1,0.500,117412,136232,3.276,4.800,15.725
78488,1,0,1,0.500,117461,136364,3.268,5.000,16.340
78528,1,0,1,0.500,117456,136288,3.268,5.000,16.340
78568,1,0,1,0.500,117514,136382,3.268,5.000,16.340
78608,1,0,1,0.500,117619,136628,3.280,4.500,14.760
78648,1,0,1,0.500,117795,137043,3.280,4.500,14.760
78688,1,0,1,0.500,117982,137474,3.248,5.100,16.565
78728,1,0,1,0.500,118114,137830,3.248,5.100,16.565
78768,1,0,1,0.500,118245,138135,3.248,5.100,16.565
78808,1,0,1,0.500,118295,138274,3.276,4.000,13.104
78848,1,0,1,0.500,118314,138337,3.276,4.000,13.104
78888,1,0,1,0.500,118358,138460,3.236,5.200,16.827
78928,1,0,1,0.500,118058,137733,3.236,5.200,16.827
78968,1,0,1,0.500,117590,136581,3.236,5.200,16.827
79008,1,0,1,0.500,117400,136122,3.268,4.200,13.726
79048,1,0,1,0.500,117300,135931,3.268,4.200,13.726
79088,1,0,1,0.500,117212,135788,3.256,9.500,30.932
79128,1,0,1,0.500,117373,136147,3.256,9.500,30.932
79168,1,0,1,0.500,117525,136544,3.256,9.500,30.932
79208,1,0,1,0.500,117446,136381,3.248,4.800,15.590
79248,1,0,1,0.500,117360,136149,3.248,4.800,15.590
79288,1,0,1,0.500,117404,136223,3.280,15.000,49.200
79328,1,0,1,0.500,117400,136254,3.280,15.000,49.200
79368,1,0,1,0.500,117534,136610,3.280,15.000,49.200
79408,1,0,1,0.500,117708,137067,3.280,5.300,17.384
79448,1,0,1,0.500,117694,137061,3.280,5.300,17.384
79488,1,0,1,0.500,117670,137004,3.276,14.300,46.847
79528,1,0,1,0.500,117723,137129,3.276,14.300,46.847
79569,1,0,1,0.500,117839,137422,3.252,8.600,27.967
79608,1,0,1,0.500,117866,137473,3.252,8.600,27.967
79648,1,0,1,0.500,117461,136476,3.252,8.600,27.967
79688,1,0,1,0.500,117004,135376,3.256,9.300,30.281
79728,1,0,1,0.500,116776,134747,3.256,9.300,30.281
79769,1,0,1,0.500,116511,134059,3.268,13.800,45.098
79808,1,0,1,0.500,116333,133609,3.268,13.800,45.098
79848,1,0,1,0.500,116491,134003,3.268,13.800,45.098
79888,1,0,1,0.500,116696,134482,3.240,5.600,18.144
79928,1,0,1,0.500,116787,134698,3.240,5.600,18.144
79969,1,0,1,0.500,116855,134877,3.276,15.900,52.088
80008,1,0,1,0.500,117045,135322,3.276,15.900,52.088
80048,1,0,1,0.500,117261,135863,3.276,15.900,52.088
80088,1,0,1,0.500,117454,136328,3.248,7.100,23.061
80128,1,0,1,0.500,117631,136848,3.248,7.100,23.061
80169,1,0,1,0.500,117801,137298,3.260,10.500,34.230
80208,1,0,1,0.500,117914,137604,3.260,10.500,34.230
80248,1,0,1,0.500,117981,137766,3.260,10.500,34.230
80288,1,0,1,0.500,118040,137894,3.264,12.800,41.779
80328,1,0,1,0.500,117985,137729,3.264,12.800,41.779
80369,1,0,1,0.500,117482,136462,3.240,5.100,16.524
80408,1,0,1,0.500,117004,135248,3.240,5.100,16.524
80448,1,0,1,0.500,116949,135085,3.240,5.100,16.524
80488,1,0,1,0.500,117007,135273,3.276,16.100,52.744
80528,1,0,1,0.500,117066,135415,3.276,16.100,52.744
80569,1,0,1,0.500,117170,135674,3.244,5.700,18.491
80608,1,0,1,0.500,117317,136048,3.244,5.700,18.491
80648,1,0,1,0.500,117434,136357,3.244,5.700,18.491
80688,1,0,1,0.500,117465,136484,3.264,11.600,37.862
80728,1,0,1,0.500,117533,136660,3.264,11.600,37.862
80769,1,0,1,0.500,117637,136951,3.264,11.800,38.515
80808,1,0,1,0.500,117723,137166,3.264,11.800,38.515
80848,1,0,1,0.500,117781,137318,3.264,11.800,38.515
80888,1,0,1,0.500,117817,137373,3.244,6.600,21.410
80929,1,0,1,0.500,117834,137414,3.244,6.600,21.410
80969,1,0,1,0.500,117922,137611,3.276,16.100,52.744
81008,1,0,1,0.500,118061,137925,3.276,16.100,52.744
81049,1,0,1,0.500,118141,138119,3.276,16.100,52.744
81088,1,0,1,0.500,117789,137219,3.236,5.100,16.504
81129,1,0,1,0.500,117221,135841,3.236,5.100,16.504
81169,1,0,1,0.500,116977,135230,3.268,12.700,41.504
81209,1,0,1,0.500,116995,135289,3.268,12.700,41.504
81249,1,0,1,0.500,117043,135436,3.268,12.700,41.504
81288,1,0,1,0.500,117251,135913,3.260,10.600,34.556
81329,1,0,1,0.500,117439,136399,3.260,10.600,34.556
81369,1,0,1,0.500,117547,136639,3.248,7.500,24.360
81409,1,0,1,0.500,117632,136799,3.248,7.500,24.360
81449,1,0,1,0.500,117687,136875,3.248,7.500,24.360
81489,1,0,1,0.500,117708,136915,3.276,16.400,53.726
81529,1,0,1,0.500,117736,136977,3.276,16.400,53.726
81569,1,0,1,0.500,117731,136957,3.236,5.300,17.151
81609,1,0,1,0.500,117748,136997,3.236,5.300,17.151
81649,1,0,1,0.500,117780,137091,3.236,5.300,17.151
81689,1,0,1,0.500,117907,137438,3.272,13.900,45.481
81729,1,0,1,0.500,118091,137856,3.272,13.900,45.481
81769,1,0,1,0.500,118155,138008,3.256,9.100,29.630
81809,1,0,1,0.500,118137,137960,3.256,9.100,29.630
81849,1,0,1,0.500,117784,137036,3.256,9.100,29.630
81889,1,0,1,0.500,117264,135737,3.252,8.600,27.967
81929,1,0,1,0.500,117113,135338,3.252,8.600,27.967
81969,1,0,1,0.500,117220,135619,3.272,14.600,47.771
82009,1,0,1,0.500,117283,135824,3.272,14.600,47.771
82049,1,0,1,0.500,117394,136157,3.272,14.600,47.771
82089,1,0,1,0.500,117502,136434,3.236,5.100,16.504
82129,1,0,1,0.500,117483,136367,3.236,5.100,16.504
82169,1,0,1,0.500,117397,136144,3.276,15.400,50.450
82209,1,0,1,0.500,117399,136092,3.276,15.400,50.450
82249,1,0,1,0.500,117481,136306,3.276,15.400,50.450
82289,1,0,1,0.500,117645,136717,3.244,7.200,23.357
82329,1,0,1,0.500,117803,137107,3.244,7.200,23.357
82369,1,0,1,0.500,117887,137357,3.260,10.500,34.230
82409,1,0,1,0.500,117895,137381,3.260,10.500,34.230
82449,1,0,1,0.500,117895,137390,3.260,10.500,34.230
82489,1,0,1,0.500,118072,137861,3.264,12.300,40.147
82529,1,0,1,0.500,118164,138100,3.264,12.300,40.147
82569,1,0,1,0.500,117822,137220,3.240,5.400,17.496
82609,1,0,1,0.500,117383,136139,3.240,5.400,17.496
82649,1,0,1,0.500,117238,135762,3.240,5.400,17.496
82689,1,0,1,0.500,117190,135646,3.276,16.600,54.382
82729,1,0,1,0.500,117199,135711,3.276,16.600,54.382
82769,1,0,1,0.500,117321,136026,3.236,5.300,17.151
82809,1,0,1,0.500,117375,136156,3.236,5.300,17.151
82849,1,0,1,0.500,117287,135961,3.236,5.300,17.151
82889,1,0,1,0.500,117158,135611,3.268,13.300,43.464
82929,1,0,1,0.500,116985,135169,3.268,13.300,43.464
82969,1,0,1,0.500,116758,134621,3.256,11.000,35.816
83009,1,0,1,0.500,116679,134411,3.256,11.000,35.816
83049,1,0,1,0.500,116595,134204,3.256,11.000,35.816
83089,1,0,1,0.500,116517,134054,3.248,7.500,24.360
83129,1,0,1,0.500,116568,134157,3.248,7.500,24.360
83169,1,0,1,0.500,116463,133901,3.280,16.700,54.776
83209,1,0,1,0.500,116560,134152,3.280,16.700,54.776
83249,1,0,1,0.500,116365,133647,3.280,16.700,54.776
83289,1,0,1,0.500,115378,131180,3.232,4.900,15.837
83329,1,0,1,0.500,114758,129646,3.232,4.900,15.837
83369,1,0,1,0.500,114739,129614,3.280,14.600,47.888
83409,1,0,1,0.500,114667,129490,3.280,14.600,47.888
83449,1,0,1,0.500,114708,129630,3.280,14.600,47.888
83489,1,0,1,0.500,114819,129920,3.256,9.600,31.258
83529,1,0,1,0.500,114650,129553,3.256,9.600,31.258
83569,1,0,1,0.500,114447,129086,3.280,9.200,30.176
83609,1,0,1,0.500,114308,128755,3.280,9.200,30.176
83649,1,0,1,0.500,114428,129067,3.280,9.200,30.176
83689,1,0,1,0.500,114675,129684,3.276,14.900,48.812
83729,1,0,1,0.500,114864,130094,3.276,14.900,48.812
83769,1,0,1,0.500,114894,130195,3.236,5.000,16.180
83809,1,0,1,0.500,114804,129969,3.236,5.000,16.180
83849,1,0,1,0.500,114750,129865,3.236,5.000,16.180
83889,1,0,1,0.500,114809,130022,3.280,16.400,53.792
83929,1,0,1,0.500,115139,130784,3.280,16.400,53.792
83969,1,0,1,0.500,114881,130181,3.248,4.700,15.266
84009,1,0,1,0.500,114125,128383,3.248,4.700,15.266
84049,1,0,1,0.500,113802,127624,3.248,4.700,15.266
84089,1,0,1,0.500,113700,127400,3.260,10.300,33.578
84129,1,0,1,0.500,113695,127427,3.260,10.300,33.578
84169,1,0,1,0.500,113802,127710,3.268,13.700,44.772
84209,1,0,1,0.500,114096,128386,3.268,13.700,44.772
84249,1,0,1,0.500,114188,128608,3.268,13.700,44.772
84289,1,0,1,0.500,114272,128782,3.236,4.800,15.533
84329,1,0,1,0.500,114080,128301,3.236,4.800,15.533
84369,1,0,1,0.500,113962,127987,3.276,17.200,56.347
84409,1,0,1,0.500,113893,127859,3.276,17.200,56.347
84449,1,0,1,0.500,113806,127710,3.276,17.200,56.347
84489,1,0,1,0.500,113918,128020,3.244,4.900,15.896
84529,1,0,1,0.500,114161,128589,3.244,4.900,15.896
84569,1,0,1,0.500,114608,129629,3.280,11.400,37.392
84609,1,0,1,0.500,114839,130151,3.280,11.400,37.392
84649,1,0,1,0.500,114840,130145,3.280,11.400,37.392
84689,1,0,1,0.500,114925,130382,3.264,4.700,15.341
84729,1,0,1,0.500,114434,129217,3.264,4.700,15.341
84769,1,0,1,0.500,113883,127934,3.280,5.300,17.384
84809,1,0,1,0.500,113846,127886,3.280,5.300,17.384
84850,1,0,1,0.500,113964,128189,3.280,5.300,17.384
84889,1,0,1,0.500,113757,127722,3.280,17.300,56.744
84929,1,0,1,0.500,113557,127295,3.280,17.300,56.744
84970,1,0,1,0.500,113688,127604,3.280,4.800,15.744
85009,1,0,1,0.500,113852,127977,3.280,4.800,15.744
85050,1,0,1,0.500,113825,127857,3.280,4.800,15.744
85089,1,0,1,0.500,114031,128260,3.280,12.400,40.672
85129,1,0,1,0.500,114309,128927,3.280,12.400,40.672
85170,1,0,1,0.500,114349,128999,3.264,4.800,15.667
85209,1,0,1,0.500,114339,128990,3.264,4.800,15.667
85250,1,0,1,0.500,114244,128766,3.264,4.800,15.667
85290,1,0,1,0.500,114185,128629,3.280,6.900,22.632
85329,1,0,1,0.500,114197,128621,3.280,6.900,22.632
85370,1,0,1,0.500,114435,129179,3.280,4.500,14.760
85410,1,0,1,0.500,114970,130444,3.280,4.500,14.760
85450,1,0,1,0.500,115422,131498,3.280,4.500,14.760
85490,1,0,1,0.500,114945,130309,3.276,4.700,15.397
85530,1,0,1,0.500,113627,127222,3.276,4.700,15.397
85570,1,0,1,0.500,112920,125641,3.280,14.100,46.248
85610,1,0,1,0.500,112959,125781,3.280,14.100,46.248
85650,1,0,1,0.500,113060,126040,3.280,14.100,46.248
85690,1,0,1,0.500,113160,126256,3.280,4.700,15.416
85730,1,0,1,0.500,113579,127245,3.280,4.700,15.416
85770,1,0,1,0.500,113974,128072,3.276,7.500,24.570
85810,1,0,1,0.500,113809,127677,3.276,7.500,24.570
85850,1,0,1,0.500,113725,127475,3.276,7.500,24.570
85890,1,0,1,0.500,113934,127923,3.280,4.500,14.760
85930,1,0,1,0.500,113994,128057,3.280,4.500,14.760
85970,1,0,1,0.500,114062,128208,3.280,4.800,15.744
86010,1,0,1,0.500,114081,128278,3.280,4.800,15.744
86050,1,0,1,0.500,114272,128746,3.280,4.800,15.744
86090,1,0,1,0.500,114431,129124,3.276,4.700,15.397
86130,1,0,1,0.500,114673,129697,3.276,4.700,15.397
86170,1,0,1,0.500,115144,130771,3.276,4.800,15.725
86210,1,0,1,0.500,115389,131374,3.276,4.800,15.725
86250,1,0,1,0.500,114828,129968,3.276,4.800,15.725
86290,1,0,1,0.500,114155,128317,3.280,4.700,15.416
86330,1,0,1,0.500,114004,128023,3.280,4.700,15.416
86370,1,0,1,0.500,114084,128271,3.280,4.800,15.744
86410,1,0,1,0.500,114172,128489,3.280,4.800,15.744
86450,1,0,1,0.500,114383,129002,3.280,4.800,15.744
86490,1,0,1,0.500,114811,130028,3.280,4.800,15.744
86530,1,0,1,0.500,114758,129873,3.280,4.800,15.744
86570,1,0,1,0.500,114494,129188,3.280,4.600,15.088
86610,1,0,1,0.500,114595,129429,3.280,4.600,15.088
86650,1,0,1,0.500,114945,130240,3.280,4.600,15.088
86690,1,0,1,0.500,115058,130536,3.276,4.600,15.070
86730,1,0,1,0.500,114946,130321,3.276,4.600,15.070
86770,1,0,1,0.500,114916,130251,3.276,4.600,15.070
86810,1,0,1,0.500,114692,129747,3.276,4.600,15.070
86850,1,0,1,0.500,114491,129324,3.276,4.600,15.070
86890,1,0,1,0.500,114828,130153,3.284,4.700,15.435
86930,1,0,1,0.500,115322,131355,3.284,4.700,15.435
86970,1,0,1,0.500,114799,130115,3.280,4.800,15.744
87010,1,0,1,0.500,113688,127488,3.280,4.800,15.744
87050,1,0,1,0.500,113162,126325,3.280,4.800,15.744
87090,1,0,1,0.500,112936,125872,3.280,4.600,15.088
87130,1,0,1,0.500,112825,125638,3.280,4.600,15.088
87170,1,0,1,0.500,113109,126293,3.280,4.600,15.088
87210,1,0,1,0.500,113312,126779,3.280,4.600,15.088
87250,1,0,1,0.500,113224,126595,3.280,4.600,15.088
87290,1,0,1,0.500,113228,126567,3.280,4.600,15.088
87330,1,0,1,0.500,113363,126887,3.280,4.600,15.088
87370,1,0,1,0.500,113384,126935,3.276,4.800,15.725
87410,1,0,1,0.500,113400,126985,3.276,4.800,15.725
87450,1,0,1,0.500,113605,127486,3.276,4.800,15.725
87490,1,0,1,0.500,113798,127954,3.280,4.700,15.416
87530,1,0,1,0.500,113794,127928,3.280,4.700,15.416
87570,1,0,1,0.500,113795,127933,3.276,4.500,14.742
87610,1,0,1,0.500,113976,128326,3.276,4.500,14.742
87650,1,0,1,0.500,114323,129143,3.276,4.500,14.742
87690,1,0,1,0.500,113903,128127,3.280,4.600,15.088
87730,1,0,1,0.500,112982,126048,3.280,4.600,15.088
87770,1,0,1,0.500,112668,125325,3.280,4.800,15.744
87810,1,0,1,0.500,112616,125268,3.280,4.800,15.744
87851,1,0,1,0.500,112559,125174,3.280,4.800,15.744
87890,1,0,1,0.500,112734,125569,3.276,4.700,15.397
87931,1,0,1,0.500,113049,126310,3.276,4.700,15.397
87970,1,0,1,0.500,113074,126385,3.280,4.600,15.088
88010,1,0,1,0.500,112945,126066,3.280,4.600,15.088
88051,1,0,1,0.500,112990,126131,3.280,4.600,15.088
88090,1,0,1,0.500,113148,126496,3.280,4.500,14.760
88131,1,0,1,0.500,113205,126612,3.280,4.500,14.760
88170,1,0,1,0.500,113312,126863,3.280,4.500,14.760
88210,1,0,1,0.500,113356,126989,3.280,4.500,14.760
88251,1,0,1,0.500,113442,127198,3.280,4.500,14.760
88290,1,0,1,0.500,113451,127226,3.280,4.600,15.088
88331,1,0,1,0.500,113595,127571,3.280,4.600,15.088
88371,1,0,1,0.500,113867,128164,3.280,4.800,15.744
88410,1,0,1,0.500,113891,128179,3.280,4.800,15.744
88451,1,0,1,0.500,113077,126297,3.280,4.800,15.744
88491,1,0,1,0.500,112321,124618,3.280,4.700,15.416
88531,1,0,1,0.500,112096,124161,3.280,4.700,15.416
88571,1,0,1,0.500,112124,124264,3.280,4.700,15.416
88611,1,0,1,0.500,112093,124203,3.280,4.700,15.416
88651,1,0,1,0.500,112408,124914,3.280,4.700,15.416
88691,1,0,1,0.500,112664,125505,3.280,4.700,15.416
88731,1,0,1,0.500,112575,125274,3.280,4.700,15.416
88771,1,0,1,0.500,112600,125326,3.276,4.500,14.742
88811,1,0,1,0.500,112779,125705,3.276,4.500,14.742
88851,1,0,1,0.500,112716,125550,3.276,4.500,14.742
88891,1,0,1,0.500,112732,125596,3.280,4.700,15.416
88931,1,0,1,0.500,112874,125919,3.280,4.700,15.416
88971,1,0,1,0.500,112874,125923,3.280,4.700,15.416
89011,1,0,1,0.500,112598,125338,3.280,4.700,15.416
89051,1,0,1,0.500,112633,125430,3.280,4.700,15.416
89091,1,0,1,0.500,112786,125763,3.280,4.600,15.088
89131,1,0,1,0.500,112853,125908,3.280,4.600,15.088
89171,1,0,1,0.500,112921,126054,3.280,4.700,15.416
89211,1,0,1,0.500,112017,124016,3.280,4.700,15.416
89251,1,0,1,0.500,111155,122175,3.280,4.700,15.416
89291,1,0,1,0.500,110986,121831,3.280,4.600,15.088
89331,1,0,1,0.500,110762,121396,3.280,4.600,15.088
89371,1,0,1,0.500,110545,120979,3.276,4.400,14.414
89411,1,0,1,0.500,110768,121437,3.276,4.400,14.414
89451,1,0,1,0.500,111013,121922,3.276,4.400,14.414
89491,1,0,1,0.500,110916,121706,3.284,4.600,15.106
89531,1,0,1,0.500,111025,121931,3.284,4.600,15.106
89571,1,0,1,0.500,111366,122652,3.280,4.700,15.416
89611,1,0,1,0.500,111910,123791,3.280,4.700,15.416
89651,1,0,1,0.500,112460,124993,3.280,4.700,15.416
89691,1,0,1,0.500,112980,126130,3.280,4.300,14.104
89731,1,0,1,0.500,113273,126722,3.280,4.300,14.104
89771,1,0,1,0.500,113272,126695,3.280,4.500,14.760
89811,1,0,1,0.500,113283,126710,3.280,4.500,14.760
89851,1,0,1,0.500,113480,127121,3.280,4.500,14.760
89891,1,0,1,0.500,113923,128149,3.280,4.800,15.744
89931,1,0,1,0.500,114522,129536,3.280,4.800,15.744
89971,1,0,1,0.500,114147,128586,3.280,4.700,15.416
90011,1,0,1,0.500,113378,126762,3.280,4.700,15.416
90051,1,0,1,0.500,113048,125969,3.280,4.700,15.416
90091,1,0,1,0.500,112962,125773,3.280,4.600,15.088
90131,1,0,1,0.500,113116,126118,3.280,4.600,15.088
90171,1,0,1,0.500,113439,126863,3.280,4.800,15.744
90211,1,0,1,0.500,113963,128035,3.280,4.800,15.744
90251,1,0,1,0.500,114178,128501,3.280,4.800,15.744
90291,1,0,1,0.500,114202,128495,3.280,4.700,15.416
90331,1,0,1,0.500,114584,129312,3.280,4.700,15.416
90371,1,0,1,0.500,115076,130479,3.280,4.600,15.088
90411,1,0,1,0.500,115152,130620,3.280,4.600,15.088
90451,1,0,1,0.500,115057,130388,3.280,4.600,15.088
90491,1,0,1,0.500,114970,130143,3.276,4.900,16.052
90531,1,0,1,0.500,114593,129241,3.276,4.900,16.052
90571,1,0,1,0.500,114419,128839,3.280,4.800,15.744
90611,1,0,1,0.500,114603,129295,3.280,4.800,15.744
90651,1,0,1,0.500,114876,129930,3.280,4.800,15.744
90691,1,0,1,0.500,114485,128961,3.280,4.800,15.744
90731,1,0,1,0.500,113557,126806,3.280,4.800,15.744
90771,1,0,1,0.500,113207,126046,3.280,4.500,14.760
