191,1,0,1,0.500,45173,47141,3.268,3.100,10.131
231,1,0,1,0.500,44989,46910,3.268,3.100,10.131
271,1,0,1,0.500,44883,46756,3.260,4.500,14.670
311,1,0,1,0.500,45013,46916,3.260,4.500,14.670
351,1,0,1,0.500,45271,47250,3.260,4.500,14.670
392,1,0,1,0.500,45288,47237,3.260,4.700,15.322
431,1,0,1,0.500,44957,46809,3.260,4.700,15.322
472,1,0,1,0.500,44874,46670,3.260,4.700,15.322
512,1,0,1,0.500,45095,46804,3.260,4.700,15.322
551,1,0,1,0.500,45440,47203,3.260,4.700,15.322
592,1,0,1,0.500,46016,47925,3.260,4.300,14.018
632,1,0,1,0.500,46157,48089,3.260,4.300,14.018
671,1,0,1,0.500,45989,47796,3.256,4.400,14.326
712,1,0,1,0.500,46147,47749,3.256,4.400,14.326
752,1,0,1,0.500,47372,48933,3.256,4.400,14.326
792,1,0,1,0.500,49410,51224,3.260,4.400,14.344
832,1,0,1,0.500,50341,52424,3.260,4.400,14.344
871,1,0,1,0.500,49934,51886,3.260,4.300,14.018
912,1,0,1,0.500,49641,51543,3.260,4.300,14.018
952,1,0,1,0.500,50086,52266,3.260,4.300,14.018
991,1,0,1,0.500,50134,52481,3.256,4.400,14.326
1032,1,0,1,0.500,49346,51491,3.256,4.400,14.326
1072,1,0,1,0.500,49108,51221,3.260,4.800,15.648
1112,1,0,1,0.500,49206,51683,3.260,4.800,15.648
1152,1,0,1,0.500,48212,50805,3.260,4.800,15.648
1192,1,0,1,0.500,47316,49635,3.260,4.600,14.996
1232,1,0,1,0.500,46718,49205,3.260,4.600,14.996
1272,1,0,1,0.500,46820,49516,3.260,4.300,14.018
1312,1,0,1,0.500,46241,48519,3.260,4.300,14.018
1352,1,0,1,0.500,46014,48275,3.260,4.300,14.018
1392,1,0,1,0.500,46720,49519,3.256,4.700,15.303
1432,1,0,1,0.500,46312,48927,3.256,4.700,15.303
1472,1,0,1,0.500,45981,48279,3.260,4.600,14.996
1512,1,0,1,0.500,45997,48503,3.260,4.600,14.996
1552,1,0,1,0.500,46407,49207,3.260,4.600,14.996
1592,1,0,1,0.500,45685,48149,3.256,4.500,14.652
1632,1,0,1,0.500,45132,47482,3.256,4.500,14.652
1672,1,0,1,0.500,45084,47758,3.260,4.600,14.996
1712,1,0,1,0.500,44636,47216,3.260,4.600,14.996
1752,1,0,1,0.500,44134,46543,3.260,4.600,14.996
1792,1,0,1,0.500,44284,47012,3.260,4.600,14.996
1832,1,0,1,0.500,44244,47071,3.260,4.600,14.996
1872,1,0,1,0.500,43803,46231,3.260,4.500,14.670
1912,1,0,1,0.500,43741,46244,3.260,4.500,14.670
1952,1,0,1,0.500,44076,46955,3.260,4.500,14.670
1992,1,0,1,0.500,43639,46278,3.256,4.700,15.303
2032,1,0,1,0.500,43171,45685,3.256,4.700,15.303
2072,1,0,1,0.500,43637,46596,3.252,4.300,13.984
2112,1,0,1,0.500,43322,46178,3.252,4.300,13.984
2152,1,0,1,0.500,42945,45453,3.252,4.300,13.984
2192,1,0,1,0.500,43085,45911,3.256,4.800,15.629
2232,1,0,1,0.500,43132,46195,3.256,4.800,15.629
2272,1,0,1,0.500,42636,45253,3.260,4.400,14.344
2312,1,0,1,0.500,42611,45322,3.260,4.400,14.344
2352,1,0,1,0.500,43148,46365,3.260,4.400,14.344
2392,1,0,1,0.500,42599,45464,3.252,4.600,14.959
2432,1,0,1,0.500,42283,45039,3.252,4.600,14.959
2472,1,0,1,0.500,42913,46116,3.252,4.700,15.284
2512,1,0,1,0.500,42681,45755,3.252,4.700,15.284
2552,1,0,1,0.500,42334,44948,3.252,4.700,15.284
2592,1,0,1,0.500,42482,45318,3.256,4.400,14.326
2632,1,0,1,0.500,42847,46004,3.256,4.400,14.326
2672,1,0,1,0.500,42142,44809,3.256,4.800,15.629
2712,1,0,1,0.500,42027,44669,3.256,4.800,15.629
2752,1,0,1,0.500,42682,45855,3.256,4.800,15.629
2792,1,0,1,0.500,42829,46085,3.260,4.600,14.996
2832,1,0,1,0.500,43596,46622,3.260,4.600,14.996
2872,1,0,1,0.500,44711,47345,3.256,4.800,15.629
2912,1,0,1,0.500,45523,48017,3.256,4.800,15.629
2952,1,0,1,0.500,45023,47129,3.256,4.800,15.629
2992,1,0,1,0.500,45174,46836,3.256,4.500,14.652
3032,1,0,1,0.500,45411,47187,3.256,4.500,14.652
3072,1,0,1,0.500,46376,48618,3.260,4.800,15.648
3112,1,0,1,0.500,46409,48344,3.260,4.800,15.648
3152,1,0,1,0.500,46575,48336,3.260,4.800,15.648
3193,1,0,1,0.500,46925,49054,3.264,4.600,15.014
3232,1,0,1,0.500,46852,48985,3.264,4.600,15.014
3272,1,0,1,0.500,46746,48556,3.264,4.600,15.014
3313,1,0,1,0.500,46928,48702,3.264,4.600,15.014
3352,1,0,1,0.500,47225,49273,3.264,4.600,15.014
3392,1,0,1,0.500,47361,49312,3.264,4.800,15.667
3433,1,0,1,0.500,47411,49287,3.264,4.800,15.667
3472,1,0,1,0.500,47760,49826,3.264,4.700,15.341
3512,1,0,1,0.500,48065,50229,3.264,4.700,15.341
3553,1,0,1,0.500,48029,50002,3.264,4.700,15.341
3592,1,0,1,0.500,48157,49952,3.260,4.700,15.322
3633,1,0,1,0.500,48308,50495,3.260,4.700,15.322
3673,1,0,1,0.500,48487,50884,3.264,4.700,15.341
3712,1,0,1,0.500,47874,49885,3.264,4.700,15.341
3753,1,0,1,0.500,47819,49530,3.264,4.700,15.341
3793,1,0,1,0.500,48086,50115,3.264,4.700,15.341
3832,1,0,1,0.500,48899,51306,3.264,4.700,15.341
3873,1,0,1,0.500,48683,50933,3.260,4.600,14.996
3913,1,0,1,0.500,48207,50192,3.260,4.600,14.996
3953,1,0,1,0.500,47813,49888,3.260,4.600,14.996
3993,1,0,1,0.500,48105,50503,3.260,4.500,14.670
4033,1,0,1,0.500,48649,51139,3.260,4.500,14.670
4073,1,0,1,0.500,49931,52666,3.260,4.800,15.648
4113,1,0,1,0.500,51136,54058,3.260,4.800,15.648
4153,1,0,1,0.500,51536,54400,3.260,4.800,15.648
4193,1,0,1,0.500,51687,54473,3.248,4.300,13.966
4233,1,0,1,0.500,51743,54527,3.248,4.300,13.966
4273,1,0,1,0.500,51685,54539,3.252,4.500,14.634
4313,1,0,1,0.500,51687,54589,3.252,4.500,14.634
4353,1,0,1,0.500,51669,54322,3.252,4.500,14.634
4393,1,0,1,0.500,51748,54262,3.236,4.500,14.562
4433,1,0,1,0.500,51456,53912,3.236,4.500,14.562
4473,1,0,1,0.500,51245,53802,3.248,4.700,15.266
4513,1,0,1,0.500,51223,53952,3.248,4.700,15.266
4553,1,0,1,0.500,51084,53832,3.248,4.700,15.266
4593,1,0,1,0.500,51249,53975,3.252,4.700,15.284
4633,1,0,1,0.500,51420,54146,3.252,4.700,15.284
4673,1,0,1,0.500,51598,54232,3.248,4.600,14.941
4713,1,0,1,0.500,50942,52862,3.248,4.600,14.941
4753,1,0,1,0.500,51008,53339,3.248,4.600,14.941
4793,1,0,1,0.500,50773,53092,3.252,4.800,15.610
4833,1,0,1,0.500,50542,52846,3.252,4.800,15.610
4873,1,0,1,0.500,50298,52652,3.256,4.600,14.978
4913,1,0,1,0.500,50413,52753,3.256,4.600,14.978
4953,1,0,1,0.500,50366,52673,3.256,4.600,14.978
4993,1,0,1,0.500,50303,52500,3.260,4.800,15.648
5033,1,0,1,0.500,49879,51426,3.260,4.800,15.648
5073,1,0,1,0.500,47396,49173,3.264,4.300,14.035
5113,1,0,1,0.500,46954,48889,3.264,4.300,14.035
5153,1,0,1,0.500,46824,48841,3.264,4.300,14.035
5193,1,0,1,0.500,46741,48799,3.260,4.900,15.974
5233,1,0,1,0.500,46725,48767,3.260,4.900,15.974
5273,1,0,1,0.500,47319,49362,3.264,4.700,15.341
5313,1,0,1,0.500,47922,49931,3.264,4.700,15.341
5353,1,0,1,0.500,49026,50952,3.264,4.700,15.341
5393,1,0,1,0.500,50495,51664,3.260,4.600,14.996
5433,1,0,1,0.500,50174,51989,3.260,4.600,14.996
5473,1,0,1,0.500,49526,51443,3.260,4.700,15.322
5513,1,0,1,0.500,48976,50955,3.260,4.700,15.322
5553,1,0,1,0.500,47880,49839,3.260,4.700,15.322
5593,1,0,1,0.500,47928,49867,3.264,4.700,15.341
5633,1,0,1,0.500,49308,51194,3.264,4.700,15.341
5673,1,0,1,0.500,50492,52415,3.260,4.900,15.974
5713,1,0,1,0.500,49390,51390,3.260,4.900,15.974
5753,1,0,1,0.500,48444,50557,3.260,4.900,15.974
5793,1,0,1,0.500,48242,50356,3.260,4.600,14.996
5833,1,0,1,0.500,48087,50147,3.260,4.600,14.996
5873,1,0,1,0.500,48387,50447,3.260,4.800,15.648
5913,1,0,1,0.500,48727,50812,3.260,4.800,15.648
5953,1,0,1,0.500,48415,50368,3.260,4.800,15.648
5993,1,0,1,0.500,48242,50227,3.260,4.600,14.996
6033,1,0,1,0.500,48111,50009,3.260,4.600,14.996
6073,1,0,1,0.500,47779,49522,3.260,4.700,15.322
6113,1,0,1,0.500,48125,49712,3.260,4.700,15.322
6153,1,0,1,0.500,48676,50153,3.260,4.700,15.322
6193,1,0,1,0.500,49525,50958,3.264,4.700,15.341
6234,1,0,1,0.500,49846,51217,3.264,4.700,15.341
6273,1,0,1,0.500,50776,52096,3.260,4.500,14.670
6313,1,0,1,0.500,52165,53339,3.260,4.500,14.670
6354,1,0,1,0.500,52370,53559,3.260,4.500,14.670
6393,1,0,1,0.500,51871,53107,3.260,4.800,15.648
6433,1,0,1,0.500,51485,52669,3.260,4.800,15.648
6473,1,0,1,0.500,51134,52266,3.260,4.800,15.648
6513,1,0,1,0.500,50873,51859,3.260,4.800,15.648
6554,1,0,1,0.500,50871,51697,3.260,4.800,15.648
6593,1,0,1,0.500,51070,51787,3.252,4.800,15.610
6633,1,0,1,0.500,51506,52199,3.252,4.800,15.610
6674,1,0,1,0.500,52953,53536,3.256,4.700,15.303
6713,1,0,1,0.500,54642,54973,3.256,4.700,15.303
6753,1,0,1,0.500,54194,54856,3.256,4.700,15.303
6794,1,0,1,0.500,54340,55129,3.260,4.400,14.344
6833,1,0,1,0.500,54769,55597,3.260,4.400,14.344
6874,1,0,1,0.500,55083,55910,3.256,4.700,15.303
6914,1,0,1,0.500,54633,55449,3.256,4.700,15.303
6953,1,0,1,0.500,54357,55200,3.256,4.700,15.303
6994,1,0,1,0.500,54214,55076,3.264,4.600,15.014
7034,1,0,1,0.500,54218,55149,3.264,4.600,15.014
7074,1,0,1,0.500,55065,55959,3.260,4.600,14.996
7114,1,0,1,0.500,56128,56758,3.260,4.600,14.996
7154,1,0,1,0.500,55890,56683,3.260,4.600,14.996
7194,1,0,1,0.500,55612,56569,3.248,4.700,15.266
7234,1,0,1,0.500,56225,57284,3.248,4.700,15.266
7274,1,0,1,0.500,56041,57140,3.260,4.800,15.648
7314,1,0,1,0.500,55483,56617,3.260,4.800,15.648
7354,1,0,1,0.500,54563,55686,3.260,4.800,15.648
7394,1,0,1,0.500,53593,54680,3.256,5.000,16.280
7434,1,0,1,0.500,53521,54537,3.256,5.000,16.280
7474,1,0,1,0.500,53913,54724,3.256,5.000,16.280
7514,1,0,1,0.500,54225,55085,3.256,5.000,16.280
7554,1,0,1,0.500,54428,55355,3.256,5.000,16.280
7594,1,0,1,0.500,55148,56119,3.252,4.500,14.634
7634,1,0,1,0.500,56020,56815,3.252,4.500,14.634
7674,1,0,1,0.500,55736,56506,3.220,4.700,15.134
7714,1,0,1,0.500,55381,56305,3.220,4.700,15.134
7754,1,0,1,0.500,54723,55706,3.220,4.700,15.134
7794,1,0,1,0.500,54019,55026,3.192,4.700,15.002
7834,1,0,1,0.500,55221,56364,3.192,4.700,15.002
7874,1,0,1,0.500,55234,56535,3.228,5.100,16.463
7914,1,0,1,0.500,53548,55177,3.228,5.100,16.463
7954,1,0,1,0.500,53084,54710,3.228,5.100,16.463
7994,1,0,1,0.500,54014,55427,3.244,4.800,15.571
8034,1,0,1,0.500,52335,53908,3.244,4.800,15.571
8074,1,0,1,0.500,51385,53273,3.248,4.700,15.266
8114,1,0,1,0.500,51945,53907,3.248,4.700,15.266
8154,1,0,1,0.500,51220,53118,3.248,4.700,15.266
8194,1,0,1,0.500,50094,52143,3.248,6.400,20.787
8234,1,0,1,0.500,50286,52146,3.248,6.400,20.787
8274,1,0,1,0.500,50007,51928,3.180,5.000,15.900
8314,1,0,1,0.500,50358,52203,3.180,5.000,15.900
8354,1,0,1,0.500,51238,52990,3.180,5.000,15.900
8394,1,0,1,0.500,51392,53091,3.240,4.800,15.552
8434,1,0,1,0.500,51021,52970,3.240,4.800,15.552
8474,1,0,1,0.500,50728,52628,3.232,5.100,16.483
8514,1,0,1,0.500,50155,52187,3.232,5.100,16.483
8554,1,0,1,0.500,50039,52455,3.232,5.100,16.483
8594,1,0,1,0.500,50454,52878,3.200,4.800,15.360
8634,1,0,1,0.500,49865,52241,3.200,4.800,15.360
8674,1,0,1,0.500,48768,51345,3.244,4.900,15.896
8714,1,0,1,0.500,48565,51210,3.244,4.900,15.896
8754,1,0,1,0.500,48148,50741,3.244,4.900,15.896
8794,1,0,1,0.500,48355,50903,3.152,5.900,18.597
8834,1,0,1,0.500,48766,51138,3.152,5.900,18.597
8874,1,0,1,0.500,48503,50970,3.184,5.000,15.920
8914,1,0,1,0.500,48030,50667,3.184,5.000,15.920
8954,1,0,1,0.500,47469,50186,3.184,5.000,15.920
8994,1,0,1,0.500,47184,50034,3.244,4.700,15.247
9034,1,0,1,0.500,46305,49351,3.244,4.700,15.247
9074,1,0,1,0.500,46012,49139,3.240,6.600,21.384
9114,1,0,1,0.500,46226,49225,3.240,6.600,21.384
9154,1,0,1,0.500,46040,49334,3.240,6.600,21.384
9194,1,0,1,0.500,45618,48909,3.136,4.800,15.053
9234,1,0,1,0.500,46306,49405,3.136,4.800,15.053
9275,1,0,1,0.500,46099,49378,3.244,9.800,31.791
9314,1,0,1,0.500,46034,49351,3.244,9.800,31.791
9354,1,0,1,0.500,46777,50066,3.244,9.800,31.791
9395,1,0,1,0.500,46716,49981,3.144,5.000,15.720
9434,1,0,1,0.500,46563,49966,3.144,5.000,15.720
9474,1,0,1,0.500,46977,50347,3.236,14.600,47.246
9515,1,0,1,0.500,46974,50352,3.236,14.600,47.246
9554,1,0,1,0.500,47520,51017,3.236,14.600,47.246
9595,1,0,1,0.500,47894,51347,3.116,5.200,16.203
9635,1,0,1,0.500,47931,51227,3.116,5.200,16.203
9675,1,0,1,0.500,47332,50607,3.228,5.000,16.140
9715,1,0,1,0.500,47703,51136,3.228,5.000,16.140
9755,1,0,1,0.500,47765,51141,3.228,5.000,16.140
9795,1,0,1,0.500,47741,50908,3.240,11.900,38.556
9835,1,0,1,0.500,47525,50719,3.240,11.900,38.556
9875,1,0,1,0.500,48344,51743,3.140,4.800,15.072
9915,1,0,1,0.500,48330,51563,3.140,4.800,15.072
9955,1,0,1,0.500,48367,51299,3.140,4.800,15.072
9995,1,0,1,0.500,48366,51299,3.220,4.900,15.778
10035,1,0,1,0.500,48851,52039,3.220,4.900,15.778
10075,1,0,1,0.500,49733,53008,3.252,12.000,39.024
10115,1,0,1,0.500,49429,52702,3.252,12.000,39.024
10155,1,0,1,0.500,49101,52477,3.252,12.000,39.024
10195,1,0,1,0.500,48728,52221,3.132,5.000,15.660
10235,1,0,1,0.500,49566,53090,3.132,5.000,15.660
10275,1,0,1,0.500,50218,53714,3.224,12.800,41.267
10315,1,0,1,0.500,50858,54320,3.224,12.800,41.267
10355,1,0,1,0.500,51521,55060,3.224,12.800,41.267
10395,1,0,1,0.500,51236,54963,3.216,12.100,38.914
10435,1,0,1,0.500,51279,54998,3.216,12.100,38.914
10475,1,0,1,0.500,51922,55586,3.140,5.300,16.642
10515,1,0,1,0.500,52771,56274,3.140,5.300,16.642
10555,1,0,1,0.500,53499,56928,3.140,5.300,16.642
10595,1,0,1,0.500,53470,56839,3.216,12.100,38.914
10635,1,0,1,0.500,53238,56584,3.216,12.100,38.914
10675,1,0,1,0.500,54029,57300,3.196,12.100,38.672
10715,1,0,1,0.500,54644,57785,3.196,12.100,38.672
10755,1,0,1,0.500,54212,57362,3.196,12.100,38.672
10795,1,0,1,0.500,54030,57305,3.096,5.000,15.480
10835,1,0,1,0.500,55447,58811,3.096,5.000,15.480
10875,1,0,1,0.500,56032,59055,3.236,15.700,50.805
10915,1,0,1,0.500,56514,59920,3.236,15.700,50.805
10955,1,0,1,0.500,56058,59620,3.236,15.700,50.805
10995,1,0,1,0.500,55840,59510,3.160,7.300,23.068
11035,1,0,1,0.500,55806,59173,3.160,7.300,23.068
11075,1,0,1,0.500,55261,58495,3.176,9.100,28.902
11115,1,0,1,0.500,54670,58071,3.176,9.100,28.902
11155,1,0,1,0.500,54759,58250,3.176,9.100,28.902
11195,1,0,1,0.500,55695,59042,3.188,13.500,43.038
11235,1,0,1,0.500,55752,58944,3.188,13.500,43.038
11275,1,0,1,0.500,55115,58491,3.104,5.400,16.762
11315,1,0,1,0.500,54902,58410,3.104,5.400,16.762
11355,1,0,1,0.500,54611,58049,3.104,5.400,16.762
11395,1,0,1,0.500,53506,56520,3.248,15.200,49.370
11435,1,0,1,0.500,53396,56697,3.248,15.200,49.370
11475,1,0,1,0.500,52448,55993,3.084,4.900,15.112
11515,1,0,1,0.500,52243,55991,3.084,4.900,15.112
11555,1,0,1,0.500,52201,55567,3.084,4.900,15.112
11595,1,0,1,0.500,51931,55497,3.176,15.400,48.910
11635,1,0,1,0.500,51634,55342,3.176,15.400,48.910
11675,1,0,1,0.500,51348,54831,3.128,9.400,29.403
11715,1,0,1,0.500,51070,54185,3.128,9.400,29.403
11755,1,0,1,0.500,50607,53914,3.128,9.400,29.403
11795,1,0,1,0.500,49778,53244,3.152,12.500,39.400
11835,1,0,1,0.500,50050,53545,3.152,12.500,39.400
11875,1,0,1,0.500,50765,53862,3.124,8.600,26.866
11915,1,0,1,0.500,49886,53171,3.124,8.600,26.866
11955,1,0,1,0.500,48681,52229,3.124,8.600,26.866
11995,1,0,1,0.500,48855,51730,3.212,11.600,37.259
12035,1,0,1,0.500,49264,52578,3.212,11.600,37.259
12075,1,0,1,0.500,48704,52388,3.128,5.800,18.142
12115,1,0,1,0.500,48134,52078,3.128,5.800,18.142
12155,1,0,1,0.500,48266,51957,3.128,5.800,18.142
12195,1,0,1,0.500,47148,51134,3.244,15.000,48.660
12235,1,0,1,0.500,46671,50668,3.244,15.000,48.660
12276,1,0,1,0.500,47300,50732,2.960,5.200,15.392
12315,1,0,1,0.500,46432,50160,2.960,5.200,15.392
12355,1,0,1,0.500,47683,51043,2.960,5.200,15.392
12396,1,0,1,0.500,47739,50955,3.196,14.800,47.301
12435,1,0,1,0.500,48679,51691,3.196,14.800,47.301
12476,1,0,1,0.500,47457,50596,3.116,6.100,19.008
12516,1,0,1,0.500,48190,51359,3.116,6.100,19.008
12555,1,0,1,0.500,47936,51012,3.116,6.100,19.008
12596,1,0,1,0.500,47545,50591,3.180,13.300,42.294
12636,1,0,1,0.500,46875,50200,3.180,13.300,42.294
12676,1,0,1,0.500,46611,49869,3.160,9.000,28.440
12716,1,0,1,0.500,46452,49791,3.160,9.000,28.440
12756,1,0,1,0.500,45803,49196,3.160,9.000,28.440
12796,1,0,1,0.500,47063,50361,3.188,9.700,30.924
12836,1,0,1,0.500,46282,49725,3.188,9.700,30.924
12876,1,0,1,0.500,46751,50143,3.180,13.800,43.884
12916,1,0,1,0.500,46238,49534,3.180,13.800,43.884
12956,1,0,1,0.500,46007,49399,3.180,13.800,43.884
12996,1,0,1,0.500,45655,49014,3.120,5.100,15.912
13036,1,0,1,0.500,45705,48980,3.120,5.100,15.912
13076,1,0,1,0.500,45528,48747,3.228,13.800,44.546
13116,1,0,1,0.500,45600,48810,3.228,13.800,44.546
13156,1,0,1,0.500,45824,48845,3.228,13.800,44.546
13196,1,0,1,0.500,45845,49036,3.216,12.100,38.914
13236,1,0,1,0.500,45890,48903,3.216,12.100,38.914
13276,1,0,1,0.500,45711,48655,3.132,5.400,16.913
13316,1,0,1,0.500,46404,49282,3.132,5.400,16.913
13356,1,0,1,0.500,46284,49103,3.132,5.400,16.913
13396,1,0,1,0.500,46807,49623,3.216,11.200,36.019
13436,1,0,1,0.500,47198,50008,3.216,11.200,36.019
13476,1,0,1,0.500,47909,50737,3.248,15.100,49.045
13516,1,0,1,0.500,48256,51022,3.248,15.100,49.045
13556,1,0,1,0.500,48263,50907,3.248,15.100,49.045
13596,1,0,1,0.500,48005,50659,3.148,6.000,18.888
13636,1,0,1,0.500,48679,51233,3.148,6.000,18.888
13676,1,0,1,0.500,47889,50294,3.176,7.800,24.773
13716,1,0,1,0.500,46861,49297,3.176,7.800,24.773
13756,1,0,1,0.500,46402,48932,3.176,7.800,24.773
13796,1,0,1,0.500,46507,48951,3.236,16.600,53.718
13836,1,0,1,0.500,46843,49137,3.236,16.600,53.718
13876,1,0,1,0.500,47353,49885,3.140,8.200,25.748
13916,1,0,1,0.500,46883,49577,3.140,8.200,25.748
13956,1,0,1,0.500,46749,49461,3.140,8.200,25.748
13996,1,0,1,0.500,47244,49558,3.152,7.800,24.586
14036,1,0,1,0.500,46955,49341,3.152,7.800,24.586
14076,1,0,1,0.500,47277,49779,3.240,16.400,53.136
14116,1,0,1,0.500,47278,49777,3.240,16.400,53.136
14156,1,0,1,0.500,48212,50795,3.240,16.400,53.136
14196,1,0,1,0.500,49029,51442,3.144,7.700,24.209
14236,1,0,1,0.500,49968,52046,3.144,7.700,24.209
14276,1,0,1,0.500,50623,52649,3.148,8.100,25.499
14316,1,0,1,0.500,50599,52774,3.148,8.100,25.499
14356,1,0,1,0.500,50807,53110,3.148,8.100,25.499
14396,1,0,1,0.500,51528,53833,3.252,16.600,53.983
14436,1,0,1,0.500,52937,55104,3.252,16.600,53.983
14476,1,0,1,0.500,52181,54482,3.156,8.400,26.510
14516,1,0,1,0.500,50861,53317,3.156,8.400,26.510
14556,1,0,1,0.500,50601,53261,3.156,8.400,26.510
14596,1,0,1,0.500,51150,53742,3.140,7.200,22.608
14636,1,0,1,0.500,52005,54172,3.140,7.200,22.608
14676,1,0,1,0.500,50672,53189,3.252,16.600,53.983
14716,1,0,1,0.500,49948,52606,3.252,16.600,53.983
14756,1,0,1,0.500,50125,52839,3.252,16.600,53.983
14796,1,0,1,0.500,50230,52855,3.168,9.300,29.462
14836,1,0,1,0.500,50397,52508,3.168,9.300,29.462
14876,1,0,1,0.500,50179,52678,3.132,6.400,20.045
14916,1,0,1,0.500,49618,52334,3.132,6.400,20.045
14956,1,0,1,0.500,49546,52359,3.132,6.400,20.045
14996,1,0,1,0.500,49463,52245,3.256,16.000,52.096
15036,1,0,1,0.500,49905,52517,3.256,16.000,52.096
15076,1,0,1,0.500,49840,52272,3.184,10.900,34.706
15116,1,0,1,0.500,48841,51630,3.184,10.900,34.706
15156,1,0,1,0.500,48349,51264,3.184,10.900,34.706
15196,1,0,1,0.500,48963,51657,3.120,5.100,15.912
15236,1,0,1,0.500,48837,50889,3.120,5.100,15.912
15277,1,0,1,0.500,48649,51284,3.252,14.800,48.130
15316,1,0,1,0.500,47977,50724,3.252,14.800,48.130
15356,1,0,1,0.500,47646,50483,3.252,14.800,48.130
15397,1,0,1,0.500,47879,50764,3.200,12.400,39.680
15436,1,0,1,0.500,48832,51590,3.200,12.400,39.680
15477,1,0,1,0.500,49256,51513,3.112,4.400,13.693
15517,1,0,1,0.500,48323,51069,3.112,4.400,13.693
15556,1,0,1,0.500,47357,50206,3.112,4.400,13.693
15597,1,0,1,0.500,47523,50473,3.252,13.000,42.276
15637,1,0,1,0.500,47817,50679,3.252,13.000,42.276
15677,1,0,1,0.500,48915,51182,3.224,13.600,43.846
15717,1,0,1,0.500,48413,51075,3.224,13.600,43.846
15757,1,0,1,0.500,47023,49846,3.224,13.600,43.846
15797,1,0,1,0.500,47220,50211,3.252,5.000,16.260
15837,1,0,1,0.500,48460,50988,3.252,5.000,16.260
15877,1,0,1,0.500,48112,50581,3.252,11.200,36.422
15917,1,0,1,0.500,46626,49490,3.252,11.200,36.422
15957,1,0,1,0.500,45938,48943,3.252,11.200,36.422
15997,1,0,1,0.500,46017,49116,3.240,4.500,14.580
16037,1,0,1,0.500,47305,50442,3.240,4.500,14.580
16077,1,0,1,0.500,49775,52454,3.256,4.600,14.978
16117,1,0,1,0.500,49880,52874,3.256,4.600,14.978
16157,1,0,1,0.500,50941,54121,3.256,4.600,14.978
16197,1,0,1,0.500,56620,59939,3.252,9.800,31.870
16237,1,0,1,0.500,61452,64722,3.252,9.800,31.870
16277,1,0,1,0.500,63784,66713,3.232,4.600,14.867
16317,1,0,1,0.500,64712,67650,3.232,4.600,14.867
16357,1,0,1,0.500,65107,68112,3.232,4.600,14.867
16397,1,0,1,0.500,65064,68119,3.248,4.600,14.941
16437,1,0,1,0.500,64406,67476,3.248,4.600,14.941
16477,1,0,1,0.500,63950,67000,3.248,11.100,36.053
16517,1,0,1,0.500,63823,66646,3.248,11.100,36.053
16557,1,0,1,0.500,64047,67140,3.248,11.100,36.053
16597,1,0,1,0.500,64881,68070,3.224,4.500,14.508
16637,1,0,1,0.500,65437,68739,3.224,4.500,14.508
16677,1,0,1,0.500,65496,69060,3.236,4.600,14.886
16717,1,0,1,0.500,65972,69472,3.236,4.600,14.886
16757,1,0,1,0.500,65255,68832,3.236,4.600,14.886
16797,1,0,1,0.500,63975,67626,3.216,4.200,13.507
16837,1,0,1,0.500,62088,65799,3.216,4.200,13.507
16877,1,0,1,0.500,60501,64251,3.232,4.600,14.867
16917,1,0,1,0.500,60230,63811,3.232,4.600,14.867
16957,1,0,1,0.500,59384,62807,3.232,4.600,14.867
16997,1,0,1,0.500,58032,61672,3.240,4.600,14.904
17037,1,0,1,0.500,57261,60894,3.240,4.600,14.904
17077,1,0,1,0.500,57079,60669,3.244,4.600,14.922
17117,1,0,1,0.500,57321,60824,3.244,4.600,14.922
17157,1,0,1,0.500,57440,60651,3.244,4.600,14.922
17197,1,0,1,0.500,56723,60126,3.240,4.800,15.552
17237,1,0,1,0.500,55754,59233,3.240,4.800,15.552
17277,1,0,1,0.500,55218,58756,3.244,4.600,14.922
17317,1,0,1,0.500,54735,58261,3.244,4.600,14.922
17357,1,0,1,0.500,55134,58579,3.244,4.600,14.922
17397,1,0,1,0.500,56580,59716,3.240,4.500,14.580
17437,1,0,1,0.500,55754,58990,3.240,4.500,14.580
17477,1,0,1,0.500,54677,57993,3.232,4.600,14.867
17517,1,0,1,0.500,54291,57659,3.232,4.600,14.867
17557,1,0,1,0.500,54382,57751,3.232,4.600,14.867
17597,1,0,1,0.500,55711,58775,3.240,4.200,13.608
17637,1,0,1,0.500,55004,58266,3.240,4.200,13.608
17677,1,0,1,0.500,53864,57248,3.236,4.300,13.915
17717,1,0,1,0.500,53577,56974,3.236,4.300,13.915
17757,1,0,1,0.500,54171,57495,3.236,4.300,13.915
17797,1,0,1,0.500,55282,58218,3.236,4.600,14.886
17837,1,0,1,0.500,53871,57011,3.236,4.600,14.886
17877,1,0,1,0.500,52571,55751,3.244,4.400,14.274
17917,1,0,1,0.500,51803,55036,3.244,4.400,14.274
17957,1,0,1,0.500,51889,55066,3.244,4.400,14.274
17997,1,0,1,0.500,52636,55654,3.248,4.600,14.941
18037,1,0,1,0.500,52492,55442,3.248,4.600,14.941
18077,1,0,1,0.500,51405,54436,3.244,4.600,14.922
18117,1,0,1,0.500,51349,54467,3.244,4.600,14.922
18157,1,0,1,0.500,51733,54840,3.244,4.600,14.922
18197,1,0,1,0.500,52803,55781,3.248,4.600,14.941
18237,1,0,1,0.500,52962,55901,3.248,4.600,14.941
18277,1,0,1,0.500,52300,55340,3.248,4.700,15.266
18317,1,0,1,0.500,51705,54820,3.248,4.700,15.266
18357,1,0,1,0.500,52395,55492,3.248,4.700,15.266
18398,1,0,1,0.500,53426,56408,3.248,4.400,14.291
18437,1,0,1,0.500,53012,55995,3.248,4.400,14.291
18477,1,0,1,0.500,51926,55030,3.244,4.600,14.922
18518,1,0,1,0.500,51436,54638,3.244,4.600,14.922
18557,1,0,1,0.500,52215,55450,3.244,4.600,14.922
18598,1,0,1,0.500,53898,56950,3.248,4.400,14.291
18638,1,0,1,0.500,55140,57549,3.248,4.400,14.291
18677,1,0,1,0.500,54454,57079,3.252,4.700,15.284
18718,1,0,1,0.500,54590,57216,3.252,4.700,15.284
18757,1,0,1,0.500,55181,57421,3.252,4.700,15.284
18798,1,0,1,0.500,55460,57438,3.248,4.400,14.291
18838,1,0,1,0.500,55728,57724,3.248,4.400,14.291
18877,1,0,1,0.500,55976,58215,3.248,4.800,15.590
18918,1,0,1,0.500,56478,59031,3.248,4.800,15.590
18958,1,0,1,0.500,56285,58849,3.248,4.800,15.590
18998,1,0,1,0.500,55921,58517,3.252,4.500,14.634
19038,1,0,1,0.500,55896,58528,3.252,4.500,14.634
19077,1,0,1,0.500,56384,59066,3.248,4.600,14.941
19118,1,0,1,0.500,57065,59724,3.248,4.600,14.941
19158,1,0,1,0.500,58192,60746,3.248,4.600,14.941
19198,1,0,1,0.500,59271,61496,3.232,4.500,14.544
19238,1,0,1,0.500,59219,61283,3.232,4.500,14.544
19277,1,0,1,0.500,59202,61190,3.236,4.700,15.209
19318,1,0,1,0.500,59024,60861,3.236,4.700,15.209
19358,1,0,1,0.500,58803,60548,3.236,4.700,15.209
19398,1,0,1,0.500,58424,60194,3.232,4.700,15.190
19438,1,0,1,0.500,57914,59653,3.232,4.700,15.190
19478,1,0,1,0.500,57610,59387,3.232,4.400,14.221
19518,1,0,1,0.500,57288,59057,3.232,4.400,14.221
19558,1,0,1,0.500,56933,58725,3.232,4.400,14.221
19598,1,0,1,0.500,56426,58399,3.232,4.400,14.221
19638,1,0,1,0.500,56036,58213,3.232,4.400,14.221
19678,1,0,1,0.500,56132,58436,3.232,4.500,14.544
19718,1,0,1,0.500,56238,58526,3.232,4.500,14.544
19758,1,0,1,0.500,56267,58564,3.232,4.500,14.544
19798,1,0,1,0.500,56314,58627,3.232,4.500,14.544
19838,1,0,1,0.500,55993,58331,3.232,4.500,14.544
19878,1,0,1,0.500,55850,58132,3.232,4.500,14.544
19918,1,0,1,0.500,55381,57508,3.232,4.500,14.544
19958,1,0,1,0.500,54864,56851,3.232,4.500,14.544
19998,1,0,1,0.500,54447,56301,3.236,4.500,14.562
20038,1,0,1,0.500,54104,55885,3.236,4.500,14.562
20078,1,0,1,0.500,53690,55593,3.232,4.700,15.190
20118,1,0,1,0.500,53162,55123,3.232,4.700,15.190
20158,1,0,1,0.500,52799,54769,3.232,4.700,15.190
20198,1,0,1,0.500,52347,54332,3.232,4.500,14.544
20238,1,0,1,0.500,51629,53646,3.232,4.500,14.544
20278,1,0,1,0.500,50926,53037,3.236,4.600,14.886
20318,1,0,1,0.500,50711,53024,3.236,4.600,14.886
20358,1,0,1,0.500,50364,52831,3.236,4.600,14.886
20398,1,0,1,0.500,49794,52354,3.236,4.500,14.562
20438,1,0,1,0.500,49205,51869,3.236,4.500,14.562
20478,1,0,1,0.500,49077,51697,3.236,4.400,14.238
20518,1,0,1,0.500,49094,51883,3.236,4.400,14.238
20558,1,0,1,0.500,49295,52285,3.236,4.400,14.238
20598,1,0,1,0.500,49592,52694,3.240,4.600,14.904
20638,1,0,1,0.500,49882,53045,3.240,4.600,14.904
20678,1,0,1,0.500,49954,52994,3.232,4.700,15.190
20718,1,0,1,0.500,49788,52748,3.232,4.700,15.190
20758,1,0,1,0.500,48987,51803,3.232,4.700,15.190
20798,1,0,1,0.500,48171,50669,3.236,4.500,14.562
20838,1,0,1,0.500,48574,50724,3.236,4.500,14.562
20878,1,0,1,0.500,49101,50847,3.236,4.600,14.886
20918,1,0,1,0.500,49836,51305,3.236,4.600,14.886
20958,1,0,1,0.500,50680,51894,3.236,4.600,14.886
20998,1,0,1,0.500,50795,52023,3.240,4.600,14.904
21038,1,0,1,0.500,50135,51432,3.240,4.600,14.904
21078,1,0,1,0.500,49441,50711,3.236,4.600,14.886
21118,1,0,1,0.500,48996,50302,3.236,4.600,14.886
21158,1,0,1,0.500,48942,50433,3.236,4.600,14.886
21198,1,0,1,0.500,49198,50984,3.236,4.400,14.238
21238,1,0,1,0.500,49450,51529,3.236,4.400,14.238
21278,1,0,1,0.500,49471,51706,3.236,4.600,14.886
21318,1,0,1,0.500,49107,51425,3.236,4.600,14.886
21358,1,0,1,0.500,48964,51385,3.236,4.600,14.886
21398,1,0,1,0.500,48744,51177,3.236,4.400,14.238
21438,1,0,1,0.500,48412,50810,3.236,4.400,14.238
21478,1,0,1,0.500,48201,50568,3.236,4.400,14.238
21518,1,0,1,0.500,48117,50533,3.236,4.400,14.238
21558,1,0,1,0.500,48099,50640,3.236,4.400,14.238
21598,1,0,1,0.500,48207,50860,3.236,4.800,15.533
21638,1,0,1,0.500,47995,50678,3.236,4.800,15.533
21678,1,0,1,0.500,47560,50219,3.236,4.600,14.886
21718,1,0,1,0.500,47307,49961,3.236,4.600,14.886
21758,1,0,1,0.500,47206,49879,3.236,4.600,14.886
21798,1,0,1,0.500,47156,49884,3.236,4.600,14.886
21838,1,0,1,0.500,46916,49715,3.236,4.600,14.886
21878,1,0,1,0.500,46527,49369,3.236,4.500,14.562
21918,1,0,1,0.500,46418,49298,3.236,4.500,14.562
21958,1,0,1,0.500,46483,49390,3.236,4.500,14.562
21999,1,0,1,0.500,46476,49402,3.236,4.700,15.209
22038,1,0,1,0.500,46404,49358,3.236,4.700,15.209
22079,1,0,1,0.500,46269,49205,3.232,4.600,14.867
22119,1,0,1,0.500,46304,49229,3.232,4.600,14.867
22158,1,0,1,0.500,46370,49308,3.232,4.600,14.867
22199,1,0,1,0.500,46337,49288,3.236,4.700,15.209
22239,1,0,1,0.500,46402,49375,3.236,4.700,15.209
22278,1,0,1,0.500,46373,49366,3.236,4.400,14.238
22319,1,0,1,0.500,46320,49333,3.236,4.400,14.238
22359,1,0,1,0.500,46182,49190,3.236,4.400,14.238
22399,1,0,1,0.500,46085,49334,3.232,4.600,14.867
22439,1,0,1,0.500,45913,49235,3.232,4.600,14.867
22479,1,0,1,0.500,45832,49165,3.236,4.700,15.209
22519,1,0,1,0.500,45777,49101,3.236,4.700,15.209
22559,1,0,1,0.500,45798,49146,3.236,4.700,15.209
22599,1,0,1,0.500,45802,49165,3.236,4.600,14.886
22639,1,0,1,0.500,45841,49223,3.236,4.600,14.886
22678,1,0,1,0.500,45921,49301,3.228,4.500,14.526
22719,1,0,1,0.500,45962,49346,3.228,4.500,14.526
22759,1,0,1,0.500,45932,49294,3.228,4.500,14.526
22799,1,0,1,0.500,45951,49297,3.228,4.800,15.494
22839,1,0,1,0.500,45983,49333,3.228,4.800,15.494
22879,1,0,1,0.500,46033,49392,3.236,4.400,14.238
22919,1,0,1,0.500,45998,49375,3.236,4.400,14.238
22959,1,0,1,0.500,46001,49417,3.236,4.400,14.238
22999,1,0,1,0.500,46033,49466,3.244,4.600,14.922
23039,1,0,1,0.500,45909,49349,3.244,4.600,14.922
23079,1,0,1,0.500,45735,49187,3.240,4.700,15.228
23119,1,0,1,0.500,45640,49099,3.240,4.700,15.228
23159,1,0,1,0.500,45599,49099,3.240,4.700,15.228
23199,1,0,1,0.500,45648,49173,3.244,4.700,15.247
23239,1,0,1,0.500,45712,49260,3.244,4.700,15.247
23279,1,0,1,0.500,45618,49176,3.240,4.800,15.552
23319,1,0,1,0.500,45603,49159,3.240,4.800,15.552
23359,1,0,1,0.500,45684,49239,3.240,4.800,15.552
23399,1,0,1,0.500,45610,49139,3.240,4.400,14.256
23439,1,0,1,0.500,45467,48978,3.240,4.400,14.256
23479,1,0,1,0.500,45375,48896,3.236,4.500,14.562
23519,1,0,1,0.500,45296,48800,3.236,4.500,14.562
23559,1,0,1,0.500,45262,48734,3.236,4.500,14.562
23599,1,0,1,0.500,45271,48732,3.236,4.600,14.886
23639,1,0,1,0.500,45301,48752,3.236,4.600,14.886
23679,1,0,1,0.500,45280,48719,3.228,4.700,15.172
23719,1,0,1,0.500,45100,48570,3.228,4.700,15.172
23759,1,0,1,0.500,44732,48249,3.228,4.700,15.172
23799,1,0,1,0.500,44568,48176,3.232,4.700,15.190
23839,1,0,1,0.500,44715,48358,3.232,4.700,15.190
23879,1,0,1,0.500,44749,48405,3.236,4.600,14.886
23919,1,0,1,0.500,44758,48393,3.236,4.600,14.886
23959,1,0,1,0.500,44826,48456,3.236,4.600,14.886
23999,1,0,1,0.500,44943,48609,3.216,4.400,14.150
24039,1,0,1,0.500,45189,48813,3.216,4.400,14.150
24079,1,0,1,0.500,45063,48407,3.240,4.300,13.932
24119,1,0,1,0.500,45036,48064,3.240,4.300,13.932
24159,1,0,1,0.500,45138,47945,3.240,4.300,13.932
24199,1,0,1,0.500,45247,48005,3.240,4.700,15.228
24239,1,0,1,0.500,45776,48497,3.240,4.700,15.228
24279,1,0,1,0.500,46517,49197,3.240,4.400,14.256
24319,1,0,1,0.500,47285,50162,3.240,4.400,14.256
24359,1,0,1,0.500,47787,50873,3.240,4.400,14.256
24399,1,0,1,0.500,48301,51560,3.244,4.700,15.247
24439,1,0,1,0.500,48680,52075,3.244,4.700,15.247
24479,1,0,1,0.500,48386,51827,3.244,4.300,13.949
24519,1,0,1,0.500,48014,51543,3.244,4.300,13.949
24559,1,0,1,0.500,47781,51406,3.244,4.300,13.949
24599,1,0,1,0.500,47838,51585,3.240,4.700,15.228
24639,1,0,1,0.500,47649,51378,3.240,4.700,15.228
24679,1,0,1,0.500,47159,50602,3.244,4.500,14.598
24719,1,0,1,0.500,46767,50059,3.244,4.500,14.598
24759,1,0,1,0.500,46097,49354,3.244,4.500,14.598
24799,1,0,1,0.500,45065,48153,3.244,4.600,14.922
24839,1,0,1,0.500,45106,48124,3.244,4.600,14.922
24879,1,0,1,0.500,45542,48389,3.244,4.400,14.274
24919,1,0,1,0.500,46084,48744,3.244,4.400,14.274
24959,1,0,1,0.500,47068,49597,3.244,4.400,14.274
25000,1,0,1,0.500,48896,51284,3.248,4.700,15.266
25039,1,0,1,0.500,49924,52205,3.248,4.700,15.266
25079,1,0,1,0.500,51457,53792,3.244,4.700,15.247
25120,1,0,1,0.500,53105,55624,3.244,4.700,15.247
25159,1,0,1,0.500,54264,56870,3.244,4.700,15.247
25200,1,0,1,0.500,55478,58161,3.244,4.600,14.922
25240,1,0,1,0.500,56875,59673,3.244,4.600,14.922
25279,1,0,1,0.500,57892,60679,3.240,4.500,14.580
25320,1,0,1,0.500,58265,60896,3.240,4.500,14.580
25360,1,0,1,0.500,57259,59655,3.240,4.500,14.580
25400,1,0,1,0.500,56635,58932,3.240,4.600,14.904
25440,1,0,1,0.500,55516,57745,3.240,4.600,14.904
25479,1,0,1,0.500,55030,57273,3.240,4.400,14.256
25520,1,0,1,0.500,55176,57420,3.240,4.400,14.256
25560,1,0,1,0.500,54895,57086,3.240,4.400,14.256
25600,1,0,1,0.500,55472,57549,3.244,4.400,14.274
25640,1,0,1,0.500,55830,57662,3.244,4.400,14.274
25680,1,0,1,0.500,55726,57237,3.244,4.500,14.598
25720,1,0,1,0.500,55590,56906,3.244,4.500,14.598
25760,1,0,1,0.500,55341,56648,3.244,4.500,14.598
25800,1,0,1,0.500,55231,56550,3.240,4.500,14.580
25840,1,0,1,0.500,55314,56637,3.240,4.500,14.580
25880,1,0,1,0.500,55528,56899,3.244,4.700,15.247
25920,1,0,1,0.500,55884,57383,3.244,4.700,15.247
25960,1,0,1,0.500,56049,57628,3.244,4.700,15.247
26000,1,0,1,0.500,56220,57877,3.244,4.700,15.247
26040,1,0,1,0.500,56401,58120,3.244,4.700,15.247
26080,1,0,1,0.500,56638,58405,3.228,4.600,14.849
26120,1,0,1,0.500,57052,58818,3.228,4.600,14.849
26160,1,0,1,0.500,57002,58604,3.228,4.600,14.849
26200,1,0,1,0.500,56713,58162,3.228,4.400,14.203
26240,1,0,1,0.500,56486,57891,3.228,4.400,14.203
26280,1,0,1,0.500,56280,57700,3.244,4.500,14.598
26320,1,0,1,0.500,56083,57481,3.244,4.500,14.598
26360,1,0,1,0.500,55734,57156,3.244,4.500,14.598
26400,1,0,1,0.500,55432,56862,3.244,4.700,15.247
26440,1,0,1,0.500,54911,56307,3.244,4.700,15.247
26480,1,0,1,0.500,54372,55807,3.244,4.400,14.274
26520,1,0,1,0.500,53990,55573,3.244,4.400,14.274
26560,1,0,1,0.500,53584,55286,3.244,4.400,14.274
26600,1,0,1,0.500,53235,54934,3.244,4.500,14.598
26640,1,0,1,0.500,53619,55271,3.244,4.500,14.598
26680,1,0,1,0.500,53861,55505,3.244,4.900,15.896
26720,1,0,1,0.500,54602,56229,3.244,4.900,15.896
26760,1,0,1,0.500,55270,56809,3.244,4.900,15.896
26800,1,0,1,0.500,55811,57207,3.244,4.500,14.598
26840,1,0,1,0.500,56085,57500,3.244,4.500,14.598
26880,1,0,1,0.500,56190,57575,3.244,4.700,15.247
26920,1,0,1,0.500,56272,57618,3.244,4.700,15.247
26960,1,0,1,0.500,56408,57755,3.244,4.700,15.247
27000,1,0,1,0.500,56228,57562,3.236,4.700,15.209
27040,1,0,1,0.500,56171,57499,3.236,4.700,15.209
27080,1,0,1,0.500,56009,57391,3.232,4.700,15.190
27120,1,0,1,0.500,56074,57517,3.232,4.700,15.190
27160,1,0,1,0.500,56275,57787,3.232,4.700,15.190
27200,1,0,1,0.500,56178,57646,3.244,4.500,14.598
27240,1,0,1,0.500,56477,57895,3.244,4.500,14.598
27280,1,0,1,0.500,56852,58243,3.240,4.600,14.904
27320,1,0,1,0.500,57273,58666,3.240,4.600,14.904
27360,1,0,1,0.500,57780,59170,3.240,4.600,14.904
27400,1,0,1,0.500,58192,59524,3.236,4.700,15.209
27440,1,0,1,0.500,58396,59718,3.236,4.700,15.209
27480,1,0,1,0.500,58016,59247,3.240,4.700,15.228
27520,1,0,1,0.500,57189,58289,3.240,4.700,15.228
27560,1,0,1,0.500,55958,57009,3.240,4.700,15.228
27601,1,0,1,0.500,54713,55697,3.240,4.700,15.228
27640,1,0,1,0.500,53444,54298,3.240,4.700,15.228
27680,1,0,1,0.500,52346,53037,3.240,4.400,14.256
27721,1,0,1,0.500,51237,51753,3.240,4.400,14.256
27760,1,0,1,0.500,51045,51501,3.240,4.400,14.256
27801,1,0,1,0.500,50644,51239,3.228,4.500,14.526
27841,1,0,1,0.500,50756,51559,3.228,4.500,14.526
27880,1,0,1,0.500,52770,53635,3.240,4.300,13.932
27921,1,0,1,0.500,55182,56174,3.240,4.300,13.932
27961,1,0,1,0.500,57170,58398,3.240,4.300,13.932
28001,1,0,1,0.500,59369,60945,3.236,4.600,14.886
28041,1,0,1,0.500,61718,63750,3.236,4.600,14.886
28080,1,0,1,0.500,63511,65699,3.236,4.600,14.886
28121,1,0,1,0.500,64526,66671,3.236,4.600,14.886
28161,1,0,1,0.500,65025,67109,3.236,4.600,14.886
28201,1,0,1,0.500,65177,67221,3.244,4.500,14.598
28241,1,0,1,0.500,65179,67241,3.244,4.500,14.598
28281,1,0,1,0.500,64803,66891,3.248,4.800,15.590
28321,1,0,1,0.500,64562,66643,3.248,4.800,15.590
28361,1,0,1,0.500,64351,66393,3.248,4.800,15.590
28401,1,0,1,0.500,63864,65873,3.248,4.600,14.941
28441,1,0,1,0.500,63089,65121,3.248,4.600,14.941
28481,1,0,1,0.500,61733,63734,3.244,4.800,15.571
28521,1,0,1,0.500,60149,62101,3.244,4.800,15.571
28561,1,0,1,0.500,59456,61451,3.244,4.800,15.571
28601,1,0,1,0.500,59015,61116,3.232,4.700,15.190
28641,1,0,1,0.500,58078,60300,3.232,4.700,15.190
28681,1,0,1,0.500,58369,60651,3.236,4.500,14.562
28721,1,0,1,0.500,60104,62241,3.236,4.500,14.562
28761,1,0,1,0.500,61037,62741,3.236,4.500,14.562
28801,1,0,1,0.500,60637,62454,3.244,4.700,15.247
28841,1,0,1,0.500,61464,63070,3.244,4.700,15.247
28881,1,0,1,0.500,61595,63228,3.244,4.500,14.598
28921,1,0,1,0.500,61833,63699,3.244,4.500,14.598
28961,1,0,1,0.500,62006,64285,3.244,4.500,14.598
29001,1,0,1,0.500,61741,64373,3.244,4.500,14.598
29041,1,0,1,0.500,61349,64280,3.244,4.500,14.598
29081,1,0,1,0.500,61009,64207,3.244,4.700,15.247
29121,1,0,1,0.500,60944,64281,3.244,4.700,15.247
29161,1,0,1,0.500,61237,64497,3.244,4.700,15.247
29201,1,0,1,0.500,61232,64319,3.244,4.500,14.598
29241,1,0,1,0.500,61361,64276,3.244,4.500,14.598
29281,1,0,1,0.500,61676,64466,3.248,4.400,14.291
29321,1,0,1,0.500,61921,64499,3.248,4.400,14.291
29361,1,0,1,0.500,61275,63574,3.248,4.400,14.291
29401,1,0,1,0.500,59491,61585,3.244,4.800,15.571
29441,1,0,1,0.500,58127,60097,3.244,4.800,15.571
29481,1,0,1,0.500,57897,59767,3.244,4.500,14.598
29521,1,0,1,0.500,57694,59581,3.244,4.500,14.598
29561,1,0,1,0.500,57402,59325,3.244,4.500,14.598
29601,1,0,1,0.500,57595,59539,3.244,4.700,15.247
29641,1,0,1,0.500,58324,60435,3.244,4.700,15.247
29681,1,0,1,0.500,58605,60795,3.244,4.500,14.598
29721,1,0,1,0.500,58700,60897,3.244,4.500,14.598
29761,1,0,1,0.500,59777,62071,3.244,4.500,14.598
29801,1,0,1,0.500,61279,63487,3.240,4.600,14.904
29841,1,0,1,0.500,60511,62760,3.240,4.600,14.904
29881,1,0,1,0.500,61180,63474,3.244,4.500,14.598
29921,1,0,1,0.500,61543,63821,3.244,4.500,14.598
29961,1,0,1,0.500,61788,64035,3.244,4.500,14.598
30001,1,0,1,0.500,62460,64550,3.244,4.700,15.247
30041,1,0,1,0.500,61439,63379,3.244,4.700,15.247
30082,1,0,1,0.500,60178,62054,3.240,4.600,14.904
30121,1,0,1,0.500,59709,61556,3.240,4.600,14.904
30161,1,0,1,0.500,58568,60187,3.240,4.600,14.904
30202,1,0,1,0.500,56755,58179,3.244,4.600,14.922
30241,1,0,1,0.500,56257,57686,3.244,4.600,14.922
30282,1,0,1,0.500,56403,57926,3.244,5.000,16.220
30322,1,0,1,0.500,57070,58726,3.244,5.000,16.220
30361,1,0,1,0.500,58065,59847,3.244,5.000,16.220
30402,1,0,1,0.500,59224,61155,3.248,4.400,14.291
30442,1,0,1,0.500,59810,61568,3.248,4.400,14.291
30482,1,0,1,0.500,58941,60868,3.244,4.500,14.598
30522,1,0,1,0.500,59717,61521,3.244,4.500,14.598
30561,1,0,1,0.500,59527,61311,3.244,4.500,14.598
30602,1,0,1,0.500,59097,60721,3.240,4.800,15.552
30642,1,0,1,0.500,58368,59822,3.240,4.800,15.552
30682,1,0,1,0.500,57677,59100,3.240,4.600,14.904
30722,1,0,1,0.500,57343,58708,3.240,4.600,14.904
30762,1,0,1,0.500,56496,57671,3.240,4.600,14.904
30802,1,0,1,0.500,55568,56642,3.244,4.500,14.598
30842,1,0,1,0.500,55048,56034,3.244,4.500,14.598
30882,1,0,1,0.500,54934,55950,3.244,4.600,14.922
30922,1,0,1,0.500,55252,56361,3.244,4.600,14.922
30962,1,0,1,0.500,55439,56608,3.244,4.600,14.922
31002,1,0,1,0.500,55654,56919,3.244,4.800,15.571
31042,1,0,1,0.500,56460,57836,3.244,4.800,15.571
31082,1,0,1,0.500,58445,59741,3.244,4.800,15.571
31122,1,0,1,0.500,58981,60109,3.244,4.800,15.571
31162,1,0,1,0.500,58180,59468,3.244,4.800,15.571
31202,1,0,1,0.500,58752,59975,3.244,4.700,15.247
31242,1,0,1,0.500,58949,60275,3.244,4.700,15.247
31282,1,0,1,0.500,59551,60857,3.244,4.700,15.247
31322,1,0,1,0.500,58948,60218,3.244,4.700,15.247
31362,1,0,1,0.500,57542,58865,3.244,4.700,15.247
31402,1,0,1,0.500,57486,58745,3.244,4.800,15.571
31442,1,0,1,0.500,57645,58699,3.244,4.800,15.571
31482,1,0,1,0.500,57506,58455,3.244,4.600,14.922
31522,1,0,1,0.500,57522,58369,3.244,4.600,14.922
31562,1,0,1,0.500,57914,58792,3.244,4.600,14.922
31602,1,0,1,0.500,59132,60132,3.248,4.600,14.941
31642,1,0,1,0.500,60203,61398,3.248,4.600,14.941
31682,1,0,1,0.500,60552,61953,3.248,4.700,15.266
31722,1,0,1,0.500,61045,62517,3.248,4.700,15.266
31762,1,0,1,0.500,60901,62368,3.248,4.700,15.266
31802,1,0,1,0.500,61130,62608,3.240,4.200,13.608
31842,1,0,1,0.500,61796,63146,3.240,4.200,13.608
31882,1,0,1,0.500,61526,62799,3.240,4.800,15.552
31922,1,0,1,0.500,60838,62020,3.240,4.800,15.552
31962,1,0,1,0.500,59539,60487,3.240,4.800,15.552
32002,1,0,1,0.500,58608,59442,3.244,4.500,14.598
32042,1,0,1,0.500,58356,59004,3.244,4.500,14.598
32082,1,0,1,0.500,58076,58534,3.244,4.500,14.598
32122,1,0,1,0.500,57567,58058,3.244,4.500,14.598
32162,1,0,1,0.500,56663,57281,3.244,4.500,14.598
32202,1,0,1,0.500,55889,56462,3.240,4.400,14.256
32242,1,0,1,0.500,55906,56418,3.240,4.400,14.256
32282,1,0,1,0.500,57381,58083,3.248,4.600,14.941
32322,1,0,1,0.500,58917,59855,3.248,4.600,14.941
32362,1,0,1,0.500,58977,60137,3.248,4.600,14.941
32402,1,0,1,0.500,59175,60494,3.244,4.700,15.247
32442,1,0,1,0.500,60302,61616,3.244,4.700,15.247
32482,1,0,1,0.500,60476,61730,3.228,4.500,14.526
32522,1,0,1,0.500,60928,62101,3.228,4.500,14.526
32562,1,0,1,0.500,61413,62504,3.228,4.500,14.526
32602,1,0,1,0.500,61474,62498,3.240,4.600,14.904
32642,1,0,1,0.500,61568,62465,3.240,4.600,14.904
32682,1,0,1,0.500,61564,62286,3.244,4.400,14.274
32722,1,0,1,0.500,61160,61804,3.244,4.400,14.274
32762,1,0,1,0.500,60374,60971,3.244,4.400,14.274
32802,1,0,1,0.500,59356,59990,3.244,4.700,15.247
32842,1,0,1,0.500,59007,59779,3.244,4.700,15.247
32883,1,0,1,0.500,58195,59303,3.232,4.400,14.221
32922,1,0,1,0.500,58527,59944,3.232,4.400,14.221
32962,1,0,1,0.500,59186,60834,3.232,4.400,14.221
33003,1,0,1,0.500,59191,60969,3.228,4.500,14.526
33042,1,0,1,0.500,58972,60951,3.228,4.500,14.526
33083,1,0,1,0.500,57748,59803,3.236,4.800,15.533
33123,1,0,1,0.500,56643,58720,3.236,4.800,15.533
33162,1,0,1,0.500,56303,58043,3.236,4.800,15.533
33203,1,0,1,0.500,56536,57818,3.236,4.900,15.856
33243,1,0,1,0.500,56274,57088,3.236,4.900,15.856
33283,1,0,1,0.500,55542,56057,3.232,4.400,14.221
33323,1,0,1,0.500,54976,55305,3.232,4.400,14.221
33363,1,0,1,0.500,54872,55035,3.232,4.400,14.221
33403,1,0,1,0.500,54531,54514,3.244,4.700,15.247
33443,1,0,1,0.500,54166,54291,3.244,4.700,15.247
33483,1,0,1,0.500,55480,56092,3.248,4.600,14.941
33523,1,0,1,0.500,56069,57401,3.248,4.600,14.941
33563,1,0,1,0.500,56121,58129,3.248,4.600,14.941
33603,1,0,1,0.500,56700,58926,3.240,4.800,15.552
33643,1,0,1,0.500,56681,59091,3.240,4.800,15.552
33683,1,0,1,0.500,57021,59445,3.228,4.700,15.172
33723,1,0,1,0.500,57770,60023,3.228,4.700,15.172
33763,1,0,1,0.500,58320,60161,3.228,4.700,15.172
33803,1,0,1,0.500,57306,58605,3.220,4.800,15.456
33843,1,0,1,0.500,55638,56803,3.220,4.800,15.456
33883,1,0,1,0.500,55815,56733,3.236,4.700,15.209
33923,1,0,1,0.500,55561,56248,3.236,4.700,15.209
33963,1,0,1,0.500,55083,55491,3.236,4.700,15.209
34003,1,0,1,0.500,54929,55254,3.244,4.600,14.922
34043,1,0,1,0.500,55765,56249,3.244,4.600,14.922
34083,1,0,1,0.500,57075,57970,3.248,4.700,15.266
34123,1,0,1,0.500,58579,60169,3.248,4.700,15.266
34163,1,0,1,0.500,60000,61993,3.248,4.700,15.266
34203,1,0,1,0.500,60554,62489,3.244,4.700,15.247
34243,1,0,1,0.500,60892,62778,3.244,4.700,15.247
34283,1,0,1,0.500,61491,63313,3.232,4.600,14.867
34323,1,0,1,0.500,61871,63431,3.232,4.600,14.867
34363,1,0,1,0.500,61892,63128,3.232,4.600,14.867
34403,1,0,1,0.500,61421,62265,3.236,4.500,14.562
34443,1,0,1,0.500,60980,61532,3.236,4.500,14.562
34483,1,0,1,0.500,60330,60553,3.232,4.400,14.221
34523,1,0,1,0.500,59428,59436,3.232,4.400,14.221
34563,1,0,1,0.500,58743,58664,3.232,4.400,14.221
34603,1,0,1,0.500,58453,58465,3.244,4.700,15.247
34643,1,0,1,0.500,58628,58818,3.244,4.700,15.247
34683,1,0,1,0.500,59038,59487,3.248,4.600,14.941
34723,1,0,1,0.500,59176,59977,3.248,4.600,14.941
34763,1,0,1,0.500,59393,60435,3.248,4.600,14.941
34803,1,0,1,0.500,59569,60730,3.220,4.800,15.456
34843,1,0,1,0.500,59841,61010,3.220,4.800,15.456
34883,1,0,1,0.500,60058,61147,3.200,4.700,15.040
34923,1,0,1,0.500,61178,62040,3.200,4.700,15.040
34963,1,0,1,0.500,61811,62540,3.200,4.700,15.040
35003,1,0,1,0.500,62090,62668,3.232,5.000,16.160
35043,1,0,1,0.500,62239,62610,3.232,5.000,16.160
35083,1,0,1,0.500,62457,62540,3.228,4.700,15.172
35123,1,0,1,0.500,62052,62000,3.228,4.700,15.172
35163,1,0,1,0.500,60396,60103,3.228,4.700,15.172
35203,1,0,1,0.500,59085,58589,3.232,4.700,15.190
35243,1,0,1,0.500,59215,58916,3.232,4.700,15.190
35283,1,0,1,0.500,59199,59239,3.236,4.300,13.915
35323,1,0,1,0.500,58917,59197,3.236,4.300,13.915
35363,1,0,1,0.500,58936,59414,3.236,4.300,13.915
35403,1,0,1,0.500,59034,59544,3.236,4.500,14.562
35443,1,0,1,0.500,59495,59887,3.236,4.500,14.562
35483,1,0,1,0.500,59921,60130,3.220,4.700,15.134
35523,1,0,1,0.500,60562,60487,3.220,4.700,15.134
35563,1,0,1,0.500,60995,60636,3.220,4.700,15.134
35603,1,0,1,0.500,60790,60139,3.220,4.400,14.168
35643,1,0,1,0.500,59852,58949,3.220,4.400,14.168
35684,1,0,1,0.500,59442,58355,3.232,4.500,14.544
35723,1,0,1,0.500,58841,57742,3.232,4.500,14.544
35763,1,0,1,0.500,58378,57355,3.232,4.500,14.544
35804,1,0,1,0.500,57843,56885,3.244,4.700,15.247
35843,1,0,1,0.500,57385,56724,3.244,4.700,15.247
35884,1,0,1,0.500,56929,56731,3.240,4.900,15.876
35924,1,0,1,0.500,57471,57825,3.240,4.900,15.876
35963,1,0,1,0.500,58171,58746,3.240,4.900,15.876
36004,1,0,1,0.500,59664,60243,3.244,4.800,15.571
36044,1,0,1,0.500,61822,62387,3.244,4.800,15.571
36084,1,0,1,0.500,64150,64722,3.232,4.600,14.867
36124,1,0,1,0.500,66020,66855,3.232,4.600,14.867
36164,1,0,1,0.500,66946,67781,3.232,4.600,14.867
36204,1,0,1,0.500,66926,67584,3.224,4.100,13.218
36244,1,0,1,0.500,65867,66351,3.224,4.100,13.218
36284,1,0,1,0.500,64719,65052,3.236,4.600,14.886
36324,1,0,1,0.500,63252,63723,3.236,4.600,14.886
36364,1,0,1,0.500,62214,62850,3.236,4.600,14.886
36404,1,0,1,0.500,60932,61778,3.236,4.300,13.915
36444,1,0,1,0.500,59252,60328,3.236,4.300,13.915
36484,1,0,1,0.500,57757,59011,3.236,4.500,14.562
36524,1,0,1,0.500,56879,58299,3.236,4.500,14.562
36564,1,0,1,0.500,56529,58131,3.236,4.500,14.562
36604,1,0,1,0.500,57359,59268,3.244,4.700,15.247
36644,1,0,1,0.500,59581,61924,3.244,4.700,15.247
36684,1,0,1,0.500,62814,65584,3.232,4.900,15.837
36724,1,0,1,0.500,64812,67782,3.232,4.900,15.837
36764,1,0,1,0.500,65841,69007,3.232,4.900,15.837
36804,1,0,1,0.500,66443,69709,3.244,4.700,15.247
36844,1,0,1,0.500,67186,70439,3.244,4.700,15.247
36884,1,0,1,0.500,67706,70835,3.240,4.900,15.876
36924,1,0,1,0.500,67387,70456,3.240,4.900,15.876
36964,1,0,1,0.500,66191,69554,3.240,4.900,15.876
37004,1,0,1,0.500,65916,69440,3.220,4.600,14.812
37044,1,0,1,0.500,66055,69731,3.220,4.600,14.812
37084,1,0,1,0.500,67186,71037,3.236,5.000,16.180
37124,1,0,1,0.500,68160,72283,3.236,5.000,16.180
37164,1,0,1,0.500,69507,73944,3.236,5.000,16.180
37204,1,0,1,0.500,68115,72714,3.232,4.500,14.544
37244,1,0,1,0.500,65439,70318,3.232,4.500,14.544
37284,1,0,1,0.500,62601,67858,3.240,4.700,15.228
37324,1,0,1,0.500,64625,69810,3.240,4.700,15.228
37364,1,0,1,0.500,66964,71683,3.240,4.700,15.228
37404,1,0,1,0.500,71617,75606,3.244,4.800,15.571
37444,1,0,1,0.500,71791,74037,3.244,4.800,15.571
37484,1,0,1,0.500,71167,73030,3.224,4.800,15.475
37524,1,0,1,0.500,77519,79200,3.224,4.800,15.475
37564,1,0,1,0.500,91001,92073,3.224,4.800,15.475
37604,1,0,1,0.500,101334,103312,3.236,5.200,16.827
37644,1,0,1,0.500,74612,76334,3.236,5.200,16.827
37684,1,0,1,0.500,38211,44587,3.224,4.900,15.798
37724,1,0,1,0.500,37220,44620,3.224,4.900,15.798
37764,1,0,1,0.500,35751,45323,3.224,4.900,15.798
37804,1,0,1,0.500,30504,39203,3.244,4.800,15.571
37844,1,0,1,0.500,33113,41203,3.244,4.800,15.571
37884,1,0,1,0.500,33790,40257,3.136,5.200,16.307
37924,1,0,1,0.500,29263,33715,3.136,5.200,16.307
37964,1,0,1,0.500,30595,35305,3.136,5.200,16.307
38004,1,0,1,0.500,24616,29681,3.236,4.500,14.562
38044,1,0,1,0.500,21493,26914,3.236,4.500,14.562
38084,1,0,1,0.500,23628,29409,3.240,5.600,18.144
38124,1,0,1,0.500,31642,36350,3.240,5.600,18.144
38164,1,0,1,0.500,47068,48442,3.240,5.600,18.144
38204,1,0,1,0.500,55691,55493,3.248,4.700,15.266
38244,1,0,1,0.500,49496,50254,3.248,4.700,15.266
38284,1,0,1,0.500,41569,43718,3.244,4.900,15.896
38324,1,0,1,0.500,47477,51513,3.244,4.900,15.896
38364,1,0,1,0.500,57496,62194,3.244,4.900,15.896
38404,1,0,1,0.500,54926,59310,3.248,5.300,17.214
38444,1,0,1,0.500,83337,86881,3.248,5.300,17.214
38484,1,0,1,0.500,126345,137465,3.224,5.000,16.120
38524,1,0,1,0.500,117860,126466,3.224,5.000,16.120
38564,1,0,1,0.500,52053,58637,3.224,5.000,16.120
38604,1,0,1,0.500,32889,33234,3.244,4.700,15.247
38644,1,0,1,0.500,66880,68206,3.244,4.700,15.247
38685,1,0,1,0.500,115963,130642,3.116,5.100,15.892
38724,1,0,1,0.500,122469,145529,3.116,5.100,15.892
38764,1,0,1,0.500,62619,71747,3.116,5.100,15.892
38805,1,0,1,0.500,68589,80639,3.232,4.100,13.251
38844,1,0,1,0.500,113088,136134,3.232,4.100,13.251
38885,1,0,1,0.500,120159,138292,3.244,8.600,27.898
38925,1,0,1,0.500,59115,61797,3.244,8.600,27.898
38964,1,0,1,0.500,88133,99659,3.244,8.600,27.898
39005,1,0,1,0.500,102843,128554,3.136,4.700,14.739
39045,1,0,1,0.500,103664,112349,3.136,4.700,14.739
39085,1,0,1,0.500,55477,58142,3.236,15.400,49.834
39125,1,0,1,0.500,97292,115393,3.236,15.400,49.834
39165,1,0,1,0.500,113473,143363,3.236,15.400,49.834
39205,1,0,1,0.500,134595,150617,3.244,4.700,15.247
39245,1,0,1,0.500,80252,87795,3.244,4.700,15.247
39285,1,0,1,0.500,47662,55865,3.148,4.700,14.796
39325,1,0,1,0.500,83650,98891,3.148,4.700,14.796
39365,1,0,1,0.500,110300,136603,3.148,4.700,14.796
39405,1,0,1,0.500,107889,133109,3.240,4.200,13.608
39445,1,0,1,0.500,118191,134314,3.240,4.200,13.608
39485,1,0,1,0.500,94636,102058,3.128,6.700,20.958
39525,1,0,1,0.500,104440,123604,3.128,6.700,20.958
39565,1,0,1,0.500,108136,134181,3.128,6.700,20.958
39605,1,0,1,0.500,108825,135397,3.160,4.500,14.220
39645,1,0,1,0.500,110554,134978,3.160,4.500,14.220
39685,1,0,1,0.500,113537,136504,3.224,14.100,45.458
39725,1,0,1,0.500,106164,131881,3.224,14.100,45.458
39765,1,0,1,0.500,111271,134686,3.224,14.100,45.458
39805,1,0,1,0.500,140648,151461,3.248,5.300,17.214
39845,1,0,1,0.500,103259,106869,3.248,5.300,17.214
39885,1,0,1,0.500,82391,88597,3.180,11.300,35.934
39925,1,0,1,0.500,75736,82141,3.180,11.300,35.934
39965,1,0,1,0.500,123141,127493,3.180,11.300,35.934
40005,1,0,1,0.500,123881,139535,3.244,4.700,15.247
40045,1,0,1,0.500,137021,139236,3.244,4.700,15.247
40085,1,0,1,0.500,119729,122251,3.100,5.200,16.120
40125,1,0,1,0.500,82234,91538,3.100,5.200,16.120
40165,1,0,1,0.500,45756,53838,3.100,5.200,16.120
40205,1,0,1,0.500,35493,44055,3.208,4.600,14.757
40245,1,0,1,0.500,57649,69350,3.208,4.600,14.757
40285,1,0,1,0.500,115167,132089,3.232,5.000,16.160
40325,1,0,1,0.500,134400,156349,3.232,5.000,16.160
40365,1,0,1,0.500,140662,154763,3.232,5.000,16.160
40405,1,0,1,0.500,78288,86874,3.248,6.300,20.462
40445,1,0,1,0.500,36949,42552,3.248,6.300,20.462
40485,1,0,1,0.500,33937,36465,3.228,4.900,15.817
40525,1,0,1,0.500,50278,56212,3.228,4.900,15.817
40565,1,0,1,0.500,92700,106504,3.228,4.900,15.817
40605,1,0,1,0.500,103658,114581,3.248,4.700,15.266
40645,1,0,1,0.500,86403,85802,3.248,4.700,15.266
40685,1,0,1,0.500,62939,63206,3.240,5.300,17.172
40725,1,0,1,0.500,31163,36065,3.240,5.300,17.172
40765,1,0,1,0.500,27843,35271,3.240,5.300,17.172
40805,1,0,1,0.500,39978,53624,3.228,4.500,14.526
40845,1,0,1,0.500,89405,104941,3.228,4.500,14.526
40885,1,0,1,0.500,84271,99500,3.244,9.300,30.169
40925,1,0,1,0.500,52463,63652,3.244,9.300,30.169
40965,1,0,1,0.500,25320,31106,3.244,9.300,30.169
41005,1,0,1,0.500,24233,25205,3.252,5.100,16.585
41045,1,0,1,0.500,25858,26335,3.252,5.100,16.585
41085,1,0,1,0.500,61057,56364,3.236,4.800,15.533
41125,1,0,1,0.500,94635,111312,3.236,4.800,15.533
41165,1,0,1,0.500,89357,103805,3.236,4.800,15.533
41205,1,0,1,0.500,50091,50924,3.244,4.500,14.598
41245,1,0,1,0.500,45853,40949,3.244,4.500,14.598
41285,1,0,1,0.500,74821,63858,3.140,5.000,15.700
41326,1,0,1,0.500,34174,34489,3.140,5.000,15.700
41365,1,0,1,0.500,83054,99439,3.140,5.000,15.700
41406,1,0,1,0.500,124506,141146,3.236,4.600,14.886
41446,1,0,1,0.500,71060,76299,3.236,4.600,14.886
41485,1,0,1,0.500,24164,23965,3.132,7.300,22.864
41526,1,0,1,0.500,9500,10888,3.132,7.300,22.864
41566,1,0,1,0.500,18795,20630,3.132,7.300,22.864
41606,1,0,1,0.500,82145,83127,3.248,5.000,16.240
41646,1,0,1,0.500,113564,138363,3.248,5.000,16.240
41685,1,0,1,0.500,140849,151581,3.240,15.100,48.924
41726,1,0,1,0.500,93144,95727,3.240,15.100,48.924
41766,1,0,1,0.500,44196,43245,3.240,15.100,48.924
41806,1,0,1,0.500,30295,31496,3.248,4.700,15.266
41846,1,0,1,0.500,54169,65499,3.248,4.700,15.266
41886,1,0,1,0.500,105051,126517,3.172,5.100,16.177
41926,1,0,1,0.500,110845,135982,3.172,5.100,16.177
41966,1,0,1,0.500,104400,107326,3.172,5.100,16.177
42006,1,0,1,0.500,38275,38882,3.244,4.200,13.625
42046,1,0,1,0.500,24887,28586,3.244,4.200,13.625
42086,1,0,1,0.500,65295,66645,3.108,5.400,16.783
42126,1,0,1,0.500,108230,125868,3.108,5.400,16.783
42166,1,0,1,0.500,110575,137313,3.108,5.400,16.783
42206,1,0,1,0.500,125263,138352,3.184,4.200,13.373
42246,1,0,1,0.500,50308,50823,3.184,4.200,13.373
42286,1,0,1,0.500,15937,19526,3.216,13.400,43.094
42326,1,0,1,0.500,26127,30984,3.216,13.400,43.094
42366,1,0,1,0.500,81971,99494,3.216,13.400,43.094
42406,1,0,1,0.500,103121,131702,3.244,4.800,15.571
42446,1,0,1,0.500,128174,148873,3.244,4.800,15.571
42486,1,0,1,0.500,64839,65773,3.244,5.000,16.220
42526,1,0,1,0.500,13301,15294,3.244,5.000,16.220
42566,1,0,1,0.500,10499,12260,3.244,5.000,16.220
42606,1,0,1,0.500,44686,47777,3.240,4.500,14.580
42646,1,0,1,0.500,106823,115900,3.240,4.500,14.580
42686,1,0,1,0.500,112871,138249,3.240,5.100,16.524
42726,1,0,1,0.500,112391,116902,3.240,5.100,16.524
42766,1,0,1,0.500,23962,29428,3.240,5.100,16.524
42806,1,0,1,0.500,9231,11070,3.228,4.400,14.203
42846,1,0,1,0.500,14183,19522,3.228,4.400,14.203
42886,1,0,1,0.500,82790,83162,3.240,4.700,15.228
42926,1,0,1,0.500,107487,131765,3.240,4.700,15.228
42966,1,0,1,0.500,131218,149535,3.240,4.700,15.228
43006,1,0,1,0.500,65646,74050,3.248,5.000,16.240
43046,1,0,1,0.500,12667,16237,3.248,5.000,16.240
43086,1,0,1,0.500,8795,11795,3.232,4.900,15.837
43126,1,0,1,0.500,25165,32286,3.232,4.900,15.837
43166,1,0,1,0.500,83063,99483,3.232,4.900,15.837
43206,1,0,1,0.500,112322,140014,3.248,8.200,26.634
43246,1,0,1,0.500,121830,137522,3.248,8.200,26.634
43286,1,0,1,0.500,42522,44595,3.148,5.000,15.740
43326,1,0,1,0.500,12582,16022,3.148,5.000,15.740
43366,1,0,1,0.500,19607,25289,3.148,5.000,15.740
43406,1,0,1,0.500,83165,83077,3.236,4.400,14.238
43446,1,0,1,0.500,114614,137228,3.236,4.400,14.238
43486,1,0,1,0.500,118549,142568,3.244,6.200,20.113
43526,1,0,1,0.500,76726,79656,3.244,6.200,20.113
43566,1,0,1,0.500,14904,18622,3.244,6.200,20.113
43606,1,0,1,0.500,10476,14023,3.244,5.000,16.220
43646,1,0,1,0.500,45109,48781,3.244,5.000,16.220
43686,1,0,1,0.500,107056,115875,3.240,4.900,15.876
43726,1,0,1,0.500,113885,140678,3.240,4.900,15.876
43766,1,0,1,0.500,112391,117672,3.240,4.900,15.876
43807,1,0,1,0.500,21361,25588,3.248,5.300,17.214
43846,1,0,1,0.500,9723,13021,3.248,5.300,17.214
43886,1,0,1,0.500,29865,34526,3.192,4.900,15.641
43927,1,0,1,0.500,96379,99433,3.192,4.900,15.641
43966,1,0,1,0.500,111666,137102,3.192,4.900,15.641
44007,1,0,1,0.500,125006,139966,3.240,4.900,15.876
44047,1,0,1,0.500,50927,61214,3.240,4.900,15.876
44086,1,0,1,0.500,13168,17236,3.104,5.300,16.451
44127,1,0,1,0.500,20922,28056,3.104,5.300,16.451
44167,1,0,1,0.500,82863,83074,3.104,5.300,16.451
44207,1,0,1,0.500,106462,128276,3.212,4.500,14.454
44247,1,0,1,0.500,105218,126983,3.212,4.500,14.454
44286,1,0,1,0.500,123236,129313,3.236,11.000,35.596
44327,1,0,1,0.500,63873,63463,3.236,11.000,35.596
44367,1,0,1,0.500,31458,41181,3.236,11.000,35.596
44407,1,0,1,0.500,80432,96685,3.244,5.100,16.544
44447,1,0,1,0.500,100138,119437,3.244,5.100,16.544
44487,1,0,1,0.500,99366,118333,3.232,15.300,49.450
44527,1,0,1,0.500,118748,127789,3.232,15.300,49.450
44567,1,0,1,0.500,72773,81223,3.232,15.300,49.450
44607,1,0,1,0.500,65732,81336,3.244,4.600,14.922
44647,1,0,1,0.500,113265,132076,3.244,4.600,14.922
44687,1,0,1,0.500,114790,136214,3.140,5.000,15.700
44727,1,0,1,0.500,114141,135016,3.140,5.000,15.700
44767,1,0,1,0.500,110512,114761,3.140,5.000,15.700
44807,1,0,1,0.500,34741,40118,3.236,4.100,13.268
44847,1,0,1,0.500,62877,67099,3.236,4.100,13.268
44887,1,0,1,0.500,109894,126232,3.124,6.300,19.681
44927,1,0,1,0.500,111258,136771,3.124,6.300,19.681
44967,1,0,1,0.500,119584,135613,3.124,6.300,19.681
45007,1,0,1,0.500,54870,59053,3.168,4.600,14.573
45047,1,0,1,0.500,20378,26614,3.168,4.600,14.573
45087,1,0,1,0.500,64276,66565,3.220,14.000,45.080
45127,1,0,1,0.500,111595,126732,3.220,14.000,45.080
45167,1,0,1,0.500,111832,136636,3.220,14.000,45.080
45207,1,0,1,0.500,113144,134911,3.244,5.200,16.869
45247,1,0,1,0.500,116228,116148,3.244,5.200,16.869
45287,1,0,1,0.500,117527,129590,3.196,12.400,39.630
45327,1,0,1,0.500,105539,130984,3.196,12.400,39.630
45367,1,0,1,0.500,105873,131287,3.196,12.400,39.630
45407,1,0,1,0.500,109056,130842,3.240,4.300,13.932
45447,1,0,1,0.500,129955,135534,3.240,4.300,13.932
45487,1,0,1,0.500,119801,131232,3.240,5.200,16.848
45527,1,0,1,0.500,112286,139229,3.240,5.200,16.848
45567,1,0,1,0.500,110406,139894,3.240,5.200,16.848
45607,1,0,1,0.500,111860,140743,3.228,4.400,14.203
45647,1,0,1,0.500,114069,142260,3.228,4.400,14.203
45687,1,0,1,0.500,116367,141698,3.236,4.800,15.533
45727,1,0,1,0.500,117683,124948,3.236,4.800,15.533
45767,1,0,1,0.500,101634,106073,3.236,4.800,15.533
45807,1,0,1,0.500,105994,124001,3.236,4.900,15.856
45847,1,0,1,0.500,113635,142421,3.236,4.900,15.856
45887,1,0,1,0.500,114578,143778,3.192,4.900,15.641
45927,1,0,1,0.500,115165,144462,3.192,4.900,15.641
45967,1,0,1,0.500,115403,144937,3.192,4.900,15.641
46007,1,0,1,0.500,114417,143698,3.076,4.800,14.765
46047,1,0,1,0.500,112601,141342,3.076,4.800,14.765
46087,1,0,1,0.500,111140,139639,3.212,4.900,15.739
46127,1,0,1,0.500,110228,134752,3.212,4.900,15.739
46167,1,0,1,0.500,108872,125355,3.212,4.900,15.739
46207,1,0,1,0.500,107790,135051,3.224,5.300,17.087
46247,1,0,1,0.500,112637,143963,3.224,5.300,17.087
46287,1,0,1,0.500,123481,145674,3.208,5.000,16.040
46327,1,0,1,0.500,115308,136352,3.208,5.000,16.040
46367,1,0,1,0.500,116189,137158,3.208,5.000,16.040
46407,1,0,1,0.500,122757,141187,3.228,5.100,16.463
46447,1,0,1,0.500,122870,140164,3.228,5.100,16.463
46487,1,0,1,0.500,120313,128932,3.212,4.900,15.739
46527,1,0,1,0.500,77928,85549,3.212,4.900,15.739
46567,1,0,1,0.500,75416,85868,3.212,4.900,15.739
46607,1,0,1,0.500,92384,104617,3.224,5.800,18.699
46647,1,0,1,0.500,96792,108824,3.224,5.800,18.699
46688,1,0,1,0.500,113942,125341,3.208,5.000,16.040
46727,1,0,1,0.500,129016,143565,3.208,5.000,16.040
46767,1,0,1,0.500,124588,140906,3.208,5.000,16.040
46808,1,0,1,0.500,126705,139348,3.224,6.000,19.344
46847,1,0,1,0.500,127981,137325,3.224,6.000,19.344
46888,1,0,1,0.500,126780,130480,3.184,5.000,15.920
46928,1,0,1,0.500,114195,118065,3.184,5.000,15.920
46967,1,0,1,0.500,118003,122666,3.184,5.000,15.920
47008,1,0,1,0.500,127831,133054,3.228,8.700,28.084
47048,1,0,1,0.500,124944,134228,3.228,8.700,28.084
47088,1,0,1,0.500,136596,148984,3.136,4.900,15.366
47128,1,0,1,0.500,133197,147815,3.136,4.900,15.366
47168,1,0,1,0.500,108604,122532,3.136,4.900,15.366
47208,1,0,1,0.500,85335,99913,3.220,4.300,13.846
47248,1,0,1,0.500,67275,81015,3.220,4.300,13.846
47288,1,0,1,0.500,44853,56563,3.080,5.000,15.400
47328,1,0,1,0.500,37699,49245,3.080,5.000,15.400
47368,1,0,1,0.500,29242,39625,3.080,5.000,15.400
47408,1,0,1,0.500,22858,30701,3.212,4.200,13.490
47448,1,0,1,0.500,18355,21603,3.212,4.200,13.490
47488,1,0,1,0.500,11537,13304,3.060,5.700,17.442
47528,1,0,1,0.500,4332,7326,3.060,5.700,17.442
47568,1,0,1,0.500,4091,8161,3.060,5.700,17.442
47608,1,0,1,0.500,6384,12474,3.204,4.400,14.098
47648,1,0,1,0.500,8095,15330,3.204,4.400,14.098
47688,1,0,1,0.500,10207,18982,3.088,6.900,21.307
47728,1,0,1,0.500,10115,19536,3.088,6.900,21.307
47768,1,0,1,0.500,12139,22913,3.088,6.900,21.307
47808,1,0,1,0.500,15880,28192,3.160,4.500,14.220
47848,1,0,1,0.500,18684,31885,3.160,4.500,14.220
47888,1,0,1,0.500,25466,40948,3.136,10.200,31.987
47928,1,0,1,0.500,40575,59311,3.136,10.200,31.987
47968,1,0,1,0.500,52124,72325,3.136,10.200,31.987
48008,1,0,1,0.500,70360,91755,3.228,4.900,15.817
48048,1,0,1,0.500,107392,123221,3.228,4.900,15.817
48088,1,0,1,0.500,127051,139142,3.216,4.700,15.115
48128,1,0,1,0.500,120303,132230,3.216,4.700,15.115
48168,1,0,1,0.500,97885,112695,3.216,4.700,15.115
48208,1,0,1,0.500,90526,106859,3.228,5.300,17.108
48248,1,0,1,0.500,104553,118706,3.228,5.300,17.108
48288,1,0,1,0.500,115559,127224,3.212,5.000,16.060
48328,1,0,1,0.500,113326,125437,3.212,5.000,16.060
48368,1,0,1,0.500,134664,141981,3.212,5.000,16.060
48408,1,0,1,0.500,136212,146603,3.228,5.400,17.431
48448,1,0,1,0.500,137719,146173,3.228,5.400,17.431
48488,1,0,1,0.500,132041,138560,3.204,4.700,15.059
48528,1,0,1,0.500,118702,127886,3.204,4.700,15.059
48568,1,0,1,0.500,122514,130453,3.204,4.700,15.059
48608,1,0,1,0.500,121295,129015,3.228,7.600,24.533
48648,1,0,1,0.500,125145,132167,3.228,7.600,24.533
48688,1,0,1,0.500,126557,133528,3.152,4.800,15.130
48728,1,0,1,0.500,127414,134308,3.152,4.800,15.130
48768,1,0,1,0.500,130864,137174,3.152,4.800,15.130
48808,1,0,1,0.500,134472,140242,3.220,4.200,13.524
48848,1,0,1,0.500,136154,141740,3.220,4.200,13.524
48888,1,0,1,0.500,136951,142555,3.088,5.000,15.440
48928,1,0,1,0.500,137779,144025,3.088,5.000,15.440
48968,1,0,1,0.500,137715,144240,3.088,5.000,15.440
49008,1,0,1,0.500,137625,144023,3.216,4.000,12.864
49048,1,0,1,0.500,137659,144046,3.216,4.000,12.864
49089,1,0,1,0.500,137917,144322,3.068,5.800,17.794
49128,1,0,1,0.500,136851,143247,3.068,5.800,17.794
49168,1,0,1,0.500,136614,143373,3.068,5.800,17.794
49209,1,0,1,0.500,135951,144362,3.192,4.300,13.726
49248,1,0,1,0.500,134219,144848,3.192,4.300,13.726
49289,1,0,1,0.500,132302,145127,3.224,9.500,30.628
49329,1,0,1,0.500,129697,144351,3.224,9.500,30.628
49368,1,0,1,0.500,127576,143687,3.224,9.500,30.628
49409,1,0,1,0.500,125342,142999,3.124,4.500,14.058
49449,1,0,1,0.500,122643,142318,3.124,4.500,14.058
49489,1,0,1,0.500,120475,142377,3.220,13.500,43.470
49529,1,0,1,0.500,120384,142912,3.220,13.500,43.470
49569,1,0,1,0.500,120842,143386,3.220,13.500,43.470
49609,1,0,1,0.500,121200,143526,3.232,5.000,16.160
49649,1,0,1,0.500,121493,143434,3.232,5.000,16.160
49689,1,0,1,0.500,121830,143317,3.216,15.300,49.205
49729,1,0,1,0.500,123584,142954,3.216,15.300,49.205
49769,1,0,1,0.500,125360,142932,3.216,15.300,49.205
49809,1,0,1,0.500,125351,142382,3.228,4.800,15.494
49849,1,0,1,0.500,125597,141765,3.228,4.800,15.494
49889,1,0,1,0.500,126239,141259,3.156,5.000,15.780
49929,1,0,1,0.500,125978,140985,3.156,5.000,15.780
49969,1,0,1,0.500,125668,140455,3.156,5.000,15.780
50009,1,0,1,0.500,125587,140261,3.228,4.300,13.880
50049,1,0,1,0.500,125589,139943,3.228,4.300,13.880
50089,1,0,1,0.500,126752,139554,3.088,5.100,15.749
50129,1,0,1,0.500,126723,139226,3.088,5.100,15.749
50169,1,0,1,0.500,126871,138903,3.088,5.100,15.749
50209,1,0,1,0.500,126835,138346,3.220,4.300,13.846
50249,1,0,1,0.500,126559,137755,3.220,4.300,13.846
50289,1,0,1,0.500,126505,137519,3.072,6.200,19.046
50329,1,0,1,0.500,126580,137287,3.072,6.200,19.046
50369,1,0,1,0.500,126718,136842,3.072,6.200,19.046
50409,1,0,1,0.500,126551,136286,3.180,4.600,14.628
50449,1,0,1,0.500,126589,136200,3.180,4.600,14.628
50489,1,0,1,0.500,126477,136108,3.144,9.800,30.811
50529,1,0,1,0.500,126343,136002,3.144,9.800,30.811
50569,1,0,1,0.500,126155,135812,3.144,9.800,30.811
50609,1,0,1,0.500,126068,135792,3.232,4.800,15.514
50649,1,0,1,0.500,126195,135967,3.232,4.800,15.514
50689,1,0,1,0.500,126326,136152,3.224,4.800,15.475
50729,1,0,1,0.500,126362,136084,3.224,4.800,15.475
50769,1,0,1,0.500,126473,136451,3.224,4.800,15.475
50809,1,0,1,0.500,126724,136761,3.232,5.400,17.453
50849,1,0,1,0.500,126711,136758,3.232,5.400,17.453
50889,1,0,1,0.500,126636,136810,3.212,5.000,16.060
50929,1,0,1,0.500,126608,136893,3.212,5.000,16.060
50969,1,0,1,0.500,126786,137103,3.212,5.000,16.060
51009,1,0,1,0.500,126966,137226,3.232,7.700,24.886
51049,1,0,1,0.500,127233,137493,3.232,7.700,24.886
51089,1,0,1,0.500,127616,138093,3.144,4.800,15.091
51129,1,0,1,0.500,127805,138322,3.144,4.800,15.091
51169,1,0,1,0.500,127889,138369,3.144,4.800,15.091
51209,1,0,1,0.500,127911,138705,3.228,4.800,15.494
51249,1,0,1,0.500,127803,138812,3.228,4.800,15.494
51289,1,0,1,0.500,127705,138984,3.232,5.100,16.483
51329,1,0,1,0.500,127638,139541,3.232,5.100,16.483
51369,1,0,1,0.500,127501,139684,3.232,5.100,16.483
51409,1,0,1,0.500,127180,139674,3.220,4.400,14.168
51449,1,0,1,0.500,126926,139657,3.220,4.400,14.168
51489,1,0,1,0.500,126860,139521,3.228,6.200,20.014
51529,1,0,1,0.500,126565,139445,3.228,6.200,20.014
51569,1,0,1,0.500,126529,139583,3.228,6.200,20.014
51609,1,0,1,0.500,126016,139471,3.172,4.600,14.591
51649,1,0,1,0.500,125563,139307,3.172,4.600,14.591
51690,1,0,1,0.500,125086,139119,3.224,11.000,35.464
51729,1,0,1,0.500,125026,138864,3.224,11.000,35.464
51769,1,0,1,0.500,124866,138811,3.224,11.000,35.464
51810,1,0,1,0.500,124827,138904,3.232,4.900,15.837
51849,1,0,1,0.500,125016,139039,3.232,4.900,15.837
51890,1,0,1,0.500,124278,138614,3.224,15.100,48.682
51930,1,0,1,0.500,122812,138016,3.224,15.100,48.682
51969,1,0,1,0.500,121823,137757,3.224,15.100,48.682
52010,1,0,1,0.500,121682,137878,3.232,5.500,17.776
52050,1,0,1,0.500,121759,138222,3.232,5.500,17.776
52090,1,0,1,0.500,121798,138458,3.196,5.100,16.300
52130,1,0,1,0.500,121614,138491,3.196,5.100,16.300
52170,1,0,1,0.500,121324,138561,3.196,5.100,16.300
52210,1,0,1,0.500,121367,138700,3.224,4.100,13.218
52250,1,0,1,0.500,121335,138775,3.224,4.100,13.218
52290,1,0,1,0.500,121148,138736,3.120,4.900,15.288
52330,1,0,1,0.500,120838,138616,3.120,4.900,15.288
52370,1,0,1,0.500,120493,138428,3.120,4.900,15.288
52410,1,0,1,0.500,119965,137412,3.224,4.200,13.541
52450,1,0,1,0.500,124362,138384,3.224,4.200,13.541
52490,1,0,1,0.500,127243,139832,3.064,5.400,16.546
52530,1,0,1,0.500,127125,137853,3.064,5.400,16.546
52570,1,0,1,0.500,118179,126930,3.064,5.400,16.546
52610,1,0,1,0.500,115538,123206,3.212,4.300,13.812
52650,1,0,1,0.500,112535,118872,3.212,4.300,13.812
52690,1,0,1,0.500,104453,106778,3.112,8.100,25.207
52730,1,0,1,0.500,74162,76702,3.112,8.100,25.207
52770,1,0,1,0.500,52390,57041,3.112,8.100,25.207
52810,1,0,1,0.500,39057,46096,3.140,4.500,14.130
52850,1,0,1,0.500,40181,49378,3.140,4.500,14.130
52890,1,0,1,0.500,43409,55270,3.180,12.700,40.386
52930,1,0,1,0.500,46251,59711,3.180,12.700,40.386
52970,1,0,1,0.500,51241,65563,3.180,12.700,40.386
53010,1,0,1,0.500,66243,81038,3.236,5.200,16.827
53050,1,0,1,0.500,75561,90323,3.236,5.200,16.827
53090,1,0,1,0.500,78357,91341,3.220,5.000,16.100
53130,1,0,1,0.500,78268,90020,3.220,5.000,16.100
53170,1,0,1,0.500,79058,90232,3.220,5.000,16.100
53210,1,0,1,0.500,83341,94308,3.232,6.100,19.715
53250,1,0,1,0.500,84004,95396,3.232,6.100,19.715
53290,1,0,1,0.500,85415,96892,3.172,4.700,14.908
53330,1,0,1,0.500,88952,100207,3.172,4.700,14.908
53370,1,0,1,0.500,90472,101200,3.172,4.700,14.908
53410,1,0,1,0.500,81690,92361,3.228,4.700,15.172
53450,1,0,1,0.500,57947,70241,3.228,4.700,15.172
53490,1,0,1,0.500,35488,48089,3.096,5.200,16.099
53530,1,0,1,0.500,34388,48572,3.096,5.200,16.099
53570,1,0,1,0.500,39789,55193,3.096,5.200,16.099
53610,1,0,1,0.500,34061,47738,3.228,4.400,14.203
53650,1,0,1,0.500,33499,46695,3.228,4.400,14.203
53690,1,0,1,0.500,39516,53456,3.228,5.800,18.722
53730,1,0,1,0.500,50427,65633,3.228,5.800,18.722
53770,1,0,1,0.500,75385,90573,3.228,5.800,18.722
53810,1,0,1,0.500,84340,99385,3.192,4.500,14.364
53850,1,0,1,0.500,92931,105858,3.192,4.500,14.364
53890,1,0,1,0.500,95781,106470,3.228,9.200,29.698
53930,1,0,1,0.500,88086,98729,3.228,9.200,29.698
53970,1,0,1,0.500,74847,85986,3.228,9.200,29.698
54011,1,0,1,0.500,53179,64558,3.116,4.700,14.645
54050,1,0,1,0.500,53924,66534,3.116,4.700,14.645
54091,1,0,1,0.500,66101,78721,3.224,14.100,45.458
54131,1,0,1,0.500,81461,92946,3.224,14.100,45.458
54170,1,0,1,0.500,88331,99025,3.224,14.100,45.458
54211,1,0,1,0.500,84152,94622,3.232,5.200,16.806
54251,1,0,1,0.500,70667,81776,3.232,5.200,16.806
54291,1,0,1,0.500,47055,56965,3.192,5.000,15.960
54331,1,0,1,0.500,48214,57348,3.192,5.000,15.960
54371,1,0,1,0.500,67126,75034,3.192,5.000,15.960
54411,1,0,1,0.500,78770,85195,3.228,4.500,14.526
54451,1,0,1,0.500,70593,78186,3.228,4.500,14.526
54491,1,0,1,0.500,49338,57684,3.120,5.400,16.848
54531,1,0,1,0.500,34759,42429,3.120,5.400,16.848
54571,1,0,1,0.500,29783,37507,3.120,5.400,16.848
54611,1,0,1,0.500,31304,40215,3.208,4.600,14.757
54651,1,0,1,0.500,38656,48968,3.208,4.600,14.757
54691,1,0,1,0.500,54945,63224,3.072,5.700,17.510
54731,1,0,1,0.500,84254,88186,3.072,5.700,17.510
54771,1,0,1,0.500,107985,112830,3.072,5.700,17.510
54811,1,0,1,0.500,32702,34752,3.216,4.100,13.186
54851,1,0,1,0.500,10174,11268,3.216,4.100,13.186
54891,1,0,1,0.500,8239,9650,3.088,6.300,19.454
54931,1,0,1,0.500,20454,27330,3.088,6.300,19.454
54971,1,0,1,0.500,82920,97410,3.088,6.300,19.454
55011,1,0,1,0.500,105098,112565,3.168,4.500,14.256
55051,1,0,1,0.500,81177,84474,3.168,4.500,14.256
55091,1,0,1,0.500,22055,24293,3.160,11.200,35.392
55131,1,0,1,0.500,16669,17840,3.160,11.200,35.392
55171,1,0,1,0.500,36578,39212,3.160,11.200,35.392
55211,1,0,1,0.500,86174,89610,3.236,5.300,17.151
55251,1,0,1,0.500,93798,100098,3.236,5.300,17.151
55291,1,0,1,0.500,76282,77736,3.220,4.900,15.778
55331,1,0,1,0.500,20378,21713,3.220,4.900,15.778
55371,1,0,1,0.500,18169,20186,3.220,4.900,15.778
55411,1,0,1,0.500,67732,68199,3.232,5.800,18.746
55451,1,0,1,0.500,114561,129330,3.232,5.800,18.746
55491,1,0,1,0.500,116948,144920,3.188,5.000,15.940
55531,1,0,1,0.500,114971,141099,3.188,5.000,15.940
55571,1,0,1,0.500,114267,139013,3.188,5.000,15.940
55611,1,0,1,0.500,115585,141540,3.228,4.700,15.172
55651,1,0,1,0.500,116815,144302,3.228,4.700,15.172
55691,1,0,1,0.500,111224,130586,3.112,4.900,15.249
55731,1,0,1,0.500,64994,63288,3.112,4.900,15.249
55771,1,0,1,0.500,21051,23343,3.112,4.900,15.249
55811,1,0,1,0.500,32676,35071,3.228,4.500,14.526
55851,1,0,1,0.500,97702,99566,3.228,4.500,14.526
55891,1,0,1,0.500,118667,141219,3.224,5.500,17.732
55931,1,0,1,0.500,108844,122439,3.224,5.500,17.732
55971,1,0,1,0.500,36485,35710,3.224,5.500,17.732
56011,1,0,1,0.500,14227,17401,3.196,4.800,15.341
56051,1,0,1,0.500,19027,21967,3.196,4.800,15.341
56091,1,0,1,0.500,58561,61686,3.224,8.800,28.371
56131,1,0,1,0.500,79067,81994,3.224,8.800,28.371
56171,1,0,1,0.500,52007,52726,3.224,8.800,28.371
56211,1,0,1,0.500,18080,20246,3.136,4.600,14.426
56251,1,0,1,0.500,9239,12268,3.136,4.600,14.426
56291,1,0,1,0.500,30983,34232,3.224,12.900,41.590
56331,1,0,1,0.500,95809,99441,3.224,12.900,41.590
56371,1,0,1,0.500,110763,137976,3.224,12.900,41.590
56412,1,0,1,0.500,110777,124477,3.232,5.100,16.483
56451,1,0,1,0.500,56880,53350,3.232,5.100,16.483
56492,1,0,1,0.500,34278,35705,3.220,5.000,16.100
56532,1,0,1,0.500,83074,83566,3.220,5.000,16.100
56571,1,0,1,0.500,123503,142428,3.220,5.000,16.100
56612,1,0,1,0.500,123416,153063,3.228,5.800,18.722
56652,1,0,1,0.500,123308,149165,3.228,5.800,18.722
56692,1,0,1,0.500,109924,108795,3.180,5.400,17.172
56732,1,0,1,0.500,65819,67043,3.180,5.400,17.172
56772,1,0,1,0.500,106119,114980,3.180,5.400,17.172
56812,1,0,1,0.500,113027,137601,3.224,4.300,13.863
56852,1,0,1,0.500,113185,138142,3.224,4.300,13.863
56892,1,0,1,0.500,113702,139087,3.116,5.000,15.580
56932,1,0,1,0.500,115642,126461,3.116,5.000,15.580
56972,1,0,1,0.500,53063,52681,3.116,5.000,15.580
57012,1,0,1,0.500,22706,26365,3.220,4.300,13.846
57052,1,0,1,0.500,17040,20854,3.220,4.300,13.846
57092,1,0,1,0.500,47217,50192,3.068,5.000,15.340
57132,1,0,1,0.500,100141,113803,3.068,5.000,15.340
57172,1,0,1,0.500,103346,132148,3.068,5.000,15.340
57212,1,0,1,0.500,101644,108499,3.212,4.300,13.812
57252,1,0,1,0.500,25237,27265,3.212,4.300,13.812
57292,1,0,1,0.500,12703,15113,3.080,6.200,19.096
57332,1,0,1,0.500,45041,47149,3.080,6.200,19.096
57372,1,0,1,0.500,105040,115398,3.080,6.200,19.096
57412,1,0,1,0.500,111072,138996,3.164,4.300,13.605
57452,1,0,1,0.500,108741,121584,3.164,4.300,13.605
57492,1,0,1,0.500,35771,35889,3.156,10.800,34.085
57532,1,0,1,0.500,9148,11774,3.156,10.800,34.085
57572,1,0,1,0.500,9608,12603,3.156,10.800,34.085
57612,1,0,1,0.500,61526,63599,3.236,5.000,16.180
57652,1,0,1,0.500,109660,126671,3.236,5.000,16.180
57692,1,0,1,0.500,111435,134002,3.224,4.600,14.830
57732,1,0,1,0.500,67777,67343,3.224,4.600,14.830
57772,1,0,1,0.500,14060,16609,3.224,4.600,14.830
57812,1,0,1,0.500,9661,12474,3.228,5.700,18.400
57852,1,0,1,0.500,43630,47090,3.228,5.700,18.400
57892,1,0,1,0.500,105464,115448,3.208,5.000,16.040
57932,1,0,1,0.500,112253,139771,3.208,5.000,16.040
57972,1,0,1,0.500,110412,125804,3.208,5.000,16.040
58012,1,0,1,0.500,42480,43645,3.232,4.600,14.867
58052,1,0,1,0.500,9115,11592,3.232,4.600,14.867
58092,1,0,1,0.500,7804,10399,3.148,5.000,15.740
58132,1,0,1,0.500,35096,42478,3.148,5.000,15.740
58172,1,0,1,0.500,97736,115801,3.148,5.000,15.740
58212,1,0,1,0.500,116581,143766,3.228,4.600,14.849
58252,1,0,1,0.500,116927,144767,3.228,4.600,14.849
58292,1,0,1,0.500,117153,145282,3.228,4.800,15.494
58332,1,0,1,0.500,117380,145712,3.228,4.800,15.494
58372,1,0,1,0.500,117561,146068,3.228,4.800,15.494
58412,1,0,1,0.500,117620,146280,3.220,4.200,13.524
58452,1,0,1,0.500,117650,146484,3.220,4.200,13.524
58492,1,0,1,0.500,117728,146686,3.228,5.800,18.722
58532,1,0,1,0.500,117711,146573,3.228,5.800,18.722
58572,1,0,1,0.500,117519,146301,3.228,5.800,18.722
58612,1,0,1,0.500,117178,145680,3.188,4.500,14.346
58652,1,0,1,0.500,115149,141512,3.188,4.500,14.346
58692,1,0,1,0.500,120255,139523,3.224,9.300,29.983
58732,1,0,1,0.500,125074,133797,3.224,9.300,29.983
58772,1,0,1,0.500,122891,131166,3.224,9.300,29.983
58812,1,0,1,0.500,116265,131204,3.232,4.900,15.837
58852,1,0,1,0.500,112376,135742,3.232,4.900,15.837
58893,1,0,1,0.500,114618,140303,3.220,13.500,43.470
58932,1,0,1,0.500,115979,143096,3.220,13.500,43.470
58972,1,0,1,0.500,116403,143571,3.220,13.500,43.470
59013,1,0,1,0.500,113387,136262,3.232,5.200,16.806
59052,1,0,1,0.500,98418,105482,3.232,5.200,16.806
59093,1,0,1,0.500,66948,64706,3.212,4.900,15.739
59133,1,0,1,0.500,41389,48016,3.212,4.900,15.739
59172,1,0,1,0.500,23042,29102,3.212,4.900,15.739
59213,1,0,1,0.500,18405,23933,3.232,6.600,21.331
59253,1,0,1,0.500,40747,48120,3.232,6.600,21.331
59293,1,0,1,0.500,84620,92096,3.168,5.000,15.840
59333,1,0,1,0.500,91713,100162,3.168,5.000,15.840
59373,1,0,1,0.500,90957,97081,3.168,5.000,15.840
59413,1,0,1,0.500,79649,90354,3.220,4.500,14.490
59453,1,0,1,0.500,102563,116703,3.220,4.500,14.490
59493,1,0,1,0.500,110812,133837,3.108,5.000,15.540
59533,1,0,1,0.500,107912,134152,3.108,5.000,15.540
59573,1,0,1,0.500,107468,133991,3.108,5.000,15.540
59613,1,0,1,0.500,108135,124985,3.216,4.200,13.507
59653,1,0,1,0.500,38941,43924,3.216,4.200,13.507
59693,1,0,1,0.500,10332,13821,3.064,5.300,16.239
59733,1,0,1,0.500,10304,12767,3.064,5.300,16.239
59773,1,0,1,0.500,18499,17326,3.064,5.300,16.239
59813,1,0,1,0.500,21086,24512,3.208,4.400,14.115
59853,1,0,1,0.500,32494,49752,3.208,4.400,14.115
59893,1,0,1,0.500,27032,42638,3.092,6.700,20.716
59933,1,0,1,0.500,22442,35757,3.092,6.700,20.716
59973,1,0,1,0.500,19926,27387,3.092,6.700,20.716
60013,1,0,1,0.500,15993,21250,3.160,4.400,13.904
60053,1,0,1,0.500,35689,46260,3.160,4.400,13.904
60093,1,0,1,0.500,92003,107429,3.160,11.300,35.708
60133,1,0,1,0.500,93109,105956,3.160,11.300,35.708
60173,1,0,1,0.500,41819,47662,3.160,11.300,35.708
60213,1,0,1,0.500,17287,19215,3.232,5.100,16.483
60253,1,0,1,0.500,20168,20705,3.232,5.100,16.483
60293,1,0,1,0.500,35023,48027,3.220,4.800,15.456
60333,1,0,1,0.500,84178,103699,3.220,4.800,15.456
60373,1,0,1,0.500,79974,103204,3.220,4.800,15.456
60413,1,0,1,0.500,49161,67260,3.232,5.400,17.453
60453,1,0,1,0.500,43754,60860,3.232,5.400,17.453
60493,1,0,1,0.500,99555,115922,3.208,5.000,16.040
60533,1,0,1,0.500,122818,143284,3.208,5.000,16.040
60573,1,0,1,0.500,84550,106552,3.208,5.000,16.040
60613,1,0,1,0.500,36861,43016,3.224,4.400,14.186
60653,1,0,1,0.500,40815,34661,3.224,4.400,14.186
60693,1,0,1,0.500,25852,25991,3.144,4.900,15.406
60733,1,0,1,0.500,35650,36951,3.144,4.900,15.406
60773,1,0,1,0.500,51157,53562,3.144,4.900,15.406
60813,1,0,1,0.500,52667,56719,3.224,4.700,15.153
60853,1,0,1,0.500,49369,53217,3.224,4.700,15.153
60893,1,0,1,0.500,47870,51202,3.228,4.800,15.494
60933,1,0,1,0.500,50480,54666,3.228,4.800,15.494
60973,1,0,1,0.500,54188,59580,3.228,4.800,15.494
61013,1,0,1,0.500,56161,61808,3.220,4.100,13.202
61053,1,0,1,0.500,58045,63561,3.220,4.100,13.202
61093,1,0,1,0.500,59993,65729,3.224,5.500,17.732
61133,1,0,1,0.500,66485,73312,3.224,5.500,17.732
61173,1,0,1,0.500,72268,80160,3.224,5.500,17.732
61213,1,0,1,0.500,77602,85925,3.192,4.400,14.045
61253,1,0,1,0.500,81715,91202,3.192,4.400,14.045
61293,1,0,1,0.500,81774,92207,3.224,9.000,29.016
61333,1,0,1,0.500,84798,96475,3.224,9.000,29.016
61373,1,0,1,0.500,88775,102353,3.224,9.000,29.016
61413,1,0,1,0.500,91270,106783,3.132,4.800,15.034
61453,1,0,1,0.500,95182,112998,3.132,4.800,15.034
61494,1,0,1,0.500,97926,117358,3.224,12.900,41.590
61533,1,0,1,0.500,99229,121086,3.224,12.900,41.590
61573,1,0,1,0.500,99406,122275,3.224,12.900,41.590
61614,1,0,1,0.500,100099,123594,3.228,4.900,15.817
61653,1,0,1,0.500,100033,124390,3.228,4.900,15.817
61694,1,0,1,0.500,100351,125013,3.212,5.000,16.060
61734,1,0,1,0.500,100348,124015,3.212,5.000,16.060
61773,1,0,1,0.500,98543,118936,3.212,5.000,16.060
61814,1,0,1,0.500,95544,112734,3.232,5.700,18.422
61854,1,0,1,0.500,88108,101508,3.232,5.700,18.422
61894,1,0,1,0.500,75619,84856,3.188,4.900,15.621
61934,1,0,1,0.500,66369,72178,3.188,4.900,15.621
61974,1,0,1,0.500,63832,68262,3.188,4.900,15.621
62014,1,0,1,0.500,64935,69466,3.224,4.500,14.508
62054,1,0,1,0.500,69409,66239,3.224,4.500,14.508
62094,1,0,1,0.500,106377,115842,3.124,4.900,15.308
62134,1,0,1,0.500,126614,151844,3.124,4.900,15.308
62174,1,0,1,0.500,118727,137421,3.124,4.900,15.308
62214,1,0,1,0.500,115324,132210,3.220,4.300,13.846
62254,1,0,1,0.500,112387,127728,3.220,4.300,13.846
62294,1,0,1,0.500,108901,123948,3.068,4.900,15.033
62334,1,0,1,0.500,111579,128993,3.068,4.900,15.033
62374,1,0,1,0.500,114364,133697,3.068,4.900,15.033
62414,1,0,1,0.500,115973,136486,3.212,4.100,13.169
62454,1,0,1,0.500,116754,137961,3.212,4.100,13.169
62494,1,0,1,0.500,116928,138300,3.072,6.000,18.432
62534,1,0,1,0.500,117242,138808,3.072,6.000,18.432
62574,1,0,1,0.500,117645,139493,3.072,6.000,18.432
62614,1,0,1,0.500,118003,140088,3.172,4.200,13.322
62654,1,0,1,0.500,118336,140655,3.172,4.200,13.322
62694,1,0,1,0.500,118682,141205,3.144,10.300,32.383
62734,1,0,1,0.500,119088,141922,3.144,10.300,32.383
62774,1,0,1,0.500,119605,142856,3.144,10.300,32.383
62814,1,0,1,0.500,119706,143132,3.108,4.800,14.918
62854,1,0,1,0.500,119719,143210,3.108,4.800,14.918
62894,1,0,1,0.500,119761,143282,3.208,14.400,46.195
62934,1,0,1,0.500,119800,143296,3.208,14.400,46.195
62974,1,0,1,0.500,119691,143092,3.208,14.400,46.195
63014,1,0,1,0.500,119574,143068,3.232,4.900,15.837
63054,1,0,1,0.500,119388,143145,3.232,4.900,15.837
63094,1,0,1,0.500,119009,142899,3.208,5.000,16.040
63134,1,0,1,0.500,118650,142777,3.208,5.000,16.040
63174,1,0,1,0.500,118214,142604,3.208,5.000,16.040
63214,1,0,1,0.500,115113,139218,3.232,4.700,15.190
63254,1,0,1,0.500,105809,128714,3.232,4.700,15.190
63294,1,0,1,0.500,107459,119530,3.228,4.800,15.494
63334,1,0,1,0.500,115185,112737,3.228,4.800,15.494
63374,1,0,1,0.500,118598,113209,3.228,4.800,15.494
63414,1,0,1,0.500,129500,127697,3.228,4.500,14.526
63454,1,0,1,0.500,120083,133532,3.228,4.500,14.526
63494,1,0,1,0.500,115242,137759,3.232,5.400,17.453
63534,1,0,1,0.500,117059,141211,3.232,5.400,17.453
63574,1,0,1,0.500,117105,141990,3.232,5.400,17.453
63614,1,0,1,0.500,117105,142537,3.212,4.200,13.490
63654,1,0,1,0.500,117258,143130,3.212,4.200,13.490
63694,1,0,1,0.500,117402,143736,3.228,8.400,27.115
63734,1,0,1,0.500,117482,144135,3.228,8.400,27.115
63774,1,0,1,0.500,117864,144679,3.228,8.400,27.115
63814,1,0,1,0.500,118398,145237,3.236,4.800,15.533
63854,1,0,1,0.500,118951,145823,3.236,4.800,15.533
63894,1,0,1,0.500,119215,146277,3.224,4.700,15.153
63934,1,0,1,0.500,119265,146331,3.224,4.700,15.153
63974,1,0,1,0.500,119275,146259,3.224,4.700,15.153
64014,1,0,1,0.500,119196,146075,3.236,5.500,17.798
64054,1,0,1,0.500,119139,145982,3.236,5.500,17.798
64095,1,0,1,0.500,119260,146295,3.216,4.900,15.758
64134,1,0,1,0.500,120756,147197,3.216,4.900,15.758
64174,1,0,1,0.500,132858,141299,3.216,4.900,15.758
64215,1,0,1,0.500,70130,63194,3.236,5.100,16.504
64254,1,0,1,0.500,26335,24459,3.236,5.100,16.504
64295,1,0,1,0.500,22311,21349,3.132,5.000,15.660
64335,1,0,1,0.500,20822,20731,3.132,5.000,15.660
64374,1,0,1,0.500,20495,26190,3.132,5.000,15.660
64415,1,0,1,0.500,41245,56846,3.228,4.800,15.494
64455,1,0,1,0.500,98496,109204,3.228,4.800,15.494
64495,1,0,1,0.500,103121,102529,3.068,5.100,15.647
64535,1,0,1,0.500,83402,80246,3.068,5.100,15.647
64575,1,0,1,0.500,69730,67587,3.068,5.100,15.647
64615,1,0,1,0.500,79223,78926,3.216,4.200,13.507
64655,1,0,1,0.500,104059,112464,3.216,4.200,13.507
64695,1,0,1,0.500,113746,130051,3.104,7.400,22.970
64735,1,0,1,0.500,118728,138893,3.104,7.400,22.970
64775,1,0,1,0.500,120516,142309,3.104,7.400,22.970
64815,1,0,1,0.500,120100,141694,3.152,4.700,14.814
64855,1,0,1,0.500,109581,121067,3.152,4.700,14.814
64895,1,0,1,0.500,60258,61173,3.180,12.600,40.068
64935,1,0,1,0.500,25918,30022,3.180,12.600,40.068
64975,1,0,1,0.500,39071,42536,3.180,12.600,40.068
65015,1,0,1,0.500,93203,99130,3.236,5.000,16.180
65055,1,0,1,0.500,114048,134422,3.236,5.000,16.180
65095,1,0,1,0.500,120004,141293,3.220,15.200,48.944
65135,1,0,1,0.500,119566,139868,3.220,15.200,48.944
65175,1,0,1,0.500,89614,92484,3.220,15.200,48.944
65215,1,0,1,0.500,31365,34593,3.236,6.400,20.710
65255,1,0,1,0.500,47863,51698,3.236,6.400,20.710
65295,1,0,1,0.500,105687,114593,3.168,11.300,35.798
65335,1,0,1,0.500,111285,134583,3.168,11.300,35.798
65375,1,0,1,0.500,113107,136924,3.168,11.300,35.798
65415,1,0,1,0.500,89349,94484,3.224,4.300,13.863
65455,1,0,1,0.500,18948,21555,3.224,4.300,13.863
65495,1,0,1,0.500,36633,45052,3.224,5.200,16.765
65535,1,0,1,0.500,94665,114418,3.224,5.200,16.765
65575,1,0,1,0.500,106668,135208,3.224,5.200,16.765
65615,1,0,1,0.500,107551,136922,3.216,4.100,13.186
65655,1,0,1,0.500,90314,101938,3.216,4.100,13.186
65695,1,0,1,0.500,22614,25636,3.228,5.900,19.045
65735,1,0,1,0.500,38426,46861,3.228,5.900,19.045
65775,1,0,1,0.500,93359,112947,3.228,5.900,19.045
65815,1,0,1,0.500,104695,130730,3.176,4.400,13.974
65855,1,0,1,0.500,105401,131987,3.176,4.400,13.974
65895,1,0,1,0.500,104898,120572,3.224,5.000,16.120
65935,1,0,1,0.500,36395,37143,3.224,5.000,16.120
65975,1,0,1,0.500,15765,19650,3.224,5.000,16.120
66015,1,0,1,0.500,25891,33395,3.108,4.800,14.918
66055,1,0,1,0.500,82992,83101,3.108,4.800,14.918
66095,1,0,1,0.500,110209,129624,3.224,5.000,16.120
66135,1,0,1,0.500,109168,131947,3.224,5.000,16.120
66175,1,0,1,0.500,97364,105454,3.224,5.000,16.120
66215,1,0,1,0.500,24987,30579,3.232,5.500,17.776
66255,1,0,1,0.500,15819,20985,3.232,5.500,17.776
66296,1,0,1,0.500,49185,61981,3.196,4.900,15.660
66335,1,0,1,0.500,108050,126430,3.196,4.900,15.660
66375,1,0,1,0.500,117820,139382,3.196,4.900,15.660
66416,1,0,1,0.500,116819,133012,3.228,4.900,15.817
66455,1,0,1,0.500,56653,59070,3.228,4.900,15.817
66496,1,0,1,0.500,14987,20438,3.116,4.900,15.268
66536,1,0,1,0.500,28384,35933,3.116,4.900,15.268
66575,1,0,1,0.500,95809,99450,3.116,4.900,15.268
66616,1,0,1,0.500,106692,130289,3.228,4.700,15.172
66656,1,0,1,0.500,105416,128783,3.228,4.700,15.172
66696,1,0,1,0.500,109731,130391,3.072,5.200,15.974
66736,1,0,1,0.500,108587,129726,3.072,5.200,15.974
66776,1,0,1,0.500,106530,130776,3.072,5.200,15.974
66816,1,0,1,0.500,106296,131765,3.212,4.600,14.775
66856,1,0,1,0.500,106353,132234,3.212,4.600,14.775
66896,1,0,1,0.500,106431,132518,3.120,8.400,26.208
66936,1,0,1,0.500,106389,132670,3.120,8.400,26.208
66976,1,0,1,0.500,106299,132733,3.120,8.400,26.208
67016,1,0,1,0.500,106129,132750,3.232,5.000,16.160
67056,1,0,1,0.500,106023,132780,3.232,5.000,16.160
67096,1,0,1,0.500,106195,132893,3.224,13.200,42.557
67136,1,0,1,0.500,106319,132949,3.224,13.200,42.557
67176,1,0,1,0.500,107298,132849,3.224,13.200,42.557
67216,1,0,1,0.500,114622,134243,3.236,5.200,16.827
67256,1,0,1,0.500,113955,129265,3.236,5.200,16.827
67296,1,0,1,0.500,113032,124970,3.216,14.900,47.918
67336,1,0,1,0.500,109526,120691,3.216,14.900,47.918
67376,1,0,1,0.500,110633,122524,3.216,14.900,47.918
67416,1,0,1,0.500,106537,117614,3.232,7.600,24.563
67456,1,0,1,0.500,101465,112719,3.232,7.600,24.563
67496,1,0,1,0.500,98042,108214,3.152,10.500,33.096
67536,1,0,1,0.500,96209,108153,3.152,10.500,33.096
67576,1,0,1,0.500,94056,105952,3.152,10.500,33.096
67616,1,0,1,0.500,84307,92544,3.228,4.800,15.494
67656,1,0,1,0.500,65646,75281,3.228,4.800,15.494
67696,1,0,1,0.500,60208,70758,3.084,5.000,15.420
67736,1,0,1,0.500,55171,65136,3.084,5.000,15.420
67776,1,0,1,0.500,52838,62342,3.084,5.000,15.420
67816,1,0,1,0.500,56010,64578,3.220,4.300,13.846
67856,1,0,1,0.500,64844,73157,3.220,4.300,13.846
67896,1,0,1,0.500,81855,89103,3.228,4.800,15.494
67936,1,0,1,0.500,91871,100850,3.228,4.800,15.494
67976,1,0,1,0.500,89347,100804,3.228,4.800,15.494
68016,1,0,1,0.500,88642,100157,3.164,4.400,13.922
68056,1,0,1,0.500,89297,100904,3.164,4.400,13.922
68096,1,0,1,0.500,89824,101570,3.228,4.600,14.849
68136,1,0,1,0.500,91393,103670,3.228,4.600,14.849
68176,1,0,1,0.500,95743,109058,3.228,4.600,14.849
68216,1,0,1,0.500,99108,112949,3.236,4.800,15.533
68256,1,0,1,0.500,100623,114688,3.236,4.800,15.533
68296,1,0,1,0.500,100853,115208,3.224,4.800,15.475
68336,1,0,1,0.500,100851,115529,3.224,4.800,15.475
68376,1,0,1,0.500,100769,115739,3.224,4.800,15.475
68416,1,0,1,0.500,100979,116161,3.236,5.900,19.092
68456,1,0,1,0.500,101573,116800,3.236,5.900,19.092
68496,1,0,1,0.500,101937,117281,3.176,4.900,15.562
68536,1,0,1,0.500,103300,118217,3.176,4.900,15.562
68576,1,0,1,0.500,105448,119564,3.176,4.900,15.562
68616,1,0,1,0.500,107633,120549,3.224,4.400,14.186
68656,1,0,1,0.500,108425,120843,3.224,4.400,14.186
68696,1,0,1,0.500,109159,120842,3.100,5.200,16.120
68736,1,0,1,0.500,109739,120257,3.100,5.200,16.120
68776,1,0,1,0.500,109737,119846,3.100,5.200,16.120
68816,1,0,1,0.500,109765,119316,3.220,4.200,13.524
68856,1,0,1,0.500,109747,118669,3.220,4.200,13.524
68897,1,0,1,0.500,109613,118222,3.076,5.700,17.533
68936,1,0,1,0.500,109553,117896,3.076,5.700,17.533
68976,1,0,1,0.500,109472,117273,3.076,5.700,17.533
69017,1,0,1,0.500,109293,116613,3.188,4.400,14.027
69056,1,0,1,0.500,109045,115888,3.188,4.400,14.027
69097,1,0,1,0.500,108613,114762,3.228,10.100,32.603
69137,1,0,1,0.500,108228,113892,3.228,10.100,32.603
69176,1,0,1,0.500,107746,112894,3.228,10.100,32.603
69217,1,0,1,0.500,107316,112100,3.116,4.600,14.334
69257,1,0,1,0.500,106667,110841,3.116,4.600,14.334
69297,1,0,1,0.500,105959,109616,3.228,14.500,46.806
69337,1,0,1,0.500,105363,108624,3.228,14.500,46.806
69377,1,0,1,0.500,105007,108016,3.228,14.500,46.806
69417,1,0,1,0.500,105124,108043,3.236,4.900,15.856
69457,1,0,1,0.500,105444,108385,3.236,4.900,15.856
69497,1,0,1,0.500,106119,109344,3.208,5.000,16.040
69537,1,0,1,0.500,107413,111338,3.208,5.000,16.040
69577,1,0,1,0.500,108935,113969,3.208,5.000,16.040
69617,1,0,1,0.500,110364,117290,3.232,4.500,14.544
69657,1,0,1,0.500,110250,120377,3.232,4.500,14.544
69697,1,0,1,0.500,107573,120476,3.124,5.000,15.620
69737,1,0,1,0.500,105315,119771,3.124,5.000,15.620
69777,1,0,1,0.500,104316,119280,3.124,5.000,15.620
69817,1,0,1,0.500,103496,118829,3.224,4.300,13.863
69857,1,0,1,0.500,102836,118443,3.224,4.300,13.863
69897,1,0,1,0.500,102282,118031,3.068,5.300,16.260
69937,1,0,1,0.500,100879,116737,3.068,5.300,16.260
69977,1,0,1,0.500,98376,114364,3.068,5.300,16.260
70017,1,0,1,0.500,95664,111716,3.212,4.200,13.490
70057,1,0,1,0.500,92761,108710,3.212,4.200,13.490
70097,1,0,1,0.500,91579,107581,3.120,8.100,25.272
70137,1,0,1,0.500,90704,106732,3.120,8.100,25.272
70177,1,0,1,0.500,90397,106412,3.120,8.100,25.272
70217,1,0,1,0.500,90618,106591,3.236,4.800,15.533
70257,1,0,1,0.500,90449,106223,3.236,4.800,15.533
70297,1,0,1,0.500,89439,103768,3.224,4.800,15.475
70337,1,0,1,0.500,92586,103535,3.224,4.800,15.475
70377,1,0,1,0.500,95639,103538,3.224,4.800,15.475
70417,1,0,1,0.500,95604,103020,3.236,5.200,16.827
70457,1,0,1,0.500,92105,101861,3.236,5.200,16.827
70497,1,0,1,0.500,88550,100024,3.220,4.600,14.812
70537,1,0,1,0.500,86078,98077,3.220,4.600,14.812
70577,1,0,1,0.500,86651,99280,3.220,4.600,14.812
70617,1,0,1,0.500,86850,99814,3.236,7.300,23.623
70657,1,0,1,0.500,87630,99594,3.236,7.300,23.623
70697,1,0,1,0.500,91777,98703,3.148,4.800,15.110
70737,1,0,1,0.500,92939,95945,3.148,4.800,15.110
70777,1,0,1,0.500,87847,89394,3.148,4.800,15.110
70817,1,0,1,0.500,80383,82518,3.232,4.900,15.837
70857,1,0,1,0.500,82038,84989,3.232,4.900,15.837
70897,1,0,1,0.500,76577,79451,3.080,4.800,14.784
70937,1,0,1,0.500,74173,77437,3.080,4.800,14.784
70977,1,0,1,0.500,77628,80927,3.080,4.800,14.784
71017,1,0,1,0.500,83666,86698,3.220,4.400,14.168
71057,1,0,1,0.500,90066,92840,3.220,4.400,14.168
71097,1,0,1,0.500,98380,100541,3.228,6.200,20.014
71137,1,0,1,0.500,103394,105175,3.228,6.200,20.014
71177,1,0,1,0.500,105108,106821,3.228,6.200,20.014
71217,1,0,1,0.500,103672,105525,3.168,4.400,13.939
71257,1,0,1,0.500,95146,97094,3.168,4.400,13.939
71298,1,0,1,0.500,82336,84922,3.228,11.400,36.799
71337,1,0,1,0.500,74072,77481,3.228,11.400,36.799
71377,1,0,1,0.500,75836,79630,3.228,11.400,36.799
71418,1,0,1,0.500,77034,81188,3.236,5.100,16.504
71457,1,0,1,0.500,79533,84118,3.236,5.100,16.504
71498,1,0,1,0.500,85662,89921,3.224,5.000,16.120
71538,1,0,1,0.500,89524,93324,3.224,5.000,16.120
71577,1,0,1,0.500,91798,94976,3.224,5.000,16.120
71618,1,0,1,0.500,91525,94468,3.236,5.800,18.769
71658,1,0,1,0.500,88974,91825,3.236,5.800,18.769
71698,1,0,1,0.500,88855,91720,3.188,5.000,15.940
71738,1,0,1,0.500,89473,92000,3.188,5.000,15.940
71778,1,0,1,0.500,77901,80865,3.188,5.000,15.940
71818,1,0,1,0.500,64759,68268,3.224,4.300,13.863
71858,1,0,1,0.500,53575,57734,3.224,4.300,13.863
71897,1,0,1,0.500,51253,55832,3.112,5.200,16.182
71938,1,0,1,0.500,56119,60755,3.112,5.200,16.182
71978,1,0,1,0.500,60470,64969,3.112,5.200,16.182
72018,1,0,1,0.500,64242,68610,3.224,4.200,13.541
72058,1,0,1,0.500,69234,73457,3.224,4.200,13.541
72098,1,0,1,0.500,74866,79113,3.072,5.100,15.667
72138,1,0,1,0.500,84198,87753,3.072,5.100,15.667
72178,1,0,1,0.500,97388,100391,3.072,5.100,15.667
72218,1,0,1,0.500,114639,117194,3.208,4.500,14.436
72258,1,0,1,0.500,117813,121799,3.208,4.500,14.436
72298,1,0,1,0.500,116560,120883,3.132,9.000,28.188
72338,1,0,1,0.500,113296,117715,3.132,9.000,28.188
72378,1,0,1,0.500,110516,115082,3.132,9.000,28.188
72418,1,0,1,0.500,107672,111576,3.128,4.900,15.327
72458,1,0,1,0.500,94820,98585,3.128,4.900,15.327
72498,1,0,1,0.500,70827,76036,3.204,13.500,43.254
72538,1,0,1,0.500,49288,55241,3.204,13.500,43.254
72578,1,0,1,0.500,36988,43079,3.204,13.500,43.254
72618,1,0,1,0.500,31772,37468,3.236,5.000,16.180
72658,1,0,1,0.500,30664,36138,3.236,5.000,16.180
72698,1,0,1,0.500,30711,36067,3.220,15.300,49.266
72738,1,0,1,0.500,31141,36413,3.220,15.300,49.266
72778,1,0,1,0.500,32523,37842,3.220,15.300,49.266
72818,1,0,1,0.500,34863,40359,3.232,4.800,15.514
72858,1,0,1,0.500,39732,45604,3.232,4.800,15.514
72898,1,0,1,0.500,45669,51831,3.232,5.000,16.160
72938,1,0,1,0.500,51513,57868,3.232,5.000,16.160
72978,1,0,1,0.500,53934,60033,3.232,5.000,16.160
73018,1,0,1,0.500,56249,62420,3.224,4.400,14.186
73058,1,0,1,0.500,61914,68409,3.224,4.400,14.186
73098,1,0,1,0.500,68653,75831,3.232,5.000,16.160
73138,1,0,1,0.500,75927,83533,3.232,5.000,16.160
73178,1,0,1,0.500,83028,90825,3.232,5.000,16.160
73218,1,0,1,0.500,93876,101858,3.216,4.300,13.829
73258,1,0,1,0.500,108992,116637,3.216,4.300,13.829
73298,1,0,1,0.500,115911,123467,3.228,7.000,22.596
73338,1,0,1,0.500,116484,124276,3.228,7.000,22.596
73378,1,0,1,0.500,123142,132348,3.228,7.000,22.596
73418,1,0,1,0.500,127436,141995,3.156,4.600,14.518
73458,1,0,1,0.500,116100,139554,3.156,4.600,14.518
73498,1,0,1,0.500,107035,134909,3.228,4.900,15.817
73538,1,0,1,0.500,107184,135056,3.228,4.900,15.817
73578,1,0,1,0.500,115527,140399,3.228,4.900,15.817
73618,1,0,1,0.500,128822,142320,3.236,5.400,17.474
73658,1,0,1,0.500,122125,130014,3.236,5.400,17.474
73698,1,0,1,0.500,104542,112763,3.220,4.800,15.456
73738,1,0,1,0.500,91136,100197,3.220,4.800,15.456
73778,1,0,1,0.500,81064,90653,3.220,4.800,15.456
73818,1,0,1,0.500,71819,81321,3.232,4.700,15.190
73858,1,0,1,0.500,65270,74788,3.232,4.700,15.190
73899,1,0,1,0.500,60455,69492,3.168,4.900,15.523
73938,1,0,1,0.500,60841,70143,3.168,4.900,15.523
73978,1,0,1,0.500,70160,80213,3.168,4.900,15.523
74019,1,0,1,0.500,84664,95120,3.232,4.800,15.514
74058,1,0,1,0.500,88919,98876,3.232,4.800,15.514
74099,1,0,1,0.500,89530,99367,3.096,5.100,15.790
74139,1,0,1,0.500,90900,100647,3.096,5.100,15.790
74178,1,0,1,0.500,97564,107053,3.096,5.100,15.790
74219,1,0,1,0.500,106680,115264,3.220,4.400,14.168
74259,1,0,1,0.500,108686,116091,3.220,4.400,14.168
74299,1,0,1,0.500,103022,110178,3.088,5.600,17.293
74339,1,0,1,0.500,92132,99054,3.088,5.600,17.293
74379,1,0,1,0.500,85421,91553,3.088,5.600,17.293
74419,1,0,1,0.500,80293,85837,3.172,4.700,14.908
74459,1,0,1,0.500,74930,81663,3.172,4.700,14.908
74499,1,0,1,0.500,77489,85382,3.176,11.500,36.524
74539,1,0,1,0.500,80377,88761,3.176,11.500,36.524
74579,1,0,1,0.500,89169,98336,3.176,11.500,36.524
74619,1,0,1,0.500,110348,118646,3.236,5.200,16.827
74659,1,0,1,0.500,127995,139267,3.236,5.200,16.827
74699,1,0,1,0.500,112264,136803,3.220,15.600,50.232
74739,1,0,1,0.500,103825,133064,3.220,15.600,50.232
74779,1,0,1,0.500,104565,134911,3.220,15.600,50.232
74819,1,0,1,0.500,104853,135400,3.236,6.000,19.416
74859,1,0,1,0.500,104996,135633,3.236,6.000,19.416
74899,1,0,1,0.500,105073,135797,3.168,11.300,35.798
74939,1,0,1,0.500,105133,135885,3.168,11.300,35.798
74979,1,0,1,0.500,105144,135917,3.168,11.300,35.798
75019,1,0,1,0.500,105156,135934,3.232,4.500,14.544
75059,1,0,1,0.500,105182,135936,3.232,4.500,14.544
75099,1,0,1,0.500,105254,135986,3.092,5.100,15.769
75139,1,0,1,0.500,105434,136109,3.092,5.100,15.769
75179,1,0,1,0.500,112748,141717,3.092,5.100,15.769
75219,1,0,1,0.500,134887,151990,3.224,4.400,14.186
75259,1,0,1,0.500,119784,127757,3.224,4.400,14.186
75299,1,0,1,0.500,101626,111181,3.232,4.900,15.837
75339,1,0,1,0.500,85376,96110,3.232,4.900,15.837
75379,1,0,1,0.500,69807,81007,3.232,4.900,15.837
75419,1,0,1,0.500,61868,72435,3.168,4.800,15.206
75459,1,0,1,0.500,56070,66079,3.168,4.800,15.206
75499,1,0,1,0.500,52585,62542,3.228,4.800,15.494
75539,1,0,1,0.500,48798,58127,3.228,4.800,15.494
75579,1,0,1,0.500,45488,54259,3.228,4.800,15.494
75619,1,0,1,0.500,42763,51257,3.236,5.000,16.180
75659,1,0,1,0.500,42035,50423,3.236,5.000,16.180
75699,1,0,1,0.500,43031,51486,3.224,4.800,15.475
75739,1,0,1,0.500,43691,52200,3.224,4.800,15.475
75779,1,0,1,0.500,44767,53389,3.224,4.800,15.475
75819,1,0,1,0.500,48071,57018,3.240,6.600,21.384
75859,1,0,1,0.500,54647,64002,3.240,6.600,21.384
75899,1,0,1,0.500,67702,77458,3.164,5.000,15.820
75939,1,0,1,0.500,88666,97944,3.164,5.000,15.820
75979,1,0,1,0.500,108641,117800,3.164,5.000,15.820
76019,1,0,1,0.500,121579,131812,3.228,4.400,14.203
76059,1,0,1,0.500,122789,133169,3.228,4.400,14.203
76099,1,0,1,0.500,110570,121592,3.084,5.100,15.728
76139,1,0,1,0.500,94283,105853,3.084,5.100,15.728
76179,1,0,1,0.500,91632,103649,3.084,5.100,15.728
76219,1,0,1,0.500,95139,107064,3.220,4.400,14.168
76259,1,0,1,0.500,99139,110941,3.220,4.400,14.168
76300,1,0,1,0.500,105775,117640,3.232,6.900,22.301
76339,1,0,1,0.500,115780,127839,3.232,6.900,22.301
76379,1,0,1,0.500,126191,139526,3.232,6.900,22.301
76420,1,0,1,0.500,127155,144444,3.156,4.500,14.202
76459,1,0,1,0.500,121364,142781,3.156,4.500,14.202
76500,1,0,1,0.500,112642,138923,3.232,12.400,40.077
76540,1,0,1,0.500,111146,138999,3.232,12.400,40.077
76579,1,0,1,0.500,112111,139978,3.232,12.400,40.077
76620,1,0,1,0.500,112502,140630,3.236,5.000,16.180
76660,1,0,1,0.500,112729,141051,3.236,5.000,16.180
76700,1,0,1,0.500,112795,141139,3.224,5.000,16.120
76740,1,0,1,0.500,112277,140593,3.224,5.000,16.120
76780,1,0,1,0.500,112008,140350,3.224,5.000,16.120
76820,1,0,1,0.500,112091,140465,3.232,4.600,14.867
76860,1,0,1,0.500,112283,140762,3.232,4.600,14.867
76900,1,0,1,0.500,112668,141285,3.156,4.900,15.464
76940,1,0,1,0.500,112916,141687,3.156,4.900,15.464
76980,1,0,1,0.500,113169,142074,3.156,4.900,15.464
77020,1,0,1,0.500,112955,141785,3.228,4.000,12.912
77060,1,0,1,0.500,112118,140706,3.228,4.000,12.912
77100,1,0,1,0.500,111486,140074,3.080,5.100,15.708
77140,1,0,1,0.500,111268,139743,3.080,5.100,15.708
77180,1,0,1,0.500,109991,137991,3.080,5.100,15.708
77220,1,0,1,0.500,109759,137749,3.220,4.300,13.846
77260,1,0,1,0.500,110083,137982,3.220,4.300,13.846
77300,1,0,1,0.500,110470,138888,3.112,7.400,23.029
77340,1,0,1,0.500,111476,140287,3.112,7.400,23.029
77380,1,0,1,0.500,110529,137782,3.112,7.400,23.029
77420,1,0,1,0.500,114939,139440,3.152,4.400,13.869
77460,1,0,1,0.500,120125,142411,3.152,4.400,13.869
77500,1,0,1,0.500,116161,139551,3.196,13.400,42.826
77540,1,0,1,0.500,110839,138497,3.196,13.400,42.826
77580,1,0,1,0.500,112724,141536,3.196,13.400,42.826
77620,1,0,1,0.500,112955,141929,3.236,5.000,16.180
77660,1,0,1,0.500,113868,143139,3.236,5.000,16.180
77700,1,0,1,0.500,114549,144314,3.220,14.900,47.978
77740,1,0,1,0.500,114712,144921,3.220,14.900,47.978
77781,1,0,1,0.500,114652,145048,3.128,8.800,27.526
77820,1,0,1,0.500,114542,144889,3.128,8.800,27.526
77860,1,0,1,0.500,114495,144790,3.128,8.800,27.526
77900,1,0,1,0.500,114237,144614,3.132,8.600,26.935
77940,1,0,1,0.500,113857,144490,3.132,8.600,26.935
77981,1,0,1,0.500,113501,144386,3.212,14.500,46.574
78020,1,0,1,0.500,113205,144003,3.212,14.500,46.574
78060,1,0,1,0.500,113922,143940,3.212,14.500,46.574
78100,1,0,1,0.500,124662,149668,3.076,5.600,17.226
78140,1,0,1,0.500,133211,153340,3.076,5.600,17.226
78181,1,0,1,0.500,127698,149838,3.204,13.500,43.254
78220,1,0,1,0.500,117322,132060,3.204,13.500,43.254
78260,1,0,1,0.500,103194,125053,3.204,13.500,43.254
78300,1,0,1,0.500,98308,122347,3.144,9.600,30.182
78340,1,0,1,0.500,100185,125090,3.144,9.600,30.182
78381,1,0,1,0.500,104432,129559,3.116,7.900,24.616
78420,1,0,1,0.500,111494,133046,3.116,7.900,24.616
78460,1,0,1,0.500,114566,133375,3.116,7.900,24.616
78500,1,0,1,0.500,115251,133811,3.224,14.900,48.038
78540,1,0,1,0.500,113744,133971,3.224,14.900,48.038
78581,1,0,1,0.500,103879,130472,3.060,5.100,15.606
78620,1,0,1,0.500,105189,134705,3.060,5.100,15.606
78661,1,0,1,0.500,107911,140115,3.060,5.100,15.606
78700,1,0,1,0.500,109968,143387,3.200,13.200,42.240
78740,1,0,1,0.500,110141,143280,3.200,13.200,42.240
78781,1,0,1,0.500,110438,143714,3.152,10.000,31.520
78820,1,0,1,0.500,109829,142080,3.152,10.000,31.520
78861,1,0,1,0.500,124921,135665,3.152,10.000,31.520
78900,1,0,1,0.500,105754,106848,3.112,7.500,23.340
78941,1,0,1,0.500,79868,81862,3.112,7.500,23.340
78981,1,0,1,0.500,66858,69752,3.228,15.700,50.680
79020,1,0,1,0.500,60002,62771,3.228,15.700,50.680
79061,1,0,1,0.500,58928,61625,3.228,15.700,50.680
79100,1,0,1,0.500,68212,70347,3.064,5.200,15.933
79141,1,0,1,0.500,84765,85233,3.064,5.200,15.933
79181,1,0,1,0.500,105956,103965,3.196,12.900,41.228
79220,1,0,1,0.500,119292,119618,3.196,12.900,41.228
79261,1,0,1,0.500,118087,119162,3.196,12.900,41.228
79301,1,0,1,0.500,111567,107565,3.144,10.300,32.383
79341,1,0,1,0.500,112170,109888,3.144,10.300,32.383
79381,1,0,1,0.500,113836,112509,3.104,7.200,22.349
79421,1,0,1,0.500,112273,109842,3.104,7.200,22.349
79461,1,0,1,0.500,114915,124631,3.104,7.200,22.349
79501,1,0,1,0.500,109052,135339,3.228,16.200,52.294
79541,1,0,1,0.500,110345,137826,3.228,16.200,52.294
79581,1,0,1,0.500,111252,139552,3.068,5.700,17.488
79621,1,0,1,0.500,111559,140024,3.068,5.700,17.488
79661,1,0,1,0.500,111561,139904,3.068,5.700,17.488
79701,1,0,1,0.500,110382,137983,3.188,13.500,43.038
79741,1,0,1,0.500,109973,137180,3.188,13.500,43.038
79781,1,0,1,0.500,111009,136601,3.156,10.800,34.085
79821,1,0,1,0.500,111404,136861,3.156,10.800,34.085
79861,1,0,1,0.500,126293,142522,3.156,10.800,34.085
79901,1,0,1,0.500,128080,141620,3.100,6.800,21.080
79941,1,0,1,0.500,112066,136748,3.100,6.800,21.080
79981,1,0,1,0.500,109986,136892,3.224,16.300,52.551
80021,1,0,1,0.500,109554,136064,3.224,16.300,52.551
80061,1,0,1,0.500,109816,136672,3.224,16.300,52.551
80101,1,0,1,0.500,109600,134446,3.068,5.800,17.794
80141,1,0,1,0.500,116171,134896,3.068,5.800,17.794
80181,1,0,1,0.500,120636,131958,3.184,13.000,41.392
80221,1,0,1,0.500,120396,126212,3.184,13.000,41.392
80261,1,0,1,0.500,111134,111702,3.184,13.000,41.392
80301,1,0,1,0.500,109967,111457,3.156,11.200,35.347
80341,1,0,1,0.500,111456,113416,3.156,11.200,35.347
80381,1,0,1,0.500,103878,106533,3.096,6.800,21.053
80421,1,0,1,0.500,98931,102527,3.096,6.800,21.053
80461,1,0,1,0.500,79112,83143,3.096,6.800,21.053
80501,1,0,1,0.500,52259,58108,3.232,16.200,52.358
80541,1,0,1,0.500,37709,43893,3.232,16.200,52.358
80581,1,0,1,0.500,28174,33509,3.064,5.800,17.771
80621,1,0,1,0.500,27343,32478,3.064,5.800,17.771
80661,1,0,1,0.500,34246,39985,3.064,5.800,17.771
80701,1,0,1,0.500,68395,80161,3.236,13.300,43.039
80741,1,0,1,0.500,97486,121318,3.236,13.300,43.039
80781,1,0,1,0.500,93985,121638,3.156,11.000,34.716
80821,1,0,1,0.500,96414,125521,3.156,11.000,34.716
80861,1,0,1,0.500,114976,143271,3.156,11.000,34.716
80901,1,0,1,0.500,124977,145717,3.096,7.000,21.672
80941,1,0,1,0.500,132039,144028,3.096,7.000,21.672
80981,1,0,1,0.500,132906,144238,3.228,16.000,51.648
81021,1,0,1,0.500,122490,145099,3.228,16.000,51.648
81061,1,0,1,0.500,105903,133866,3.228,16.000,51.648
81101,1,0,1,0.500,101638,131868,3.060,4.900,14.994
81141,1,0,1,0.500,102008,132240,3.060,4.900,14.994
81181,1,0,1,0.500,118238,140921,3.232,13.500,43.632
81221,1,0,1,0.500,109549,113898,3.232,13.500,43.632
81261,1,0,1,0.500,65339,70294,3.232,13.500,43.632
81301,1,0,1,0.500,35824,40612,3.152,10.600,33.411
81341,1,0,1,0.500,65937,77615,3.152,10.600,33.411
81382,1,0,1,0.500,93340,119117,3.236,7.500,24.270
81421,1,0,1,0.500,94750,121013,3.236,7.500,24.270
81461,1,0,1,0.500,98815,111828,3.236,7.500,24.270
81502,1,0,1,0.500,32010,36167,3.228,16.000,51.648
81541,1,0,1,0.500,39577,48621,3.228,16.000,51.648
81582,1,0,1,0.500,91344,112006,3.064,4.500,13.788
81622,1,0,1,0.500,101784,127966,3.064,4.500,13.788
81661,1,0,1,0.500,109464,125056,3.064,4.500,13.788
81702,1,0,1,0.500,59848,64965,3.236,13.500,43.686
81742,1,0,1,0.500,34514,40533,3.236,13.500,43.686
81782,1,0,1,0.500,79806,83955,3.156,4.300,13.571
81822,1,0,1,0.500,103064,131907,3.156,4.300,13.571
81862,1,0,1,0.500,104633,134708,3.156,4.300,13.571
81902,1,0,1,0.500,112761,126123,3.236,6.800,22.005
81942,1,0,1,0.500,58154,65707,3.236,6.800,22.005
81981,1,0,1,0.500,49799,57925,3.232,16.300,52.682
82022,1,0,1,0.500,35812,44098,3.232,16.300,52.682
82062,1,0,1,0.500,31594,39827,3.232,16.300,52.682
82102,1,0,1,0.500,30383,38491,3.236,4.700,15.209
82142,1,0,1,0.500,27476,35374,3.236,4.700,15.209
82182,1,0,1,0.500,25681,33485,3.232,12.300,39.754
82222,1,0,1,0.500,24529,32461,3.232,12.300,39.754
82262,1,0,1,0.500,23179,31037,3.232,12.300,39.754
82302,1,0,1,0.500,22020,29804,3.172,4.800,15.226
82342,1,0,1,0.500,21373,29081,3.172,4.800,15.226
82382,1,0,1,0.500,20481,28091,3.236,5.800,18.769
82422,1,0,1,0.500,19671,27217,3.236,5.800,18.769
82462,1,0,1,0.500,19066,26526,3.236,5.800,18.769
82502,1,0,1,0.500,17349,24571,3.232,4.600,14.867
82542,1,0,1,0.500,15595,22635,3.232,4.600,14.867
82582,1,0,1,0.500,14164,20915,3.236,4.700,15.209
82622,1,0,1,0.500,13286,19906,3.236,4.700,15.209
82662,1,0,1,0.500,12497,18836,3.236,4.700,15.209
82702,1,0,1,0.500,8984,13635,3.236,4.500,14.562
82742,1,0,1,0.500,7992,12522,3.236,4.500,14.562
82782,1,0,1,0.500,10506,16015,3.232,4.600,14.867
82822,1,0,1,0.500,14955,21691,3.232,4.600,14.867
82862,1,0,1,0.500,27220,35801,3.232,4.600,14.867
82902,1,0,1,0.500,41915,50965,3.236,5.100,16.504
82942,1,0,1,0.500,70693,78239,3.236,5.100,16.504
82982,1,0,1,0.500,102349,107735,3.236,4.600,14.886
83022,1,0,1,0.500,107194,117288,3.236,4.600,14.886
83062,1,0,1,0.500,99324,120418,3.236,4.600,14.886
83102,1,0,1,0.500,100495,126135,3.232,4.700,15.190
83142,1,0,1,0.500,101059,127952,3.232,4.700,15.190
83182,1,0,1,0.500,100228,126326,3.236,4.800,15.533
83222,1,0,1,0.500,99401,124468,3.236,4.800,15.533
83262,1,0,1,0.500,100202,125828,3.236,4.800,15.533
83302,1,0,1,0.500,100413,126059,3.240,4.400,14.256
83342,1,0,1,0.500,104148,123167,3.240,4.400,14.256
83382,1,0,1,0.500,103127,116538,3.236,4.800,15.533
83422,1,0,1,0.500,95976,113714,3.236,4.800,15.533
83462,1,0,1,0.500,96010,115313,3.236,4.800,15.533
83502,1,0,1,0.500,98447,122625,3.232,4.400,14.221
83542,1,0,1,0.500,97952,120766,3.232,4.400,14.221
83582,1,0,1,0.500,99162,108540,3.236,4.700,15.209
83622,1,0,1,0.500,97824,105409,3.236,4.700,15.209
83662,1,0,1,0.500,112461,138043,3.236,4.700,15.209
83702,1,0,1,0.500,114203,141644,3.236,4.600,14.886
83742,1,0,1,0.500,115039,143414,3.236,4.600,14.886
83783,1,0,1,0.500,115343,143738,3.236,4.700,15.209
83822,1,0,1,0.500,112216,140050,3.236,4.700,15.209
83862,1,0,1,0.500,108005,137392,3.236,4.700,15.209
83903,1,0,1,0.500,111112,134925,3.236,4.400,14.238
83942,1,0,1,0.500,121583,139383,3.236,4.400,14.238
83983,1,0,1,0.500,123269,139100,3.236,4.400,14.238
84023,1,0,1,0.500,119892,136209,3.236,4.400,14.238
84062,1,0,1,0.500,105328,119206,3.236,4.400,14.238
84103,1,0,1,0.500,71267,80995,3.236,4.900,15.856
84143,1,0,1,0.500,68601,82612,3.236,4.900,15.856
84183,1,0,1,0.500,84935,99784,3.236,4.300,13.915
84223,1,0,1,0.500,88110,101989,3.236,4.300,13.915
84263,1,0,1,0.500,79027,92148,3.236,4.300,13.915
84303,1,0,1,0.500,76955,90961,3.240,4.500,14.580
84343,1,0,1,0.500,77368,92124,3.240,4.500,14.580
84382,1,0,1,0.500,79015,93427,3.236,4.700,15.209
84423,1,0,1,0.500,70130,83434,3.236,4.700,15.209
84463,1,0,1,0.500,57322,70950,3.236,4.700,15.209
84503,1,0,1,0.500,69920,84355,3.240,4.300,13.932
84543,1,0,1,0.500,80853,93920,3.240,4.300,13.932
84583,1,0,1,0.500,77969,90156,3.236,4.600,14.886
84623,1,0,1,0.500,61461,74063,3.236,4.600,14.886
84663,1,0,1,0.500,67685,81868,3.236,4.600,14.886
84703,1,0,1,0.500,74717,87305,3.236,4.800,15.533
84743,1,0,1,0.500,49292,61557,3.236,4.800,15.533
84783,1,0,1,0.500,46222,59704,3.236,4.700,15.209
84823,1,0,1,0.500,64085,78174,3.236,4.700,15.209
84863,1,0,1,0.500,54884,67707,3.236,4.700,15.209
84903,1,0,1,0.500,47821,61338,3.240,4.700,15.228
84943,1,0,1,0.500,66345,81046,3.240,4.700,15.228
84983,1,0,1,0.500,76525,89015,3.236,4.400,14.238
85023,1,0,1,0.500,58633,72161,3.236,4.400,14.238
85063,1,0,1,0.500,65905,80280,3.236,4.400,14.238
85103,1,0,1,0.500,93018,105911,3.236,4.600,14.886
85143,1,0,1,0.500,91799,104399,3.236,4.600,14.886
85183,1,0,1,0.500,87185,100506,3.236,4.400,14.238
85223,1,0,1,0.500,105648,120032,3.236,4.400,14.238
85263,1,0,1,0.500,113780,128139,3.236,4.400,14.238
85303,1,0,1,0.500,104343,117559,3.236,4.600,14.886
85343,1,0,1,0.500,109966,124602,3.236,4.600,14.886
85383,1,0,1,0.500,115405,135135,3.232,4.700,15.190
85423,1,0,1,0.500,116087,135489,3.232,4.700,15.190
85463,1,0,1,0.500,115968,135673,3.232,4.700,15.190
85503,1,0,1,0.500,114862,137425,3.236,4.700,15.209
85543,1,0,1,0.500,113289,137244,3.236,4.700,15.209
85583,1,0,1,0.500,113602,137880,3.236,4.500,14.562
85623,1,0,1,0.500,114176,137952,3.236,4.500,14.562
85663,1,0,1,0.500,113094,137131,3.236,4.500,14.562
85703,1,0,1,0.500,112875,136843,3.232,4.500,14.544
85743,1,0,1,0.500,113102,137400,3.232,4.500,14.544
85783,1,0,1,0.500,113373,137530,3.236,4.500,14.562
85823,1,0,1,0.500,114095,137583,3.236,4.500,14.562
85863,1,0,1,0.500,112855,137308,3.236,4.500,14.562
85903,1,0,1,0.500,111450,136646,3.240,4.800,15.552
85943,1,0,1,0.500,111075,136477,3.240,4.800,15.552
85983,1,0,1,0.500,111051,136236,3.240,4.800,15.552
86023,1,0,1,0.500,109287,135092,3.240,4.800,15.552
86063,1,0,1,0.500,107195,133532,3.240,4.800,15.552
86103,1,0,1,0.500,106753,133248,3.240,4.700,15.228
86143,1,0,1,0.500,108125,134619,3.240,4.700,15.228
86184,1,0,1,0.500,110576,136318,3.236,4.800,15.533
86223,1,0,1,0.500,111947,137201,3.236,4.800,15.533
86263,1,0,1,0.500,111827,137274,3.236,4.800,15.533
86304,1,0,1,0.500,111082,136913,3.232,4.700,15.190
86343,1,0,1,0.500,113008,137820,3.232,4.700,15.190
86384,1,0,1,0.500,116291,135301,3.236,4.600,14.886
86424,1,0,1,0.500,115978,134378,3.236,4.600,14.886
86463,1,0,1,0.500,115792,135178,3.236,4.600,14.886
86504,1,0,1,0.500,115194,136149,3.236,4.400,14.238
86544,1,0,1,0.500,115785,134038,3.236,4.400,14.238
86584,1,0,1,0.500,108928,121429,3.240,4.400,14.256
86624,1,0,1,0.500,106818,119523,3.240,4.400,14.256
86664,1,0,1,0.500,111947,126662,3.240,4.400,14.256
86704,1,0,1,0.500,114196,130932,3.240,4.700,15.228
86744,1,0,1,0.500,112384,126355,3.240,4.700,15.228
86784,1,0,1,0.500,99878,110570,3.236,4.300,13.915
86824,1,0,1,0.500,91057,102176,3.236,4.300,13.915
86864,1,0,1,0.500,103818,117090,3.236,4.300,13.915
86904,1,0,1,0.500,112455,128137,3.240,4.700,15.228
86944,1,0,1,0.500,107925,120980,3.240,4.700,15.228
86984,1,0,1,0.500,96669,107998,3.240,4.300,13.932
87024,1,0,1,0.500,91807,103698,3.240,4.300,13.932
87064,1,0,1,0.500,99309,112573,3.240,4.300,13.932
87104,1,0,1,0.500,111557,126913,3.236,4.600,14.886
87144,1,0,1,0.500,105722,118098,3.236,4.600,14.886
87184,1,0,1,0.500,96162,107351,3.236,4.600,14.886
87224,1,0,1,0.500,89214,100406,3.236,4.600,14.886
87264,1,0,1,0.500,97811,110178,3.236,4.600,14.886
87304,1,0,1,0.500,108695,122835,3.240,4.800,15.552
87344,1,0,1,0.500,110729,124600,3.240,4.800,15.552
87384,1,0,1,0.500,103153,114704,3.236,4.700,15.209
87424,1,0,1,0.500,94500,105323,3.236,4.700,15.209
87464,1,0,1,0.500,100538,112940,3.236,4.700,15.209
87504,1,0,1,0.500,111675,127244,3.240,4.400,14.256
87544,1,0,1,0.500,111858,126469,3.240,4.400,14.256
87584,1,0,1,0.500,101667,112915,3.240,4.600,14.904
87624,1,0,1,0.500,91570,102307,3.240,4.600,14.904
87664,1,0,1,0.500,103303,116278,3.240,4.600,14.904
87704,1,0,1,0.500,112941,129798,3.236,4.400,14.238
87744,1,0,1,0.500,112116,127203,3.236,4.400,14.238
87784,1,0,1,0.500,105948,118067,3.236,4.400,14.238
87824,1,0,1,0.500,106634,119921,3.236,4.400,14.238
87864,1,0,1,0.500,113311,132558,3.236,4.400,14.238
87904,1,0,1,0.500,113896,136204,3.236,4.600,14.886
87944,1,0,1,0.500,113416,135784,3.236,4.600,14.886
87984,1,0,1,0.500,113496,132711,3.240,4.700,15.228
88024,1,0,1,0.500,113435,132471,3.240,4.700,15.228
88064,1,0,1,0.500,113245,135263,3.240,4.700,15.228
88104,1,0,1,0.500,112300,134850,3.240,4.500,14.580
88144,1,0,1,0.500,112258,134318,3.240,4.500,14.580
88184,1,0,1,0.500,112091,133917,3.240,4.700,15.228
88224,1,0,1,0.500,110965,133835,3.240,4.700,15.228
88264,1,0,1,0.500,109919,133526,3.240,4.700,15.228
88304,1,0,1,0.500,110837,133513,3.240,4.400,14.256
88344,1,0,1,0.500,111662,133381,3.240,4.400,14.256
88385,1,0,1,0.500,111610,133031,3.240,4.700,15.228
88424,1,0,1,0.500,110463,133344,3.240,4.700,15.228
88464,1,0,1,0.500,108672,132748,3.240,4.700,15.228
88505,1,0,1,0.500,107964,132048,3.240,4.400,14.256
88544,1,0,1,0.500,109088,132280,3.240,4.400,14.256
88585,1,0,1,0.500,108957,132294,3.240,4.600,14.904
88625,1,0,1,0.500,107340,131957,3.240,4.600,14.904
88664,1,0,1,0.500,106679,131533,3.240,4.600,14.904
88705,1,0,1,0.500,107531,131490,3.236,4.500,14.562
88745,1,0,1,0.500,109172,131524,3.236,4.500,14.562
88785,1,0,1,0.500,109254,131826,3.244,4.800,15.571
88825,1,0,1,0.500,109047,131626,3.244,4.800,15.571
88865,1,0,1,0.500,107697,131524,3.244,4.800,15.571
88905,1,0,1,0.500,106617,130942,3.240,4.400,14.256
88945,1,0,1,0.500,107182,130807,3.240,4.400,14.256
88985,1,0,1,0.500,109035,128626,3.240,4.500,14.580
89025,1,0,1,0.500,107865,121129,3.240,4.500,14.580
89065,1,0,1,0.500,108214,121652,3.240,4.500,14.580
89105,1,0,1,0.500,107752,120285,3.236,4.800,15.533
89145,1,0,1,0.500,104478,115138,3.236,4.800,15.533
89185,1,0,1,0.500,99078,108421,3.240,4.400,14.256
89225,1,0,1,0.500,65620,73966,3.240,4.400,14.256
89265,1,0,1,0.500,38023,48760,3.240,4.400,14.256
89305,1,0,1,0.500,39461,50774,3.240,4.600,14.904
89345,1,0,1,0.500,36753,47937,3.240,4.600,14.904
89385,1,0,1,0.500,36455,47653,3.240,4.400,14.256
89425,1,0,1,0.500,46155,57728,3.240,4.400,14.256
89465,1,0,1,0.500,57261,68607,3.240,4.400,14.256
89505,1,0,1,0.500,64352,75553,3.232,4.600,14.867
89545,1,0,1,0.500,59458,70368,3.232,4.600,14.867
89585,1,0,1,0.500,38718,49115,3.236,4.400,14.238
89625,1,0,1,0.500,31383,41891,3.236,4.400,14.238
89665,1,0,1,0.500,36389,47633,3.236,4.400,14.238
89705,1,0,1,0.500,47916,59677,3.236,4.600,14.886
89745,1,0,1,0.500,50395,61464,3.236,4.600,14.886
89785,1,0,1,0.500,38290,48579,3.236,4.500,14.562
89825,1,0,1,0.500,25237,34556,3.236,4.500,14.562
89865,1,0,1,0.500,19175,28381,3.236,4.500,14.562
89905,1,0,1,0.500,18088,27154,3.236,4.600,14.886
89945,1,0,1,0.500,16000,24347,3.236,4.600,14.886
89985,1,0,1,0.500,14931,22912,3.236,4.400,14.238
90025,1,0,1,0.500,25362,35860,3.236,4.400,14.238
90065,1,0,1,0.500,42056,54394,3.236,4.400,14.238
90105,1,0,1,0.500,64239,76429,3.228,4.600,14.849
90145,1,0,1,0.500,76979,87495,3.228,4.600,14.849
90185,1,0,1,0.500,78379,87973,3.236,4.600,14.886
90225,1,0,1,0.500,71553,81556,3.236,4.600,14.886
90265,1,0,1,0.500,37439,47645,3.236,4.600,14.886
90305,1,0,1,0.500,17460,26375,3.236,4.800,15.533
90345,1,0,1,0.500,14248,22472,3.236,4.800,15.533
90385,1,0,1,0.500,13380,21220,3.236,4.600,14.886
90425,1,0,1,0.500,12119,19509,3.236,4.600,14.886
90465,1,0,1,0.500,12074,19632,3.236,4.600,14.886
90505,1,0,1,0.500,13251,21265,3.228,4.600,14.849
90545,1,0,1,0.500,12236,19747,3.228,4.600,14.849
90585,1,0,1,0.500,11250,18172,3.236,4.700,15.209
90625,1,0,1,0.500,15399,23842,3.236,4.700,15.209
90665,1,0,1,0.500,29940,41303,3.236,4.700,15.209
90706,1,0,1,0.500,57238,69540,3.232,4.400,14.221
90745,1,0,1,0.500,75214,86166,3.232,4.400,14.221
