191,1,0,1,0.500,82955,82976,3.260,3.500,11.410
231,1,0,1,0.500,113319,124656,3.260,3.500,11.410
271,1,0,1,0.500,116342,130736,3.248,4.700,15.266
311,1,0,1,0.500,117541,132992,3.248,4.700,15.266
351,1,0,1,0.500,113978,127208,3.248,4.700,15.266
391,1,0,1,0.500,106684,114695,3.248,4.600,14.941
431,1,0,1,0.500,108687,118354,3.248,4.600,14.941
471,1,0,1,0.500,112562,125557,3.248,4.800,15.590
511,1,0,1,0.500,118570,136391,3.248,4.800,15.590
551,1,0,1,0.500,122208,143473,3.248,4.800,15.590
591,1,0,1,0.500,123066,145434,3.248,4.800,15.590
631,1,0,1,0.500,123296,145977,3.248,4.800,15.590
671,1,0,1,0.500,123782,147070,3.248,4.600,14.941
711,1,0,1,0.500,123789,147169,3.248,4.600,14.941
751,1,0,1,0.500,123712,147043,3.248,4.600,14.941
791,1,0,1,0.500,124035,147545,3.248,4.700,15.266
831,1,0,1,0.500,124537,148452,3.248,4.700,15.266
871,1,0,1,0.500,124899,149192,3.248,4.700,15.266
911,1,0,1,0.500,124942,149140,3.248,4.700,15.266
951,1,0,1,0.500,124669,148515,3.248,4.700,15.266
991,1,0,1,0.500,124479,148194,3.244,4.600,14.922
1031,1,0,1,0.500,123958,147008,3.244,4.600,14.922
1071,1,0,1,0.500,104551,107304,3.248,4.600,14.941
1111,1,0,1,0.500,45352,35612,3.248,4.600,14.941
1151,1,0,1,0.500,83699,81342,3.248,4.600,14.941
1191,1,0,1,0.500,116992,128060,3.248,4.700,15.266
1231,1,0,1,0.500,112744,123907,3.248,4.700,15.266
1271,1,0,1,0.500,105530,96712,3.248,4.700,15.266
1311,1,0,1,0.500,102787,91261,3.248,4.700,15.266
1351,1,0,1,0.500,116771,110582,3.248,4.700,15.266
1391,1,0,1,0.500,82465,66610,3.252,4.600,14.959
1431,1,0,1,0.500,74223,61030,3.252,4.600,14.959
1471,1,0,1,0.500,84773,72995,3.248,4.500,14.616
1511,1,0,1,0.500,97806,90580,3.248,4.500,14.616
1551,1,0,1,0.500,98840,90696,3.248,4.500,14.616
1591,1,0,1,0.500,91735,80594,3.248,4.800,15.590
1631,1,0,1,0.500,98847,92130,3.248,4.800,15.590
1671,1,0,1,0.500,106779,101614,3.248,4.600,14.941
1711,1,0,1,0.500,114870,127271,3.248,4.600,14.941
1751,1,0,1,0.500,114116,126517,3.248,4.600,14.941
1791,1,0,1,0.500,116640,128001,3.248,4.500,14.616
1831,1,0,1,0.500,115997,126720,3.248,4.500,14.616
1871,1,0,1,0.500,115784,126764,3.248,4.300,13.966
1911,1,0,1,0.500,114637,116541,3.248,4.300,13.966
1951,1,0,1,0.500,107493,91551,3.248,4.300,13.966
1991,1,0,1,0.500,111918,110270,3.252,4.800,15.610
2031,1,0,1,0.500,113591,119389,3.252,4.800,15.610
2071,1,0,1,0.500,108591,112406,3.252,4.700,15.284
2111,1,0,1,0.500,101465,94545,3.252,4.700,15.284
2151,1,0,1,0.500,102246,88062,3.252,4.700,15.284
2191,1,0,1,0.500,111422,102822,3.252,4.600,14.959
2231,1,0,1,0.500,113593,106642,3.252,4.600,14.959
2271,1,0,1,0.500,108741,109724,3.248,4.700,15.266
2311,1,0,1,0.500,108196,114150,3.248,4.700,15.266
2351,1,0,1,0.500,109490,116272,3.248,4.700,15.266
2391,1,0,1,0.500,107308,113944,3.252,4.400,14.309
2431,1,0,1,0.500,108602,115134,3.252,4.400,14.309
2471,1,0,1,0.500,109011,115757,3.248,4.800,15.590
2511,1,0,1,0.500,110788,117937,3.248,4.800,15.590
2551,1,0,1,0.500,109015,115941,3.248,4.800,15.590
2591,1,0,1,0.500,104779,104493,3.252,4.500,14.634
2631,1,0,1,0.500,110325,99880,3.252,4.500,14.634
2671,1,0,1,0.500,115247,113697,3.248,4.600,14.941
2711,1,0,1,0.500,112049,116023,3.248,4.600,14.941
2751,1,0,1,0.500,105698,102367,3.248,4.600,14.941
2791,1,0,1,0.500,105767,111688,3.248,4.600,14.941
2831,1,0,1,0.500,102478,106867,3.248,4.600,14.941
2871,1,0,1,0.500,102959,107652,3.248,4.500,14.616
2911,1,0,1,0.500,112475,120391,3.248,4.500,14.616
2951,1,0,1,0.500,112359,120870,3.248,4.500,14.616
2991,1,0,1,0.500,96767,92737,3.252,4.600,14.959
3031,1,0,1,0.500,84640,65648,3.252,4.600,14.959
3071,1,0,1,0.500,94009,75947,3.248,4.700,15.266
3111,1,0,1,0.500,114991,109526,3.248,4.700,15.266
3151,1,0,1,0.500,106108,115955,3.248,4.700,15.266
3191,1,0,1,0.500,104601,115453,3.252,4.400,14.309
3231,1,0,1,0.500,102688,102091,3.252,4.400,14.309
3271,1,0,1,0.500,102661,107900,3.248,4.600,14.941
3311,1,0,1,0.500,101141,106001,3.248,4.600,14.941
3351,1,0,1,0.500,102644,108921,3.248,4.600,14.941
3391,1,0,1,0.500,103272,110869,3.248,4.800,15.590
3431,1,0,1,0.500,105094,114196,3.248,4.800,15.590
3471,1,0,1,0.500,92339,91301,3.248,4.400,14.291
3511,1,0,1,0.500,86555,77280,3.248,4.400,14.291
3551,1,0,1,0.500,92433,85740,3.248,4.400,14.291
3591,1,0,1,0.500,105260,97930,3.248,4.500,14.616
3631,1,0,1,0.500,108141,101754,3.248,4.500,14.616
3671,1,0,1,0.500,106741,113235,3.252,4.600,14.959
3711,1,0,1,0.500,104559,107621,3.252,4.600,14.959
3751,1,0,1,0.500,97396,86712,3.252,4.600,14.959
3791,1,0,1,0.500,92592,77460,3.248,4.600,14.941
3831,1,0,1,0.500,94302,80369,3.248,4.600,14.941
3871,1,0,1,0.500,99314,89954,3.248,4.400,14.291
3911,1,0,1,0.500,106574,101172,3.248,4.400,14.291
3951,1,0,1,0.500,98021,88981,3.248,4.400,14.291
3991,1,0,1,0.500,72824,56192,3.248,4.500,14.616
4031,1,0,1,0.500,68389,53755,3.248,4.500,14.616
4071,1,0,1,0.500,69600,56692,3.248,4.700,15.266
4111,1,0,1,0.500,78456,68565,3.248,4.700,15.266
4151,1,0,1,0.500,85687,76030,3.248,4.700,15.266
4191,1,0,1,0.500,88349,79265,3.248,4.700,15.266
4231,1,0,1,0.500,81453,72716,3.248,4.700,15.266
4271,1,0,1,0.500,86998,82410,3.248,4.700,15.266
4311,1,0,1,0.500,95234,92409,3.248,4.700,15.266
4351,1,0,1,0.500,90450,84402,3.248,4.700,15.266
4391,1,0,1,0.500,100979,93593,3.244,4.400,14.274
4431,1,0,1,0.500,110991,105704,3.244,4.400,14.274
4471,1,0,1,0.500,108556,108884,3.248,4.600,14.941
4511,1,0,1,0.500,104810,107475,3.248,4.600,14.941
4551,1,0,1,0.500,96929,87394,3.248,4.600,14.941
4591,1,0,1,0.500,99714,85650,3.248,4.500,14.616
4631,1,0,1,0.500,110507,103351,3.248,4.500,14.616
4671,1,0,1,0.500,109282,113690,3.248,4.500,14.616
4711,1,0,1,0.500,107772,111873,3.248,4.500,14.616
4751,1,0,1,0.500,104537,99551,3.248,4.500,14.616
4791,1,0,1,0.500,98614,93345,3.252,4.700,15.284
4831,1,0,1,0.500,98707,88558,3.252,4.700,15.284
4871,1,0,1,0.500,94220,76980,3.244,4.600,14.922
4911,1,0,1,0.500,91952,75496,3.244,4.600,14.922
4951,1,0,1,0.500,97020,80767,3.244,4.600,14.922
4991,1,0,1,0.500,96583,79885,3.248,4.400,14.291
5031,1,0,1,0.500,105751,96499,3.248,4.400,14.291
5071,1,0,1,0.500,100740,84897,3.248,4.400,14.291
5111,1,0,1,0.500,110564,98724,3.248,4.400,14.291
5151,1,0,1,0.500,115367,109120,3.248,4.400,14.291
5191,1,0,1,0.500,104436,90596,3.248,4.500,14.616
5231,1,0,1,0.500,76013,58256,3.248,4.500,14.616
5271,1,0,1,0.500,80486,63248,3.248,4.500,14.616
5311,1,0,1,0.500,86519,74807,3.248,4.500,14.616
5351,1,0,1,0.500,95628,90220,3.248,4.500,14.616
5391,1,0,1,0.500,103011,103517,3.248,4.700,15.266
5431,1,0,1,0.500,102550,102155,3.248,4.700,15.266
5471,1,0,1,0.500,96504,90396,3.244,4.600,14.922
5511,1,0,1,0.500,88236,77896,3.244,4.600,14.922
5551,1,0,1,0.500,79149,63186,3.244,4.600,14.922
5591,1,0,1,0.500,78613,60780,3.248,4.600,14.941
5631,1,0,1,0.500,96305,80198,3.248,4.600,14.941
5671,1,0,1,0.500,116053,107081,3.248,4.700,15.266
5711,1,0,1,0.500,109424,96952,3.248,4.700,15.266
5751,1,0,1,0.500,102311,98127,3.248,4.700,15.266
5791,1,0,1,0.500,104708,107903,3.248,4.800,15.590
5831,1,0,1,0.500,102376,103881,3.248,4.800,15.590
5871,1,0,1,0.500,103885,104820,3.248,4.500,14.616
5911,1,0,1,0.500,109139,104674,3.248,4.500,14.616
5951,1,0,1,0.500,105293,90917,3.248,4.500,14.616
5991,1,0,1,0.500,102273,96588,3.248,4.700,15.266
6031,1,0,1,0.500,105971,103051,3.248,4.700,15.266
6071,1,0,1,0.500,111765,101392,3.248,4.700,15.266
6111,1,0,1,0.500,117969,107125,3.248,4.700,15.266
6151,1,0,1,0.500,122447,114465,3.248,4.700,15.266
6191,1,0,1,0.500,120098,110185,3.248,4.500,14.616
6231,1,0,1,0.500,114599,103510,3.248,4.500,14.616
6271,1,0,1,0.500,108371,101780,3.248,4.900,15.915
6311,1,0,1,0.500,110349,101956,3.248,4.900,15.915
6351,1,0,1,0.500,108161,110460,3.248,4.900,15.915
6391,1,0,1,0.500,109523,114678,3.252,4.300,13.984
6431,1,0,1,0.500,110717,116287,3.252,4.300,13.984
6471,1,0,1,0.500,109848,115427,3.248,4.500,14.616
6511,1,0,1,0.500,104766,103703,3.248,4.500,14.616
6551,1,0,1,0.500,104875,102748,3.248,4.500,14.616
6591,1,0,1,0.500,107258,108673,3.248,4.500,14.616
6631,1,0,1,0.500,108656,113527,3.248,4.500,14.616
6671,1,0,1,0.500,110688,117381,3.248,4.500,14.616
6711,1,0,1,0.500,110636,117565,3.248,4.500,14.616
6751,1,0,1,0.500,107702,113292,3.248,4.500,14.616
6791,1,0,1,0.500,100050,96900,3.248,4.600,14.941
6831,1,0,1,0.500,102832,90205,3.248,4.600,14.941
6871,1,0,1,0.500,100613,84623,3.248,4.500,14.616
6911,1,0,1,0.500,110956,97767,3.248,4.500,14.616
6951,1,0,1,0.500,117107,107893,3.248,4.500,14.616
6991,1,0,1,0.500,112301,104928,3.248,4.600,14.941
7031,1,0,1,0.500,105999,103163,3.248,4.600,14.941
7071,1,0,1,0.500,109066,103967,3.248,4.500,14.616
7111,1,0,1,0.500,108963,111203,3.248,4.500,14.616
7151,1,0,1,0.500,109941,115342,3.248,4.500,14.616
7191,1,0,1,0.500,108134,113246,3.248,4.700,15.266
7231,1,0,1,0.500,113430,107623,3.248,4.700,15.266
7271,1,0,1,0.500,109112,102511,3.248,4.500,14.616
7311,1,0,1,0.500,105981,103082,3.248,4.500,14.616
7351,1,0,1,0.500,111338,107194,3.248,4.500,14.616
7391,1,0,1,0.500,115302,112635,3.248,4.600,14.941
7431,1,0,1,0.500,109465,112700,3.248,4.600,14.941
7471,1,0,1,0.500,113014,103449,3.248,4.800,15.590
7511,1,0,1,0.500,104994,94477,3.248,4.800,15.590
7551,1,0,1,0.500,102523,89029,3.248,4.800,15.590
7591,1,0,1,0.500,108367,96636,3.244,4.500,14.598
7631,1,0,1,0.500,111256,114557,3.244,4.500,14.598
7671,1,0,1,0.500,108390,112984,3.244,4.400,14.274
7711,1,0,1,0.500,109610,106882,3.244,4.400,14.274
7751,1,0,1,0.500,104102,101905,3.244,4.400,14.274
7791,1,0,1,0.500,104859,103913,3.248,4.500,14.616
7831,1,0,1,0.500,107770,109511,3.248,4.500,14.616
7871,1,0,1,0.500,108240,113650,3.248,4.500,14.616
7911,1,0,1,0.500,107344,113069,3.248,4.500,14.616
7951,1,0,1,0.500,113719,111333,3.248,4.500,14.616
7991,1,0,1,0.500,111576,103217,3.248,4.400,14.291
8031,1,0,1,0.500,103792,101191,3.248,4.400,14.291
8071,1,0,1,0.500,111938,100206,3.252,4.800,15.610
8111,1,0,1,0.500,117326,104548,3.252,4.800,15.610
8151,1,0,1,0.500,119701,118548,3.252,4.800,15.610
8191,1,0,1,0.500,124420,115787,3.248,4.800,15.590
8231,1,0,1,0.500,115688,102181,3.248,4.800,15.590
8271,1,0,1,0.500,111385,98105,3.252,4.500,14.634
8311,1,0,1,0.500,103005,91909,3.252,4.500,14.634
8351,1,0,1,0.500,95531,87057,3.252,4.500,14.634
8391,1,0,1,0.500,82664,76098,3.252,4.500,14.634
8431,1,0,1,0.500,64801,60251,3.252,4.500,14.634
8471,1,0,1,0.500,44942,41169,3.248,4.600,14.941
8511,1,0,1,0.500,36656,33926,3.248,4.600,14.941
8551,1,0,1,0.500,39026,37399,3.248,4.600,14.941
8591,1,0,1,0.500,50693,48667,3.248,4.600,14.941
8631,1,0,1,0.500,71924,64874,3.248,4.600,14.941
8671,1,0,1,0.500,91664,79522,3.248,4.700,15.266
8711,1,0,1,0.500,98159,82263,3.248,4.700,15.266
8751,1,0,1,0.500,110907,95586,3.248,4.700,15.266
8791,1,0,1,0.500,114808,103072,3.252,4.600,14.959
8831,1,0,1,0.500,116740,108196,3.252,4.600,14.959
8871,1,0,1,0.500,114993,112199,3.248,4.500,14.616
8911,1,0,1,0.500,108416,110453,3.248,4.500,14.616
8951,1,0,1,0.500,105563,104507,3.248,4.500,14.616
8991,1,0,1,0.500,98370,96454,3.252,4.700,15.284
9031,1,0,1,0.500,98647,96583,3.252,4.700,15.284
9071,1,0,1,0.500,103330,103551,3.248,4.800,15.590
9111,1,0,1,0.500,106137,108398,3.248,4.800,15.590
9151,1,0,1,0.500,100770,97410,3.248,4.800,15.590
9191,1,0,1,0.500,98260,92399,3.248,4.500,14.616
9231,1,0,1,0.500,101492,90674,3.248,4.500,14.616
9271,1,0,1,0.500,108969,98128,3.252,4.800,15.610
9311,1,0,1,0.500,115152,109704,3.252,4.800,15.610
9351,1,0,1,0.500,116360,111995,3.252,4.800,15.610
9391,1,0,1,0.500,106516,97580,3.252,4.700,15.284
9431,1,0,1,0.500,99529,85955,3.252,4.700,15.284
9471,1,0,1,0.500,98080,83718,3.252,4.700,15.284
9511,1,0,1,0.500,80678,67763,3.252,4.700,15.284
9551,1,0,1,0.500,72943,65817,3.252,4.700,15.284
9591,1,0,1,0.500,57718,54423,3.248,4.700,15.266
9631,1,0,1,0.500,60965,54612,3.248,4.700,15.266
9671,1,0,1,0.500,70127,58773,3.248,4.500,14.616
9711,1,0,1,0.500,77130,63458,3.248,4.500,14.616
9751,1,0,1,0.500,84400,71117,3.248,4.500,14.616
9791,1,0,1,0.500,102110,91801,3.252,4.800,15.610
9831,1,0,1,0.500,104751,95955,3.252,4.800,15.610
9871,1,0,1,0.500,103681,94066,3.248,4.600,14.941
9911,1,0,1,0.500,98418,86186,3.248,4.600,14.941
9951,1,0,1,0.500,92050,77734,3.248,4.600,14.941
9991,1,0,1,0.500,90112,75553,3.252,4.200,13.658
10031,1,0,1,0.500,92061,78745,3.252,4.200,13.658
10071,1,0,1,0.500,91401,81120,3.252,4.800,15.610
10111,1,0,1,0.500,89469,79682,3.252,4.800,15.610
10151,1,0,1,0.500,81771,68352,3.252,4.800,15.610
10191,1,0,1,0.500,87686,73072,3.248,4.700,15.266
10231,1,0,1,0.500,95506,81664,3.248,4.700,15.266
10271,1,0,1,0.500,79303,66994,3.252,4.400,14.309
10311,1,0,1,0.500,77686,68703,3.252,4.400,14.309
10351,1,0,1,0.500,82035,73864,3.252,4.400,14.309
10391,1,0,1,0.500,96555,85060,3.252,4.500,14.634
10431,1,0,1,0.500,102433,92711,3.252,4.500,14.634
10471,1,0,1,0.500,101617,93177,3.248,4.700,15.266
10511,1,0,1,0.500,101887,88872,3.248,4.700,15.266
10551,1,0,1,0.500,88132,74936,3.248,4.700,15.266
10591,1,0,1,0.500,87415,77287,3.248,4.600,14.941
10631,1,0,1,0.500,87635,76161,3.248,4.600,14.941
10671,1,0,1,0.500,87594,72909,3.248,4.700,15.266
10711,1,0,1,0.500,94493,88372,3.248,4.700,15.266
10751,1,0,1,0.500,97973,96604,3.248,4.700,15.266
10791,1,0,1,0.500,98495,95999,3.248,4.600,14.941
10831,1,0,1,0.500,101601,96186,3.248,4.600,14.941
10871,1,0,1,0.500,108035,107238,3.248,4.600,14.941
10911,1,0,1,0.500,113228,111721,3.248,4.600,14.941
10951,1,0,1,0.500,108140,110305,3.248,4.600,14.941
10991,1,0,1,0.500,106497,109044,3.248,4.600,14.941
11031,1,0,1,0.500,105103,106486,3.248,4.600,14.941
11071,1,0,1,0.500,107229,110166,3.248,4.600,14.941
11111,1,0,1,0.500,110046,113747,3.248,4.600,14.941
11151,1,0,1,0.500,120285,113847,3.248,4.600,14.941
11191,1,0,1,0.500,115583,105407,3.248,4.700,15.266
11231,1,0,1,0.500,106884,104590,3.248,4.700,15.266
11271,1,0,1,0.500,102697,98942,3.248,4.500,14.616
11311,1,0,1,0.500,99869,89185,3.248,4.500,14.616
11351,1,0,1,0.500,94349,77112,3.248,4.500,14.616
11391,1,0,1,0.500,97806,80457,3.248,4.500,14.616
11431,1,0,1,0.500,100327,84226,3.248,4.500,14.616
11471,1,0,1,0.500,99970,94939,3.248,4.600,14.941
11511,1,0,1,0.500,99122,95257,3.248,4.600,14.941
11551,1,0,1,0.500,88627,78634,3.248,4.600,14.941
11591,1,0,1,0.500,78003,61046,3.252,4.600,14.959
11631,1,0,1,0.500,95987,79101,3.252,4.600,14.959
11671,1,0,1,0.500,113562,108628,3.248,4.600,14.941
11711,1,0,1,0.500,107658,110849,3.248,4.600,14.941
11751,1,0,1,0.500,105627,107595,3.248,4.600,14.941
11791,1,0,1,0.500,100554,91791,3.252,4.700,15.284
11831,1,0,1,0.500,94386,76104,3.252,4.700,15.284
11871,1,0,1,0.500,108511,96476,3.248,4.600,14.941
11911,1,0,1,0.500,114909,111179,3.248,4.600,14.941
11951,1,0,1,0.500,111010,112878,3.248,4.600,14.941
11991,1,0,1,0.500,110396,107163,3.248,4.600,14.941
12031,1,0,1,0.500,100023,85408,3.248,4.600,14.941
12071,1,0,1,0.500,99448,83995,3.248,4.700,15.266
12111,1,0,1,0.500,112900,107314,3.248,4.700,15.266
12151,1,0,1,0.500,124419,126226,3.248,4.700,15.266
12191,1,0,1,0.500,113723,122969,3.248,4.700,15.266
12231,1,0,1,0.500,112279,122443,3.248,4.700,15.266
12271,1,0,1,0.500,113825,124138,3.252,4.700,15.284
12311,1,0,1,0.500,112197,119285,3.252,4.700,15.284
12351,1,0,1,0.500,115259,112223,3.252,4.700,15.284
12391,1,0,1,0.500,121234,115731,3.248,4.500,14.616
12431,1,0,1,0.500,118854,121113,3.248,4.500,14.616
12471,1,0,1,0.500,110007,112770,3.244,4.400,14.274
12511,1,0,1,0.500,105112,106801,3.244,4.400,14.274
12551,1,0,1,0.500,101483,99483,3.244,4.400,14.274
12591,1,0,1,0.500,102168,99175,3.244,4.500,14.598
12631,1,0,1,0.500,107102,110117,3.244,4.500,14.598
12671,1,0,1,0.500,107013,112332,3.248,4.500,14.616
12711,1,0,1,0.500,107212,112784,3.248,4.500,14.616
12751,1,0,1,0.500,108899,114336,3.248,4.500,14.616
12791,1,0,1,0.500,110128,115849,3.248,4.700,15.266
12831,1,0,1,0.500,109624,115478,3.248,4.700,15.266
12871,1,0,1,0.500,108664,114331,3.248,4.500,14.616
12911,1,0,1,0.500,106513,111506,3.248,4.500,14.616
12951,1,0,1,0.500,106314,110997,3.248,4.500,14.616
12991,1,0,1,0.500,107635,108982,3.248,4.500,14.616
13031,1,0,1,0.500,102671,104611,3.248,4.500,14.616
13071,1,0,1,0.500,100563,101036,3.248,4.500,14.616
13111,1,0,1,0.500,99870,99910,3.248,4.500,14.616
13151,1,0,1,0.500,105159,108771,3.248,4.500,14.616
13191,1,0,1,0.500,108816,114692,3.248,4.400,14.291
13231,1,0,1,0.500,102287,96705,3.248,4.400,14.291
13271,1,0,1,0.500,72413,56502,3.248,4.800,15.590
13311,1,0,1,0.500,73560,61352,3.248,4.800,15.590
13351,1,0,1,0.500,79958,69395,3.248,4.800,15.590
13391,1,0,1,0.500,87480,80072,3.252,4.600,14.959
13431,1,0,1,0.500,97628,95741,3.252,4.600,14.959
13471,1,0,1,0.500,98498,95222,3.252,4.600,14.959
13511,1,0,1,0.500,85022,69456,3.252,4.600,14.959
13551,1,0,1,0.500,58306,43639,3.252,4.600,14.959
13591,1,0,1,0.500,64579,51292,3.248,4.500,14.616
13631,1,0,1,0.500,100510,91373,3.248,4.500,14.616
13671,1,0,1,0.500,110297,117140,3.248,4.900,15.915
13711,1,0,1,0.500,110590,117495,3.248,4.900,15.915
13751,1,0,1,0.500,110737,117988,3.248,4.900,15.915
13791,1,0,1,0.500,110688,118132,3.248,4.600,14.941
13831,1,0,1,0.500,109926,117378,3.248,4.600,14.941
13871,1,0,1,0.500,109260,116346,3.248,4.900,15.915
13911,1,0,1,0.500,108888,115677,3.248,4.900,15.915
13951,1,0,1,0.500,107412,114175,3.248,4.900,15.915
13991,1,0,1,0.500,106921,113746,3.248,4.600,14.941
14031,1,0,1,0.500,78700,67622,3.248,4.600,14.941
14071,1,0,1,0.500,66001,50640,3.252,4.800,15.610
14111,1,0,1,0.500,80064,69463,3.252,4.800,15.610
14151,1,0,1,0.500,106239,113973,3.252,4.800,15.610
14191,1,0,1,0.500,112927,124094,3.256,4.500,14.652
14231,1,0,1,0.500,111214,122212,3.256,4.500,14.652
14271,1,0,1,0.500,102670,109547,3.248,4.700,15.266
14311,1,0,1,0.500,100140,106082,3.248,4.700,15.266
14351,1,0,1,0.500,106008,115518,3.248,4.700,15.266
14391,1,0,1,0.500,110453,121983,3.252,4.800,15.610
14431,1,0,1,0.500,111447,123024,3.252,4.800,15.610
14471,1,0,1,0.500,105114,110695,3.252,4.600,14.959
14511,1,0,1,0.500,87404,73320,3.252,4.600,14.959
14551,1,0,1,0.500,53897,40149,3.252,4.600,14.959
14591,1,0,1,0.500,41414,32662,3.252,4.600,14.959
14631,1,0,1,0.500,53742,47557,3.252,4.600,14.959
14671,1,0,1,0.500,88436,83816,3.248,4.600,14.941
14711,1,0,1,0.500,109433,110470,3.248,4.600,14.941
14751,1,0,1,0.500,102831,107335,3.248,4.600,14.941
14791,1,0,1,0.500,99408,102292,3.248,4.600,14.941
14831,1,0,1,0.500,101706,104745,3.248,4.600,14.941
14871,1,0,1,0.500,108252,114194,3.252,4.500,14.634
14911,1,0,1,0.500,107483,113475,3.252,4.500,14.634
14951,1,0,1,0.500,103795,106342,3.252,4.500,14.634
14991,1,0,1,0.500,102288,103760,3.252,4.500,14.634
15031,1,0,1,0.500,102213,104877,3.252,4.500,14.634
15071,1,0,1,0.500,107809,113665,3.252,4.500,14.634
15111,1,0,1,0.500,110066,116391,3.252,4.500,14.634
15151,1,0,1,0.500,105644,109571,3.252,4.500,14.634
15191,1,0,1,0.500,98842,85215,3.248,4.700,15.266
15231,1,0,1,0.500,59542,46046,3.248,4.700,15.266
15271,1,0,1,0.500,35451,30458,3.252,4.600,14.959
15311,1,0,1,0.500,51330,49421,3.252,4.600,14.959
15351,1,0,1,0.500,98313,96956,3.252,4.600,14.959
15391,1,0,1,0.500,106800,112931,3.252,4.700,15.284
15431,1,0,1,0.500,87648,81025,3.252,4.700,15.284
15471,1,0,1,0.500,67751,54123,3.252,4.600,14.959
15511,1,0,1,0.500,62029,46782,3.252,4.600,14.959
15551,1,0,1,0.500,84064,69963,3.252,4.600,14.959
15591,1,0,1,0.500,105425,100683,3.248,4.600,14.941
15631,1,0,1,0.500,104120,106259,3.248,4.600,14.941
15671,1,0,1,0.500,87491,78788,3.248,4.600,14.941
15711,1,0,1,0.500,78950,67375,3.248,4.600,14.941
15751,1,0,1,0.500,85494,76274,3.248,4.600,14.941
15791,1,0,1,0.500,94427,86714,3.248,4.600,14.941
15831,1,0,1,0.500,106851,99214,3.248,4.600,14.941
15871,1,0,1,0.500,108198,112262,3.252,4.700,15.284
15911,1,0,1,0.500,109537,119456,3.252,4.700,15.284
15951,1,0,1,0.500,108577,118017,3.252,4.700,15.284
15991,1,0,1,0.500,107040,114872,3.252,4.500,14.634
16031,1,0,1,0.500,106008,112869,3.252,4.500,14.634
16071,1,0,1,0.500,106772,114184,3.252,4.800,15.610
16111,1,0,1,0.500,108206,116862,3.252,4.800,15.610
16151,1,0,1,0.500,108506,117635,3.252,4.800,15.610
16191,1,0,1,0.500,106796,114395,3.252,4.600,14.959
16231,1,0,1,0.500,97157,97226,3.252,4.600,14.959
16271,1,0,1,0.500,88883,83775,3.252,4.500,14.634
16311,1,0,1,0.500,84311,70203,3.252,4.500,14.634
16351,1,0,1,0.500,91359,74770,3.252,4.500,14.634
16391,1,0,1,0.500,101879,90562,3.252,4.600,14.959
16431,1,0,1,0.500,104771,106035,3.252,4.600,14.959
16471,1,0,1,0.500,102198,102285,3.248,4.500,14.616
16511,1,0,1,0.500,94142,89174,3.248,4.500,14.616
16551,1,0,1,0.500,90681,82227,3.248,4.500,14.616
16591,1,0,1,0.500,102462,98392,3.248,4.700,15.266
16631,1,0,1,0.500,106734,108895,3.248,4.700,15.266
16671,1,0,1,0.500,107459,114092,3.252,4.800,15.610
16711,1,0,1,0.500,110177,117860,3.252,4.800,15.610
16751,1,0,1,0.500,111039,118979,3.252,4.800,15.610
16791,1,0,1,0.500,111176,119367,3.248,4.500,14.616
16831,1,0,1,0.500,110899,119104,3.248,4.500,14.616
16871,1,0,1,0.500,111519,119857,3.248,4.700,15.266
16911,1,0,1,0.500,111375,119641,3.248,4.700,15.266
16951,1,0,1,0.500,110961,118962,3.248,4.700,15.266
16991,1,0,1,0.500,110464,118128,3.252,4.600,14.959
17031,1,0,1,0.500,109728,116798,3.252,4.600,14.959
17071,1,0,1,0.500,110923,116850,3.248,4.600,14.941
17111,1,0,1,0.500,115339,121251,3.248,4.600,14.941
17151,1,0,1,0.500,118559,118452,3.248,4.600,14.941
17191,1,0,1,0.500,119418,116790,3.248,4.300,13.966
17231,1,0,1,0.500,119073,119062,3.248,4.300,13.966
17271,1,0,1,0.500,117820,112747,3.252,4.700,15.284
17311,1,0,1,0.500,102530,102036,3.252,4.700,15.284
17351,1,0,1,0.500,98500,100197,3.252,4.700,15.284
17391,1,0,1,0.500,109005,105404,3.248,4.300,13.966
17431,1,0,1,0.500,102499,91783,3.248,4.300,13.966
17471,1,0,1,0.500,99124,86011,3.248,4.600,14.941
17511,1,0,1,0.500,101164,88765,3.248,4.600,14.941
17551,1,0,1,0.500,106144,96381,3.248,4.600,14.941
17591,1,0,1,0.500,113819,110384,3.248,4.600,14.941
17631,1,0,1,0.500,113294,114350,3.248,4.600,14.941
17671,1,0,1,0.500,114334,110943,3.252,4.500,14.634
17711,1,0,1,0.500,109167,107842,3.252,4.500,14.634
17751,1,0,1,0.500,105772,107428,3.252,4.500,14.634
17791,1,0,1,0.500,104845,105751,3.248,4.600,14.941
17831,1,0,1,0.500,103907,103266,3.248,4.600,14.941
17871,1,0,1,0.500,108576,100570,3.252,4.400,14.309
17911,1,0,1,0.500,105476,97233,3.252,4.400,14.309
17951,1,0,1,0.500,105873,100110,3.252,4.400,14.309
17991,1,0,1,0.500,103445,96593,3.252,4.600,14.959
18031,1,0,1,0.500,99469,89566,3.252,4.600,14.959
18071,1,0,1,0.500,104447,92999,3.252,4.200,13.658
18111,1,0,1,0.500,107903,95761,3.252,4.200,13.658
18151,1,0,1,0.500,103118,92118,3.252,4.200,13.658
18191,1,0,1,0.500,101459,94919,3.252,4.500,14.634
18231,1,0,1,0.500,95208,92573,3.252,4.500,14.634
18271,1,0,1,0.500,91621,90778,3.248,4.500,14.616
18311,1,0,1,0.500,89982,87242,3.248,4.500,14.616
18351,1,0,1,0.500,94820,92896,3.248,4.500,14.616
18391,1,0,1,0.500,112115,110422,3.248,4.600,14.941
18431,1,0,1,0.500,121599,120795,3.248,4.600,14.941
18471,1,0,1,0.500,125675,128733,3.252,4.500,14.634
18511,1,0,1,0.500,124015,130292,3.252,4.500,14.634
18551,1,0,1,0.500,122277,128218,3.252,4.500,14.634
18591,1,0,1,0.500,123030,125239,3.248,4.600,14.941
18631,1,0,1,0.500,118135,116582,3.248,4.600,14.941
18671,1,0,1,0.500,117825,109392,3.252,4.800,15.610
18711,1,0,1,0.500,111705,96734,3.252,4.800,15.610
18751,1,0,1,0.500,111303,97084,3.252,4.800,15.610
18791,1,0,1,0.500,114996,102770,3.248,4.600,14.941
18831,1,0,1,0.500,119908,112065,3.248,4.600,14.941
18871,1,0,1,0.500,121549,115362,3.248,4.700,15.266
18911,1,0,1,0.500,121915,117183,3.248,4.700,15.266
18951,1,0,1,0.500,123142,121000,3.248,4.700,15.266
18991,1,0,1,0.500,124548,120861,3.248,4.600,14.941
19031,1,0,1,0.500,122777,114560,3.248,4.600,14.941
19071,1,0,1,0.500,105357,106196,3.252,4.800,15.610
19111,1,0,1,0.500,96174,93375,3.252,4.800,15.610
19151,1,0,1,0.500,92747,87539,3.252,4.800,15.610
19191,1,0,1,0.500,107831,105939,3.252,4.300,13.984
19231,1,0,1,0.500,84904,82313,3.252,4.300,13.984
19271,1,0,1,0.500,63824,64200,3.252,4.600,14.959
19311,1,0,1,0.500,70846,54963,3.252,4.600,14.959
19351,1,0,1,0.500,72950,61696,3.252,4.600,14.959
19391,1,0,1,0.500,100670,99136,3.248,4.700,15.266
19431,1,0,1,0.500,95959,97803,3.248,4.700,15.266
19471,1,0,1,0.500,13127,15515,3.252,4.600,14.959
19511,1,0,1,0.500,49525,46134,3.252,4.600,14.959
19551,1,0,1,0.500,87745,75705,3.252,4.600,14.959
19591,1,0,1,0.500,109938,111783,3.252,4.400,14.309
19631,1,0,1,0.500,101238,102627,3.252,4.400,14.309
19671,1,0,1,0.500,102995,104794,3.252,4.600,14.959
19711,1,0,1,0.500,104915,106781,3.252,4.600,14.959
19751,1,0,1,0.500,106921,110929,3.252,4.600,14.959
19791,1,0,1,0.500,112910,101261,3.252,4.700,15.284
19831,1,0,1,0.500,76176,64044,3.252,4.700,15.284
19871,1,0,1,0.500,83650,77101,3.248,4.600,14.941
19911,1,0,1,0.500,106131,110485,3.248,4.600,14.941
19951,1,0,1,0.500,81894,83497,3.248,4.600,14.941
19991,1,0,1,0.500,72391,59071,3.252,4.500,14.634
20031,1,0,1,0.500,62718,50692,3.252,4.500,14.634
20071,1,0,1,0.500,89841,90799,3.248,4.600,14.941
20111,1,0,1,0.500,105542,112732,3.248,4.600,14.941
20151,1,0,1,0.500,100862,94171,3.248,4.600,14.941
20191,1,0,1,0.500,107070,92420,3.248,4.700,15.266
20231,1,0,1,0.500,99724,84863,3.248,4.700,15.266
20271,1,0,1,0.500,47658,40456,3.252,4.700,15.284
20311,1,0,1,0.500,93992,83140,3.252,4.700,15.284
20351,1,0,1,0.500,109565,120047,3.252,4.700,15.284
20391,1,0,1,0.500,115412,134157,3.252,4.400,14.309
20431,1,0,1,0.500,118580,142631,3.252,4.400,14.309
20471,1,0,1,0.500,119703,145168,3.248,4.600,14.941
20511,1,0,1,0.500,120434,146501,3.248,4.600,14.941
20551,1,0,1,0.500,120687,146883,3.248,4.600,14.941
20591,1,0,1,0.500,120697,146917,3.252,4.600,14.959
20631,1,0,1,0.500,120886,147232,3.252,4.600,14.959
20671,1,0,1,0.500,121041,147385,3.248,4.600,14.941
20711,1,0,1,0.500,121130,147406,3.248,4.600,14.941
20751,1,0,1,0.500,121090,147135,3.248,4.600,14.941
20791,1,0,1,0.500,120633,146280,3.248,4.500,14.616
20831,1,0,1,0.500,119173,143189,3.248,4.500,14.616
20871,1,0,1,0.500,114318,124127,3.252,4.700,15.284
20911,1,0,1,0.500,84521,78421,3.252,4.700,15.284
20951,1,0,1,0.500,99204,103852,3.252,4.700,15.284
20991,1,0,1,0.500,76715,80739,3.248,4.700,15.266
21031,1,0,1,0.500,61867,65245,3.248,4.700,15.266
21071,1,0,1,0.500,73353,79875,3.248,4.700,15.266
21111,1,0,1,0.500,89793,101587,3.248,4.700,15.266
21151,1,0,1,0.500,100175,116417,3.248,4.700,15.266
21191,1,0,1,0.500,106503,126182,3.252,4.600,14.959
21231,1,0,1,0.500,109417,130678,3.252,4.600,14.959
21271,1,0,1,0.500,110963,132905,3.252,4.400,14.309
21311,1,0,1,0.500,112015,134759,3.252,4.400,14.309
21351,1,0,1,0.500,113685,137130,3.252,4.400,14.309
21391,1,0,1,0.500,114321,137800,3.248,4.500,14.616
21431,1,0,1,0.500,113681,136396,3.248,4.500,14.616
21471,1,0,1,0.500,110449,131218,3.248,4.600,14.941
21511,1,0,1,0.500,104889,122506,3.248,4.600,14.941
21551,1,0,1,0.500,97757,111565,3.248,4.600,14.941
21591,1,0,1,0.500,96800,109755,3.248,4.400,14.291
21631,1,0,1,0.500,95946,107692,3.248,4.400,14.291
21671,1,0,1,0.500,94179,104269,3.248,4.500,14.616
21711,1,0,1,0.500,89675,96779,3.248,4.500,14.616
21751,1,0,1,0.500,85245,87866,3.248,4.500,14.616
21791,1,0,1,0.500,99239,95373,3.252,4.700,15.284
21831,1,0,1,0.500,98445,91970,3.252,4.700,15.284
21871,1,0,1,0.500,113595,131412,3.248,4.500,14.616
21911,1,0,1,0.500,116805,139566,3.248,4.500,14.616
21951,1,0,1,0.500,117783,142067,3.248,4.500,14.616
21991,1,0,1,0.500,118067,142752,3.248,4.800,15.590
22031,1,0,1,0.500,117812,142370,3.248,4.800,15.590
22071,1,0,1,0.500,116963,140690,3.248,4.300,13.966
22111,1,0,1,0.500,114728,136168,3.248,4.300,13.966
22151,1,0,1,0.500,84813,77547,3.248,4.300,13.966
22191,1,0,1,0.500,36846,32150,3.252,4.400,14.309
22231,1,0,1,0.500,81620,68099,3.252,4.400,14.309
22271,1,0,1,0.500,114689,124610,3.248,4.500,14.616
22311,1,0,1,0.500,118194,138763,3.248,4.500,14.616
22351,1,0,1,0.500,119280,141576,3.248,4.500,14.616
22391,1,0,1,0.500,119435,142207,3.252,4.400,14.309
22431,1,0,1,0.500,118847,141121,3.252,4.400,14.309
22471,1,0,1,0.500,117362,138053,3.248,4.300,13.966
22511,1,0,1,0.500,105406,104649,3.248,4.300,13.966
22551,1,0,1,0.500,77926,73550,3.248,4.300,13.966
22591,1,0,1,0.500,111668,114336,3.244,4.700,15.247
22631,1,0,1,0.500,112656,121219,3.244,4.700,15.247
22671,1,0,1,0.500,118741,135971,3.244,4.500,14.598
22711,1,0,1,0.500,121947,143074,3.244,4.500,14.598
22751,1,0,1,0.500,123207,145905,3.244,4.500,14.598
22791,1,0,1,0.500,123671,146947,3.248,4.600,14.941
22831,1,0,1,0.500,122933,145606,3.248,4.600,14.941
22871,1,0,1,0.500,98214,104725,3.248,4.600,14.941
22911,1,0,1,0.500,27078,24641,3.248,4.600,14.941
22951,1,0,1,0.500,68412,67008,3.248,4.600,14.941
22991,1,0,1,0.500,113817,126558,3.248,4.600,14.941
23031,1,0,1,0.500,117264,140086,3.248,4.600,14.941
23071,1,0,1,0.500,118545,143075,3.224,4.500,14.508
23111,1,0,1,0.500,119464,145198,3.224,4.500,14.508
23151,1,0,1,0.500,119981,146322,3.224,4.500,14.508
23191,1,0,1,0.500,119927,146425,3.200,4.800,15.360
23231,1,0,1,0.500,119089,145070,3.200,4.800,15.360
23271,1,0,1,0.500,113974,135578,3.236,4.800,15.533
23311,1,0,1,0.500,65022,58235,3.236,4.800,15.533
23351,1,0,1,0.500,55174,55491,3.236,4.800,15.533
23391,1,0,1,0.500,107375,115145,3.276,4.600,15.070
23431,1,0,1,0.500,115624,138528,3.276,4.600,15.070
23471,1,0,1,0.500,115912,140251,3.280,4.600,15.088
23511,1,0,1,0.500,116502,141861,3.280,4.600,15.088
23551,1,0,1,0.500,116879,142801,3.280,4.600,15.088
23591,1,0,1,0.500,117010,143286,3.268,4.600,15.033
23631,1,0,1,0.500,117118,143833,3.268,4.600,15.033
23671,1,0,1,0.500,116381,142592,3.260,4.700,15.322
23711,1,0,1,0.500,86643,82315,3.260,4.700,15.322
23751,1,0,1,0.500,55537,52045,3.260,4.700,15.322
23791,1,0,1,0.500,69194,67624,3.240,4.600,14.904
23831,1,0,1,0.500,107368,115826,3.240,4.600,14.904
23871,1,0,1,0.500,107383,118164,3.208,4.400,14.115
23911,1,0,1,0.500,104572,114742,3.208,4.400,14.115
23951,1,0,1,0.500,111195,111478,3.208,4.400,14.115
23991,1,0,1,0.500,116373,107602,3.096,4.800,14.861
24031,1,0,1,0.500,118147,111924,3.096,4.800,14.861
24071,1,0,1,0.500,99493,87157,3.216,4.400,14.150
24111,1,0,1,0.500,70223,61194,3.216,4.400,14.150
24151,1,0,1,0.500,82812,70342,3.216,4.400,14.150
24191,1,0,1,0.500,103700,99068,3.252,4.800,15.610
24231,1,0,1,0.500,104225,111280,3.252,4.800,15.610
24271,1,0,1,0.500,47801,52259,3.280,4.600,15.088
24311,1,0,1,0.500,41422,36661,3.280,4.600,15.088
24351,1,0,1,0.500,68956,58175,3.280,4.600,15.088
24391,1,0,1,0.500,78418,74521,3.276,4.300,14.087
24431,1,0,1,0.500,100510,106171,3.276,4.300,14.087
24471,1,0,1,0.500,101391,99840,3.276,4.400,14.414
24511,1,0,1,0.500,95915,82588,3.276,4.400,14.414
24551,1,0,1,0.500,76660,67936,3.276,4.400,14.414
24591,1,0,1,0.500,84800,83098,3.272,4.900,16.033
24631,1,0,1,0.500,101477,106567,3.272,4.900,16.033
24671,1,0,1,0.500,96685,85921,3.272,4.400,14.397
24711,1,0,1,0.500,65985,49354,3.272,4.400,14.397
24751,1,0,1,0.500,56643,43103,3.272,4.400,14.397
24791,1,0,1,0.500,72975,63266,3.208,4.700,15.078
24831,1,0,1,0.500,93123,89299,3.208,4.700,15.078
24871,1,0,1,0.500,81536,71998,3.252,4.800,15.610
24911,1,0,1,0.500,57454,44973,3.252,4.800,15.610
24951,1,0,1,0.500,80481,70838,3.252,4.800,15.610
24991,1,0,1,0.500,93353,93033,3.156,4.500,14.202
25031,1,0,1,0.500,100501,104219,3.156,4.500,14.202
25071,1,0,1,0.500,103745,99638,3.188,4.800,15.302
25111,1,0,1,0.500,94133,82388,3.188,4.800,15.302
25151,1,0,1,0.500,78986,69151,3.188,4.800,15.302
25191,1,0,1,0.500,84600,78050,3.092,4.500,13.914
25231,1,0,1,0.500,87889,82089,3.092,4.500,13.914
25271,1,0,1,0.500,100853,88594,3.236,4.500,14.562
25311,1,0,1,0.500,74536,62765,3.236,4.500,14.562
25351,1,0,1,0.500,53855,39087,3.236,4.500,14.562
25391,1,0,1,0.500,65076,51232,3.232,4.500,14.544
25431,1,0,1,0.500,85758,81895,3.232,4.500,14.544
25471,1,0,1,0.500,106247,113150,3.244,4.700,15.247
25511,1,0,1,0.500,101309,98528,3.244,4.700,15.247
25551,1,0,1,0.500,87586,80569,3.244,4.700,15.247
25591,1,0,1,0.500,80010,74007,3.244,4.600,14.922
25631,1,0,1,0.500,77080,69193,3.244,4.600,14.922
25671,1,0,1,0.500,85774,78239,3.244,4.700,15.247
25711,1,0,1,0.500,90048,75655,3.244,4.700,15.247
25751,1,0,1,0.500,58746,49948,3.244,4.700,15.247
25791,1,0,1,0.500,67344,50118,3.240,4.500,14.580
25831,1,0,1,0.500,72748,55253,3.240,4.500,14.580
25871,1,0,1,0.500,85550,77585,3.212,4.400,14.133
25911,1,0,1,0.500,101877,103013,3.212,4.400,14.133
25951,1,0,1,0.500,107169,94797,3.212,4.400,14.133
25991,1,0,1,0.500,81251,63460,3.204,4.600,14.738
26031,1,0,1,0.500,67720,52783,3.204,4.600,14.738
26071,1,0,1,0.500,80588,71200,3.212,4.600,14.775
26111,1,0,1,0.500,102532,95056,3.212,4.600,14.775
26151,1,0,1,0.500,94222,80267,3.212,4.600,14.775
26191,1,0,1,0.500,68996,51750,3.216,4.600,14.794
26231,1,0,1,0.500,59612,46122,3.216,4.600,14.794
26271,1,0,1,0.500,75105,67069,3.216,4.600,14.794
26311,1,0,1,0.500,100406,103082,3.216,4.600,14.794
26351,1,0,1,0.500,109044,116615,3.216,4.600,14.794
26391,1,0,1,0.500,102922,105628,3.076,4.500,13.842
26431,1,0,1,0.500,94796,95813,3.076,4.500,13.842
26471,1,0,1,0.500,106742,116548,2.876,3.100,8.916
26511,1,0,1,0.500,114496,129561,2.876,3.100,8.916
26551,1,0,1,0.500,118238,138118,2.876,3.100,8.916
26591,1,0,1,0.500,120420,143413,3.252,4.600,14.959
26631,1,0,1,0.500,121580,146529,3.252,4.600,14.959
26671,1,0,1,0.500,122355,148258,3.268,4.700,15.360
26711,1,0,1,0.500,122751,149216,3.268,4.700,15.360
26751,1,0,1,0.500,122871,149485,3.268,4.700,15.360
26791,1,0,1,0.500,122818,149403,3.280,4.600,15.088
26831,1,0,1,0.500,122440,148509,3.280,4.600,15.088
26871,1,0,1,0.500,120866,145636,3.272,4.700,15.378
26911,1,0,1,0.500,70755,65048,3.272,4.700,15.378
26951,1,0,1,0.500,15038,12249,3.272,4.700,15.378
26991,1,0,1,0.500,20451,17843,3.276,4.500,14.742
27031,1,0,1,0.500,82712,80692,3.276,4.500,14.742
27071,1,0,1,0.500,115587,126234,3.284,4.700,15.435
27111,1,0,1,0.500,119439,120034,3.284,4.700,15.435
27151,1,0,1,0.500,82463,70385,3.284,4.700,15.435
27191,1,0,1,0.500,78143,69065,3.200,4.800,15.360
27231,1,0,1,0.500,86467,86536,3.200,4.800,15.360
27271,1,0,1,0.500,86496,86540,3.228,4.700,15.172
27311,1,0,1,0.500,110145,118476,3.228,4.700,15.172
27351,1,0,1,0.500,96437,100105,3.228,4.700,15.172
27391,1,0,1,0.500,98971,105203,3.252,4.700,15.284
27431,1,0,1,0.500,99187,104759,3.252,4.700,15.284
27471,1,0,1,0.500,78288,65112,3.264,4.500,14.688
27511,1,0,1,0.500,59009,43128,3.264,4.500,14.688
27551,1,0,1,0.500,69929,55138,3.264,4.500,14.688
27591,1,0,1,0.500,100771,100228,3.260,4.500,14.670
27631,1,0,1,0.500,115274,133663,3.260,4.500,14.670
27671,1,0,1,0.500,117228,138530,3.260,4.700,15.322
27711,1,0,1,0.500,117713,140262,3.260,4.700,15.322
27751,1,0,1,0.500,117458,140123,3.260,4.700,15.322
27791,1,0,1,0.500,116491,138086,3.248,4.600,14.941
27831,1,0,1,0.500,108723,119770,3.248,4.600,14.941
27871,1,0,1,0.500,64615,54770,3.252,4.400,14.309
27911,1,0,1,0.500,31956,28322,3.252,4.400,14.309
27951,1,0,1,0.500,83004,83128,3.252,4.400,14.309
27991,1,0,1,0.500,109240,119951,3.256,4.200,13.675
28031,1,0,1,0.500,105244,109914,3.256,4.200,13.675
28071,1,0,1,0.500,81809,68506,3.252,4.700,15.284
28111,1,0,1,0.500,50301,40472,3.252,4.700,15.284
28151,1,0,1,0.500,82230,71864,3.252,4.700,15.284
28191,1,0,1,0.500,85559,73763,3.244,4.500,14.598
28231,1,0,1,0.500,79004,62614,3.244,4.500,14.598
28271,1,0,1,0.500,66717,52013,3.244,4.500,14.598
28311,1,0,1,0.500,84222,72380,3.244,4.500,14.598
28351,1,0,1,0.500,86273,80633,3.244,4.500,14.598
28391,1,0,1,0.500,84950,78943,3.248,4.500,14.616
28431,1,0,1,0.500,82777,72891,3.248,4.500,14.616
28471,1,0,1,0.500,66491,51497,3.248,4.900,15.915
28511,1,0,1,0.500,65832,54685,3.248,4.900,15.915
28551,1,0,1,0.500,73419,62883,3.248,4.900,15.915
28591,1,0,1,0.500,105504,101158,3.248,4.500,14.616
28631,1,0,1,0.500,105333,111956,3.248,4.500,14.616
28671,1,0,1,0.500,99089,93534,3.244,4.600,14.922
28711,1,0,1,0.500,63591,48916,3.244,4.600,14.922
28751,1,0,1,0.500,24143,19839,3.244,4.600,14.922
28791,1,0,1,0.500,46997,40583,3.248,4.500,14.616
28831,1,0,1,0.500,101875,95597,3.248,4.500,14.616
28871,1,0,1,0.500,100719,94995,3.248,4.600,14.941
28911,1,0,1,0.500,102349,94381,3.248,4.600,14.941
28951,1,0,1,0.500,94657,78111,3.248,4.600,14.941
28991,1,0,1,0.500,74139,58365,3.248,4.500,14.616
29031,1,0,1,0.500,63542,51085,3.248,4.500,14.616
29071,1,0,1,0.500,96413,94095,3.248,4.500,14.616
29111,1,0,1,0.500,103690,109135,3.248,4.500,14.616
29151,1,0,1,0.500,106529,113601,3.248,4.500,14.616
29191,1,0,1,0.500,98198,94781,3.248,4.300,13.966
29231,1,0,1,0.500,42595,30566,3.248,4.300,13.966
29271,1,0,1,0.500,14924,11828,3.248,4.500,14.616
29311,1,0,1,0.500,13784,12389,3.248,4.500,14.616
29351,1,0,1,0.500,27047,23433,3.248,4.500,14.616
29391,1,0,1,0.500,59261,47337,3.252,4.600,14.959
29431,1,0,1,0.500,44796,34627,3.252,4.600,14.959
29471,1,0,1,0.500,40629,35015,3.256,4.400,14.326
29511,1,0,1,0.500,81911,72659,3.256,4.400,14.326
29551,1,0,1,0.500,79055,64501,3.256,4.400,14.326
29591,1,0,1,0.500,51759,42102,3.260,4.500,14.670
29631,1,0,1,0.500,52322,47163,3.260,4.500,14.670
29671,1,0,1,0.500,90222,83382,3.260,4.600,14.996
29711,1,0,1,0.500,105295,104561,3.260,4.600,14.996
29751,1,0,1,0.500,59684,50208,3.260,4.600,14.996
29791,1,0,1,0.500,83472,75701,3.264,4.600,15.014
29831,1,0,1,0.500,107376,111421,3.264,4.600,15.014
29871,1,0,1,0.500,100830,89208,3.260,4.400,14.344
29911,1,0,1,0.500,93509,79994,3.260,4.400,14.344
29951,1,0,1,0.500,110241,106691,3.260,4.400,14.344
29991,1,0,1,0.500,106744,107107,3.260,4.400,14.344
30031,1,0,1,0.500,105281,109036,3.260,4.400,14.344
30071,1,0,1,0.500,106206,110880,3.248,4.700,15.266
30111,1,0,1,0.500,105112,109536,3.248,4.700,15.266
30151,1,0,1,0.500,105401,110393,3.248,4.700,15.266
30191,1,0,1,0.500,106036,111515,3.220,4.600,14.812
30231,1,0,1,0.500,109798,106850,3.220,4.600,14.812
30271,1,0,1,0.500,109271,98280,3.224,4.500,14.508
30311,1,0,1,0.500,112792,107407,3.224,4.500,14.508
30351,1,0,1,0.500,44432,40384,3.224,4.500,14.508
30391,1,0,1,0.500,21918,25097,3.248,4.300,13.966
30431,1,0,1,0.500,82676,83042,3.248,4.300,13.966
30471,1,0,1,0.500,111991,114898,3.228,4.500,14.526
30511,1,0,1,0.500,107227,111907,3.228,4.500,14.526
30551,1,0,1,0.500,107285,111403,3.228,4.500,14.526
30591,1,0,1,0.500,107880,111551,3.236,4.600,14.886
30631,1,0,1,0.500,103495,108060,3.236,4.600,14.886
30671,1,0,1,0.500,102221,107186,3.240,4.500,14.580
30711,1,0,1,0.500,102459,107336,3.240,4.500,14.580
30751,1,0,1,0.500,102454,107565,3.240,4.500,14.580
30791,1,0,1,0.500,102568,107993,3.236,4.700,15.209
30832,1,0,1,0.500,102559,107788,3.236,4.700,15.209
30871,1,0,1,0.500,111026,106724,3.240,4.400,14.256
30911,1,0,1,0.500,50825,49644,3.240,4.400,14.256
30951,1,0,1,0.500,22930,23734,3.240,4.400,14.256
30991,1,0,1,0.500,32503,30437,3.236,4.400,14.238
31031,1,0,1,0.500,43601,36101,3.236,4.400,14.238
31071,1,0,1,0.500,55724,44109,3.236,4.600,14.886
31111,1,0,1,0.500,104479,99229,3.236,4.600,14.886
31151,1,0,1,0.500,114922,130575,3.236,4.600,14.886
31191,1,0,1,0.500,116568,134463,3.236,4.700,15.209
31232,1,0,1,0.500,116603,134752,3.236,4.700,15.209
31271,1,0,1,0.500,114780,130947,3.240,4.500,14.580
31311,1,0,1,0.500,108760,117897,3.240,4.500,14.580
31352,1,0,1,0.500,89964,76989,3.240,4.500,14.580
31391,1,0,1,0.500,49563,41280,3.240,4.600,14.904
31431,1,0,1,0.500,94922,96500,3.240,4.600,14.904
31471,1,0,1,0.500,109077,115287,3.240,4.700,15.228
31511,1,0,1,0.500,109163,115664,3.240,4.700,15.228
31552,1,0,1,0.500,105260,109356,3.240,4.700,15.228
31591,1,0,1,0.500,108620,112175,3.248,4.700,15.266
31632,1,0,1,0.500,117969,112199,3.248,4.700,15.266
31671,1,0,1,0.500,90305,76760,3.248,4.800,15.590
31711,1,0,1,0.500,46297,38150,3.248,4.800,15.590
31752,1,0,1,0.500,84430,82667,3.248,4.800,15.590
31791,1,0,1,0.500,108345,114797,3.248,4.400,14.291
31832,1,0,1,0.500,108731,115844,3.248,4.400,14.291
31871,1,0,1,0.500,110388,109562,3.252,4.600,14.959
31911,1,0,1,0.500,71158,59406,3.252,4.600,14.959
31952,1,0,1,0.500,83819,71081,3.252,4.600,14.959
31991,1,0,1,0.500,108868,104372,3.252,4.500,14.634
32032,1,0,1,0.500,99869,82825,3.252,4.500,14.634
32071,1,0,1,0.500,99115,85797,3.252,4.800,15.610
32111,1,0,1,0.500,104651,96590,3.252,4.800,15.610
32152,1,0,1,0.500,83922,67809,3.252,4.800,15.610
32191,1,0,1,0.500,55673,39090,3.252,4.800,15.610
32231,1,0,1,0.500,78777,66517,3.252,4.800,15.610
32271,1,0,1,0.500,98145,97933,3.256,4.900,15.954
32311,1,0,1,0.500,98946,100073,3.256,4.900,15.954
32352,1,0,1,0.500,75565,61258,3.256,4.900,15.954
32391,1,0,1,0.500,34861,23180,3.252,4.800,15.610
32431,1,0,1,0.500,47186,35118,3.252,4.800,15.610
32471,1,0,1,0.500,73280,56216,3.252,4.600,14.959
32511,1,0,1,0.500,43120,30634,3.252,4.600,14.959
32552,1,0,1,0.500,39980,29014,3.252,4.600,14.959
32591,1,0,1,0.500,76276,60754,3.252,4.500,14.634
32631,1,0,1,0.500,90654,74314,3.252,4.500,14.634
32671,1,0,1,0.500,80545,64402,3.252,4.800,15.610
32711,1,0,1,0.500,105284,101159,3.252,4.800,15.610
32752,1,0,1,0.500,106191,109041,3.252,4.800,15.610
32791,1,0,1,0.500,99005,87602,3.252,4.500,14.634
32831,1,0,1,0.500,46851,39401,3.252,4.500,14.634
32872,1,0,1,0.500,44749,39467,3.252,4.500,14.634
32911,1,0,1,0.500,81961,70791,3.252,4.500,14.634
32952,1,0,1,0.500,108532,112423,3.252,4.500,14.634
32991,1,0,1,0.500,106985,100306,3.256,4.600,14.978
33031,1,0,1,0.500,54044,42794,3.256,4.600,14.978
33072,1,0,1,0.500,35014,29823,3.256,4.500,14.652
33111,1,0,1,0.500,81328,67945,3.256,4.500,14.652
33152,1,0,1,0.500,108638,112808,3.256,4.500,14.652
33191,1,0,1,0.500,106358,97491,3.252,4.400,14.309
33231,1,0,1,0.500,55068,42221,3.252,4.400,14.309
33272,1,0,1,0.500,44543,36892,3.256,4.500,14.652
33311,1,0,1,0.500,94957,82965,3.256,4.500,14.652
33352,1,0,1,0.500,109681,107727,3.256,4.500,14.652
33391,1,0,1,0.500,81920,68394,3.260,4.600,14.996
33431,1,0,1,0.500,58953,48787,3.260,4.600,14.996
33472,1,0,1,0.500,71233,59816,3.252,4.400,14.309
33511,1,0,1,0.500,106223,102949,3.252,4.400,14.309
33552,1,0,1,0.500,107116,108961,3.252,4.400,14.309
33591,1,0,1,0.500,78693,65273,3.260,4.600,14.996
33631,1,0,1,0.500,33885,26644,3.260,4.600,14.996
33672,1,0,1,0.500,58727,50420,3.260,4.400,14.344
33711,1,0,1,0.500,93996,78710,3.260,4.400,14.344
33752,1,0,1,0.500,71519,54740,3.260,4.400,14.344
33792,1,0,1,0.500,68072,53139,3.260,4.800,15.648
33831,1,0,1,0.500,102337,88465,3.260,4.800,15.648
33872,1,0,1,0.500,104241,92991,3.260,4.500,14.670
33911,1,0,1,0.500,107409,106307,3.260,4.500,14.670
33952,1,0,1,0.500,101927,87520,3.260,4.500,14.670
33992,1,0,1,0.500,109668,97464,3.260,4.700,15.322
34031,1,0,1,0.500,106475,106010,3.260,4.700,15.322
34072,1,0,1,0.500,106701,105358,3.260,4.400,14.344
34111,1,0,1,0.500,113217,122654,3.260,4.400,14.344
34152,1,0,1,0.500,113517,123674,3.260,4.400,14.344
34192,1,0,1,0.500,108731,113211,3.260,4.700,15.322
34232,1,0,1,0.500,107299,104263,3.260,4.700,15.322
34272,1,0,1,0.500,106847,103458,3.268,4.500,14.706
34311,1,0,1,0.500,106262,108114,3.268,4.500,14.706
34352,1,0,1,0.500,108449,116246,3.268,4.500,14.706
34392,1,0,1,0.500,109020,117495,3.264,4.400,14.362
34432,1,0,1,0.500,97616,87720,3.264,4.400,14.362
34472,1,0,1,0.500,33979,26628,3.268,4.400,14.379
34512,1,0,1,0.500,33089,29531,3.268,4.400,14.379
34552,1,0,1,0.500,82957,81310,3.268,4.400,14.379
34592,1,0,1,0.500,114942,126237,3.268,4.500,14.706
34632,1,0,1,0.500,113623,124421,3.268,4.500,14.706
34672,1,0,1,0.500,108954,110280,3.268,4.300,14.052
34712,1,0,1,0.500,88204,82695,3.268,4.300,14.052
34752,1,0,1,0.500,85853,85626,3.268,4.300,14.052
34792,1,0,1,0.500,96083,108455,3.268,4.600,15.033
34832,1,0,1,0.500,107629,122323,3.268,4.600,15.033
34872,1,0,1,0.500,107020,120266,3.272,4.600,15.051
34912,1,0,1,0.500,101284,101880,3.272,4.600,15.051
34952,1,0,1,0.500,66527,66129,3.272,4.600,15.051
34992,1,0,1,0.500,45556,46420,3.268,4.700,15.360
35032,1,0,1,0.500,34326,32969,3.268,4.700,15.360
35072,1,0,1,0.500,48289,48239,3.268,4.500,14.706
35112,1,0,1,0.500,85857,80637,3.268,4.500,14.706
35152,1,0,1,0.500,111917,117077,3.268,4.500,14.706
35192,1,0,1,0.500,112059,121199,3.264,4.500,14.688
35232,1,0,1,0.500,112243,121930,3.264,4.500,14.688
35272,1,0,1,0.500,111655,118437,3.264,4.600,15.014
35312,1,0,1,0.500,92522,87268,3.264,4.600,15.014
35352,1,0,1,0.500,42120,45787,3.264,4.600,15.014
35392,1,0,1,0.500,96515,96755,3.260,4.400,14.344
35432,1,0,1,0.500,106146,95979,3.260,4.400,14.344
35472,1,0,1,0.500,113312,106782,3.260,4.500,14.670
35512,1,0,1,0.500,109387,112390,3.260,4.500,14.670
35552,1,0,1,0.500,107225,112769,3.260,4.500,14.670
35592,1,0,1,0.500,110299,117611,3.260,4.600,14.996
35632,1,0,1,0.500,108504,115629,3.260,4.600,14.996
35672,1,0,1,0.500,108223,111620,3.260,4.800,15.648
35712,1,0,1,0.500,110559,104486,3.260,4.800,15.648
35752,1,0,1,0.500,109589,106324,3.260,4.800,15.648
35792,1,0,1,0.500,108211,114992,3.260,4.700,15.322
35832,1,0,1,0.500,110060,120076,3.260,4.700,15.322
35872,1,0,1,0.500,109334,118951,3.260,4.500,14.670
35912,1,0,1,0.500,109228,118978,3.260,4.500,14.670
35952,1,0,1,0.500,109278,119131,3.260,4.500,14.670
35992,1,0,1,0.500,109113,118901,3.260,4.300,14.018
36032,1,0,1,0.500,107058,113695,3.260,4.300,14.018
36072,1,0,1,0.500,96449,83236,3.264,4.800,15.667
36112,1,0,1,0.500,78361,63580,3.264,4.800,15.667
36152,1,0,1,0.500,101835,91209,3.264,4.800,15.667
36192,1,0,1,0.500,107727,105628,3.264,4.500,14.688
36232,1,0,1,0.500,107535,108277,3.264,4.500,14.688
36272,1,0,1,0.500,106022,109502,3.260,4.700,15.322
36312,1,0,1,0.500,104547,106392,3.260,4.700,15.322
36352,1,0,1,0.500,104581,99740,3.260,4.700,15.322
36392,1,0,1,0.500,108084,108586,3.264,4.600,15.014
36432,1,0,1,0.500,107432,105389,3.264,4.600,15.014
36472,1,0,1,0.500,84915,71363,3.264,4.400,14.362
36512,1,0,1,0.500,79364,68222,3.264,4.400,14.362
36552,1,0,1,0.500,92366,88630,3.264,4.400,14.362
36592,1,0,1,0.500,101208,106526,3.264,4.600,15.014
36632,1,0,1,0.500,98911,99139,3.264,4.600,15.014
36672,1,0,1,0.500,81112,68944,3.264,4.500,14.688
36712,1,0,1,0.500,50811,41883,3.264,4.500,14.688
36752,1,0,1,0.500,77117,65822,3.264,4.500,14.688
36792,1,0,1,0.500,97513,97858,3.264,4.600,15.014
36832,1,0,1,0.500,98779,98678,3.264,4.600,15.014
36872,1,0,1,0.500,87845,73909,3.264,4.700,15.341
36912,1,0,1,0.500,60808,47676,3.264,4.700,15.341
36952,1,0,1,0.500,57075,43876,3.264,4.700,15.341
36992,1,0,1,0.500,49010,38956,3.264,4.500,14.688
37032,1,0,1,0.500,44588,35798,3.264,4.500,14.688
37072,1,0,1,0.500,35977,28467,3.264,4.600,15.014
37112,1,0,1,0.500,32707,25800,3.264,4.600,15.014
37152,1,0,1,0.500,38991,30431,3.264,4.600,15.014
37192,1,0,1,0.500,50853,39901,3.264,4.600,15.014
37232,1,0,1,0.500,57299,46309,3.264,4.600,15.014
37272,1,0,1,0.500,69238,56010,3.264,4.400,14.362
37312,1,0,1,0.500,69523,55366,3.264,4.400,14.362
37352,1,0,1,0.500,69888,55812,3.264,4.400,14.362
37392,1,0,1,0.500,84330,69245,3.264,4.500,14.688
37432,1,0,1,0.500,95898,82978,3.264,4.500,14.688
37472,1,0,1,0.500,97358,84850,3.264,4.600,15.014
37512,1,0,1,0.500,97168,84249,3.264,4.600,15.014
37552,1,0,1,0.500,101331,93459,3.264,4.600,15.014
37592,1,0,1,0.500,104606,100526,3.264,4.500,14.688
37632,1,0,1,0.500,105545,103230,3.264,4.500,14.688
37672,1,0,1,0.500,101986,95329,3.268,4.600,15.033
37712,1,0,1,0.500,64769,48871,3.268,4.600,15.033
37752,1,0,1,0.500,32729,24233,3.268,4.600,15.033
37792,1,0,1,0.500,24724,18713,3.264,4.500,14.688
37832,1,0,1,0.500,29781,22839,3.264,4.500,14.688
37872,1,0,1,0.500,31895,24509,3.264,4.400,14.362
37912,1,0,1,0.500,27009,20837,3.264,4.400,14.362
37952,1,0,1,0.500,24003,18688,3.264,4.400,14.362
37992,1,0,1,0.500,27643,21578,3.260,4.500,14.670
38032,1,0,1,0.500,37365,29206,3.260,4.500,14.670
38072,1,0,1,0.500,77854,66267,3.264,4.800,15.667
38112,1,0,1,0.500,87046,85449,3.264,4.800,15.667
38152,1,0,1,0.500,86116,76265,3.264,4.800,15.667
38192,1,0,1,0.500,78674,63413,3.260,4.600,14.996
38232,1,0,1,0.500,72933,59304,3.260,4.600,14.996
38272,1,0,1,0.500,50823,39675,3.264,4.600,15.014
38312,1,0,1,0.500,69393,61063,3.264,4.600,15.014
38352,1,0,1,0.500,107428,114671,3.264,4.600,15.014
38392,1,0,1,0.500,110289,120321,3.264,4.500,14.688
38432,1,0,1,0.500,111506,123134,3.264,4.500,14.688
38472,1,0,1,0.500,108681,114493,3.260,4.600,14.996
38512,1,0,1,0.500,57159,46460,3.260,4.600,14.996
38552,1,0,1,0.500,40479,38524,3.260,4.600,14.996
38592,1,0,1,0.500,96270,98082,3.264,4.700,15.341
38632,1,0,1,0.500,113555,124006,3.264,4.700,15.341
38672,1,0,1,0.500,114076,125472,3.260,4.600,14.996
38712,1,0,1,0.500,110262,118120,3.260,4.600,14.996
38752,1,0,1,0.500,98222,90821,3.260,4.600,14.996
38792,1,0,1,0.500,58410,54416,3.264,4.600,15.014
38832,1,0,1,0.500,104065,96463,3.264,4.600,15.014
38872,1,0,1,0.500,108646,110496,3.260,4.800,15.648
38912,1,0,1,0.500,101846,87898,3.260,4.800,15.648
38952,1,0,1,0.500,62421,52847,3.260,4.800,15.648
38992,1,0,1,0.500,55723,48428,3.264,4.500,14.688
39032,1,0,1,0.500,59124,51821,3.264,4.500,14.688
39072,1,0,1,0.500,61651,54667,3.260,4.600,14.996
39112,1,0,1,0.500,88708,79833,3.260,4.600,14.996
39152,1,0,1,0.500,112659,105462,3.260,4.600,14.996
39192,1,0,1,0.500,109268,115010,3.264,4.800,15.667
39232,1,0,1,0.500,110036,116379,3.264,4.800,15.667
39272,1,0,1,0.500,103678,94342,3.264,4.600,15.014
39312,1,0,1,0.500,46646,40937,3.264,4.600,15.014
39352,1,0,1,0.500,83257,77609,3.264,4.600,15.014
39392,1,0,1,0.500,110832,110959,3.260,4.700,15.322
39432,1,0,1,0.500,108330,114120,3.260,4.700,15.322
39472,1,0,1,0.500,108136,113961,3.264,4.700,15.341
39512,1,0,1,0.500,107224,112774,3.264,4.700,15.341
39552,1,0,1,0.500,104653,104826,3.264,4.700,15.341
39592,1,0,1,0.500,76776,67812,3.264,4.600,15.014
39632,1,0,1,0.500,87442,80653,3.264,4.600,15.014
39672,1,0,1,0.500,108871,114844,3.264,4.300,14.035
39712,1,0,1,0.500,113948,126112,3.264,4.300,14.035
39752,1,0,1,0.500,117975,135746,3.264,4.300,14.035
39792,1,0,1,0.500,119134,139080,3.264,4.700,15.341
39832,1,0,1,0.500,119584,140462,3.264,4.700,15.341
39872,1,0,1,0.500,119241,139703,3.264,4.600,15.014
39912,1,0,1,0.500,118407,137567,3.264,4.600,15.014
39952,1,0,1,0.500,116595,133375,3.264,4.600,15.014
39992,1,0,1,0.500,62322,58273,3.260,4.600,14.996
40032,1,0,1,0.500,21668,16752,3.260,4.600,14.996
40072,1,0,1,0.500,39260,35475,3.264,4.800,15.667
40112,1,0,1,0.500,97523,99444,3.264,4.800,15.667
40152,1,0,1,0.500,117312,131709,3.264,4.800,15.667
40192,1,0,1,0.500,117504,132287,3.264,4.900,15.994
40232,1,0,1,0.500,100999,102759,3.264,4.900,15.994
40272,1,0,1,0.500,38660,27325,3.264,4.400,14.362
40312,1,0,1,0.500,33673,27492,3.264,4.400,14.362
40352,1,0,1,0.500,89920,89323,3.264,4.400,14.362
40392,1,0,1,0.500,112823,120736,3.264,4.600,15.014
40432,1,0,1,0.500,114226,122519,3.264,4.600,15.014
40472,1,0,1,0.500,113919,122317,3.268,4.600,15.033
40512,1,0,1,0.500,114805,125088,3.268,4.600,15.033
40552,1,0,1,0.500,116191,128692,3.268,4.600,15.033
40592,1,0,1,0.500,116463,129101,3.260,4.800,15.648
40632,1,0,1,0.500,110861,119421,3.260,4.800,15.648
40672,1,0,1,0.500,66234,56024,3.272,4.600,15.051
40712,1,0,1,0.500,25811,25678,3.272,4.600,15.051
40752,1,0,1,0.500,83055,83067,3.272,4.600,15.051
40792,1,0,1,0.500,117118,134329,3.272,4.600,15.051
40832,1,0,1,0.500,118081,139969,3.272,4.600,15.051
40872,1,0,1,0.500,118976,135314,3.276,4.600,15.070
40912,1,0,1,0.500,51527,49516,3.276,4.600,15.070
40952,1,0,1,0.500,35202,31945,3.276,4.600,15.070
40992,1,0,1,0.500,96960,83123,3.276,4.600,15.070
41032,1,0,1,0.500,115302,126406,3.276,4.600,15.070
41072,1,0,1,0.500,116620,130452,3.276,4.600,15.070
41112,1,0,1,0.500,116562,129875,3.276,4.600,15.070
41152,1,0,1,0.500,114039,124021,3.276,4.600,15.070
41192,1,0,1,0.500,111222,118883,3.264,4.600,15.014
41232,1,0,1,0.500,106704,112168,3.264,4.600,15.014
41272,1,0,1,0.500,100164,101438,3.268,4.600,15.033
41312,1,0,1,0.500,103267,91434,3.268,4.600,15.033
41352,1,0,1,0.500,107493,105955,3.268,4.600,15.033
41392,1,0,1,0.500,111383,118972,3.268,4.600,15.033
41432,1,0,1,0.500,113838,125291,3.268,4.600,15.033
41472,1,0,1,0.500,115209,128559,3.268,4.600,15.033
41512,1,0,1,0.500,113665,124979,3.268,4.600,15.033
41552,1,0,1,0.500,92461,85183,3.268,4.600,15.033
41592,1,0,1,0.500,55127,50288,3.260,4.700,15.322
41632,1,0,1,0.500,103236,105677,3.260,4.700,15.322
41672,1,0,1,0.500,108366,113606,3.244,4.700,15.247
41712,1,0,1,0.500,105283,109720,3.244,4.700,15.247
41752,1,0,1,0.500,112114,112720,3.244,4.700,15.247
41792,1,0,1,0.500,121109,114541,3.260,4.700,15.322
41832,1,0,1,0.500,116895,115333,3.260,4.700,15.322
41872,1,0,1,0.500,112991,120140,3.244,4.700,15.247
41912,1,0,1,0.500,114702,123007,3.244,4.700,15.247
41952,1,0,1,0.500,113785,122202,3.244,4.700,15.247
41992,1,0,1,0.500,111335,116463,3.236,4.600,14.886
42032,1,0,1,0.500,98027,90952,3.236,4.600,14.886
42072,1,0,1,0.500,93975,91861,3.244,4.400,14.274
42112,1,0,1,0.500,115292,108522,3.244,4.400,14.274
42152,1,0,1,0.500,107349,109952,3.244,4.400,14.274
42192,1,0,1,0.500,106230,111466,3.248,4.600,14.941
42232,1,0,1,0.500,104682,109697,3.248,4.600,14.941
42272,1,0,1,0.500,107150,100283,3.264,4.600,15.014
42312,1,0,1,0.500,78496,66847,3.264,4.600,15.014
42352,1,0,1,0.500,104496,98755,3.264,4.600,15.014
42392,1,0,1,0.500,109216,115524,3.272,4.300,14.070
42432,1,0,1,0.500,108675,114945,3.272,4.300,14.070
42473,1,0,1,0.500,112523,111326,3.268,4.700,15.360
42512,1,0,1,0.500,103742,92987,3.268,4.700,15.360
42552,1,0,1,0.500,103482,92851,3.268,4.700,15.360
42592,1,0,1,0.500,108709,110323,3.268,4.800,15.686
42632,1,0,1,0.500,106415,110836,3.268,4.800,15.686
42673,1,0,1,0.500,111382,113221,3.268,4.700,15.360
42712,1,0,1,0.500,122776,114624,3.268,4.700,15.360
42752,1,0,1,0.500,122062,113415,3.268,4.700,15.360
42793,1,0,1,0.500,110491,110006,3.268,4.500,14.706
42832,1,0,1,0.500,105594,110265,3.268,4.500,14.706
42873,1,0,1,0.500,106146,111113,3.272,4.600,15.051
42912,1,0,1,0.500,107438,110481,3.272,4.600,15.051
42952,1,0,1,0.500,123112,116080,3.272,4.600,15.051
42993,1,0,1,0.500,120906,110742,3.272,4.600,15.051
43032,1,0,1,0.500,109349,98651,3.272,4.600,15.051
43073,1,0,1,0.500,103097,103506,3.268,4.800,15.686
43113,1,0,1,0.500,104591,108204,3.268,4.800,15.686
43152,1,0,1,0.500,111583,106902,3.268,4.800,15.686
43193,1,0,1,0.500,77570,73039,3.268,4.700,15.360
43233,1,0,1,0.500,106662,107464,3.268,4.700,15.360
43273,1,0,1,0.500,102330,106167,3.272,4.500,14.724
43313,1,0,1,0.500,103267,107901,3.272,4.500,14.724
43352,1,0,1,0.500,110960,105360,3.272,4.500,14.724
43393,1,0,1,0.500,68571,62994,3.268,4.800,15.686
43433,1,0,1,0.500,82188,68830,3.268,4.800,15.686
43473,1,0,1,0.500,98163,96154,3.272,4.500,14.724
43513,1,0,1,0.500,98036,95539,3.272,4.500,14.724
43553,1,0,1,0.500,99220,89373,3.272,4.500,14.724
43593,1,0,1,0.500,94140,83677,3.272,4.500,14.724
43633,1,0,1,0.500,88076,80328,3.272,4.500,14.724
43673,1,0,1,0.500,87969,80729,3.272,4.400,14.397
43713,1,0,1,0.500,90213,83041,3.272,4.400,14.397
43753,1,0,1,0.500,89006,79065,3.272,4.400,14.397
43793,1,0,1,0.500,61824,45575,3.268,4.600,15.033
43833,1,0,1,0.500,20648,11545,3.268,4.600,15.033
43873,1,0,1,0.500,14015,8609,3.272,4.500,14.724
43913,1,0,1,0.500,13947,9752,3.272,4.500,14.724
43953,1,0,1,0.500,21369,17006,3.272,4.500,14.724
43993,1,0,1,0.500,35171,26667,3.280,4.600,15.088
44033,1,0,1,0.500,59474,42765,3.280,4.600,15.088
44073,1,0,1,0.500,88041,82249,3.280,4.600,15.088
44113,1,0,1,0.500,104252,111285,3.280,4.600,15.088
44153,1,0,1,0.500,102463,109435,3.280,4.600,15.088
44193,1,0,1,0.500,102028,109211,3.284,4.800,15.763
44233,1,0,1,0.500,102518,107459,3.284,4.800,15.763
44273,1,0,1,0.500,107853,99904,3.284,4.400,14.450
44313,1,0,1,0.500,104215,108138,3.284,4.400,14.450
44353,1,0,1,0.500,105462,111381,3.284,4.400,14.450
44393,1,0,1,0.500,113180,111567,3.280,4.500,14.760
44433,1,0,1,0.500,94688,90906,3.280,4.500,14.760
44473,1,0,1,0.500,82095,74972,3.280,4.300,14.104
44513,1,0,1,0.500,89299,82836,3.280,4.300,14.104
44553,1,0,1,0.500,94602,93861,3.280,4.300,14.104
44593,1,0,1,0.500,101876,93690,3.284,4.800,15.763
44633,1,0,1,0.500,97347,90572,3.284,4.800,15.763
44673,1,0,1,0.500,105421,108496,3.284,4.600,15.106
44713,1,0,1,0.500,109898,119258,3.284,4.600,15.106
44753,1,0,1,0.500,112597,120483,3.284,4.600,15.106
44793,1,0,1,0.500,103899,111025,3.276,4.400,14.414
44833,1,0,1,0.500,95474,97312,3.276,4.400,14.414
44873,1,0,1,0.500,111521,118610,3.280,4.700,15.416
44913,1,0,1,0.500,111345,118726,3.280,4.700,15.416
44953,1,0,1,0.500,110054,116473,3.280,4.700,15.416
44993,1,0,1,0.500,110572,101434,3.284,4.700,15.435
45033,1,0,1,0.500,87535,82704,3.284,4.700,15.435
45073,1,0,1,0.500,100916,90713,3.276,4.700,15.397
45113,1,0,1,0.500,97663,95820,3.276,4.700,15.397
45153,1,0,1,0.500,94332,91553,3.276,4.700,15.397
45193,1,0,1,0.500,91526,86577,3.284,4.700,15.435
45233,1,0,1,0.500,95656,90067,3.284,4.700,15.435
45273,1,0,1,0.500,107910,107520,3.272,4.400,14.397
45313,1,0,1,0.500,105646,109260,3.272,4.400,14.397
45353,1,0,1,0.500,101514,103354,3.272,4.400,14.397
45393,1,0,1,0.500,79102,63857,3.284,4.500,14.778
45433,1,0,1,0.500,67403,52945,3.284,4.500,14.778
45473,1,0,1,0.500,73073,69956,3.272,4.700,15.378
45513,1,0,1,0.500,108775,116046,3.272,4.700,15.378
45553,1,0,1,0.500,111552,122594,3.272,4.700,15.378
45593,1,0,1,0.500,110360,120197,3.280,4.600,15.088
45633,1,0,1,0.500,102791,95120,3.280,4.600,15.088
45673,1,0,1,0.500,35277,32173,3.280,4.700,15.416
45713,1,0,1,0.500,38046,35013,3.280,4.700,15.416
45753,1,0,1,0.500,95427,97835,3.280,4.700,15.416
45793,1,0,1,0.500,111679,125615,3.288,4.800,15.782
45833,1,0,1,0.500,113700,130047,3.288,4.800,15.782
45873,1,0,1,0.500,85728,85508,3.280,4.200,13.776
45913,1,0,1,0.500,16071,14792,3.280,4.200,13.776
45953,1,0,1,0.500,60430,51877,3.280,4.200,13.776
45993,1,0,1,0.500,112514,114146,3.276,4.700,15.397
46033,1,0,1,0.500,116146,135599,3.276,4.700,15.397
46073,1,0,1,0.500,114684,132397,3.252,4.600,14.959
46113,1,0,1,0.500,68985,62670,3.252,4.600,14.959
46153,1,0,1,0.500,40719,37627,3.252,4.600,14.959
46193,1,0,1,0.500,97113,99319,3.252,4.400,14.309
46233,1,0,1,0.500,115063,128884,3.252,4.400,14.309
46273,1,0,1,0.500,113575,126388,3.248,4.500,14.616
46313,1,0,1,0.500,79927,67174,3.248,4.500,14.616
46353,1,0,1,0.500,80979,68720,3.248,4.500,14.616
46393,1,0,1,0.500,83422,72335,3.260,4.700,15.322
46433,1,0,1,0.500,84568,80440,3.260,4.700,15.322
46473,1,0,1,0.500,98342,102729,3.256,4.700,15.303
46513,1,0,1,0.500,96785,93528,3.256,4.700,15.303
46553,1,0,1,0.500,92410,85416,3.256,4.700,15.303
46593,1,0,1,0.500,113370,104295,3.252,4.700,15.284
46633,1,0,1,0.500,107709,113267,3.252,4.700,15.284
46673,1,0,1,0.500,106731,114828,3.248,4.600,14.941
46713,1,0,1,0.500,107056,115856,3.248,4.600,14.941
46753,1,0,1,0.500,104031,113159,3.248,4.600,14.941
46793,1,0,1,0.500,118687,116585,3.248,4.700,15.266
46833,1,0,1,0.500,115759,115843,3.248,4.700,15.266
46873,1,0,1,0.500,104842,112691,3.256,4.600,14.978
46913,1,0,1,0.500,106495,115056,3.256,4.600,14.978
46953,1,0,1,0.500,103655,112034,3.256,4.600,14.978
46993,1,0,1,0.500,108838,113986,3.252,4.600,14.959
47033,1,0,1,0.500,81569,79558,3.252,4.600,14.959
47073,1,0,1,0.500,87664,79086,3.244,4.800,15.571
47113,1,0,1,0.500,96498,83935,3.244,4.800,15.571
47153,1,0,1,0.500,94607,85325,3.244,4.800,15.571
47193,1,0,1,0.500,110143,102596,3.244,4.800,15.571
47233,1,0,1,0.500,116296,116436,3.244,4.800,15.571
47273,1,0,1,0.500,114103,115675,3.256,4.800,15.629
47313,1,0,1,0.500,106664,111582,3.256,4.800,15.629
47353,1,0,1,0.500,103775,106690,3.256,4.800,15.629
47393,1,0,1,0.500,107474,104481,3.260,4.500,14.670
47433,1,0,1,0.500,110824,111626,3.260,4.500,14.670
47473,1,0,1,0.500,109305,112125,3.252,4.700,15.284
47513,1,0,1,0.500,111386,113306,3.252,4.700,15.284
47553,1,0,1,0.500,106008,109358,3.252,4.700,15.284
47593,1,0,1,0.500,107002,110182,3.248,4.700,15.266
47633,1,0,1,0.500,119126,114786,3.248,4.700,15.266
47673,1,0,1,0.500,117316,117366,3.252,4.700,15.284
47713,1,0,1,0.500,86757,80838,3.252,4.700,15.284
47753,1,0,1,0.500,68907,57310,3.252,4.700,15.284
47793,1,0,1,0.500,67141,52098,3.264,4.700,15.341
47833,1,0,1,0.500,73055,59313,3.264,4.700,15.341
47873,1,0,1,0.500,99938,88270,3.264,4.900,15.994
47913,1,0,1,0.500,114431,106810,3.264,4.900,15.994
47953,1,0,1,0.500,66468,61709,3.264,4.900,15.994
47993,1,0,1,0.500,49296,42240,3.260,4.500,14.670
48033,1,0,1,0.500,45852,38614,3.260,4.500,14.670
48073,1,0,1,0.500,61920,53946,3.264,4.500,14.688
48113,1,0,1,0.500,94825,89615,3.264,4.500,14.688
48153,1,0,1,0.500,98435,97405,3.264,4.500,14.688
48193,1,0,1,0.500,65943,63763,3.256,4.900,15.954
48233,1,0,1,0.500,70438,59602,3.256,4.900,15.954
48273,1,0,1,0.500,88535,72894,3.252,4.700,15.284
48313,1,0,1,0.500,106669,105279,3.252,4.700,15.284
48353,1,0,1,0.500,108563,110387,3.252,4.700,15.284
48393,1,0,1,0.500,119348,110389,3.260,4.600,14.996
48433,1,0,1,0.500,100528,84020,3.260,4.600,14.996
48473,1,0,1,0.500,93344,76953,3.264,4.600,15.014
48513,1,0,1,0.500,101255,88594,3.264,4.600,15.014
48553,1,0,1,0.500,111914,109774,3.264,4.600,15.014
48593,1,0,1,0.500,115278,111232,3.260,4.300,14.018
48633,1,0,1,0.500,105190,90012,3.260,4.300,14.018
48673,1,0,1,0.500,83597,73188,3.252,4.500,14.634
48713,1,0,1,0.500,84015,75380,3.252,4.500,14.634
48753,1,0,1,0.500,89418,81012,3.252,4.500,14.634
48793,1,0,1,0.500,100266,93984,3.268,4.800,15.686
48833,1,0,1,0.500,106518,103134,3.268,4.800,15.686
48873,1,0,1,0.500,106058,108218,3.252,4.600,14.959
48913,1,0,1,0.500,106860,114302,3.252,4.600,14.959
48953,1,0,1,0.500,108493,117536,3.252,4.600,14.959
48993,1,0,1,0.500,104329,108285,3.264,4.600,15.014
49033,1,0,1,0.500,84440,68796,3.264,4.600,15.014
49073,1,0,1,0.500,53596,39342,3.260,4.800,15.648
49113,1,0,1,0.500,59686,43801,3.260,4.800,15.648
49153,1,0,1,0.500,83138,68658,3.260,4.800,15.648
49193,1,0,1,0.500,86370,69577,3.264,4.400,14.362
49233,1,0,1,0.500,79073,60841,3.264,4.400,14.362
49273,1,0,1,0.500,47358,32045,3.268,4.700,15.360
49313,1,0,1,0.500,42302,29546,3.268,4.700,15.360
49353,1,0,1,0.500,80297,64279,3.268,4.700,15.360
49393,1,0,1,0.500,111888,98231,3.268,4.700,15.360
49433,1,0,1,0.500,121217,113124,3.268,4.700,15.360
49473,1,0,1,0.500,119967,110585,3.264,4.900,15.994
49513,1,0,1,0.500,102862,98567,3.264,4.900,15.994
49553,1,0,1,0.500,96574,95644,3.264,4.900,15.994
49593,1,0,1,0.500,99830,101236,3.272,4.600,15.051
49633,1,0,1,0.500,102776,105980,3.272,4.600,15.051
49673,1,0,1,0.500,112169,107705,3.268,4.700,15.360
49713,1,0,1,0.500,117927,112422,3.268,4.700,15.360
49753,1,0,1,0.500,105666,105106,3.268,4.700,15.360
49793,1,0,1,0.500,106468,113889,3.272,4.800,15.706
49833,1,0,1,0.500,104919,111633,3.272,4.800,15.706
49873,1,0,1,0.500,102454,105723,3.268,4.500,14.706
49913,1,0,1,0.500,102195,102645,3.268,4.500,14.706
49953,1,0,1,0.500,105335,110213,3.268,4.500,14.706
49993,1,0,1,0.500,109225,121375,3.264,4.600,15.014
50033,1,0,1,0.500,115839,135814,3.264,4.600,15.014
50073,1,0,1,0.500,118564,141545,3.264,4.600,15.014
50113,1,0,1,0.500,119542,143603,3.264,4.600,15.014
50153,1,0,1,0.500,119475,143482,3.264,4.600,15.014
50193,1,0,1,0.500,117985,140716,3.268,4.800,15.686
50233,1,0,1,0.500,98490,95761,3.268,4.800,15.686
50273,1,0,1,0.500,48517,40924,3.268,4.700,15.360
50313,1,0,1,0.500,96876,98567,3.268,4.700,15.360
50353,1,0,1,0.500,115973,134602,3.268,4.700,15.360
50393,1,0,1,0.500,117426,139603,3.268,4.600,15.033
50433,1,0,1,0.500,118361,142319,3.268,4.600,15.033
50473,1,0,1,0.500,118931,143773,3.268,4.800,15.686
50513,1,0,1,0.500,118522,143211,3.268,4.800,15.686
50553,1,0,1,0.500,117462,141171,3.268,4.800,15.686
50593,1,0,1,0.500,115436,136986,3.268,4.600,15.033
50633,1,0,1,0.500,108827,111900,3.268,4.600,15.033
50673,1,0,1,0.500,95017,88266,3.268,4.400,14.379
50713,1,0,1,0.500,100381,112401,3.268,4.400,14.379
50753,1,0,1,0.500,104531,121327,3.268,4.400,14.379
50793,1,0,1,0.500,106908,126314,3.268,4.700,15.360
50833,1,0,1,0.500,104738,123643,3.268,4.700,15.360
50873,1,0,1,0.500,104003,122705,3.268,4.800,15.686
50913,1,0,1,0.500,104571,123241,3.268,4.800,15.686
50953,1,0,1,0.500,99859,115200,3.268,4.800,15.686
50993,1,0,1,0.500,82861,89736,3.268,4.500,14.706
51033,1,0,1,0.500,54231,55066,3.268,4.500,14.706
51073,1,0,1,0.500,47173,49492,3.268,4.800,15.686
51113,1,0,1,0.500,41166,46466,3.268,4.800,15.686
51153,1,0,1,0.500,46962,51359,3.268,4.800,15.686
51193,1,0,1,0.500,59655,64323,3.264,4.800,15.667
51233,1,0,1,0.500,62291,67704,3.264,4.800,15.667
51273,1,0,1,0.500,64123,70427,3.268,4.600,15.033
51313,1,0,1,0.500,68024,75839,3.268,4.600,15.033
51353,1,0,1,0.500,76619,86778,3.268,4.600,15.033
51393,1,0,1,0.500,86668,100772,3.264,4.700,15.341
51433,1,0,1,0.500,94118,111360,3.264,4.700,15.341
51473,1,0,1,0.500,102120,122397,3.268,4.500,14.706
51513,1,0,1,0.500,99488,109582,3.268,4.500,14.706
51553,1,0,1,0.500,55890,54315,3.268,4.500,14.706
51593,1,0,1,0.500,98282,99412,3.268,4.900,16.013
51633,1,0,1,0.500,117590,135695,3.268,4.900,16.013
51673,1,0,1,0.500,119293,141422,3.268,4.900,16.013
51713,1,0,1,0.500,121185,145886,3.268,4.900,16.013
51753,1,0,1,0.500,121905,147300,3.268,4.900,16.013
51793,1,0,1,0.500,122383,147928,3.268,4.800,15.686
51833,1,0,1,0.500,122391,147977,3.268,4.800,15.686
51874,1,0,1,0.500,121928,147015,3.268,4.800,15.686
51913,1,0,1,0.500,120581,144360,3.268,4.800,15.686
51953,1,0,1,0.500,118978,141389,3.268,4.800,15.686
51993,1,0,1,0.500,100507,98723,3.268,4.500,14.706
52033,1,0,1,0.500,17773,15757,3.268,4.500,14.706
52074,1,0,1,0.500,23834,26085,3.272,4.600,15.051
52113,1,0,1,0.500,82961,83105,3.272,4.600,15.051
52153,1,0,1,0.500,111824,126154,3.272,4.600,15.051
52194,1,0,1,0.500,112381,134763,3.252,4.700,15.284
52233,1,0,1,0.500,112894,136528,3.252,4.700,15.284
52274,1,0,1,0.500,112990,136767,3.268,4.700,15.360
52313,1,0,1,0.500,121250,136484,3.268,4.700,15.360
52353,1,0,1,0.500,97309,104503,3.268,4.700,15.360
52394,1,0,1,0.500,111550,130358,3.260,4.700,15.322
52433,1,0,1,0.500,117655,140883,3.260,4.700,15.322
52474,1,0,1,0.500,118196,143276,3.268,4.700,15.360
52514,1,0,1,0.500,118699,145151,3.268,4.700,15.360
52553,1,0,1,0.500,118985,146036,3.268,4.700,15.360
52594,1,0,1,0.500,118673,145578,3.268,4.600,15.033
52633,1,0,1,0.500,116871,142682,3.268,4.600,15.033
52674,1,0,1,0.500,91190,89839,3.268,4.800,15.686
52714,1,0,1,0.500,35110,25497,3.268,4.800,15.686
52753,1,0,1,0.500,37387,25861,3.268,4.800,15.686
52794,1,0,1,0.500,48408,37377,3.268,4.800,15.686
52834,1,0,1,0.500,97928,99498,3.268,4.800,15.686
52874,1,0,1,0.500,118623,139566,3.268,4.700,15.360
52914,1,0,1,0.500,119449,142015,3.268,4.700,15.360
52954,1,0,1,0.500,119573,142304,3.268,4.700,15.360
52994,1,0,1,0.500,111012,129150,3.264,4.700,15.341
53034,1,0,1,0.500,41825,31698,3.264,4.700,15.341
53074,1,0,1,0.500,19833,17837,3.272,5.000,16.360
53114,1,0,1,0.500,82245,80750,3.272,5.000,16.360
53154,1,0,1,0.500,119283,134083,3.272,5.000,16.360
53194,1,0,1,0.500,119492,138491,3.276,4.800,15.725
53234,1,0,1,0.500,106230,115502,3.276,4.800,15.725
53274,1,0,1,0.500,30910,19932,3.264,4.600,15.014
53314,1,0,1,0.500,20402,19063,3.264,4.600,15.014
53354,1,0,1,0.500,83060,83078,3.264,4.600,15.014
53394,1,0,1,0.500,112532,127031,3.268,4.900,16.013
53434,1,0,1,0.500,110799,124005,3.268,4.900,16.013
53474,1,0,1,0.500,92657,86213,3.272,4.500,14.724
53514,1,0,1,0.500,28542,23321,3.272,4.500,14.724
53554,1,0,1,0.500,62085,51036,3.272,4.500,14.724
53594,1,0,1,0.500,107985,108888,3.284,4.800,15.763
53634,1,0,1,0.500,108020,117943,3.284,4.800,15.763
53674,1,0,1,0.500,106391,111921,3.264,4.900,15.994
53714,1,0,1,0.500,60363,47038,3.264,4.900,15.994
53754,1,0,1,0.500,36545,24833,3.264,4.900,15.994
53794,1,0,1,0.500,48400,36733,3.276,4.800,15.725
53834,1,0,1,0.500,84610,81327,3.276,4.800,15.725
53874,1,0,1,0.500,100503,103247,3.280,4.600,15.088
53914,1,0,1,0.500,111144,120550,3.280,4.600,15.088
53954,1,0,1,0.500,114674,126923,3.280,4.600,15.088
53994,1,0,1,0.500,92297,92480,3.276,4.900,16.052
54034,1,0,1,0.500,31052,23510,3.276,4.900,16.052
54074,1,0,1,0.500,19273,17037,3.284,4.800,15.763
54114,1,0,1,0.500,66372,64470,3.284,4.800,15.763
54154,1,0,1,0.500,105328,113053,3.284,4.800,15.763
54194,1,0,1,0.500,112222,125276,3.284,4.700,15.435
54234,1,0,1,0.500,113804,129012,3.284,4.700,15.435
54274,1,0,1,0.500,102402,110259,3.284,5.300,17.405
54314,1,0,1,0.500,75811,66163,3.284,5.300,17.405
54354,1,0,1,0.500,35697,28496,3.284,5.300,17.405
54394,1,0,1,0.500,49476,40670,3.284,4.700,15.435
54434,1,0,1,0.500,88370,82377,3.284,4.700,15.435
54474,1,0,1,0.500,108146,118073,3.284,4.600,15.106
54514,1,0,1,0.500,110278,122821,3.284,4.600,15.106
54554,1,0,1,0.500,103507,109008,3.284,4.600,15.106
54594,1,0,1,0.500,64706,52550,3.284,4.800,15.763
54634,1,0,1,0.500,61680,51695,3.284,4.800,15.763
54674,1,0,1,0.500,101867,105073,3.284,4.700,15.435
54714,1,0,1,0.500,111797,122593,3.284,4.700,15.435
54754,1,0,1,0.500,114857,129695,3.284,4.700,15.435
54794,1,0,1,0.500,113376,126358,3.288,4.900,16.111
54834,1,0,1,0.500,86564,78231,3.288,4.900,16.111
54874,1,0,1,0.500,72082,64555,3.284,4.700,15.435
54914,1,0,1,0.500,106558,112081,3.284,4.700,15.435
54954,1,0,1,0.500,109871,121536,3.284,4.700,15.435
54994,1,0,1,0.500,113587,130405,3.288,5.000,16.440
55034,1,0,1,0.500,114273,132261,3.288,5.000,16.440
55074,1,0,1,0.500,112060,127017,3.288,4.800,15.782
55114,1,0,1,0.500,58438,51680,3.288,4.800,15.782
55154,1,0,1,0.500,33755,31526,3.288,4.800,15.782
55194,1,0,1,0.500,97319,83095,3.284,4.600,15.106
55234,1,0,1,0.500,118436,133841,3.284,4.600,15.106
55274,1,0,1,0.500,120236,141057,3.284,5.000,16.420
55314,1,0,1,0.500,120730,142553,3.284,5.000,16.420
55354,1,0,1,0.500,120310,141370,3.284,5.000,16.420
55394,1,0,1,0.500,106214,116512,3.284,4.900,16.092
55434,1,0,1,0.500,49027,36571,3.284,4.900,16.092
55474,1,0,1,0.500,17399,14453,3.284,4.800,15.763
55514,1,0,1,0.500,64778,62775,3.284,4.800,15.763
55554,1,0,1,0.500,113372,126462,3.284,4.800,15.763
55594,1,0,1,0.500,115638,138637,3.284,5.100,16.748
55634,1,0,1,0.500,115876,139979,3.284,5.100,16.748
55674,1,0,1,0.500,116188,140641,3.284,4.600,15.106
55714,1,0,1,0.500,116105,139492,3.284,4.600,15.106
55754,1,0,1,0.500,103223,115726,3.284,4.600,15.106
55794,1,0,1,0.500,54112,42937,3.288,4.600,15.125
55834,1,0,1,0.500,34435,33082,3.288,4.600,15.125
55874,1,0,1,0.500,96970,99376,3.284,4.900,16.092
55914,1,0,1,0.500,113404,137780,3.284,4.900,16.092
55954,1,0,1,0.500,112778,137696,3.284,4.900,16.092
55994,1,0,1,0.500,112309,137119,3.272,4.900,16.033
56034,1,0,1,0.500,110942,134639,3.272,4.900,16.033
56074,1,0,1,0.500,107272,128557,3.284,4.600,15.106
56114,1,0,1,0.500,113757,129472,3.284,4.600,15.106
56154,1,0,1,0.500,80767,76615,3.284,4.600,15.106
56194,1,0,1,0.500,97178,92534,3.284,4.700,15.435
56234,1,0,1,0.500,110741,118405,3.284,4.700,15.435
56274,1,0,1,0.500,116014,129638,3.284,4.800,15.763
56314,1,0,1,0.500,120745,140410,3.284,4.800,15.763
56354,1,0,1,0.500,122802,144944,3.284,4.800,15.763
56394,1,0,1,0.500,123478,146246,3.284,4.900,16.092
56434,1,0,1,0.500,122178,142927,3.284,4.900,16.092
56474,1,0,1,0.500,78150,76926,3.264,4.700,15.341
56514,1,0,1,0.500,20473,19782,3.264,4.700,15.341
56554,1,0,1,0.500,64608,65039,3.264,4.700,15.341
56594,1,0,1,0.500,114699,124913,3.284,4.800,15.763
56634,1,0,1,0.500,119896,138676,3.284,4.800,15.763
56674,1,0,1,0.500,121072,141269,3.284,4.800,15.763
56714,1,0,1,0.500,120961,140976,3.284,4.800,15.763
56754,1,0,1,0.500,118214,127607,3.284,4.800,15.763
56794,1,0,1,0.500,40455,39399,3.284,4.700,15.435
56834,1,0,1,0.500,27825,29766,3.284,4.700,15.435
56874,1,0,1,0.500,83024,83135,3.280,4.900,16.072
56914,1,0,1,0.500,114429,129488,3.280,4.900,16.072
56954,1,0,1,0.500,117305,136231,3.280,4.900,16.072
56994,1,0,1,0.500,117969,137662,3.252,5.000,16.260
57034,1,0,1,0.500,115841,132521,3.252,5.000,16.260
57074,1,0,1,0.500,62495,59010,3.276,4.800,15.725
57114,1,0,1,0.500,20176,20472,3.276,4.800,15.725
57154,1,0,1,0.500,81424,81524,3.276,4.800,15.725
57194,1,0,1,0.500,110969,127221,3.284,4.800,15.763
57234,1,0,1,0.500,113783,133554,3.284,4.800,15.763
57274,1,0,1,0.500,114422,135516,3.284,4.700,15.435
57314,1,0,1,0.500,110085,122305,3.284,4.700,15.435
57354,1,0,1,0.500,69288,69554,3.284,4.700,15.435
57394,1,0,1,0.500,107113,111505,3.280,5.800,19.024
57434,1,0,1,0.500,114602,125143,3.280,5.800,19.024
57474,1,0,1,0.500,116497,130666,3.284,5.000,16.420
57514,1,0,1,0.500,118493,135714,3.284,5.000,16.420
57554,1,0,1,0.500,119019,137343,3.284,5.000,16.420
57594,1,0,1,0.500,117860,135362,3.260,4.900,15.974
57634,1,0,1,0.500,114183,121664,3.260,4.900,15.974
57674,1,0,1,0.500,111446,118107,3.280,4.600,15.088
57714,1,0,1,0.500,112742,121078,3.280,4.600,15.088
57754,1,0,1,0.500,112248,121669,3.280,4.600,15.088
57794,1,0,1,0.500,111510,120734,3.280,5.000,16.400
57834,1,0,1,0.500,113168,125139,3.280,5.000,16.400
57874,1,0,1,0.500,114357,128017,3.284,8.000,26.272
57914,1,0,1,0.500,114584,128606,3.284,8.000,26.272
57954,1,0,1,0.500,115299,130534,3.284,8.000,26.272
57994,1,0,1,0.500,116751,134248,3.232,5.100,16.483
58034,1,0,1,0.500,117555,136326,3.232,5.100,16.483
58075,1,0,1,0.500,118015,137516,3.252,4.800,15.610
58114,1,0,1,0.500,118050,137593,3.252,4.800,15.610
58154,1,0,1,0.500,117927,137165,3.252,4.800,15.610
58194,1,0,1,0.500,117911,136950,3.268,5.100,16.667
58234,1,0,1,0.500,117382,135517,3.268,5.100,16.667
58275,1,0,1,0.500,115993,131743,3.284,4.800,15.763
58314,1,0,1,0.500,112537,124974,3.284,4.800,15.763
58354,1,0,1,0.500,105858,115541,3.284,4.800,15.763
58395,1,0,1,0.500,107100,116170,3.284,11.200,36.781
58434,1,0,1,0.500,108809,117604,3.284,11.200,36.781
58475,1,0,1,0.500,111090,122198,3.284,6.400,21.018
58514,1,0,1,0.500,115696,132846,3.284,6.400,21.018
58554,1,0,1,0.500,118506,139375,3.284,6.400,21.018
58595,1,0,1,0.500,119456,141864,3.232,5.100,16.483
58634,1,0,1,0.500,120139,143549,3.232,5.100,16.483
58675,1,0,1,0.500,120895,145271,3.260,5.100,16.626
58714,1,0,1,0.500,121971,147652,3.260,5.100,16.626
58754,1,0,1,0.500,123379,150016,3.260,5.100,16.626
58795,1,0,1,0.500,124089,151326,3.280,5.000,16.400
58834,1,0,1,0.500,124320,151744,3.280,5.000,16.400
58875,1,0,1,0.500,124089,151397,3.284,12.900,42.364
58915,1,0,1,0.500,123483,150329,3.284,12.900,42.364
58954,1,0,1,0.500,122123,147750,3.284,12.900,42.364
58995,1,0,1,0.500,120453,144325,3.284,8.100,26.600
59034,1,0,1,0.500,106399,111834,3.284,8.100,26.600
59075,1,0,1,0.500,84089,76101,3.232,5.300,17.130
59115,1,0,1,0.500,102116,98226,3.232,5.300,17.130
59154,1,0,1,0.500,113439,123185,3.232,5.300,17.130
59195,1,0,1,0.500,117542,133349,3.252,5.100,16.585
59235,1,0,1,0.500,118545,138511,3.252,5.100,16.585
59275,1,0,1,0.500,119385,141273,3.276,4.800,15.725
59315,1,0,1,0.500,119770,142511,3.276,4.800,15.725
59355,1,0,1,0.500,119698,142296,3.276,4.800,15.725
59395,1,0,1,0.500,119112,140164,3.284,15.700,51.559
59435,1,0,1,0.500,86010,87664,3.284,15.700,51.559
59475,1,0,1,0.500,11443,10033,3.284,11.900,39.080
59515,1,0,1,0.500,7086,7410,3.284,11.900,39.080
59555,1,0,1,0.500,15041,17184,3.284,11.900,39.080
59595,1,0,1,0.500,47931,45822,3.248,7.500,24.360
59635,1,0,1,0.500,93596,86470,3.248,7.500,24.360
59675,1,0,1,0.500,90207,80333,3.228,5.000,16.140
59715,1,0,1,0.500,48286,42587,3.228,5.000,16.140
59755,1,0,1,0.500,54569,46636,3.228,5.000,16.140
59795,1,0,1,0.500,95229,95825,3.256,4.900,15.954
59835,1,0,1,0.500,108068,116729,3.256,4.900,15.954
59875,1,0,1,0.500,111608,125271,3.276,5.000,16.380
59915,1,0,1,0.500,114106,132672,3.276,5.000,16.380
59955,1,0,1,0.500,114846,135452,3.276,5.000,16.380
59995,1,0,1,0.500,115092,136444,3.284,15.300,50.245
60035,1,0,1,0.500,114874,135671,3.284,15.300,50.245
60075,1,0,1,0.500,82806,90078,3.264,10.500,34.272
60115,1,0,1,0.500,10400,8080,3.264,10.500,34.272
60155,1,0,1,0.500,29140,27398,3.264,10.500,34.272
60195,1,0,1,0.500,97828,99377,3.244,5.400,17.518
60235,1,0,1,0.500,118734,141143,3.244,5.400,17.518
60275,1,0,1,0.500,119506,142925,3.240,4.900,15.876
60315,1,0,1,0.500,118264,140212,3.240,4.900,15.876
60355,1,0,1,0.500,45856,41180,3.240,4.900,15.876
60395,1,0,1,0.500,3833,3938,3.256,5.100,16.606
60435,1,0,1,0.500,41361,42136,3.256,5.100,16.606
60475,1,0,1,0.500,108045,114426,3.280,15.700,51.496
60515,1,0,1,0.500,117459,136693,3.280,15.700,51.496
60555,1,0,1,0.500,117521,137138,3.280,15.700,51.496
60595,1,0,1,0.500,103895,113221,3.264,12.900,42.106
60635,1,0,1,0.500,17133,15474,3.264,12.900,42.106
60675,1,0,1,0.500,7429,6713,3.232,7.400,23.917
60715,1,0,1,0.500,42127,42095,3.232,7.400,23.917
60755,1,0,1,0.500,108851,115091,3.232,7.400,23.917
60795,1,0,1,0.500,118860,139023,3.212,4.900,15.739
60835,1,0,1,0.500,118947,139450,3.212,4.900,15.739
60875,1,0,1,0.500,117883,136565,3.248,11.200,36.378
60915,1,0,1,0.500,69468,71208,3.248,11.200,36.378
60955,1,0,1,0.500,18063,18037,3.248,11.200,36.378
60995,1,0,1,0.500,83006,83044,3.276,15.500,50.778
61035,1,0,1,0.500,119296,134965,3.276,15.500,50.778
61075,1,0,1,0.500,120592,141366,3.248,10.900,35.403
61115,1,0,1,0.500,120188,140397,3.248,10.900,35.403
61155,1,0,1,0.500,84379,74593,3.248,10.900,35.403
61195,1,0,1,0.500,8213,6570,3.224,4.700,15.153
61235,1,0,1,0.500,40302,38912,3.224,4.700,15.153
61275,1,0,1,0.500,108796,115260,3.232,5.000,16.160
61315,1,0,1,0.500,119849,141184,3.232,5.000,16.160
61355,1,0,1,0.500,120382,142710,3.232,5.000,16.160
61395,1,0,1,0.500,119268,140177,3.264,13.200,43.085
61435,1,0,1,0.500,68025,58331,3.264,13.200,43.085
61475,1,0,1,0.500,6993,6171,3.264,14.500,47.328
61515,1,0,1,0.500,29146,28811,3.264,14.500,47.328
61555,1,0,1,0.500,97921,99446,3.264,14.500,47.328
61595,1,0,1,0.500,119044,138317,3.244,9.100,29.520
61635,1,0,1,0.500,119644,139751,3.244,9.100,29.520
61675,1,0,1,0.500,107452,116700,3.228,5.300,17.108
61715,1,0,1,0.500,23875,14018,3.228,5.300,17.108
61755,1,0,1,0.500,14421,13175,3.228,5.300,17.108
61795,1,0,1,0.500,83007,83059,3.244,8.100,26.276
61835,1,0,1,0.500,124239,139705,3.244,8.100,26.276
61875,1,0,1,0.500,125629,148813,3.276,14.100,46.192
61915,1,0,1,0.500,125458,148717,3.276,14.100,46.192
61955,1,0,1,0.500,62771,82909,3.276,14.100,46.192
61995,1,0,1,0.500,10368,9627,3.276,14.600,47.830
62035,1,0,1,0.500,62754,61193,3.276,14.600,47.830
62075,1,0,1,0.500,115904,128174,3.248,8.500,27.608
62115,1,0,1,0.500,120219,144638,3.248,8.500,27.608
62155,1,0,1,0.500,121048,146729,3.248,8.500,27.608
62195,1,0,1,0.500,120726,146009,3.228,5.300,17.108
62235,1,0,1,0.500,112034,130766,3.228,5.300,17.108
62275,1,0,1,0.500,25841,20399,3.236,8.800,28.477
62315,1,0,1,0.500,4349,4126,3.236,8.800,28.477
62355,1,0,1,0.500,32810,33200,3.236,8.800,28.477
62395,1,0,1,0.500,97328,99539,3.268,15.300,50.000
62435,1,0,1,0.500,116378,138002,3.268,15.300,50.000
62475,1,0,1,0.500,116660,139001,3.260,12.900,42.054
62515,1,0,1,0.500,114565,133835,3.260,12.900,42.054
62555,1,0,1,0.500,59756,44879,3.260,12.900,42.054
62595,1,0,1,0.500,9241,7819,3.204,6.600,21.146
62635,1,0,1,0.500,47685,45732,3.204,6.600,21.146
62675,1,0,1,0.500,109944,115871,3.212,6.500,20.878
62715,1,0,1,0.500,121396,143794,3.212,6.500,20.878
62755,1,0,1,0.500,121435,144072,3.212,6.500,20.878
62795,1,0,1,0.500,105674,109135,3.252,12.600,40.975
62835,1,0,1,0.500,16231,15411,3.252,12.600,40.975
62875,1,0,1,0.500,40901,41277,3.268,14.800,48.366
62915,1,0,1,0.500,108525,114753,3.268,14.800,48.366
62955,1,0,1,0.500,119118,139879,3.268,14.800,48.366
62995,1,0,1,0.500,120138,142540,3.216,8.000,25.728
63035,1,0,1,0.500,119518,141071,3.216,8.000,25.728
63075,1,0,1,0.500,86016,87745,3.200,5.300,16.960
63115,1,0,1,0.500,14030,13193,3.200,5.300,16.960
63155,1,0,1,0.500,67558,67099,3.200,5.300,16.960
63195,1,0,1,0.500,112884,125355,3.256,11.600,37.770
63235,1,0,1,0.500,115456,137082,3.256,11.600,37.770
63275,1,0,1,0.500,115461,137611,3.276,15.700,51.433
63315,1,0,1,0.500,115068,136951,3.276,15.700,51.433
63355,1,0,1,0.500,110896,121491,3.276,15.700,51.433
63395,1,0,1,0.500,33840,22993,3.252,11.500,37.398
63435,1,0,1,0.500,23320,24501,3.252,11.500,37.398
63475,1,0,1,0.500,97789,99484,3.220,5.100,16.422
63515,1,0,1,0.500,117240,141921,3.220,5.100,16.422
63555,1,0,1,0.500,117110,143196,3.220,5.100,16.422
63595,1,0,1,0.500,116888,143228,3.224,6.300,20.311
63635,1,0,1,0.500,116263,141576,3.224,6.300,20.311
63676,1,0,1,0.500,103468,112895,3.260,11.900,38.794
63715,1,0,1,0.500,16051,16463,3.260,11.900,38.794
63755,1,0,1,0.500,42811,42940,3.260,11.900,38.794
63796,1,0,1,0.500,109732,115582,3.280,15.900,52.152
63835,1,0,1,0.500,121764,142559,3.280,15.900,52.152
63876,1,0,1,0.500,121711,143016,3.256,11.500,37.444
63915,1,0,1,0.500,117894,136119,3.256,11.500,37.444
63955,1,0,1,0.500,84519,84270,3.256,11.500,37.444
63996,1,0,1,0.500,14893,13187,3.224,5.100,16.442
64035,1,0,1,0.500,62434,61433,3.224,5.100,16.442
64076,1,0,1,0.500,114554,127145,3.224,5.700,18.377
64116,1,0,1,0.500,117971,141066,3.224,5.700,18.377
64155,1,0,1,0.500,118068,141638,3.224,5.700,18.377
64196,1,0,1,0.500,117015,139034,3.256,11.200,36.467
64236,1,0,1,0.500,64787,71931,3.256,11.200,36.467
64276,1,0,1,0.500,13588,10898,3.280,15.800,51.824
64316,1,0,1,0.500,64825,63398,3.280,15.800,51.824
64356,1,0,1,0.500,113985,124713,3.280,15.800,51.824
64396,1,0,1,0.500,118851,138657,3.252,11.700,38.048
64436,1,0,1,0.500,119751,140851,3.252,11.700,38.048
64476,1,0,1,0.500,118282,137788,3.208,5.000,16.040
64516,1,0,1,0.500,100426,97838,3.208,5.000,16.040
64556,1,0,1,0.500,21244,15995,3.208,5.000,16.040
64596,1,0,1,0.500,7617,6162,3.224,7.100,22.890
64636,1,0,1,0.500,59922,49049,3.224,7.100,22.890
64676,1,0,1,0.500,115357,115170,3.260,13.300,43.358
64716,1,0,1,0.500,120265,140302,3.260,13.300,43.358
64756,1,0,1,0.500,120731,141544,3.260,13.300,43.358
64796,1,0,1,0.500,119311,138100,3.268,15.200,49.674
64836,1,0,1,0.500,84906,74369,3.268,15.200,49.674
64876,1,0,1,0.500,14602,12401,3.232,7.800,25.210
64916,1,0,1,0.500,38443,36154,3.232,7.800,25.210
64956,1,0,1,0.500,96428,98639,3.232,7.800,25.210
64996,1,0,1,0.500,115791,130833,3.200,5.000,16.000
65036,1,0,1,0.500,118120,137017,3.200,5.000,16.000
65076,1,0,1,0.500,118628,138564,3.240,9.900,32.076
65116,1,0,1,0.500,118423,138097,3.240,9.900,32.076
65156,1,0,1,0.500,115176,130516,3.240,9.900,32.076
65196,1,0,1,0.500,50371,38299,3.276,16.700,54.709
65236,1,0,1,0.500,20009,17564,3.276,16.700,54.709
65276,1,0,1,0.500,82244,81104,3.256,11.900,38.746
65316,1,0,1,0.500,117671,131971,3.256,11.900,38.746
65356,1,0,1,0.500,119762,138955,3.256,11.900,38.746
65396,1,0,1,0.500,120608,141166,3.212,5.400,17.345
65436,1,0,1,0.500,120599,141301,3.212,5.400,17.345
65476,1,0,1,0.500,119931,140025,3.220,6.400,20.608
65516,1,0,1,0.500,105745,103589,3.220,6.400,20.608
65556,1,0,1,0.500,19688,19321,3.220,6.400,20.608
65596,1,0,1,0.500,16049,15715,3.260,13.300,43.358
65636,1,0,1,0.500,52409,51879,3.260,13.300,43.358
65676,1,0,1,0.500,108166,114433,3.268,16.100,52.615
65716,1,0,1,0.500,118020,137595,3.268,16.100,52.615
65756,1,0,1,0.500,118885,140149,3.268,16.100,52.615
65796,1,0,1,0.500,118983,140782,3.236,9.300,30.095
65836,1,0,1,0.500,118575,140185,3.236,9.300,30.095
65876,1,0,1,0.500,107454,116329,3.204,5.400,17.302
65916,1,0,1,0.500,18262,17753,3.204,5.400,17.302
65956,1,0,1,0.500,15638,17193,3.204,5.400,17.302
65996,1,0,1,0.500,83058,82989,3.244,8.700,28.223
66036,1,0,1,0.500,114977,130281,3.244,8.700,28.223
66076,1,0,1,0.500,116234,135531,3.272,16.300,53.334
66116,1,0,1,0.500,116926,137701,3.272,16.300,53.334
66156,1,0,1,0.500,116843,138025,3.272,16.300,53.334
66196,1,0,1,0.500,115866,131791,3.260,13.400,43.684
66236,1,0,1,0.500,36445,43831,3.260,13.400,43.684
66276,1,0,1,0.500,7517,7686,3.224,7.100,22.890
66316,1,0,1,0.500,28291,28892,3.224,7.100,22.890
66356,1,0,1,0.500,96178,99524,3.224,7.100,22.890
66396,1,0,1,0.500,111831,129421,3.212,4.900,15.739
66436,1,0,1,0.500,112580,131550,3.212,4.900,15.739
66476,1,0,1,0.500,112506,131985,3.252,11.600,37.723
66516,1,0,1,0.500,106860,119515,3.252,11.600,37.723
66556,1,0,1,0.500,26118,29400,3.252,11.600,37.723
66596,1,0,1,0.500,65707,66021,3.276,16.900,55.364
66636,1,0,1,0.500,112030,123146,3.276,16.900,55.364
66676,1,0,1,0.500,114964,133502,3.252,12.500,40.650
66716,1,0,1,0.500,115598,135799,3.252,12.500,40.650
66756,1,0,1,0.500,115485,136158,3.252,12.500,40.650
66796,1,0,1,0.500,94105,100118,3.216,6.000,19.296
66836,1,0,1,0.500,14626,13016,3.216,6.000,19.296
66876,1,0,1,0.500,43091,35911,3.220,6.200,19.964
66916,1,0,1,0.500,105490,99477,3.220,6.200,19.964
66956,1,0,1,0.500,114210,138055,3.220,6.200,19.964
66996,1,0,1,0.500,114851,140972,3.280,12.500,41.000
67036,1,0,1,0.500,114723,141046,3.280,12.500,41.000
67076,1,0,1,0.500,113441,138319,3.280,16.900,55.432
67116,1,0,1,0.500,74063,72784,3.280,16.900,55.432
67156,1,0,1,0.500,14778,12988,3.280,16.900,55.432
67196,1,0,1,0.500,50888,49652,3.256,11.900,38.746
67236,1,0,1,0.500,107345,114351,3.256,11.900,38.746
67276,1,0,1,0.500,116461,136799,3.220,5.400,17.388
67316,1,0,1,0.500,116729,138149,3.220,5.400,17.388
67356,1,0,1,0.500,115751,136032,3.220,5.400,17.388
67396,1,0,1,0.500,69912,62256,3.224,6.000,19.344
67436,1,0,1,0.500,29529,24189,3.224,6.000,19.344
67476,1,0,1,0.500,83099,83165,3.276,11.900,38.984
67516,1,0,1,0.500,114328,133383,3.276,11.900,38.984
67556,1,0,1,0.500,115690,140133,3.276,11.900,38.984
67596,1,0,1,0.500,116473,141828,3.280,16.800,55.104
67636,1,0,1,0.500,116265,141192,3.280,16.800,55.104
67676,1,0,1,0.500,100158,107635,3.248,11.400,37.027
67716,1,0,1,0.500,28393,21431,3.248,11.400,37.027
67756,1,0,1,0.500,47463,44402,3.248,11.400,37.027
67796,1,0,1,0.500,107834,114834,3.216,4.700,15.115
67836,1,0,1,0.500,116940,139524,3.216,4.700,15.115
67876,1,0,1,0.500,119595,145623,3.224,7.000,22.568
67916,1,0,1,0.500,120777,147865,3.224,7.000,22.568
67956,1,0,1,0.500,120540,146923,3.224,7.000,22.568
67996,1,0,1,0.500,74688,85191,3.276,13.700,44.881
68036,1,0,1,0.500,5939,5406,3.276,13.700,44.881
68077,1,0,1,0.500,27224,22217,3.276,16.000,52.416
68116,1,0,1,0.500,96551,83016,3.276,16.000,52.416
68156,1,0,1,0.500,113644,134080,3.276,16.000,52.416
68196,1,0,1,0.500,114521,139677,3.244,4.500,14.598
68236,1,0,1,0.500,114325,139518,3.244,4.500,14.598
68277,1,0,1,0.500,93710,104982,3.208,4.700,15.078
68316,1,0,1,0.500,30672,21242,3.208,4.700,15.078
68356,1,0,1,0.500,23053,16696,3.208,4.700,15.078
68397,1,0,1,0.500,41738,32303,3.280,8.400,27.552
68436,1,0,1,0.500,96866,99493,3.280,8.400,27.552
68476,1,0,1,0.500,114278,139026,3.276,15.200,49.795
68517,1,0,1,0.500,114544,140192,3.276,15.200,49.795
68556,1,0,1,0.500,112326,136521,3.276,15.200,49.795
68597,1,0,1,0.500,68800,64737,3.268,14.800,48.366
68636,1,0,1,0.500,28475,22023,3.268,14.800,48.366
68677,1,0,1,0.500,67406,64477,3.228,4.500,14.526
68717,1,0,1,0.500,111573,125134,3.228,4.500,14.526
68756,1,0,1,0.500,113951,137239,3.228,4.500,14.526
68797,1,0,1,0.500,114549,138550,3.280,4.500,14.760
68837,1,0,1,0.500,113434,133995,3.280,4.500,14.760
68877,1,0,1,0.500,72365,60708,3.276,9.900,32.432
68917,1,0,1,0.500,7100,7142,3.276,9.900,32.432
68957,1,0,1,0.500,25502,27929,3.276,9.900,32.432
68997,1,0,1,0.500,97802,99503,3.276,17.000,55.692
69037,1,0,1,0.500,118342,137289,3.276,17.000,55.692
69077,1,0,1,0.500,119152,139882,3.264,4.500,14.688
69117,1,0,1,0.500,119341,140455,3.264,4.500,14.688
69157,1,0,1,0.500,119035,140009,3.264,4.500,14.688
69197,1,0,1,0.500,98515,101381,3.220,4.400,14.168
69237,1,0,1,0.500,55674,53155,3.220,4.400,14.168
69277,1,0,1,0.500,106788,114054,3.276,5.300,17.363
69317,1,0,1,0.500,114998,135583,3.276,5.300,17.363
69357,1,0,1,0.500,115428,137899,3.276,5.300,17.363
69397,1,0,1,0.500,115925,139610,3.280,11.900,39.032
69437,1,0,1,0.500,116235,140632,3.280,11.900,39.032
69477,1,0,1,0.500,116180,140504,3.276,16.900,55.364
69517,1,0,1,0.500,116419,140740,3.276,16.900,55.364
69557,1,0,1,0.500,116977,141771,3.276,16.900,55.364
69597,1,0,1,0.500,117037,141792,3.252,4.600,14.959
69637,1,0,1,0.500,117126,141846,3.252,4.600,14.959
69677,1,0,1,0.500,117409,142316,3.284,4.600,15.106
69717,1,0,1,0.500,117428,142442,3.284,4.600,15.106
69757,1,0,1,0.500,117568,142794,3.284,4.600,15.106
69797,1,0,1,0.500,117601,142889,3.280,6.400,20.992
69837,1,0,1,0.500,117579,142964,3.280,6.400,20.992
69877,1,0,1,0.500,117568,142940,3.280,13.000,42.640
69917,1,0,1,0.500,117439,142577,3.280,13.000,42.640
69957,1,0,1,0.500,117251,142085,3.280,13.000,42.640
69997,1,0,1,0.500,116673,140680,3.280,4.400,14.432
70037,1,0,1,0.500,114924,137181,3.280,4.400,14.432
70077,1,0,1,0.500,112329,132134,3.244,4.400,14.274
70117,1,0,1,0.500,111180,128372,3.244,4.400,14.274
70157,1,0,1,0.500,111345,127585,3.244,4.400,14.274
70197,1,0,1,0.500,111381,126263,3.280,4.500,14.760
70237,1,0,1,0.500,113281,130145,3.280,4.500,14.760
70277,1,0,1,0.500,113816,130199,3.280,7.200,23.616
70317,1,0,1,0.500,105906,101924,3.280,7.200,23.616
70357,1,0,1,0.500,53644,44940,3.280,7.200,23.616
70397,1,0,1,0.500,61681,55566,3.280,4.500,14.760
70437,1,0,1,0.500,75460,65183,3.280,4.500,14.760
70477,1,0,1,0.500,57632,50216,3.280,4.500,14.760
70517,1,0,1,0.500,32531,28867,3.280,4.500,14.760
70557,1,0,1,0.500,34480,30075,3.280,4.500,14.760
70597,1,0,1,0.500,55278,48480,3.280,4.600,15.088
70637,1,0,1,0.500,72360,62524,3.280,4.600,15.088
70677,1,0,1,0.500,68214,59112,3.280,4.700,15.416
70717,1,0,1,0.500,65244,56679,3.280,4.700,15.416
70757,1,0,1,0.500,63612,55480,3.280,4.700,15.416
70797,1,0,1,0.500,60930,53642,3.280,8.000,26.240
70837,1,0,1,0.500,63723,56252,3.280,8.000,26.240
70877,1,0,1,0.500,71828,62856,3.280,4.400,14.432
70917,1,0,1,0.500,68496,59563,3.280,4.400,14.432
70957,1,0,1,0.500,75182,69699,3.280,4.400,14.432
70997,1,0,1,0.500,107727,111109,3.284,4.600,15.106
71037,1,0,1,0.500,109593,117296,3.284,4.600,15.106
71077,1,0,1,0.500,114744,128950,3.280,4.500,14.760
71117,1,0,1,0.500,116929,134119,3.280,4.500,14.760
71157,1,0,1,0.500,117955,136912,3.280,4.500,14.760
71197,1,0,1,0.500,119080,139843,3.280,4.900,16.072
71237,1,0,1,0.500,120094,142505,3.280,4.900,16.072
71277,1,0,1,0.500,120852,144189,3.276,8.200,26.863
71317,1,0,1,0.500,121236,145174,3.276,8.200,26.863
71357,1,0,1,0.500,121523,145874,3.276,8.200,26.863
71397,1,0,1,0.500,121796,146456,3.280,4.600,15.088
71437,1,0,1,0.500,121857,146680,3.280,4.600,15.088
71477,1,0,1,0.500,121857,146767,3.276,4.600,15.070
71517,1,0,1,0.500,121827,146777,3.276,4.600,15.070
71557,1,0,1,0.500,121739,146645,3.276,4.600,15.070
71597,1,0,1,0.500,121545,146311,3.280,4.600,15.088
71637,1,0,1,0.500,121145,145531,3.280,4.600,15.088
71677,1,0,1,0.500,120326,143681,3.280,4.600,15.088
71717,1,0,1,0.500,119576,142063,3.280,4.600,15.088
71757,1,0,1,0.500,118829,140282,3.280,4.600,15.088
71797,1,0,1,0.500,117411,137316,3.280,4.600,15.088
71837,1,0,1,0.500,111381,116589,3.280,4.600,15.088
71877,1,0,1,0.500,107711,95560,3.280,4.500,14.760
71917,1,0,1,0.500,89552,78842,3.280,4.500,14.760
71957,1,0,1,0.500,93880,84290,3.280,4.500,14.760
71997,1,0,1,0.500,104900,106335,3.280,4.400,14.432
72037,1,0,1,0.500,98334,105657,3.280,4.400,14.432
72077,1,0,1,0.500,104373,118222,3.280,4.900,16.072
72117,1,0,1,0.500,110199,127894,3.280,4.900,16.072
72157,1,0,1,0.500,112096,131487,3.280,4.900,16.072
72197,1,0,1,0.500,114026,134945,3.280,4.400,14.432
72237,1,0,1,0.500,114259,135782,3.280,4.400,14.432
72277,1,0,1,0.500,114167,136004,3.280,4.600,15.088
72317,1,0,1,0.500,114585,136699,3.280,4.600,15.088
72357,1,0,1,0.500,114756,137204,3.280,4.600,15.088
72397,1,0,1,0.500,115129,137726,3.280,4.600,15.088
72437,1,0,1,0.500,115307,137873,3.280,4.600,15.088
72477,1,0,1,0.500,115332,137559,3.280,4.400,14.432
72517,1,0,1,0.500,115129,136655,3.280,4.400,14.432
72557,1,0,1,0.500,114144,134432,3.280,4.400,14.432
72597,1,0,1,0.500,107671,122356,3.280,4.600,15.088
72637,1,0,1,0.500,106326,110051,3.280,4.600,15.088
72677,1,0,1,0.500,94364,85735,3.280,4.900,16.072
72717,1,0,1,0.500,95538,86253,3.280,4.900,16.072
72757,1,0,1,0.500,97442,92064,3.280,4.900,16.072
72797,1,0,1,0.500,100404,103429,3.284,4.600,15.106
72837,1,0,1,0.500,108822,122650,3.284,4.600,15.106
72878,1,0,1,0.500,114559,133223,3.280,4.500,14.760
72917,1,0,1,0.500,115880,136642,3.280,4.500,14.760
72957,1,0,1,0.500,116465,138170,3.280,4.500,14.760
72998,1,0,1,0.500,116871,139107,3.280,4.700,15.416
73037,1,0,1,0.500,117041,139549,3.280,4.700,15.416
73078,1,0,1,0.500,117104,139796,3.284,4.800,15.763
73118,1,0,1,0.500,117125,139968,3.284,4.800,15.763
73157,1,0,1,0.500,117236,140244,3.284,4.800,15.763
73198,1,0,1,0.500,117297,140433,3.280,4.600,15.088
73237,1,0,1,0.500,117280,140476,3.280,4.600,15.088
73278,1,0,1,0.500,117124,140271,3.280,4.500,14.760
73318,1,0,1,0.500,116759,139654,3.280,4.500,14.760
73357,1,0,1,0.500,115919,138287,3.280,4.500,14.760
73398,1,0,1,0.500,114668,135757,3.280,4.400,14.432
73438,1,0,1,0.500,102563,102069,3.280,4.400,14.432
73478,1,0,1,0.500,30879,26557,3.280,4.300,14.104
73518,1,0,1,0.500,22495,18847,3.280,4.300,14.104
73558,1,0,1,0.500,16209,13537,3.280,4.300,14.104
73598,1,0,1,0.500,13858,12167,3.280,4.500,14.760
73638,1,0,1,0.500,25112,21277,3.280,4.500,14.760
73678,1,0,1,0.500,39907,31126,3.284,4.300,14.121
73718,1,0,1,0.500,42677,33329,3.284,4.300,14.121
73758,1,0,1,0.500,43015,33722,3.284,4.300,14.121
73798,1,0,1,0.500,35204,27440,3.280,4.600,15.088
73838,1,0,1,0.500,29351,22623,3.280,4.600,15.088
73877,1,0,1,0.500,29581,22675,3.284,4.600,15.106
73918,1,0,1,0.500,31593,24365,3.284,4.600,15.106
73958,1,0,1,0.500,63536,50934,3.284,4.600,15.106
73998,1,0,1,0.500,112430,112706,3.280,4.400,14.432
74038,1,0,1,0.500,119261,137693,3.280,4.400,14.432
74077,1,0,1,0.500,121784,143825,3.280,4.500,14.760
74118,1,0,1,0.500,122742,146264,3.280,4.500,14.760
74158,1,0,1,0.500,123331,147484,3.280,4.500,14.760
74198,1,0,1,0.500,123868,148585,3.276,4.600,15.070
74238,1,0,1,0.500,124393,149756,3.276,4.600,15.070
74278,1,0,1,0.500,124734,150511,3.280,4.500,14.760
74318,1,0,1,0.500,124930,151010,3.280,4.500,14.760
74358,1,0,1,0.500,125068,151349,3.280,4.500,14.760
74398,1,0,1,0.500,125082,151468,3.280,4.500,14.760
74438,1,0,1,0.500,125068,151522,3.280,4.500,14.760
74478,1,0,1,0.500,125025,151565,3.280,4.600,15.088
74518,1,0,1,0.500,125042,151558,3.280,4.600,15.088
74558,1,0,1,0.500,124950,151437,3.280,4.600,15.088
74598,1,0,1,0.500,124760,151169,3.276,4.600,15.070
74638,1,0,1,0.500,124402,150604,3.276,4.600,15.070
74678,1,0,1,0.500,123647,149243,3.280,4.600,15.088
74718,1,0,1,0.500,122814,147506,3.280,4.600,15.088
74758,1,0,1,0.500,122398,146393,3.280,4.600,15.088
74798,1,0,1,0.500,119833,141550,3.280,4.500,14.760
74838,1,0,1,0.500,119288,118782,3.280,4.500,14.760
74878,1,0,1,0.500,115917,108284,3.280,4.600,15.088
74918,1,0,1,0.500,115234,105139,3.280,4.600,15.088
74958,1,0,1,0.500,111885,100567,3.280,4.600,15.088
74998,1,0,1,0.500,114835,105104,3.280,4.200,13.776
75038,1,0,1,0.500,112992,104139,3.280,4.200,13.776
75078,1,0,1,0.500,96544,82561,3.276,4.600,15.070
75118,1,0,1,0.500,61923,50415,3.276,4.600,15.070
75158,1,0,1,0.500,30783,24460,3.276,4.600,15.070
75198,1,0,1,0.500,21592,16899,3.280,4.500,14.760
75238,1,0,1,0.500,22182,17134,3.280,4.500,14.760
75278,1,0,1,0.500,27671,21819,3.280,4.600,15.088
75318,1,0,1,0.500,29821,23534,3.280,4.600,15.088
75358,1,0,1,0.500,29628,23168,3.280,4.600,15.088
75398,1,0,1,0.500,31457,24633,3.280,4.500,14.760
75438,1,0,1,0.500,33210,25883,3.280,4.500,14.760
75478,1,0,1,0.500,31755,24534,3.280,4.300,14.104
75518,1,0,1,0.500,33605,26441,3.280,4.300,14.104
75558,1,0,1,0.500,54527,48440,3.280,4.300,14.104
75598,1,0,1,0.500,102270,105991,3.280,4.700,15.416
75638,1,0,1,0.500,110772,123760,3.280,4.700,15.416
75678,1,0,1,0.500,113298,130362,3.280,4.800,15.744
75718,1,0,1,0.500,114046,132736,3.280,4.800,15.744
75758,1,0,1,0.500,114272,133848,3.280,4.800,15.744
75798,1,0,1,0.500,114235,133966,3.276,4.600,15.070
75838,1,0,1,0.500,114189,133936,3.276,4.600,15.070
75878,1,0,1,0.500,114190,134033,3.276,4.700,15.397
75918,1,0,1,0.500,114139,133969,3.276,4.700,15.397
75958,1,0,1,0.500,113920,133497,3.276,4.700,15.397
75998,1,0,1,0.500,113570,132648,3.276,4.400,14.414
76038,1,0,1,0.500,113043,131317,3.276,4.400,14.414
76078,1,0,1,0.500,111521,128017,3.276,4.600,15.070
76118,1,0,1,0.500,111307,116220,3.276,4.600,15.070
76158,1,0,1,0.500,101227,87432,3.276,4.600,15.070
76198,1,0,1,0.500,84797,70481,3.276,4.700,15.397
76238,1,0,1,0.500,70162,57313,3.276,4.700,15.397
76278,1,0,1,0.500,48987,36567,3.280,4.600,15.088
76318,1,0,1,0.500,44410,32958,3.280,4.600,15.088
76358,1,0,1,0.500,47031,36687,3.280,4.600,15.088
76398,1,0,1,0.500,46214,37165,3.276,4.600,15.070
76438,1,0,1,0.500,52866,42531,3.276,4.600,15.070
76478,1,0,1,0.500,51073,41273,3.276,4.600,15.070
76518,1,0,1,0.500,44875,36152,3.276,4.600,15.070
76558,1,0,1,0.500,44430,36438,3.276,4.600,15.070
76598,1,0,1,0.500,53352,44887,3.276,4.600,15.070
76638,1,0,1,0.500,52505,44225,3.276,4.600,15.070
76678,1,0,1,0.500,57988,49195,3.276,4.700,15.397
76718,1,0,1,0.500,102550,94431,3.276,4.700,15.397
76758,1,0,1,0.500,108885,114425,3.276,4.700,15.397
76798,1,0,1,0.500,114403,126976,3.272,4.600,15.051
76838,1,0,1,0.500,117879,135950,3.272,4.600,15.051
76879,1,0,1,0.500,119309,139670,3.264,4.600,15.014
76918,1,0,1,0.500,120092,141880,3.264,4.600,15.014
76958,1,0,1,0.500,120661,143356,3.264,4.600,15.014
76999,1,0,1,0.500,120963,144052,3.260,4.600,14.996
77038,1,0,1,0.500,121075,144231,3.260,4.600,14.996
77079,1,0,1,0.500,121104,144286,3.260,4.500,14.670
77119,1,0,1,0.500,121127,144370,3.260,4.500,14.670
77158,1,0,1,0.500,121063,144257,3.260,4.500,14.670
77199,1,0,1,0.500,120880,143862,3.260,4.700,15.322
77239,1,0,1,0.500,120506,143026,3.260,4.700,15.322
77279,1,0,1,0.500,120136,142106,3.264,4.400,14.362
77319,1,0,1,0.500,119708,141100,3.264,4.400,14.362
77358,1,0,1,0.500,119088,139556,3.264,4.400,14.362
77399,1,0,1,0.500,118092,136920,3.264,4.400,14.362
77439,1,0,1,0.500,116419,132748,3.264,4.400,14.362
77479,1,0,1,0.500,110704,121870,3.268,4.400,14.379
77519,1,0,1,0.500,110058,104354,3.268,4.400,14.379
77559,1,0,1,0.500,107914,94262,3.268,4.400,14.379
77599,1,0,1,0.500,92647,76575,3.276,4.300,14.087
77639,1,0,1,0.500,82223,66167,3.276,4.300,14.087
77679,1,0,1,0.500,73775,57492,3.276,4.600,15.070
77719,1,0,1,0.500,60619,46468,3.276,4.600,15.070
77759,1,0,1,0.500,50783,38585,3.276,4.600,15.070
77799,1,0,1,0.500,49685,37486,3.276,4.600,15.070
77839,1,0,1,0.500,52446,39548,3.276,4.600,15.070
77878,1,0,1,0.500,47577,35595,3.272,4.500,14.724
77919,1,0,1,0.500,46414,34758,3.272,4.500,14.724
77959,1,0,1,0.500,60407,46349,3.272,4.500,14.724
77999,1,0,1,0.500,66206,50855,3.276,4.300,14.087
78039,1,0,1,0.500,69575,54043,3.276,4.300,14.087
78079,1,0,1,0.500,98300,88256,3.272,4.500,14.724
78119,1,0,1,0.500,108726,118262,3.272,4.500,14.724
78159,1,0,1,0.500,115450,132910,3.272,4.500,14.724
78199,1,0,1,0.500,116911,136576,3.272,4.500,14.724
78239,1,0,1,0.500,117748,138476,3.272,4.500,14.724
78279,1,0,1,0.500,118284,139673,3.272,4.400,14.397
78319,1,0,1,0.500,118814,140732,3.272,4.400,14.397
78359,1,0,1,0.500,119210,141492,3.272,4.400,14.397
78399,1,0,1,0.500,119569,142140,3.276,4.500,14.742
78439,1,0,1,0.500,119544,142060,3.276,4.500,14.742
78479,1,0,1,0.500,118933,141047,3.276,4.400,14.414
78519,1,0,1,0.500,117950,139410,3.276,4.400,14.414
78559,1,0,1,0.500,117237,138006,3.276,4.400,14.414
78599,1,0,1,0.500,116569,136543,3.276,4.700,15.397
78639,1,0,1,0.500,115021,133887,3.276,4.700,15.397
78679,1,0,1,0.500,111850,128957,3.284,4.500,14.778
78719,1,0,1,0.500,118097,132215,3.284,4.500,14.778
78759,1,0,1,0.500,115449,132032,3.284,4.500,14.778
78799,1,0,1,0.500,116702,133872,3.284,4.400,14.450
78839,1,0,1,0.500,100778,110482,3.284,4.400,14.450
78879,1,0,1,0.500,93262,103884,3.276,4.400,14.414
78919,1,0,1,0.500,99510,113771,3.276,4.400,14.414
78959,1,0,1,0.500,108062,126005,3.276,4.400,14.414
78999,1,0,1,0.500,112741,133067,3.280,4.500,14.760
79039,1,0,1,0.500,115758,138326,3.280,4.500,14.760
79079,1,0,1,0.500,116801,140417,3.276,4.400,14.414
79119,1,0,1,0.500,117251,141302,3.276,4.400,14.414
79159,1,0,1,0.500,117559,141829,3.276,4.400,14.414
79199,1,0,1,0.500,117213,140964,3.280,4.700,15.416
79239,1,0,1,0.500,116419,139186,3.280,4.700,15.416
79279,1,0,1,0.500,114297,134066,3.284,4.500,14.778
79319,1,0,1,0.500,102084,108253,3.284,4.500,14.778
79359,1,0,1,0.500,80451,68668,3.284,4.500,14.778
79399,1,0,1,0.500,63561,49445,3.280,4.500,14.760
79439,1,0,1,0.500,81605,68867,3.280,4.500,14.760
79479,1,0,1,0.500,106065,107467,3.280,4.500,14.760
79519,1,0,1,0.500,107755,113126,3.280,4.500,14.760
79559,1,0,1,0.500,110603,118523,3.280,4.500,14.760
79599,1,0,1,0.500,115860,131622,3.280,4.600,15.088
79639,1,0,1,0.500,117867,137070,3.280,4.600,15.088
79679,1,0,1,0.500,118872,140016,3.280,4.500,14.760
79719,1,0,1,0.500,119670,142032,3.280,4.500,14.760
79759,1,0,1,0.500,120082,143045,3.280,4.500,14.760
79799,1,0,1,0.500,120213,143455,3.276,4.500,14.742
79839,1,0,1,0.500,119971,143121,3.276,4.500,14.742
79879,1,0,1,0.500,119105,141270,3.276,4.800,15.725
79919,1,0,1,0.500,117799,137877,3.276,4.800,15.725
79959,1,0,1,0.500,114614,127753,3.276,4.800,15.725
79999,1,0,1,0.500,62723,51585,3.280,4.400,14.432
80039,1,0,1,0.500,79521,66753,3.280,4.400,14.432
80079,1,0,1,0.500,111307,113360,3.276,4.500,14.742
80119,1,0,1,0.500,111577,119305,3.276,4.500,14.742
80159,1,0,1,0.500,110008,116607,3.276,4.500,14.742
80199,1,0,1,0.500,110986,117385,3.280,4.600,15.088
80239,1,0,1,0.500,104055,115211,3.280,4.600,15.088
80279,1,0,1,0.500,101186,112462,3.284,4.600,15.106
80319,1,0,1,0.500,107838,123468,3.284,4.600,15.106
80359,1,0,1,0.500,113438,130558,3.284,4.600,15.106
80399,1,0,1,0.500,120644,146434,3.284,4.700,15.435
80439,1,0,1,0.500,123676,153316,3.284,4.700,15.435
80479,1,0,1,0.500,123767,154113,3.280,4.500,14.760
80519,1,0,1,0.500,124111,154915,3.280,4.500,14.760
80559,1,0,1,0.500,124152,155184,3.280,4.500,14.760
80599,1,0,1,0.500,123922,154809,3.280,4.300,14.104
80639,1,0,1,0.500,123910,154602,3.280,4.300,14.104
80680,1,0,1,0.500,123836,154387,3.280,4.300,14.104
80719,1,0,1,0.500,123536,153761,3.280,4.300,14.104
80759,1,0,1,0.500,123055,152519,3.280,4.300,14.104
80799,1,0,1,0.500,122310,150417,3.280,4.500,14.760
80839,1,0,1,0.500,119415,144891,3.280,4.500,14.760
80880,1,0,1,0.500,127253,143318,3.284,4.600,15.106
80919,1,0,1,0.500,130766,134772,3.284,4.600,15.106
80959,1,0,1,0.500,129690,130925,3.284,4.600,15.106
81000,1,0,1,0.500,117396,129292,3.284,4.500,14.778
81039,1,0,1,0.500,116103,129174,3.284,4.500,14.778
81080,1,0,1,0.500,118322,129109,3.284,4.600,15.106
81120,1,0,1,0.500,113625,115243,3.284,4.600,15.106
81159,1,0,1,0.500,106877,112504,3.284,4.600,15.106
81200,1,0,1,0.500,108171,113933,3.284,4.500,14.778
81240,1,0,1,0.500,112869,122368,3.284,4.500,14.778
81280,1,0,1,0.500,114027,125525,3.284,4.700,15.435
81320,1,0,1,0.500,112308,120579,3.284,4.700,15.435
81360,1,0,1,0.500,112915,118973,3.284,4.700,15.435
81400,1,0,1,0.500,112110,118578,3.284,4.600,15.106
81440,1,0,1,0.500,112619,118963,3.284,4.600,15.106
81480,1,0,1,0.500,113214,118825,3.284,4.800,15.763
81520,1,0,1,0.500,111983,117487,3.284,4.800,15.763
81560,1,0,1,0.500,112344,117440,3.284,4.800,15.763
81600,1,0,1,0.500,113049,117402,3.284,4.600,15.106
81640,1,0,1,0.500,112866,116879,3.284,4.600,15.106
81680,1,0,1,0.500,113263,116662,3.284,4.600,15.106
81720,1,0,1,0.500,113421,116406,3.284,4.600,15.106
81760,1,0,1,0.500,114588,116750,3.284,4.600,15.106
81800,1,0,1,0.500,116575,117151,3.284,4.600,15.106
81840,1,0,1,0.500,116620,116606,3.284,4.600,15.106
81880,1,0,1,0.500,116335,116181,3.280,4.600,15.088
81920,1,0,1,0.500,110565,112373,3.280,4.600,15.088
81960,1,0,1,0.500,105023,109908,3.280,4.600,15.088
82000,1,0,1,0.500,108144,113318,3.280,4.400,14.432
82040,1,0,1,0.500,108351,113777,3.280,4.400,14.432
82080,1,0,1,0.500,108715,114617,3.284,4.300,14.121
82120,1,0,1,0.500,109309,115830,3.284,4.300,14.121
82160,1,0,1,0.500,111044,119132,3.284,4.300,14.121
82200,1,0,1,0.500,112531,122352,3.280,4.800,15.744
82240,1,0,1,0.500,114491,127004,3.280,4.800,15.744
82280,1,0,1,0.500,116244,131273,3.280,4.700,15.416
82320,1,0,1,0.500,117221,133485,3.280,4.700,15.416
82360,1,0,1,0.500,117533,134155,3.280,4.700,15.416
82400,1,0,1,0.500,117946,134932,3.284,4.500,14.778
82440,1,0,1,0.500,117886,134863,3.284,4.500,14.778
82480,1,0,1,0.500,117470,132510,3.280,4.800,15.744
82520,1,0,1,0.500,116192,128958,3.280,4.800,15.744
82560,1,0,1,0.500,115146,127306,3.280,4.800,15.744
82600,1,0,1,0.500,112351,123505,3.280,4.600,15.088
82640,1,0,1,0.500,113784,124372,3.280,4.600,15.088
82680,1,0,1,0.500,111955,121340,3.280,4.600,15.088
82720,1,0,1,0.500,103784,108461,3.280,4.600,15.088
82760,1,0,1,0.500,98305,94812,3.280,4.600,15.088
82800,1,0,1,0.500,101059,102229,3.284,4.500,14.778
82840,1,0,1,0.500,103599,108045,3.284,4.500,14.778
82880,1,0,1,0.500,98641,96227,3.280,4.700,15.416
82920,1,0,1,0.500,95748,79239,3.280,4.700,15.416
82960,1,0,1,0.500,74939,57432,3.280,4.700,15.416
83000,1,0,1,0.500,80503,64089,3.284,4.700,15.435
83040,1,0,1,0.500,88891,71740,3.284,4.700,15.435
83080,1,0,1,0.500,81195,63615,3.284,4.600,15.106
83120,1,0,1,0.500,73791,57215,3.284,4.600,15.106
83160,1,0,1,0.500,76625,60121,3.284,4.600,15.106
83200,1,0,1,0.500,73688,58352,3.284,4.400,14.450
83240,1,0,1,0.500,72963,59077,3.284,4.400,14.450
83280,1,0,1,0.500,74626,64291,3.284,4.400,14.450
83320,1,0,1,0.500,72128,62632,3.284,4.400,14.450
83360,1,0,1,0.500,61111,51850,3.284,4.400,14.450
83400,1,0,1,0.500,61139,51623,3.284,4.500,14.778
83440,1,0,1,0.500,59918,48275,3.284,4.500,14.778
83480,1,0,1,0.500,57038,43585,3.284,4.700,15.435
83520,1,0,1,0.500,57999,44227,3.284,4.700,15.435
83560,1,0,1,0.500,77726,60995,3.284,4.700,15.435
83600,1,0,1,0.500,62999,47393,3.284,4.900,16.092
83640,1,0,1,0.500,42191,29624,3.284,4.900,16.092
83680,1,0,1,0.500,43713,30856,3.284,4.200,13.793
83720,1,0,1,0.500,49987,35798,3.284,4.200,13.793
83760,1,0,1,0.500,58581,43533,3.284,4.200,13.793
83800,1,0,1,0.500,71949,55354,3.284,4.600,15.106
83840,1,0,1,0.500,67571,51044,3.284,4.600,15.106
83880,1,0,1,0.500,54129,39072,3.280,4.700,15.416
83920,1,0,1,0.500,53520,38890,3.280,4.700,15.416
83960,1,0,1,0.500,66364,51486,3.280,4.700,15.416
84000,1,0,1,0.500,94462,78897,3.284,4.200,13.793
84040,1,0,1,0.500,80061,63262,3.284,4.200,13.793
84080,1,0,1,0.500,80210,62664,3.284,4.600,15.106
84120,1,0,1,0.500,94454,76905,3.284,4.600,15.106
84160,1,0,1,0.500,107925,95569,3.284,4.600,15.106
84200,1,0,1,0.500,110861,100364,3.284,4.400,14.450
84240,1,0,1,0.500,103247,89164,3.284,4.400,14.450
84281,1,0,1,0.500,109941,94328,3.284,4.500,14.778
84320,1,0,1,0.500,117354,104516,3.284,4.500,14.778
84360,1,0,1,0.500,129366,120981,3.284,4.500,14.778
84401,1,0,1,0.500,102341,89360,3.284,4.400,14.450
84440,1,0,1,0.500,98917,81104,3.284,4.400,14.450
84481,1,0,1,0.500,93857,75077,3.284,4.400,14.450
84521,1,0,1,0.500,87477,71584,3.284,4.400,14.450
84560,1,0,1,0.500,71712,63803,3.284,4.400,14.450
84601,1,0,1,0.500,78410,74582,3.284,4.500,14.778
84641,1,0,1,0.500,71396,66724,3.284,4.500,14.778
84680,1,0,1,0.500,86693,78627,3.284,4.700,15.435
84721,1,0,1,0.500,97848,83143,3.284,4.700,15.435
84761,1,0,1,0.500,78811,60406,3.284,4.700,15.435
84801,1,0,1,0.500,45324,30591,3.284,4.500,14.778
84841,1,0,1,0.500,36191,23886,3.284,4.500,14.778
84880,1,0,1,0.500,37447,24812,3.284,4.600,15.106
84921,1,0,1,0.500,43267,30251,3.284,4.600,15.106
84961,1,0,1,0.500,49743,39888,3.284,4.600,15.106
85001,1,0,1,0.500,45348,41806,3.284,4.700,15.435
85041,1,0,1,0.500,47220,47545,3.284,4.700,15.435
85080,1,0,1,0.500,37932,40142,3.288,4.500,14.796
85121,1,0,1,0.500,39619,41046,3.288,4.500,14.796
85161,1,0,1,0.500,51543,50625,3.288,4.500,14.796
85201,1,0,1,0.500,66312,59177,3.284,4.200,13.793
85241,1,0,1,0.500,65604,51204,3.284,4.200,13.793
85281,1,0,1,0.500,44676,30273,3.284,4.400,14.450
85321,1,0,1,0.500,30467,19335,3.284,4.400,14.450
85361,1,0,1,0.500,33131,21413,3.284,4.400,14.450
85401,1,0,1,0.500,40406,27167,3.284,4.600,15.106
85441,1,0,1,0.500,48720,34389,3.284,4.600,15.106
85481,1,0,1,0.500,75954,60127,3.284,4.400,14.450
85521,1,0,1,0.500,82364,69694,3.284,4.400,14.450
85561,1,0,1,0.500,78369,70317,3.284,4.400,14.450
85601,1,0,1,0.500,78710,71570,3.284,4.400,14.450
85641,1,0,1,0.500,74005,67256,3.284,4.400,14.450
85681,1,0,1,0.500,112429,101805,3.284,4.400,14.450
85721,1,0,1,0.500,111714,97430,3.284,4.400,14.450
85761,1,0,1,0.500,97776,79244,3.284,4.400,14.450
85801,1,0,1,0.500,86635,67532,3.284,4.300,14.121
85841,1,0,1,0.500,71117,55628,3.284,4.300,14.121
85881,1,0,1,0.500,70082,58706,3.284,4.400,14.450
85921,1,0,1,0.500,74164,65714,3.284,4.400,14.450
85961,1,0,1,0.500,83713,76466,3.284,4.400,14.450
86001,1,0,1,0.500,108880,99574,3.284,4.500,14.778
86041,1,0,1,0.500,124278,114442,3.284,4.500,14.778
86081,1,0,1,0.500,110578,95350,3.284,4.500,14.778
86121,1,0,1,0.500,96951,79402,3.284,4.500,14.778
86161,1,0,1,0.500,103595,92178,3.284,4.500,14.778
86201,1,0,1,0.500,112549,102442,3.280,4.400,14.432
86241,1,0,1,0.500,120577,107485,3.280,4.400,14.432
86281,1,0,1,0.500,107943,96433,3.284,4.700,15.435
86321,1,0,1,0.500,94584,87174,3.284,4.700,15.435
86361,1,0,1,0.500,97600,89619,3.284,4.700,15.435
86401,1,0,1,0.500,108359,94591,3.284,4.500,14.778
86441,1,0,1,0.500,100943,83385,3.284,4.500,14.778
86481,1,0,1,0.500,103714,86658,3.288,4.700,15.454
86521,1,0,1,0.500,107525,91596,3.288,4.700,15.454
86561,1,0,1,0.500,99546,88058,3.288,4.700,15.454
86601,1,0,1,0.500,90853,84833,3.284,4.500,14.778
86641,1,0,1,0.500,84014,81217,3.284,4.500,14.778
86681,1,0,1,0.500,84416,80340,3.288,4.400,14.467
86721,1,0,1,0.500,89126,80214,3.288,4.400,14.467
86761,1,0,1,0.500,115269,102961,3.288,4.400,14.467
86801,1,0,1,0.500,121678,118545,3.284,4.600,15.106
86841,1,0,1,0.500,113420,118002,3.284,4.600,15.106
86881,1,0,1,0.500,110652,116876,3.284,4.600,15.106
86921,1,0,1,0.500,110467,117406,3.284,4.600,15.106
86961,1,0,1,0.500,109055,115478,3.284,4.600,15.106
87001,1,0,1,0.500,110007,113954,3.284,4.200,13.793
87041,1,0,1,0.500,111731,110839,3.284,4.200,13.793
87081,1,0,1,0.500,116204,109863,3.280,4.500,14.760
87121,1,0,1,0.500,119893,112563,3.280,4.500,14.760
87161,1,0,1,0.500,120189,113965,3.280,4.500,14.760
87201,1,0,1,0.500,118777,112035,3.284,4.500,14.778
87241,1,0,1,0.500,119789,111308,3.284,4.500,14.778
87281,1,0,1,0.500,117075,109575,3.276,4.700,15.397
87321,1,0,1,0.500,115605,105225,3.276,4.700,15.397
87361,1,0,1,0.500,116595,101945,3.276,4.700,15.397
87401,1,0,1,0.500,124903,119007,3.284,4.400,14.450
87441,1,0,1,0.500,116262,121206,3.284,4.400,14.450
87482,1,0,1,0.500,118399,115881,3.284,4.600,15.106
87521,1,0,1,0.500,118470,111112,3.284,4.600,15.106
87561,1,0,1,0.500,105915,100771,3.284,4.600,15.106
87601,1,0,1,0.500,97034,87612,3.276,4.700,15.397
87641,1,0,1,0.500,98440,93017,3.276,4.700,15.397
87682,1,0,1,0.500,105976,112534,3.280,4.600,15.088
87721,1,0,1,0.500,108131,116578,3.280,4.600,15.088
87761,1,0,1,0.500,104511,114444,3.280,4.600,15.088
87802,1,0,1,0.500,114077,116867,3.276,4.600,15.070
87841,1,0,1,0.500,104459,103424,3.276,4.600,15.070
87882,1,0,1,0.500,97274,95414,3.268,4.700,15.360
87922,1,0,1,0.500,95999,92362,3.268,4.700,15.360
87961,1,0,1,0.500,106216,114234,3.268,4.700,15.360
88002,1,0,1,0.500,109774,118042,3.276,4.500,14.742
88042,1,0,1,0.500,112547,122380,3.276,4.500,14.742
88082,1,0,1,0.500,115388,128501,3.276,4.600,15.070
88122,1,0,1,0.500,118084,134549,3.276,4.600,15.070
88162,1,0,1,0.500,119513,137824,3.276,4.600,15.070
88202,1,0,1,0.500,120981,141174,3.280,4.500,14.760
88242,1,0,1,0.500,121942,143286,3.280,4.500,14.760
88282,1,0,1,0.500,122450,144422,3.276,4.700,15.397
88322,1,0,1,0.500,122984,145658,3.276,4.700,15.397
88362,1,0,1,0.500,123118,146053,3.276,4.700,15.397
88402,1,0,1,0.500,122818,145720,3.276,4.600,15.070
88442,1,0,1,0.500,121275,142782,3.276,4.600,15.070
88482,1,0,1,0.500,119775,139596,3.280,4.400,14.432
88522,1,0,1,0.500,117396,127392,3.280,4.400,14.432
88562,1,0,1,0.500,65733,67436,3.280,4.400,14.432
88602,1,0,1,0.500,105058,108813,3.276,4.600,15.070
88642,1,0,1,0.500,113498,121555,3.276,4.600,15.070
88682,1,0,1,0.500,113599,122006,3.280,4.400,14.432
88722,1,0,1,0.500,112717,121109,3.280,4.400,14.432
88762,1,0,1,0.500,111726,119755,3.280,4.400,14.432
88802,1,0,1,0.500,110603,118317,3.280,4.600,15.088
88842,1,0,1,0.500,112484,116410,3.280,4.600,15.088
88882,1,0,1,0.500,108400,116570,3.280,4.400,14.432
88922,1,0,1,0.500,106054,115165,3.280,4.400,14.432
88962,1,0,1,0.500,103861,111338,3.280,4.400,14.432
89002,1,0,1,0.500,103777,108283,3.276,4.700,15.397
89042,1,0,1,0.500,105730,111453,3.276,4.700,15.397
89082,1,0,1,0.500,108585,110430,3.280,4.400,14.432
89122,1,0,1,0.500,105332,107747,3.280,4.400,14.432
89162,1,0,1,0.500,100933,101551,3.280,4.400,14.432
89202,1,0,1,0.500,84515,76718,3.276,4.600,15.070
89242,1,0,1,0.500,78822,69626,3.276,4.600,15.070
89282,1,0,1,0.500,92981,85029,3.272,4.700,15.378
89322,1,0,1,0.500,103260,96327,3.272,4.700,15.378
89362,1,0,1,0.500,94096,87793,3.272,4.700,15.378
89402,1,0,1,0.500,103770,88467,3.276,4.700,15.397
89442,1,0,1,0.500,82819,68950,3.276,4.700,15.397
89482,1,0,1,0.500,70797,57392,3.268,4.600,15.033
89522,1,0,1,0.500,88222,84001,3.268,4.600,15.033
89562,1,0,1,0.500,100291,99055,3.268,4.600,15.033
89602,1,0,1,0.500,102840,101177,3.272,4.600,15.051
89642,1,0,1,0.500,97704,91059,3.272,4.600,15.051
89682,1,0,1,0.500,85059,72140,3.280,4.600,15.088
89722,1,0,1,0.500,74473,60276,3.280,4.600,15.088
89762,1,0,1,0.500,90435,80003,3.280,4.600,15.088
89802,1,0,1,0.500,109407,99865,3.276,4.700,15.397
89842,1,0,1,0.500,110502,106519,3.276,4.700,15.397
89882,1,0,1,0.500,119083,115310,3.280,4.400,14.432
89922,1,0,1,0.500,114853,108641,3.280,4.400,14.432
89962,1,0,1,0.500,105756,104042,3.280,4.400,14.432
90002,1,0,1,0.500,105478,101805,3.280,4.600,15.088
90042,1,0,1,0.500,101369,89976,3.280,4.600,15.088
90082,1,0,1,0.500,94605,79173,3.280,4.600,15.088
90122,1,0,1,0.500,83806,66290,3.280,4.600,15.088
90162,1,0,1,0.500,89037,71756,3.280,4.600,15.088
90202,1,0,1,0.500,103962,86287,3.280,4.800,15.744
90242,1,0,1,0.500,106557,97374,3.280,4.800,15.744
90282,1,0,1,0.500,109419,105494,3.276,4.600,15.070
90322,1,0,1,0.500,108922,100658,3.276,4.600,15.070
90362,1,0,1,0.500,102032,84834,3.276,4.600,15.070
90402,1,0,1,0.500,72713,55185,3.276,4.600,15.070
90442,1,0,1,0.500,47928,35151,3.276,4.600,15.070
90482,1,0,1,0.500,93008,83120,3.280,4.500,14.760
90522,1,0,1,0.500,111691,127000,3.280,4.500,14.760
90562,1,0,1,0.500,115142,134456,3.280,4.500,14.760
90602,1,0,1,0.500,116683,138307,3.276,4.600,15.070
90642,1,0,1,0.500,117316,139862,3.276,4.600,15.070
90682,1,0,1,0.500,116657,138548,3.280,4.700,15.416
90722,1,0,1,0.500,114191,133872,3.280,4.700,15.416
90762,1,0,1,0.500,111704,126391,3.280,4.700,15.416
90802,1,0,1,0.500,111468,120241,3.280,4.600,15.088
90842,1,0,1,0.500,110321,108223,3.280,4.600,15.088
90882,1,0,1,0.500,111198,114299,3.280,4.800,15.744
90922,1,0,1,0.500,110669,119728,3.280,4.800,15.744
90962,1,0,1,0.500,110288,125011,3.280,4.800,15.744
91002,1,0,1,0.500,110682,126175,3.280,4.800,15.744
91042,1,0,1,0.500,110674,127752,3.280,4.800,15.744
91083,1,0,1,0.500,111121,130041,3.280,4.600,15.088
91122,1,0,1,0.500,111423,130904,3.280,4.600,15.088
91162,1,0,1,0.500,111423,130663,3.280,4.600,15.088
91202,1,0,1,0.500,111124,129900,3.280,4.800,15.744
91242,1,0,1,0.500,110838,129210,3.280,4.800,15.744
91283,1,0,1,0.500,110776,128990,3.280,4.800,15.744
