191,1,0,1,0.500,82992,83052,3.288,3.200,10.522
231,1,0,1,0.500,108111,111307,3.288,3.200,10.522
271,1,0,1,0.500,105576,107857,3.276,4.500,14.742
311,1,0,1,0.500,115591,113931,3.276,4.500,14.742
351,1,0,1,0.500,106140,108180,3.276,4.500,14.742
391,1,0,1,0.500,105202,108073,3.280,4.800,15.744
431,1,0,1,0.500,107351,109913,3.280,4.800,15.744
471,1,0,1,0.500,116669,105492,3.280,4.500,14.760
511,1,0,1,0.500,118006,104273,3.280,4.500,14.760
551,1,0,1,0.500,96557,81737,3.280,4.500,14.760
591,1,0,1,0.500,109661,96338,3.280,5.000,16.400
631,1,0,1,0.500,102372,99338,3.280,5.000,16.400
672,1,0,1,0.500,100629,99742,3.280,4.700,15.416
711,1,0,1,0.500,101415,94960,3.280,4.700,15.416
751,1,0,1,0.500,106061,106986,3.280,4.700,15.416
792,1,0,1,0.500,106058,100423,3.276,4.700,15.397
831,1,0,1,0.500,87423,75622,3.276,4.700,15.397
872,1,0,1,0.500,83720,78133,3.276,4.600,15.070
912,1,0,1,0.500,94852,92145,3.276,4.600,15.070
951,1,0,1,0.500,95389,91753,3.276,4.600,15.070
992,1,0,1,0.500,108724,113156,3.280,4.700,15.416
1032,1,0,1,0.500,115677,122658,3.280,4.700,15.416
1072,1,0,1,0.500,102138,101215,3.276,4.700,15.397
1112,1,0,1,0.500,92021,74658,3.276,4.700,15.397
1152,1,0,1,0.500,112494,99744,3.276,4.700,15.397
1192,1,0,1,0.500,122968,116380,3.280,5.000,16.400
1232,1,0,1,0.500,115265,119719,3.280,5.000,16.400
1272,1,0,1,0.500,105618,111215,3.276,4.700,15.397
1312,1,0,1,0.500,84089,85824,3.276,4.700,15.397
1352,1,0,1,0.500,92302,92077,3.276,4.700,15.397
1392,1,0,1,0.500,110457,109633,3.280,5.000,16.400
1432,1,0,1,0.500,110177,108945,3.280,5.000,16.400
1472,1,0,1,0.500,117228,114141,3.272,4.500,14.724
1512,1,0,1,0.500,110930,101508,3.272,4.500,14.724
1552,1,0,1,0.500,105344,96964,3.272,4.500,14.724
1592,1,0,1,0.500,108175,113227,3.276,4.800,15.725
1632,1,0,1,0.500,109748,114618,3.276,4.800,15.725
1672,1,0,1,0.500,109331,113930,3.276,4.700,15.397
1712,1,0,1,0.500,105788,110054,3.276,4.700,15.397
1752,1,0,1,0.500,108092,112571,3.276,4.700,15.397
1792,1,0,1,0.500,111426,118561,3.276,4.600,15.070
1832,1,0,1,0.500,109574,110883,3.276,4.600,15.070
1872,1,0,1,0.500,110836,97592,3.276,4.600,15.070
1912,1,0,1,0.500,92528,81010,3.276,4.600,15.070
1952,1,0,1,0.500,96248,83389,3.276,4.600,15.070
1992,1,0,1,0.500,98593,84300,3.276,4.500,14.742
2032,1,0,1,0.500,100828,86756,3.276,4.500,14.742
2072,1,0,1,0.500,97022,85955,3.276,4.600,15.070
2112,1,0,1,0.500,94040,93820,3.276,4.600,15.070
2152,1,0,1,0.500,87194,81273,3.276,4.600,15.070
2192,1,0,1,0.500,102015,87747,3.272,4.600,15.051
2232,1,0,1,0.500,104518,98052,3.272,4.600,15.051
2272,1,0,1,0.500,111958,103095,3.276,4.600,15.070
2312,1,0,1,0.500,113407,110461,3.276,4.600,15.070
2352,1,0,1,0.500,114883,108362,3.276,4.600,15.070
2392,1,0,1,0.500,93059,77544,3.276,4.500,14.742
2432,1,0,1,0.500,102236,101235,3.276,4.500,14.742
2472,1,0,1,0.500,101893,98622,3.272,5.000,16.360
2512,1,0,1,0.500,105144,108048,3.272,5.000,16.360
2552,1,0,1,0.500,104749,96222,3.272,5.000,16.360
2592,1,0,1,0.500,77369,61895,3.276,4.600,15.070
2632,1,0,1,0.500,73447,55196,3.276,4.600,15.070
2672,1,0,1,0.500,73644,57525,3.272,4.500,14.724
2712,1,0,1,0.500,88396,75789,3.272,4.500,14.724
2752,1,0,1,0.500,110711,103442,3.272,4.500,14.724
2792,1,0,1,0.500,104693,97591,3.268,4.600,15.033
2832,1,0,1,0.500,82671,76696,3.268,4.600,15.033
2872,1,0,1,0.500,95752,91158,3.272,4.500,14.724
2912,1,0,1,0.500,100641,95263,3.272,4.500,14.724
2952,1,0,1,0.500,100534,98058,3.272,4.500,14.724
2992,1,0,1,0.500,94818,98957,3.272,4.600,15.051
3032,1,0,1,0.500,99505,100853,3.272,4.600,15.051
3072,1,0,1,0.500,107788,110107,3.272,4.600,15.051
3112,1,0,1,0.500,102089,115815,3.272,4.600,15.051
3152,1,0,1,0.500,109591,129240,3.272,4.600,15.051
3192,1,0,1,0.500,114980,138214,3.272,4.900,16.033
3232,1,0,1,0.500,115566,138909,3.272,4.900,16.033
3272,1,0,1,0.500,103675,119174,3.276,4.700,15.397
3312,1,0,1,0.500,25964,34639,3.276,4.700,15.397
3352,1,0,1,0.500,67583,81906,3.276,4.700,15.397
3392,1,0,1,0.500,116325,130292,3.276,4.400,14.414
3432,1,0,1,0.500,120995,135602,3.276,4.400,14.414
3472,1,0,1,0.500,110228,110878,3.276,4.800,15.725
3512,1,0,1,0.500,29424,21322,3.276,4.800,15.725
3552,1,0,1,0.500,8577,6754,3.276,4.800,15.725
3592,1,0,1,0.500,49653,45576,3.276,4.700,15.397
3632,1,0,1,0.500,111069,115802,3.276,4.700,15.397
3672,1,0,1,0.500,123156,144339,3.276,4.800,15.725
3712,1,0,1,0.500,113467,126702,3.276,4.800,15.725
3752,1,0,1,0.500,36995,27103,3.276,4.800,15.725
3792,1,0,1,0.500,10011,9573,3.276,4.700,15.397
3832,1,0,1,0.500,81252,80880,3.276,4.700,15.397
3872,1,0,1,0.500,120503,136670,3.272,4.900,16.033
3912,1,0,1,0.500,122644,145672,3.272,4.900,16.033
3952,1,0,1,0.500,123497,147672,3.272,4.900,16.033
3992,1,0,1,0.500,124241,149233,3.272,4.700,15.378
4032,1,0,1,0.500,124778,150310,3.272,4.700,15.378
4072,1,0,1,0.500,125260,151132,3.272,4.900,16.033
4112,1,0,1,0.500,125263,151127,3.272,4.900,16.033
4152,1,0,1,0.500,125115,150845,3.272,4.900,16.033
4192,1,0,1,0.500,124857,150183,3.276,5.000,16.380
4232,1,0,1,0.500,124099,148417,3.276,5.000,16.380
4272,1,0,1,0.500,122411,144111,3.276,4.700,15.397
4312,1,0,1,0.500,83766,80715,3.276,4.700,15.397
4352,1,0,1,0.500,46398,48141,3.276,4.700,15.397
4392,1,0,1,0.500,108869,113836,3.276,4.400,14.414
4432,1,0,1,0.500,117859,132201,3.276,4.400,14.414
4472,1,0,1,0.500,120062,138050,3.276,4.700,15.397
4512,1,0,1,0.500,123225,145836,3.276,4.700,15.397
4552,1,0,1,0.500,124409,148101,3.276,4.700,15.397
4592,1,0,1,0.500,125392,150364,3.276,4.700,15.397
4632,1,0,1,0.500,126161,151728,3.276,4.700,15.397
4672,1,0,1,0.500,125211,149467,3.276,4.800,15.725
4712,1,0,1,0.500,121557,141141,3.276,4.800,15.725
4752,1,0,1,0.500,115945,111890,3.276,4.800,15.725
4792,1,0,1,0.500,78228,67780,3.276,4.600,15.070
4832,1,0,1,0.500,114295,124862,3.276,4.600,15.070
4872,1,0,1,0.500,119402,140711,3.276,4.500,14.742
4912,1,0,1,0.500,120502,144194,3.276,4.500,14.742
4952,1,0,1,0.500,121418,146383,3.276,4.500,14.742
4992,1,0,1,0.500,121459,146851,3.276,4.800,15.725
5032,1,0,1,0.500,121279,147089,3.276,4.800,15.725
5072,1,0,1,0.500,121218,147394,3.276,4.600,15.070
5112,1,0,1,0.500,121137,147407,3.276,4.600,15.070
5152,1,0,1,0.500,121003,147248,3.276,4.600,15.070
5192,1,0,1,0.500,120728,146634,3.276,4.800,15.725
5232,1,0,1,0.500,120378,145065,3.276,4.800,15.725
5272,1,0,1,0.500,106375,115179,3.276,4.700,15.397
5312,1,0,1,0.500,23417,22816,3.276,4.700,15.397
5352,1,0,1,0.500,61980,61720,3.276,4.700,15.397
5392,1,0,1,0.500,114061,123926,3.276,4.700,15.397
5432,1,0,1,0.500,122192,141822,3.276,4.700,15.397
5472,1,0,1,0.500,126086,148835,3.276,4.900,16.052
5512,1,0,1,0.500,128042,151987,3.276,4.900,16.052
5552,1,0,1,0.500,129129,153782,3.276,4.900,16.052
5593,1,0,1,0.500,129427,154326,3.272,4.800,15.706
5632,1,0,1,0.500,129636,154692,3.272,4.800,15.706
5672,1,0,1,0.500,129303,154082,3.276,5.000,16.380
5712,1,0,1,0.500,128444,152612,3.276,5.000,16.380
5752,1,0,1,0.500,127860,151689,3.276,5.000,16.380
5793,1,0,1,0.500,127223,150612,3.272,5.100,16.687
5832,1,0,1,0.500,125618,147551,3.272,5.100,16.687
5872,1,0,1,0.500,123460,143622,3.276,4.600,15.070
5913,1,0,1,0.500,122488,139008,3.276,4.600,15.070
5952,1,0,1,0.500,87726,80464,3.276,4.600,15.070
5993,1,0,1,0.500,64618,56276,3.272,4.600,15.051
6033,1,0,1,0.500,110032,114774,3.272,4.600,15.051
6072,1,0,1,0.500,121551,136913,3.276,4.600,15.070
6113,1,0,1,0.500,122583,139345,3.276,4.600,15.070
6152,1,0,1,0.500,124585,143668,3.276,4.600,15.070
6193,1,0,1,0.500,126300,146757,3.272,4.600,15.051
6233,1,0,1,0.500,128007,149249,3.272,4.600,15.051
6272,1,0,1,0.500,129458,151902,3.276,5.000,16.380
6313,1,0,1,0.500,130625,153957,3.276,5.000,16.380
6352,1,0,1,0.500,131267,155179,3.276,5.000,16.380
6393,1,0,1,0.500,131963,156307,3.272,5.000,16.360
6433,1,0,1,0.500,132180,156538,3.272,5.000,16.360
6472,1,0,1,0.500,131927,155864,3.272,5.000,16.360
6513,1,0,1,0.500,131723,155501,3.272,5.000,16.360
6553,1,0,1,0.500,131097,154357,3.272,5.000,16.360
6593,1,0,1,0.500,129565,151844,3.272,5.400,17.669
6633,1,0,1,0.500,126553,145771,3.272,5.400,17.669
6672,1,0,1,0.500,61006,54860,3.276,4.400,14.414
6713,1,0,1,0.500,24023,28388,3.276,4.400,14.414
6753,1,0,1,0.500,82940,99367,3.276,4.400,14.414
6793,1,0,1,0.500,124205,144489,3.276,5.000,16.380
6833,1,0,1,0.500,125961,148452,3.276,5.000,16.380
6872,1,0,1,0.500,126372,149244,3.272,4.800,15.706
6913,1,0,1,0.500,124980,146788,3.272,4.800,15.706
6953,1,0,1,0.500,109309,112723,3.272,4.800,15.706
6993,1,0,1,0.500,21071,22581,3.276,4.500,14.742
7033,1,0,1,0.500,55175,53075,3.276,4.500,14.742
7072,1,0,1,0.500,49368,50579,3.276,4.700,15.397
7113,1,0,1,0.500,34268,36202,3.276,4.700,15.397
7153,1,0,1,0.500,38869,40572,3.276,4.700,15.397
7193,1,0,1,0.500,36792,39458,3.276,4.500,14.742
7233,1,0,1,0.500,42564,43797,3.276,4.500,14.742
7272,1,0,1,0.500,82021,81784,3.272,4.700,15.378
7313,1,0,1,0.500,115965,132706,3.272,4.700,15.378
7353,1,0,1,0.500,118295,140908,3.272,4.700,15.378
7393,1,0,1,0.500,119236,143267,3.272,4.700,15.378
7433,1,0,1,0.500,119717,144190,3.272,4.700,15.378
7473,1,0,1,0.500,119807,143689,3.276,4.700,15.397
7513,1,0,1,0.500,119170,140817,3.276,4.700,15.397
7553,1,0,1,0.500,73643,74350,3.276,4.700,15.397
7593,1,0,1,0.500,35126,32274,3.276,4.500,14.742
7633,1,0,1,0.500,99350,99493,3.276,4.500,14.742
7673,1,0,1,0.500,127465,146984,3.272,4.800,15.706
7713,1,0,1,0.500,129846,152557,3.272,4.800,15.706
7753,1,0,1,0.500,130327,153124,3.272,4.800,15.706
7793,1,0,1,0.500,129186,151003,3.276,5.000,16.380
7833,1,0,1,0.500,126644,146225,3.276,5.000,16.380
7873,1,0,1,0.500,119498,137211,3.276,4.800,15.725
7913,1,0,1,0.500,121472,139860,3.276,4.800,15.725
7953,1,0,1,0.500,121947,140052,3.276,4.800,15.725
7993,1,0,1,0.500,109745,122154,3.276,4.800,15.725
8033,1,0,1,0.500,46996,36420,3.276,4.800,15.725
8073,1,0,1,0.500,72688,63776,3.272,4.600,15.051
8113,1,0,1,0.500,111286,116447,3.272,4.600,15.051
8153,1,0,1,0.500,117004,124716,3.272,4.600,15.051
8193,1,0,1,0.500,107953,106116,3.272,4.700,15.378
8233,1,0,1,0.500,89797,78935,3.272,4.700,15.378
8273,1,0,1,0.500,82503,75091,3.276,4.500,14.742
8313,1,0,1,0.500,95663,87398,3.276,4.500,14.742
8353,1,0,1,0.500,92683,84266,3.276,4.500,14.742
8393,1,0,1,0.500,96772,87290,3.276,4.400,14.414
8433,1,0,1,0.500,93890,85870,3.276,4.400,14.414
8473,1,0,1,0.500,84296,83430,3.276,4.600,15.070
8513,1,0,1,0.500,92861,90365,3.276,4.600,15.070
8553,1,0,1,0.500,94704,85487,3.276,4.600,15.070
8593,1,0,1,0.500,94996,82757,3.276,4.800,15.725
8633,1,0,1,0.500,98617,91034,3.276,4.800,15.725
8673,1,0,1,0.500,111246,106254,3.276,4.700,15.397
8713,1,0,1,0.500,104537,98887,3.276,4.700,15.397
8753,1,0,1,0.500,95331,80801,3.276,4.700,15.397
8793,1,0,1,0.500,93901,86859,3.276,4.600,15.070
8833,1,0,1,0.500,102551,95116,3.276,4.600,15.070
8873,1,0,1,0.500,107362,99739,3.280,4.800,15.744
8913,1,0,1,0.500,110808,101045,3.280,4.800,15.744
8953,1,0,1,0.500,92300,76745,3.280,4.800,15.744
8993,1,0,1,0.500,89429,74285,3.276,4.700,15.397
9033,1,0,1,0.500,95182,81352,3.276,4.700,15.397
9073,1,0,1,0.500,95433,82976,3.276,4.700,15.397
9113,1,0,1,0.500,105294,93327,3.276,4.700,15.397
9153,1,0,1,0.500,98614,95645,3.276,4.700,15.397
9193,1,0,1,0.500,103807,105151,3.276,4.800,15.725
9233,1,0,1,0.500,103655,104340,3.276,4.800,15.725
9273,1,0,1,0.500,85790,75597,3.280,4.800,15.744
9313,1,0,1,0.500,85727,70339,3.280,4.800,15.744
9353,1,0,1,0.500,86421,68964,3.280,4.800,15.744
9393,1,0,1,0.500,70424,51017,3.276,4.700,15.397
9433,1,0,1,0.500,64795,46005,3.276,4.700,15.397
9473,1,0,1,0.500,73908,54681,3.276,4.900,16.052
9513,1,0,1,0.500,93811,75418,3.276,4.900,16.052
9553,1,0,1,0.500,80511,68375,3.276,4.900,16.052
9593,1,0,1,0.500,80550,72400,3.264,4.700,15.341
9633,1,0,1,0.500,65832,51693,3.264,4.700,15.341
9673,1,0,1,0.500,68120,52696,3.272,4.800,15.706
9713,1,0,1,0.500,90914,75762,3.272,4.800,15.706
9753,1,0,1,0.500,86441,74899,3.272,4.800,15.706
9793,1,0,1,0.500,96911,88620,3.268,4.600,15.033
9833,1,0,1,0.500,111400,104556,3.268,4.600,15.033
9873,1,0,1,0.500,113058,103895,3.268,4.800,15.686
9913,1,0,1,0.500,91130,80446,3.268,4.800,15.686
9953,1,0,1,0.500,81320,70074,3.268,4.800,15.686
9993,1,0,1,0.500,92731,80515,3.268,4.600,15.033
10033,1,0,1,0.500,105570,100205,3.268,4.600,15.033
10073,1,0,1,0.500,105773,105669,3.264,4.800,15.667
10113,1,0,1,0.500,87990,82834,3.264,4.800,15.667
10153,1,0,1,0.500,92600,90038,3.264,4.800,15.667
10193,1,0,1,0.500,93513,87199,3.268,4.500,14.706
10233,1,0,1,0.500,103820,89929,3.268,4.500,14.706
10273,1,0,1,0.500,108095,97729,3.268,4.700,15.360
10313,1,0,1,0.500,112299,99249,3.268,4.700,15.360
10353,1,0,1,0.500,112898,101740,3.268,4.700,15.360
10393,1,0,1,0.500,118941,111848,3.268,4.600,15.033
10433,1,0,1,0.500,122699,115205,3.268,4.600,15.033
10473,1,0,1,0.500,121862,115948,3.264,4.800,15.667
10513,1,0,1,0.500,112217,108621,3.264,4.800,15.667
10553,1,0,1,0.500,80342,80243,3.264,4.800,15.667
10593,1,0,1,0.500,45828,47580,3.260,4.700,15.322
10633,1,0,1,0.500,37182,37910,3.260,4.700,15.322
10674,1,0,1,0.500,37427,34062,3.268,4.500,14.706
10713,1,0,1,0.500,36207,33288,3.268,4.500,14.706
10753,1,0,1,0.500,52858,49857,3.268,4.500,14.706
10794,1,0,1,0.500,96769,97582,3.264,4.800,15.667
10833,1,0,1,0.500,113334,122219,3.264,4.800,15.667
10874,1,0,1,0.500,113468,123915,3.264,4.900,15.994
10914,1,0,1,0.500,111647,118694,3.264,4.900,15.994
10953,1,0,1,0.500,103298,100935,3.264,4.900,15.994
10994,1,0,1,0.500,36682,29461,3.268,4.700,15.360
11034,1,0,1,0.500,39978,36978,3.268,4.700,15.360
11074,1,0,1,0.500,96690,96870,3.268,4.800,15.686
11114,1,0,1,0.500,111579,119983,3.268,4.800,15.686
11153,1,0,1,0.500,113760,127767,3.268,4.800,15.686
11194,1,0,1,0.500,113777,127563,3.268,4.700,15.360
11234,1,0,1,0.500,112120,111141,3.268,4.700,15.360
11274,1,0,1,0.500,50222,40757,3.268,4.500,14.706
11314,1,0,1,0.500,49218,46724,3.268,4.500,14.706
11354,1,0,1,0.500,108655,115492,3.268,4.500,14.706
11394,1,0,1,0.500,117855,139942,3.268,5.000,16.340
11434,1,0,1,0.500,117648,140259,3.268,5.000,16.340
11474,1,0,1,0.500,116785,139226,3.268,4.700,15.360
11514,1,0,1,0.500,115791,137812,3.268,4.700,15.360
11554,1,0,1,0.500,116370,138073,3.268,4.700,15.360
11594,1,0,1,0.500,104766,112758,3.268,4.500,14.706
11634,1,0,1,0.500,28977,28342,3.268,4.500,14.706
11674,1,0,1,0.500,83012,83102,3.272,4.800,15.706
11714,1,0,1,0.500,120658,134910,3.272,4.800,15.706
11754,1,0,1,0.500,125323,145687,3.272,4.800,15.706
11794,1,0,1,0.500,126916,148251,3.268,5.000,16.340
11834,1,0,1,0.500,127699,149519,3.268,5.000,16.340
11874,1,0,1,0.500,127376,148787,3.264,5.100,16.646
11914,1,0,1,0.500,87615,86527,3.264,5.100,16.646
11954,1,0,1,0.500,7493,7981,3.264,5.100,16.646
11994,1,0,1,0.500,34208,34763,3.268,4.900,16.013
12034,1,0,1,0.500,98719,99456,3.268,4.900,16.013
12074,1,0,1,0.500,122716,140753,3.264,4.900,15.994
12114,1,0,1,0.500,123733,142884,3.264,4.900,15.994
12154,1,0,1,0.500,123485,142721,3.264,4.900,15.994
12194,1,0,1,0.500,125098,138489,3.268,4.900,16.013
12234,1,0,1,0.500,48281,50227,3.268,4.900,16.013
12274,1,0,1,0.500,50721,62471,3.268,4.600,15.033
12314,1,0,1,0.500,107751,124487,3.268,4.600,15.033
12354,1,0,1,0.500,117468,135841,3.268,4.600,15.033
12394,1,0,1,0.500,115985,133883,3.268,4.900,16.013
12434,1,0,1,0.500,90812,89627,3.268,4.900,16.013
12474,1,0,1,0.500,21693,23696,3.260,4.700,15.322
12514,1,0,1,0.500,34967,41339,3.260,4.700,15.322
12554,1,0,1,0.500,97387,96171,3.260,4.700,15.322
12594,1,0,1,0.500,90977,83083,3.264,4.900,15.994
12634,1,0,1,0.500,109914,102450,3.264,4.900,15.994
12674,1,0,1,0.500,120906,120938,3.264,5.000,16.320
12714,1,0,1,0.500,118990,115760,3.264,5.000,16.320
12754,1,0,1,0.500,108488,112995,3.264,5.000,16.320
12794,1,0,1,0.500,110194,115689,3.268,4.600,15.033
12834,1,0,1,0.500,104884,103235,3.268,4.600,15.033
12874,1,0,1,0.500,88781,74176,3.272,5.000,16.360
12914,1,0,1,0.500,86758,77610,3.272,5.000,16.360
12954,1,0,1,0.500,59813,54161,3.272,5.000,16.360
12994,1,0,1,0.500,45715,36595,3.260,4.900,15.974
13034,1,0,1,0.500,64672,49535,3.260,4.900,15.974
13074,1,0,1,0.500,75117,59613,3.268,4.700,15.360
13114,1,0,1,0.500,91960,77951,3.268,4.700,15.360
13154,1,0,1,0.500,98165,88888,3.268,4.700,15.360
13194,1,0,1,0.500,70335,70094,3.264,4.700,15.341
13234,1,0,1,0.500,90703,81738,3.264,4.700,15.341
13274,1,0,1,0.500,115053,111300,3.268,5.000,16.340
13314,1,0,1,0.500,105097,91040,3.268,5.000,16.340
13354,1,0,1,0.500,81864,73700,3.268,5.000,16.340
13394,1,0,1,0.500,60173,59311,3.256,4.900,15.954
13434,1,0,1,0.500,94995,92061,3.256,4.900,15.954
13474,1,0,1,0.500,111111,103629,3.264,4.900,15.994
13514,1,0,1,0.500,110062,116973,3.264,4.900,15.994
13554,1,0,1,0.500,112038,120104,3.264,4.900,15.994
13594,1,0,1,0.500,103782,97830,3.268,5.100,16.667
13634,1,0,1,0.500,106947,93288,3.268,5.100,16.667
13674,1,0,1,0.500,120185,111461,3.264,5.100,16.646
13714,1,0,1,0.500,99533,82634,3.264,5.100,16.646
13754,1,0,1,0.500,90385,78284,3.264,5.100,16.646
13794,1,0,1,0.500,97486,85926,3.260,5.000,16.300
13834,1,0,1,0.500,82428,65351,3.260,5.000,16.300
13874,1,0,1,0.500,92848,79029,3.264,4.700,15.341
13914,1,0,1,0.500,76089,70361,3.264,4.700,15.341
13954,1,0,1,0.500,52644,42695,3.264,4.700,15.341
13994,1,0,1,0.500,63685,48806,3.264,5.500,17.952
14034,1,0,1,0.500,74386,60085,3.264,5.500,17.952
14074,1,0,1,0.500,70902,60856,3.268,5.500,17.974
14114,1,0,1,0.500,63317,59994,3.268,5.500,17.974
14154,1,0,1,0.500,86413,84701,3.268,5.500,17.974
14194,1,0,1,0.500,118129,110994,3.256,4.700,15.303
14234,1,0,1,0.500,109899,112355,3.256,4.700,15.303
14274,1,0,1,0.500,106230,104666,3.264,4.900,15.994
14314,1,0,1,0.500,98631,84807,3.264,4.900,15.994
14354,1,0,1,0.500,61418,52968,3.264,4.900,15.994
14394,1,0,1,0.500,46458,40449,3.268,5.200,16.994
14434,1,0,1,0.500,35387,29190,3.268,5.200,16.994
14474,1,0,1,0.500,29595,21322,3.208,4.600,14.757
14514,1,0,1,0.500,38916,28085,3.208,4.600,14.757
14554,1,0,1,0.500,46217,33773,3.208,4.600,14.757
14594,1,0,1,0.500,57875,44250,3.260,5.000,16.300
14634,1,0,1,0.500,66769,53554,3.260,5.000,16.300
14674,1,0,1,0.500,76805,62393,3.268,5.100,16.667
14714,1,0,1,0.500,86623,68884,3.268,5.100,16.667
14754,1,0,1,0.500,83777,67073,3.268,5.100,16.667
14794,1,0,1,0.500,90035,73887,3.268,5.100,16.667
14834,1,0,1,0.500,91067,76249,3.268,5.100,16.667
14875,1,0,1,0.500,93089,79209,3.208,5.100,16.361
14914,1,0,1,0.500,108597,100757,3.208,5.100,16.361
14954,1,0,1,0.500,114653,121484,3.208,5.100,16.361
14994,1,0,1,0.500,117348,127219,3.264,4.900,15.994
15034,1,0,1,0.500,122201,137413,3.264,4.900,15.994
15075,1,0,1,0.500,125422,143861,3.264,11.700,38.189
15114,1,0,1,0.500,126055,145024,3.264,11.700,38.189
15154,1,0,1,0.500,123149,138592,3.264,11.700,38.189
15195,1,0,1,0.500,93075,84725,3.184,4.800,15.283
15234,1,0,1,0.500,65633,60314,3.184,4.800,15.283
15275,1,0,1,0.500,112402,107249,3.212,5.100,16.381
15315,1,0,1,0.500,102343,107001,3.212,5.100,16.381
15354,1,0,1,0.500,102654,107198,3.212,5.100,16.381
15395,1,0,1,0.500,115594,113854,3.264,5.000,16.320
15434,1,0,1,0.500,120307,116688,3.264,5.000,16.320
15475,1,0,1,0.500,115565,116410,3.260,11.500,37.490
15515,1,0,1,0.500,115702,103692,3.260,11.500,37.490
15554,1,0,1,0.500,113875,101139,3.260,11.500,37.490
15595,1,0,1,0.500,113596,101095,3.176,5.000,15.880
15635,1,0,1,0.500,118149,112272,3.176,5.000,15.880
15675,1,0,1,0.500,107340,110409,3.216,5.200,16.723
15715,1,0,1,0.500,105963,109184,3.216,5.200,16.723
15754,1,0,1,0.500,110692,111541,3.216,5.200,16.723
15795,1,0,1,0.500,116258,111186,3.264,5.000,16.320
15835,1,0,1,0.500,112457,100973,3.264,5.000,16.320
15875,1,0,1,0.500,99119,86455,3.268,10.900,35.621
15915,1,0,1,0.500,95282,86298,3.268,10.900,35.621
15955,1,0,1,0.500,95631,89908,3.268,10.900,35.621
15995,1,0,1,0.500,102589,92734,3.212,4.800,15.418
16035,1,0,1,0.500,96009,80764,3.212,4.800,15.418
16075,1,0,1,0.500,101545,88399,3.240,4.900,15.876
16115,1,0,1,0.500,107552,106816,3.240,4.900,15.876
16155,1,0,1,0.500,112140,117339,3.240,4.900,15.876
16195,1,0,1,0.500,112055,116839,3.268,5.000,16.340
16235,1,0,1,0.500,100072,89380,3.268,5.000,16.340
16275,1,0,1,0.500,87364,71171,3.284,16.200,53.201
16315,1,0,1,0.500,90237,75217,3.284,16.200,53.201
16355,1,0,1,0.500,97838,84798,3.284,16.200,53.201
16395,1,0,1,0.500,104395,103851,3.284,13.700,44.991
16435,1,0,1,0.500,108533,104359,3.284,13.700,44.991
16475,1,0,1,0.500,96816,82408,3.252,8.600,27.967
16515,1,0,1,0.500,97500,85512,3.252,8.600,27.967
16555,1,0,1,0.500,102161,90334,3.252,8.600,27.967
16595,1,0,1,0.500,104579,92325,3.236,4.800,15.533
16635,1,0,1,0.500,109689,98271,3.236,4.800,15.533
16675,1,0,1,0.500,102998,88123,3.244,5.000,16.220
16715,1,0,1,0.500,81386,63979,3.244,5.000,16.220
16755,1,0,1,0.500,56815,40092,3.244,5.000,16.220
16795,1,0,1,0.500,39623,25377,3.268,12.000,39.216
16835,1,0,1,0.500,46078,31563,3.268,12.000,39.216
16875,1,0,1,0.500,72893,58608,3.284,15.900,52.216
16915,1,0,1,0.500,90850,83825,3.284,15.900,52.216
16955,1,0,1,0.500,100466,94614,3.284,15.900,52.216
16995,1,0,1,0.500,75168,57960,3.272,12.800,41.882
17035,1,0,1,0.500,60526,45667,3.272,12.800,41.882
17075,1,0,1,0.500,73496,57857,3.252,8.700,28.292
17115,1,0,1,0.500,81964,65358,3.252,8.700,28.292
17155,1,0,1,0.500,104468,92647,3.252,8.700,28.292
17195,1,0,1,0.500,119111,113110,3.236,5.000,16.180
17235,1,0,1,0.500,104530,96249,3.236,5.000,16.180
17275,1,0,1,0.500,101953,91674,3.244,5.200,16.869
17315,1,0,1,0.500,106705,92678,3.244,5.200,16.869
17355,1,0,1,0.500,115062,107409,3.244,5.200,16.869
17395,1,0,1,0.500,109102,105542,3.268,11.800,38.562
17435,1,0,1,0.500,115189,112057,3.268,11.800,38.562
17475,1,0,1,0.500,116412,115176,3.284,16.000,52.544
17515,1,0,1,0.500,107632,111929,3.284,16.000,52.544
17555,1,0,1,0.500,111856,115424,3.284,16.000,52.544
17595,1,0,1,0.500,122780,118663,3.276,13.500,44.226
17635,1,0,1,0.500,118304,114639,3.276,13.500,44.226
17675,1,0,1,0.500,120388,118286,3.256,9.000,29.304
17715,1,0,1,0.500,114902,104600,3.256,9.000,29.304
17755,1,0,1,0.500,90077,75532,3.256,9.000,29.304
17795,1,0,1,0.500,101136,86675,3.236,4.900,15.856
17835,1,0,1,0.500,114424,103720,3.236,4.900,15.856
17875,1,0,1,0.500,111125,113231,3.244,6.600,21.410
17915,1,0,1,0.500,107193,112480,3.244,6.600,21.410
17955,1,0,1,0.500,107621,113032,3.244,6.600,21.410
17995,1,0,1,0.500,107996,113231,3.268,10.900,35.621
18035,1,0,1,0.500,107208,112098,3.268,10.900,35.621
18075,1,0,1,0.500,114184,112260,3.284,14.800,48.603
18115,1,0,1,0.500,84491,76890,3.284,14.800,48.603
18155,1,0,1,0.500,68819,65484,3.284,14.800,48.603
18195,1,0,1,0.500,108842,103294,3.280,13.900,45.592
18235,1,0,1,0.500,119537,116791,3.280,13.900,45.592
18275,1,0,1,0.500,119654,111769,3.256,9.300,30.281
18315,1,0,1,0.500,97693,85125,3.256,9.300,30.281
18355,1,0,1,0.500,97486,89948,3.256,9.300,30.281
18395,1,0,1,0.500,120858,115097,3.236,4.900,15.856
18435,1,0,1,0.500,121839,114368,3.236,4.900,15.856
18475,1,0,1,0.500,118914,114258,3.232,6.000,19.392
18515,1,0,1,0.500,116174,114748,3.232,6.000,19.392
18555,1,0,1,0.500,121383,116909,3.232,6.000,19.392
18595,1,0,1,0.500,123174,119482,3.264,11.400,37.210
18635,1,0,1,0.500,124552,120493,3.264,11.400,37.210
18675,1,0,1,0.500,122458,114769,3.280,16.000,52.480
18715,1,0,1,0.500,105951,96650,3.280,16.000,52.480
18755,1,0,1,0.500,101306,90348,3.280,16.000,52.480
18795,1,0,1,0.500,98274,90256,3.268,13.200,43.138
18835,1,0,1,0.500,102600,96707,3.268,13.200,43.138
18875,1,0,1,0.500,66039,65609,3.248,8.200,26.634
18915,1,0,1,0.500,62592,56041,3.248,8.200,26.634
18955,1,0,1,0.500,53573,45348,3.248,8.200,26.634
18995,1,0,1,0.500,44705,38166,3.228,4.800,15.494
19035,1,0,1,0.500,56792,53290,3.228,4.800,15.494
19076,1,0,1,0.500,58292,57080,3.244,7.500,24.330
19115,1,0,1,0.500,40990,39890,3.244,7.500,24.330
19155,1,0,1,0.500,42115,34768,3.244,7.500,24.330
19196,1,0,1,0.500,52069,41536,3.268,12.400,40.523
19235,1,0,1,0.500,60138,50624,3.268,12.400,40.523
19276,1,0,1,0.500,82939,74362,3.284,15.500,50.902
19315,1,0,1,0.500,54714,50525,3.284,15.500,50.902
19355,1,0,1,0.500,52418,44069,3.284,15.500,50.902
19396,1,0,1,0.500,57121,43543,3.264,11.600,37.862
19435,1,0,1,0.500,67380,54676,3.264,11.600,37.862
19476,1,0,1,0.500,86693,75480,3.240,6.500,21.060
19516,1,0,1,0.500,93866,86649,3.240,6.500,21.060
19555,1,0,1,0.500,84510,81561,3.240,6.500,21.060
19596,1,0,1,0.500,105704,99044,3.228,4.800,15.494
19636,1,0,1,0.500,104960,107406,3.228,4.800,15.494
19676,1,0,1,0.500,105793,103673,3.252,8.400,27.317
19716,1,0,1,0.500,109255,98336,3.252,8.400,27.317
19756,1,0,1,0.500,101834,87059,3.252,8.400,27.317
19796,1,0,1,0.500,96358,81522,3.276,13.300,43.571
19836,1,0,1,0.500,101877,94638,3.276,13.300,43.571
19876,1,0,1,0.500,92188,87237,3.284,15.500,50.902
19916,1,0,1,0.500,88098,74758,3.284,15.500,50.902
19956,1,0,1,0.500,90330,75419,3.284,15.500,50.902
19996,1,0,1,0.500,79239,69277,3.264,11.200,36.557
20036,1,0,1,0.500,66189,60080,3.264,11.200,36.557
20076,1,0,1,0.500,60361,48197,3.236,5.800,18.769
20116,1,0,1,0.500,77533,61671,3.236,5.800,18.769
20156,1,0,1,0.500,73327,58591,3.236,5.800,18.769
20196,1,0,1,0.500,68243,57013,3.228,4.800,15.494
20236,1,0,1,0.500,55072,48757,3.228,4.800,15.494
20276,1,0,1,0.500,65072,55115,3.256,9.100,29.630
20316,1,0,1,0.500,80645,64464,3.256,9.100,29.630
20356,1,0,1,0.500,87772,70946,3.256,9.100,29.630
20396,1,0,1,0.500,80011,63336,3.280,14.900,48.872
20436,1,0,1,0.500,79734,64839,3.280,14.900,48.872
20476,1,0,1,0.500,91850,77076,3.284,15.800,51.887
20516,1,0,1,0.500,90480,75763,3.284,15.800,51.887
20556,1,0,1,0.500,73391,55805,3.284,15.800,51.887
20596,1,0,1,0.500,61345,46074,3.256,10.200,33.211
20636,1,0,1,0.500,67256,51109,3.256,10.200,33.211
20676,1,0,1,0.500,74436,57695,3.240,6.900,22.356
20716,1,0,1,0.500,83579,69650,3.240,6.900,22.356
20756,1,0,1,0.500,93547,93008,3.240,6.900,22.356
20796,1,0,1,0.500,102812,110113,3.232,4.800,15.514
20836,1,0,1,0.500,112570,128731,3.232,4.800,15.514
20876,1,0,1,0.500,117245,138456,3.256,10.200,33.211
20916,1,0,1,0.500,119010,142374,3.256,10.200,33.211
20956,1,0,1,0.500,119655,143777,3.256,10.200,33.211
20996,1,0,1,0.500,118931,142088,3.280,16.500,54.120
21036,1,0,1,0.500,107065,117935,3.280,16.500,54.120
21076,1,0,1,0.500,79111,66733,3.284,16.100,52.872
21116,1,0,1,0.500,56651,47548,3.284,16.100,52.872
21156,1,0,1,0.500,85045,79901,3.284,16.100,52.872
21196,1,0,1,0.500,111293,120209,3.256,10.300,33.537
21236,1,0,1,0.500,107492,113638,3.256,10.300,33.537
21276,1,0,1,0.500,105476,107300,3.240,8.300,26.892
21316,1,0,1,0.500,112176,106979,3.240,8.300,26.892
21356,1,0,1,0.500,109230,114489,3.240,8.300,26.892
21396,1,0,1,0.500,99616,88024,3.232,5.700,18.422
21436,1,0,1,0.500,83131,66998,3.232,5.700,18.422
21476,1,0,1,0.500,74069,57339,3.260,11.200,36.512
21516,1,0,1,0.500,74659,58703,3.260,11.200,36.512
21556,1,0,1,0.500,74105,60034,3.260,11.200,36.512
21596,1,0,1,0.500,87966,75341,3.288,16.200,53.266
21636,1,0,1,0.500,80519,65493,3.288,16.200,53.266
21676,1,0,1,0.500,75139,60509,3.276,14.700,48.157
21716,1,0,1,0.500,88758,82701,3.276,14.700,48.157
21756,1,0,1,0.500,93214,89964,3.276,14.700,48.157
21796,1,0,1,0.500,108955,114154,3.248,9.400,30.531
21836,1,0,1,0.500,105359,103463,3.248,9.400,30.531
21876,1,0,1,0.500,99835,97938,3.220,4.600,14.812
21916,1,0,1,0.500,94098,89015,3.220,4.600,14.812
21956,1,0,1,0.500,105288,108111,3.220,4.600,14.812
21996,1,0,1,0.500,104891,108415,3.236,6.600,21.358
22036,1,0,1,0.500,108911,114849,3.236,6.600,21.358
22076,1,0,1,0.500,111846,113178,3.284,12.000,39.408
22116,1,0,1,0.500,115051,108779,3.284,12.000,39.408
22156,1,0,1,0.500,119222,112064,3.284,12.000,39.408
22196,1,0,1,0.500,119074,118043,3.288,17.100,56.225
22236,1,0,1,0.500,114878,117078,3.288,17.100,56.225
22276,1,0,1,0.500,113430,116875,3.272,13.300,43.518
22316,1,0,1,0.500,110592,114606,3.272,13.300,43.518
22356,1,0,1,0.500,115723,108910,3.272,13.300,43.518
22396,1,0,1,0.500,96012,90447,3.244,8.500,27.574
22436,1,0,1,0.500,50566,58971,3.244,8.500,27.574
22476,1,0,1,0.500,25406,35750,3.224,4.500,14.508
22516,1,0,1,0.500,14188,23928,3.224,4.500,14.508
22556,1,0,1,0.500,13731,23594,3.224,4.500,14.508
22596,1,0,1,0.500,36933,51373,3.284,7.000,22.988
22636,1,0,1,0.500,47698,62634,3.284,7.000,22.988
22676,1,0,1,0.500,54995,66896,3.284,12.800,42.035
22716,1,0,1,0.500,49197,57043,3.284,12.800,42.035
22756,1,0,1,0.500,41301,48557,3.284,12.800,42.035
22797,1,0,1,0.500,39430,46375,3.284,17.000,55.828
22836,1,0,1,0.500,56947,65705,3.284,17.000,55.828
22877,1,0,1,0.500,94973,93358,3.264,12.300,40.147
22917,1,0,1,0.500,69722,60086,3.264,12.300,40.147
22956,1,0,1,0.500,62918,50504,3.264,12.300,40.147
22997,1,0,1,0.500,75857,58989,3.240,4.800,15.552
23036,1,0,1,0.500,65519,51287,3.240,4.800,15.552
23077,1,0,1,0.500,78490,64306,3.288,4.700,15.454
23117,1,0,1,0.500,84798,69368,3.288,4.700,15.454
23156,1,0,1,0.500,63581,50089,3.288,4.700,15.454
23197,1,0,1,0.500,45468,37826,3.288,8.600,28.277
23237,1,0,1,0.500,42994,44291,3.288,8.600,28.277
23277,1,0,1,0.500,36061,42625,3.284,13.300,43.677
23317,1,0,1,0.500,47331,52683,3.284,13.300,43.677
23357,1,0,1,0.500,70719,74950,3.284,13.300,43.677
23397,1,0,1,0.500,104083,101759,3.284,16.500,54.186
23437,1,0,1,0.500,105714,99990,3.284,16.500,54.186
23477,1,0,1,0.500,87934,83016,3.264,4.200,13.709
23517,1,0,1,0.500,81121,74909,3.264,4.200,13.709
23557,1,0,1,0.500,100297,90920,3.264,4.200,13.709
23597,1,0,1,0.500,105820,94556,3.284,4.700,15.435
23637,1,0,1,0.500,98179,84336,3.284,4.700,15.435
23677,1,0,1,0.500,92190,79353,3.284,5.000,16.420
23717,1,0,1,0.500,104503,97022,3.284,5.000,16.420
23757,1,0,1,0.500,112231,103352,3.284,5.000,16.420
23797,1,0,1,0.500,92274,88709,3.284,10.000,32.840
23837,1,0,1,0.500,88828,92979,3.284,10.000,32.840
23877,1,0,1,0.500,69009,76235,3.284,15.300,50.245
23917,1,0,1,0.500,48409,54752,3.284,15.300,50.245
23957,1,0,1,0.500,36281,38781,3.284,15.300,50.245
23997,1,0,1,0.500,41592,36478,3.284,4.500,14.778
24037,1,0,1,0.500,43036,35105,3.284,4.500,14.778
24077,1,0,1,0.500,76719,65678,3.264,4.500,14.688
24117,1,0,1,0.500,111880,103233,3.264,4.500,14.688
24157,1,0,1,0.500,98564,83198,3.264,4.500,14.688
24197,1,0,1,0.500,88844,73688,3.288,4.500,14.796
24237,1,0,1,0.500,94555,79323,3.288,4.500,14.796
24277,1,0,1,0.500,93943,78748,3.284,5.000,16.420
24317,1,0,1,0.500,85457,73094,3.284,5.000,16.420
24357,1,0,1,0.500,104106,94497,3.284,5.000,16.420
24397,1,0,1,0.500,119278,111913,3.284,10.400,34.154
24437,1,0,1,0.500,114682,105452,3.284,10.400,34.154
24477,1,0,1,0.500,97123,87314,3.284,4.500,14.778
24517,1,0,1,0.500,100120,90820,3.284,4.500,14.778
24557,1,0,1,0.500,89649,79077,3.284,4.500,14.778
24597,1,0,1,0.500,105730,96781,3.280,4.600,15.088
24637,1,0,1,0.500,111651,100898,3.280,4.600,15.088
24677,1,0,1,0.500,87977,76908,3.284,4.500,14.778
24717,1,0,1,0.500,87825,76694,3.284,4.500,14.778
24757,1,0,1,0.500,92304,79869,3.284,4.500,14.778
24797,1,0,1,0.500,105041,96117,3.284,4.700,15.435
24837,1,0,1,0.500,108402,111139,3.284,4.700,15.435
24877,1,0,1,0.500,113010,114359,3.284,5.200,17.077
24917,1,0,1,0.500,107255,110639,3.284,5.200,17.077
24957,1,0,1,0.500,106473,110371,3.284,5.200,17.077
24997,1,0,1,0.500,107799,112073,3.288,4.500,14.796
25037,1,0,1,0.500,108366,112244,3.288,4.500,14.796
25077,1,0,1,0.500,108456,101456,3.284,4.600,15.106
25117,1,0,1,0.500,108783,106244,3.284,4.600,15.106
25157,1,0,1,0.500,107967,114241,3.284,4.600,15.106
25197,1,0,1,0.500,109471,115863,3.284,4.600,15.106
25237,1,0,1,0.500,109078,115525,3.284,4.600,15.106
25277,1,0,1,0.500,103560,99989,3.284,4.600,15.106
25317,1,0,1,0.500,82134,70460,3.284,4.600,15.106
25357,1,0,1,0.500,69376,70591,3.284,4.600,15.106
25397,1,0,1,0.500,88339,89928,3.284,4.400,14.450
25437,1,0,1,0.500,111151,107178,3.284,4.400,14.450
25477,1,0,1,0.500,114940,110609,3.284,4.600,15.106
25517,1,0,1,0.500,109920,101927,3.284,4.600,15.106
25557,1,0,1,0.500,85691,70451,3.284,4.600,15.106
25597,1,0,1,0.500,72377,57393,3.288,4.500,14.796
25637,1,0,1,0.500,85740,71905,3.288,4.500,14.796
25677,1,0,1,0.500,80810,64907,3.284,4.500,14.778
25717,1,0,1,0.500,75934,59987,3.284,4.500,14.778
25757,1,0,1,0.500,67075,51849,3.284,4.500,14.778
25797,1,0,1,0.500,79863,65079,3.284,4.800,15.763
25837,1,0,1,0.500,79532,65186,3.284,4.800,15.763
25877,1,0,1,0.500,100367,91659,3.284,4.600,15.106
25917,1,0,1,0.500,108439,102203,3.284,4.600,15.106
25957,1,0,1,0.500,109150,99183,3.284,4.600,15.106
25997,1,0,1,0.500,114420,108650,3.284,4.600,15.106
26037,1,0,1,0.500,117862,112800,3.284,4.600,15.106
26077,1,0,1,0.500,110799,101115,3.284,4.600,15.106
26117,1,0,1,0.500,105560,100193,3.284,4.600,15.106
26157,1,0,1,0.500,107732,105657,3.284,4.600,15.106
26197,1,0,1,0.500,110654,107591,3.280,4.700,15.416
26237,1,0,1,0.500,111023,105862,3.280,4.700,15.416
26278,1,0,1,0.500,92037,91798,3.284,4.500,14.778
26317,1,0,1,0.500,73567,73687,3.284,4.500,14.778
26357,1,0,1,0.500,57271,55571,3.284,4.500,14.778
26398,1,0,1,0.500,57483,51918,3.284,4.500,14.778
26437,1,0,1,0.500,66097,59426,3.284,4.500,14.778
26478,1,0,1,0.500,89464,80149,3.284,4.600,15.106
26518,1,0,1,0.500,104034,95937,3.284,4.600,15.106
26557,1,0,1,0.500,106380,98138,3.284,4.600,15.106
26598,1,0,1,0.500,89775,77188,3.280,4.500,14.760
26637,1,0,1,0.500,99930,98304,3.280,4.500,14.760
26678,1,0,1,0.500,98145,95527,3.284,4.500,14.778
26718,1,0,1,0.500,73992,58291,3.284,4.500,14.778
26757,1,0,1,0.500,71265,56084,3.284,4.500,14.778
26798,1,0,1,0.500,73738,60308,3.284,4.700,15.435
26838,1,0,1,0.500,53419,40587,3.284,4.700,15.435
26878,1,0,1,0.500,61599,48226,3.284,4.700,15.435
26918,1,0,1,0.500,75644,63520,3.284,4.700,15.435
26958,1,0,1,0.500,75154,62886,3.284,4.700,15.435
26998,1,0,1,0.500,80983,71961,3.280,4.200,13.776
27038,1,0,1,0.500,92800,92785,3.280,4.200,13.776
27077,1,0,1,0.500,76566,74504,3.284,4.400,14.450
27118,1,0,1,0.500,66240,57854,3.284,4.400,14.450
27158,1,0,1,0.500,60992,52160,3.284,4.400,14.450
27198,1,0,1,0.500,72957,65495,3.284,4.800,15.763
27238,1,0,1,0.500,89169,85112,3.284,4.800,15.763
27277,1,0,1,0.500,83558,86317,3.284,4.400,14.450
27318,1,0,1,0.500,101253,99373,3.284,4.400,14.450
27358,1,0,1,0.500,109713,102768,3.284,4.400,14.450
27398,1,0,1,0.500,111096,102750,3.284,4.800,15.763
27438,1,0,1,0.500,113667,111681,3.284,4.800,15.763
27478,1,0,1,0.500,116372,111088,3.284,4.400,14.450
27518,1,0,1,0.500,105481,94427,3.284,4.400,14.450
27558,1,0,1,0.500,73439,60967,3.284,4.400,14.450
27598,1,0,1,0.500,43613,34473,3.284,4.500,14.778
27638,1,0,1,0.500,33407,27046,3.284,4.500,14.778
27678,1,0,1,0.500,34195,26932,3.284,5.400,17.734
27718,1,0,1,0.500,35806,28220,3.284,5.400,17.734
27758,1,0,1,0.500,32993,26944,3.284,5.400,17.734
27798,1,0,1,0.500,30966,25350,3.284,4.400,14.450
27838,1,0,1,0.500,28423,23283,3.284,4.400,14.450
27878,1,0,1,0.500,23745,19506,3.284,4.600,15.106
27918,1,0,1,0.500,19075,15466,3.284,4.600,15.106
27958,1,0,1,0.500,17344,13886,3.284,4.600,15.106
27998,1,0,1,0.500,13806,10721,3.284,4.300,14.121
28038,1,0,1,0.500,12509,9695,3.284,4.300,14.121
28078,1,0,1,0.500,11615,8920,3.284,4.400,14.450
28118,1,0,1,0.500,9972,7710,3.284,4.400,14.450
28158,1,0,1,0.500,8713,6796,3.284,4.400,14.450
28198,1,0,1,0.500,9533,7631,3.288,4.500,14.796
28238,1,0,1,0.500,9415,7644,3.288,4.500,14.796
28278,1,0,1,0.500,13311,11379,3.284,4.700,15.435
28318,1,0,1,0.500,21059,18341,3.284,4.700,15.435
28358,1,0,1,0.500,28163,26224,3.284,4.700,15.435
28398,1,0,1,0.500,36629,35747,3.284,4.600,15.106
28438,1,0,1,0.500,36225,37192,3.284,4.600,15.106
28478,1,0,1,0.500,28912,29424,3.284,4.600,15.106
28518,1,0,1,0.500,31626,30285,3.284,4.600,15.106
28558,1,0,1,0.500,26318,25231,3.284,4.600,15.106
28598,1,0,1,0.500,22529,21820,3.284,4.500,14.778
28638,1,0,1,0.500,21091,19710,3.284,4.500,14.778
28678,1,0,1,0.500,26310,23951,3.280,4.600,15.088
28718,1,0,1,0.500,25055,22693,3.280,4.600,15.088
28758,1,0,1,0.500,23115,21096,3.280,4.600,15.088
28798,1,0,1,0.500,26131,23683,3.284,4.600,15.106
28838,1,0,1,0.500,36219,31299,3.284,4.600,15.106
28878,1,0,1,0.500,46190,40059,3.284,4.600,15.106
28918,1,0,1,0.500,36990,33086,3.284,4.600,15.106
28958,1,0,1,0.500,30918,28273,3.284,4.600,15.106
28998,1,0,1,0.500,46319,41453,3.280,4.400,14.432
29038,1,0,1,0.500,62266,52174,3.280,4.400,14.432
29078,1,0,1,0.500,47123,39678,3.284,4.600,15.106
29118,1,0,1,0.500,28051,25567,3.284,4.600,15.106
29158,1,0,1,0.500,16924,16395,3.284,4.600,15.106
29198,1,0,1,0.500,11935,11504,3.284,4.500,14.778
29238,1,0,1,0.500,10769,9901,3.284,4.500,14.778
29278,1,0,1,0.500,10074,8913,3.284,4.500,14.778
29318,1,0,1,0.500,12134,10843,3.284,4.500,14.778
29358,1,0,1,0.500,12468,10825,3.284,4.500,14.778
29398,1,0,1,0.500,11686,10066,3.284,4.800,15.763
29438,1,0,1,0.500,10882,9346,3.284,4.800,15.763
29478,1,0,1,0.500,10717,9229,3.284,4.400,14.450
29518,1,0,1,0.500,8351,7222,3.284,4.400,14.450
29558,1,0,1,0.500,5138,4542,3.284,4.400,14.450
29598,1,0,1,0.500,4495,3927,3.284,4.700,15.435
29638,1,0,1,0.500,5303,4509,3.284,4.700,15.435
29679,1,0,1,0.500,12245,10357,3.288,4.600,15.125
29718,1,0,1,0.500,8659,6849,3.288,4.600,15.125
29758,1,0,1,0.500,5927,4946,3.288,4.600,15.125
29799,1,0,1,0.500,7184,5805,3.288,4.500,14.796
29838,1,0,1,0.500,7423,5942,3.288,4.500,14.796
29878,1,0,1,0.500,9228,7457,3.284,4.700,15.435
29919,1,0,1,0.500,12131,10087,3.284,4.700,15.435
29958,1,0,1,0.500,20105,17533,3.284,4.700,15.435
29998,1,0,1,0.500,29180,24973,3.288,4.600,15.125
30039,1,0,1,0.500,33113,29350,3.288,4.600,15.125
30078,1,0,1,0.500,40805,40408,3.284,4.600,15.106
30119,1,0,1,0.500,79968,75974,3.284,4.600,15.106
30159,1,0,1,0.500,100399,91392,3.284,4.600,15.106
30198,1,0,1,0.500,115242,104045,3.284,4.500,14.778
30239,1,0,1,0.500,118912,109212,3.284,4.500,14.778
30278,1,0,1,0.500,116576,112848,3.284,4.300,14.121
30319,1,0,1,0.500,111330,113843,3.284,4.300,14.121
30359,1,0,1,0.500,113987,113495,3.284,4.300,14.121
30399,1,0,1,0.500,109665,97480,3.288,4.500,14.796
30439,1,0,1,0.500,65919,55281,3.288,4.500,14.796
30478,1,0,1,0.500,46769,37445,3.284,4.700,15.435
30519,1,0,1,0.500,43605,33652,3.284,4.700,15.435
30559,1,0,1,0.500,47075,35803,3.284,4.700,15.435
30598,1,0,1,0.500,53545,39966,3.284,4.700,15.435
30639,1,0,1,0.500,43082,31353,3.284,4.700,15.435
30679,1,0,1,0.500,25472,18562,3.284,4.600,15.106
30719,1,0,1,0.500,23421,17085,3.284,4.600,15.106
30759,1,0,1,0.500,54294,43348,3.284,4.600,15.106
30799,1,0,1,0.500,99091,86780,3.284,4.500,14.778
30839,1,0,1,0.500,108819,117834,3.284,4.500,14.778
30879,1,0,1,0.500,111625,123900,3.288,4.500,14.796
30919,1,0,1,0.500,111099,122337,3.288,4.500,14.796
30959,1,0,1,0.500,102215,96741,3.288,4.500,14.796
30999,1,0,1,0.500,33204,24306,3.288,4.400,14.467
31039,1,0,1,0.500,27689,22042,3.288,4.400,14.467
31079,1,0,1,0.500,82924,81483,3.284,4.500,14.778
31119,1,0,1,0.500,111427,120465,3.284,4.500,14.778
31159,1,0,1,0.500,109693,117499,3.284,4.500,14.778
31199,1,0,1,0.500,106953,102250,3.284,4.600,15.106
31239,1,0,1,0.500,105815,101142,3.284,4.600,15.106
31279,1,0,1,0.500,102694,95712,3.284,4.700,15.435
31319,1,0,1,0.500,92549,81839,3.284,4.700,15.435
31359,1,0,1,0.500,100624,101363,3.284,4.700,15.435
31399,1,0,1,0.500,102789,106041,3.284,4.700,15.435
31439,1,0,1,0.500,95539,92781,3.284,4.700,15.435
31479,1,0,1,0.500,70387,54212,3.284,4.400,14.450
31519,1,0,1,0.500,82655,74096,3.284,4.400,14.450
31559,1,0,1,0.500,90685,85282,3.284,4.400,14.450
31599,1,0,1,0.500,92338,88107,3.284,4.800,15.763
31639,1,0,1,0.500,96054,94831,3.284,4.800,15.763
31679,1,0,1,0.500,89034,83778,3.284,4.500,14.778
31719,1,0,1,0.500,82013,68522,3.284,4.500,14.778
31759,1,0,1,0.500,81067,66985,3.284,4.500,14.778
31799,1,0,1,0.500,102828,98255,3.288,4.700,15.454
31839,1,0,1,0.500,109119,105254,3.288,4.700,15.454
31879,1,0,1,0.500,109064,115742,3.284,4.800,15.763
31919,1,0,1,0.500,112513,120160,3.284,4.800,15.763
31959,1,0,1,0.500,111937,119349,3.284,4.800,15.763
31999,1,0,1,0.500,106993,111856,3.284,4.500,14.778
32039,1,0,1,0.500,106214,96349,3.284,4.500,14.778
32079,1,0,1,0.500,101052,86655,3.288,4.500,14.796
32119,1,0,1,0.500,106882,97675,3.288,4.500,14.796
32159,1,0,1,0.500,105319,96182,3.288,4.500,14.796
32199,1,0,1,0.500,106725,95548,3.288,4.500,14.796
32239,1,0,1,0.500,106951,93782,3.288,4.500,14.796
32279,1,0,1,0.500,101944,85859,3.288,4.800,15.782
32319,1,0,1,0.500,86355,71669,3.288,4.800,15.782
32359,1,0,1,0.500,97018,81825,3.288,4.800,15.782
32399,1,0,1,0.500,97419,81373,3.288,4.700,15.454
32439,1,0,1,0.500,90222,75181,3.288,4.700,15.454
32479,1,0,1,0.500,109332,108921,3.284,4.500,14.778
32519,1,0,1,0.500,109513,116429,3.284,4.500,14.778
32559,1,0,1,0.500,108261,108787,3.284,4.500,14.778
32599,1,0,1,0.500,95112,78053,3.284,4.600,15.106
32639,1,0,1,0.500,71474,56266,3.284,4.600,15.106
32679,1,0,1,0.500,103055,95182,3.284,4.600,15.106
32719,1,0,1,0.500,108241,113160,3.284,4.600,15.106
32759,1,0,1,0.500,106926,106374,3.284,4.600,15.106
32799,1,0,1,0.500,62379,46631,3.284,4.600,15.106
32839,1,0,1,0.500,41003,30828,3.284,4.600,15.106
32879,1,0,1,0.500,83785,78059,3.284,4.400,14.450
32919,1,0,1,0.500,107431,113172,3.284,4.400,14.450
32959,1,0,1,0.500,100218,94582,3.284,4.400,14.450
32999,1,0,1,0.500,45462,32372,3.284,4.600,15.106
33039,1,0,1,0.500,25414,18585,3.284,4.600,15.106
33079,1,0,1,0.500,52430,40991,3.284,4.200,13.793
33119,1,0,1,0.500,86334,72317,3.284,4.200,13.793
33159,1,0,1,0.500,96851,91267,3.284,4.200,13.793
33199,1,0,1,0.500,67150,49561,3.284,4.500,14.778
33239,1,0,1,0.500,39849,27180,3.284,4.500,14.778
33279,1,0,1,0.500,22289,15035,3.284,4.600,15.106
33319,1,0,1,0.500,26572,18786,3.284,4.600,15.106
33360,1,0,1,0.500,67306,53701,3.284,4.600,15.106
33399,1,0,1,0.500,99637,85233,3.288,4.600,15.125
33439,1,0,1,0.500,98014,83154,3.288,4.600,15.125
33479,1,0,1,0.500,95192,79483,3.284,4.200,13.793
33519,1,0,1,0.500,86512,69834,3.284,4.200,13.793
33559,1,0,1,0.500,77623,61470,3.284,4.200,13.793
33599,1,0,1,0.500,83559,67712,3.284,4.500,14.778
33639,1,0,1,0.500,88504,71951,3.284,4.500,14.778
33680,1,0,1,0.500,86056,69076,3.288,4.400,14.467
33719,1,0,1,0.500,88627,71939,3.288,4.400,14.467
33759,1,0,1,0.500,88696,71963,3.288,4.400,14.467
33800,1,0,1,0.500,86107,70245,3.284,4.300,14.121
33839,1,0,1,0.500,79795,65397,3.284,4.300,14.121
33880,1,0,1,0.500,66630,55006,3.284,4.700,15.435
33920,1,0,1,0.500,50605,40981,3.284,4.700,15.435
33959,1,0,1,0.500,45420,36214,3.284,4.700,15.435
34000,1,0,1,0.500,36126,28665,3.288,4.600,15.125
34040,1,0,1,0.500,27349,21312,3.288,4.600,15.125
34080,1,0,1,0.500,25996,20796,3.284,4.500,14.778
34120,1,0,1,0.500,25157,20036,3.284,4.500,14.778
34160,1,0,1,0.500,23321,18144,3.284,4.500,14.778
34200,1,0,1,0.500,21434,16309,3.288,4.700,15.454
34240,1,0,1,0.500,22077,16822,3.288,4.700,15.454
34280,1,0,1,0.500,23232,17489,3.288,4.500,14.796
34320,1,0,1,0.500,22466,16753,3.288,4.500,14.796
34360,1,0,1,0.500,21730,16244,3.288,4.500,14.796
34400,1,0,1,0.500,21340,15851,3.284,4.600,15.106
34440,1,0,1,0.500,20170,14842,3.284,4.600,15.106
34480,1,0,1,0.500,19431,14268,3.288,4.500,14.796
34520,1,0,1,0.500,19390,14001,3.288,4.500,14.796
34560,1,0,1,0.500,19440,13889,3.288,4.500,14.796
34600,1,0,1,0.500,20626,14942,3.288,4.500,14.796
34640,1,0,1,0.500,21512,15622,3.288,4.500,14.796
34680,1,0,1,0.500,20535,14891,3.284,4.500,14.778
34720,1,0,1,0.500,19145,14048,3.284,4.500,14.778
34760,1,0,1,0.500,18822,14001,3.284,4.500,14.778
34800,1,0,1,0.500,16855,12261,3.284,4.600,15.106
34840,1,0,1,0.500,14487,10370,3.284,4.600,15.106
34880,1,0,1,0.500,12881,9033,3.284,4.700,15.435
34920,1,0,1,0.500,13416,9354,3.284,4.700,15.435
34960,1,0,1,0.500,14355,9975,3.284,4.700,15.435
35000,1,0,1,0.500,14328,10219,3.284,4.500,14.778
35040,1,0,1,0.500,17136,12871,3.284,4.500,14.778
35080,1,0,1,0.500,23899,18302,3.284,4.600,15.106
35120,1,0,1,0.500,26242,20503,3.284,4.600,15.106
35160,1,0,1,0.500,24423,19496,3.284,4.600,15.106
35200,1,0,1,0.500,27068,21286,3.284,4.700,15.435
35240,1,0,1,0.500,51360,40559,3.284,4.700,15.435
35280,1,0,1,0.500,102112,93080,3.284,4.700,15.435
35320,1,0,1,0.500,109667,109585,3.284,4.700,15.435
35360,1,0,1,0.500,107901,99909,3.284,4.700,15.435
35400,1,0,1,0.500,91018,73877,3.288,4.600,15.125
35440,1,0,1,0.500,66560,49915,3.288,4.600,15.125
35480,1,0,1,0.500,42322,30723,3.284,4.600,15.106
35520,1,0,1,0.500,28977,20531,3.284,4.600,15.106
35560,1,0,1,0.500,24678,17296,3.284,4.600,15.106
35600,1,0,1,0.500,20649,14209,3.284,4.700,15.435
35640,1,0,1,0.500,17395,11761,3.284,4.700,15.435
35680,1,0,1,0.500,16817,11297,3.288,4.600,15.125
35720,1,0,1,0.500,14155,9303,3.288,4.600,15.125
35760,1,0,1,0.500,11275,7279,3.288,4.600,15.125
35800,1,0,1,0.500,11657,7595,3.284,4.400,14.450
35840,1,0,1,0.500,12110,7879,3.284,4.400,14.450
35880,1,0,1,0.500,10217,6538,3.288,4.700,15.454
35920,1,0,1,0.500,9062,5894,3.288,4.700,15.454
35960,1,0,1,0.500,9286,6091,3.288,4.700,15.454
36000,1,0,1,0.500,9831,6411,3.284,4.500,14.778
36040,1,0,1,0.500,10487,6862,3.284,4.500,14.778
36080,1,0,1,0.500,10273,6764,3.284,4.600,15.106
36120,1,0,1,0.500,9604,6330,3.284,4.600,15.106
36160,1,0,1,0.500,11304,7410,3.284,4.600,15.106
36200,1,0,1,0.500,12808,8440,3.284,4.600,15.106
36240,1,0,1,0.500,18248,13121,3.284,4.600,15.106
36280,1,0,1,0.500,35026,27139,3.284,4.700,15.435
36320,1,0,1,0.500,60363,49807,3.284,4.700,15.435
36360,1,0,1,0.500,64132,52009,3.284,4.700,15.435
36400,1,0,1,0.500,45300,34434,3.288,4.500,14.796
36440,1,0,1,0.500,24869,19375,3.288,4.500,14.796
36480,1,0,1,0.500,14584,11875,3.284,4.600,15.106
36520,1,0,1,0.500,16247,12890,3.284,4.600,15.106
36560,1,0,1,0.500,13549,10340,3.284,4.600,15.106
36600,1,0,1,0.500,11010,8450,3.284,4.400,14.450
36640,1,0,1,0.500,9618,7365,3.284,4.400,14.450
36680,1,0,1,0.500,9019,6880,3.284,4.700,15.435
36720,1,0,1,0.500,9432,7179,3.284,4.700,15.435
36760,1,0,1,0.500,10065,7645,3.284,4.700,15.435
36800,1,0,1,0.500,10825,8211,3.288,4.400,14.467
36840,1,0,1,0.500,10731,8125,3.288,4.400,14.467
36881,1,0,1,0.500,10296,7829,3.284,4.500,14.778
36920,1,0,1,0.500,10091,7656,3.284,4.500,14.778
36960,1,0,1,0.500,10036,7607,3.284,4.500,14.778
37001,1,0,1,0.500,10331,7788,3.284,4.800,15.763
37040,1,0,1,0.500,9867,7350,3.284,4.800,15.763
37080,1,0,1,0.500,9633,7125,3.288,4.700,15.454
37121,1,0,1,0.500,9910,7359,3.288,4.700,15.454
37160,1,0,1,0.500,9825,7238,3.288,4.700,15.454
37201,1,0,1,0.500,9345,6823,3.284,4.400,14.450
37241,1,0,1,0.500,9238,6707,3.284,4.400,14.450
37280,1,0,1,0.500,9489,6902,3.284,4.400,14.450
37320,1,0,1,0.500,10036,7280,3.284,4.400,14.450
37361,1,0,1,0.500,10184,7361,3.284,4.400,14.450
37400,1,0,1,0.500,10240,7334,3.288,4.600,15.125
37441,1,0,1,0.500,10027,7154,3.288,4.600,15.125
37480,1,0,1,0.500,9514,6782,3.288,4.500,14.796
37520,1,0,1,0.500,8547,6030,3.288,4.500,14.796
37561,1,0,1,0.500,10200,7223,3.288,4.500,14.796
37601,1,0,1,0.500,14306,10490,3.288,4.600,15.125
37640,1,0,1,0.500,21755,16666,3.288,4.600,15.125
37681,1,0,1,0.500,36296,30231,3.284,4.600,15.106
37721,1,0,1,0.500,43082,37294,3.284,4.600,15.106
37761,1,0,1,0.500,33895,27711,3.284,4.600,15.106
37801,1,0,1,0.500,34194,29156,3.284,4.400,14.450
37841,1,0,1,0.500,37053,34084,3.284,4.400,14.450
37881,1,0,1,0.500,66875,60343,3.284,4.400,14.450
37921,1,0,1,0.500,94110,77988,3.284,4.400,14.450
37961,1,0,1,0.500,97516,83755,3.284,4.400,14.450
38001,1,0,1,0.500,89675,73496,3.284,4.400,14.450
38041,1,0,1,0.500,87352,72099,3.284,4.400,14.450
38081,1,0,1,0.500,78446,64355,3.288,4.400,14.467
38121,1,0,1,0.500,62212,46929,3.288,4.400,14.467
38161,1,0,1,0.500,60377,43962,3.288,4.400,14.467
38201,1,0,1,0.500,70669,54754,3.288,4.600,15.125
38241,1,0,1,0.500,75062,58447,3.288,4.600,15.125
38281,1,0,1,0.500,63015,46540,3.288,4.400,14.467
38321,1,0,1,0.500,49695,34881,3.288,4.400,14.467
38361,1,0,1,0.500,34927,24338,3.288,4.400,14.467
38401,1,0,1,0.500,18256,13306,3.288,4.300,14.138
38441,1,0,1,0.500,15468,11344,3.288,4.300,14.138
38481,1,0,1,0.500,13205,9371,3.284,4.400,14.450
38521,1,0,1,0.500,12100,8641,3.284,4.400,14.450
38561,1,0,1,0.500,10868,7787,3.284,4.400,14.450
38601,1,0,1,0.500,9975,7256,3.284,4.800,15.763
38641,1,0,1,0.500,9986,7272,3.284,4.800,15.763
38681,1,0,1,0.500,11067,8127,3.288,4.600,15.125
38721,1,0,1,0.500,11619,8567,3.288,4.600,15.125
38761,1,0,1,0.500,12191,9094,3.288,4.600,15.125
38801,1,0,1,0.500,12119,9002,3.288,4.500,14.796
38841,1,0,1,0.500,11209,8193,3.288,4.500,14.796
38881,1,0,1,0.500,11058,8032,3.284,4.400,14.450
38921,1,0,1,0.500,10730,7688,3.284,4.400,14.450
38961,1,0,1,0.500,9404,6609,3.284,4.400,14.450
39001,1,0,1,0.500,9266,6541,3.284,4.600,15.106
39041,1,0,1,0.500,10462,7448,3.284,4.600,15.106
39081,1,0,1,0.500,13556,9635,3.288,4.500,14.796
39121,1,0,1,0.500,16462,12012,3.288,4.500,14.796
39161,1,0,1,0.500,17601,13186,3.288,4.500,14.796
39201,1,0,1,0.500,25292,20125,3.284,4.600,15.106
39241,1,0,1,0.500,66919,63846,3.284,4.600,15.106
39281,1,0,1,0.500,103288,104289,3.284,4.400,14.450
39321,1,0,1,0.500,101801,104582,3.284,4.400,14.450
39361,1,0,1,0.500,105904,96612,3.284,4.400,14.450
39401,1,0,1,0.500,67616,56739,3.288,4.600,15.125
39441,1,0,1,0.500,54784,46596,3.288,4.600,15.125
39481,1,0,1,0.500,80653,68813,3.284,4.600,15.106
39521,1,0,1,0.500,108118,108574,3.284,4.600,15.106
39561,1,0,1,0.500,105066,112284,3.284,4.600,15.106
39601,1,0,1,0.500,106162,113500,3.284,4.700,15.435
39641,1,0,1,0.500,105368,110274,3.284,4.700,15.435
39681,1,0,1,0.500,84470,69610,3.288,4.600,15.125
39721,1,0,1,0.500,23410,17971,3.288,4.600,15.125
39761,1,0,1,0.500,7335,5680,3.288,4.600,15.125
39801,1,0,1,0.500,4184,3379,3.288,4.600,15.125
39841,1,0,1,0.500,3083,2626,3.288,4.600,15.125
39881,1,0,1,0.500,2344,2080,3.284,4.200,13.793
39921,1,0,1,0.500,2091,1924,3.284,4.200,13.793
39961,1,0,1,0.500,2160,1942,3.284,4.200,13.793
40001,1,0,1,0.500,1941,1809,3.288,4.400,14.467
40041,1,0,1,0.500,1957,1808,3.288,4.400,14.467
40081,1,0,1,0.500,1979,1806,3.284,4.500,14.778
40121,1,0,1,0.500,1918,1760,3.284,4.500,14.778
40161,1,0,1,0.500,1913,1744,3.284,4.500,14.778
40201,1,0,1,0.500,1953,1731,3.288,4.700,15.454
40241,1,0,1,0.500,1924,1657,3.288,4.700,15.454
40281,1,0,1,0.500,1924,1577,3.284,4.500,14.778
40321,1,0,1,0.500,1975,1550,3.284,4.500,14.778
40361,1,0,1,0.500,1953,1526,3.284,4.500,14.778
40401,1,0,1,0.500,1938,1557,3.284,4.700,15.435
40441,1,0,1,0.500,1949,1643,3.284,4.700,15.435
40481,1,0,1,0.500,2067,1768,3.284,4.200,13.793
40521,1,0,1,0.500,2496,2143,3.284,4.200,13.793
40561,1,0,1,0.500,4115,3503,3.284,4.200,13.793
40601,1,0,1,0.500,7599,7118,3.288,4.500,14.796
40641,1,0,1,0.500,15147,14834,3.288,4.500,14.796
40682,1,0,1,0.500,39072,38862,3.284,4.900,16.092
40721,1,0,1,0.500,95330,97290,3.284,4.900,16.092
40761,1,0,1,0.500,111575,114288,3.284,4.900,16.092
40802,1,0,1,0.500,60511,47182,3.288,4.400,14.467
40841,1,0,1,0.500,44306,38881,3.288,4.400,14.467
40882,1,0,1,0.500,95970,91501,3.288,4.600,15.125
40922,1,0,1,0.500,118463,113955,3.288,4.600,15.125
40961,1,0,1,0.500,112580,113533,3.288,4.600,15.125
41002,1,0,1,0.500,88130,73033,3.284,4.600,15.106
41042,1,0,1,0.500,41834,37255,3.284,4.600,15.106
41082,1,0,1,0.500,75438,67636,3.284,4.300,14.121
41122,1,0,1,0.500,90008,77815,3.284,4.300,14.121
41162,1,0,1,0.500,85109,81135,3.284,4.300,14.121
41202,1,0,1,0.500,96967,99630,3.284,4.600,15.106
41242,1,0,1,0.500,106660,101563,3.284,4.600,15.106
41282,1,0,1,0.500,109023,98493,3.284,4.500,14.778
41322,1,0,1,0.500,105061,93720,3.284,4.500,14.778
41362,1,0,1,0.500,90370,74053,3.284,4.500,14.778
41402,1,0,1,0.500,78782,64329,3.284,4.800,15.763
41442,1,0,1,0.500,95442,80878,3.284,4.800,15.763
41482,1,0,1,0.500,93039,88455,3.284,4.600,15.106
41522,1,0,1,0.500,92916,92578,3.284,4.600,15.106
41562,1,0,1,0.500,89567,82722,3.284,4.600,15.106
41602,1,0,1,0.500,80061,65838,3.284,4.700,15.435
41642,1,0,1,0.500,90733,83695,3.284,4.700,15.435
41682,1,0,1,0.500,91756,77136,3.284,4.400,14.450
41722,1,0,1,0.500,91390,73123,3.284,4.400,14.450
41762,1,0,1,0.500,96252,78875,3.284,4.400,14.450
41802,1,0,1,0.500,82852,65351,3.284,4.600,15.106
41842,1,0,1,0.500,62075,47338,3.284,4.600,15.106
41882,1,0,1,0.500,65025,50199,3.284,4.400,14.450
41922,1,0,1,0.500,72891,61538,3.284,4.400,14.450
41962,1,0,1,0.500,79498,72462,3.284,4.400,14.450
42002,1,0,1,0.500,65444,58170,3.288,4.600,15.125
42042,1,0,1,0.500,54803,43770,3.288,4.600,15.125
42082,1,0,1,0.500,90212,80856,3.284,4.700,15.435
42122,1,0,1,0.500,91340,72308,3.284,4.700,15.435
42162,1,0,1,0.500,79446,65155,3.284,4.700,15.435
42202,1,0,1,0.500,85517,73335,3.288,4.800,15.782
42242,1,0,1,0.500,60179,50116,3.288,4.800,15.782
42282,1,0,1,0.500,35562,27559,3.284,4.600,15.106
42322,1,0,1,0.500,74891,59389,3.284,4.600,15.106
42362,1,0,1,0.500,65568,52220,3.284,4.600,15.106
42402,1,0,1,0.500,44889,34393,3.284,4.400,14.450
42442,1,0,1,0.500,47312,36504,3.284,4.400,14.450
42482,1,0,1,0.500,41229,31277,3.288,4.500,14.796
42522,1,0,1,0.500,46898,40311,3.288,4.500,14.796
42562,1,0,1,0.500,47351,35905,3.288,4.500,14.796
42602,1,0,1,0.500,20964,15697,3.284,4.400,14.450
42642,1,0,1,0.500,21298,15657,3.284,4.400,14.450
42682,1,0,1,0.500,23834,17907,3.284,4.600,15.106
42722,1,0,1,0.500,44609,42716,3.284,4.600,15.106
42762,1,0,1,0.500,62764,51354,3.284,4.600,15.106
42802,1,0,1,0.500,21549,15596,3.284,4.500,14.778
42842,1,0,1,0.500,19804,14340,3.284,4.500,14.778
42882,1,0,1,0.500,26217,19216,3.284,4.500,14.778
42922,1,0,1,0.500,24294,17242,3.284,4.500,14.778
42962,1,0,1,0.500,31488,24221,3.284,4.500,14.778
43002,1,0,1,0.500,40633,28831,3.284,4.400,14.450
43042,1,0,1,0.500,14623,9777,3.284,4.400,14.450
43082,1,0,1,0.500,18610,12713,3.288,4.700,15.454
43122,1,0,1,0.500,28899,20301,3.288,4.700,15.454
43162,1,0,1,0.500,40504,34606,3.288,4.700,15.454
43202,1,0,1,0.500,94481,96069,3.284,4.500,14.778
43242,1,0,1,0.500,100645,86869,3.284,4.500,14.778
43282,1,0,1,0.500,67185,52535,3.288,4.600,15.125
43322,1,0,1,0.500,86136,76523,3.288,4.600,15.125
43362,1,0,1,0.500,75058,66836,3.288,4.600,15.125
43402,1,0,1,0.500,59359,48296,3.288,4.600,15.125
43442,1,0,1,0.500,103113,93184,3.288,4.600,15.125
43482,1,0,1,0.500,96410,78470,3.284,4.500,14.778
43522,1,0,1,0.500,48509,35789,3.284,4.500,14.778
43562,1,0,1,0.500,48112,41521,3.284,4.500,14.778
43602,1,0,1,0.500,29762,28366,3.288,4.600,15.125
43642,1,0,1,0.500,26616,19210,3.288,4.600,15.125
43682,1,0,1,0.500,23709,13787,3.284,4.500,14.778
43722,1,0,1,0.500,27781,17226,3.284,4.500,14.778
43762,1,0,1,0.500,41553,29136,3.284,4.500,14.778
43802,1,0,1,0.500,43926,34190,3.284,4.700,15.435
43842,1,0,1,0.500,29114,19732,3.284,4.700,15.435
43882,1,0,1,0.500,22483,13918,3.284,4.600,15.106
43922,1,0,1,0.500,25386,16399,3.284,4.600,15.106
43962,1,0,1,0.500,26750,18238,3.284,4.600,15.106
44002,1,0,1,0.500,42872,33937,3.284,4.600,15.106
44042,1,0,1,0.500,69010,59629,3.284,4.600,15.106
44083,1,0,1,0.500,52013,43531,3.284,4.500,14.778
44122,1,0,1,0.500,22249,17706,3.284,4.500,14.778
44162,1,0,1,0.500,68212,66749,3.284,4.500,14.778
44203,1,0,1,0.500,80096,65255,3.284,4.600,15.106
44242,1,0,1,0.500,69801,59121,3.284,4.600,15.106
44283,1,0,1,0.500,83416,76445,3.288,4.400,14.467
44323,1,0,1,0.500,55662,51311,3.288,4.400,14.467
44362,1,0,1,0.500,29661,28418,3.288,4.400,14.467
44403,1,0,1,0.500,70423,61708,3.284,4.900,16.092
44443,1,0,1,0.500,49208,42953,3.284,4.900,16.092
44483,1,0,1,0.500,47610,46882,3.284,4.600,15.106
44523,1,0,1,0.500,55135,54253,3.284,4.600,15.106
44562,1,0,1,0.500,50517,44573,3.284,4.600,15.106
44603,1,0,1,0.500,49130,38428,3.288,4.500,14.796
44643,1,0,1,0.500,87901,71423,3.288,4.500,14.796
44683,1,0,1,0.500,61540,47409,3.284,4.700,15.435
44723,1,0,1,0.500,45708,35120,3.284,4.700,15.435
44763,1,0,1,0.500,31823,24188,3.284,4.700,15.435
44803,1,0,1,0.500,23062,16784,3.284,4.600,15.106
44843,1,0,1,0.500,15532,10145,3.284,4.600,15.106
44883,1,0,1,0.500,14321,9003,3.284,4.700,15.435
44923,1,0,1,0.500,13203,8513,3.284,4.700,15.435
44963,1,0,1,0.500,13364,9623,3.284,4.700,15.435
45003,1,0,1,0.500,19139,16503,3.284,4.800,15.763
45043,1,0,1,0.500,23639,21916,3.284,4.800,15.763
45083,1,0,1,0.500,43907,36776,3.284,4.500,14.778
45123,1,0,1,0.500,56366,43194,3.284,4.500,14.778
45163,1,0,1,0.500,73140,60237,3.284,4.500,14.778
45203,1,0,1,0.500,93407,85196,3.284,4.600,15.106
45243,1,0,1,0.500,72352,71075,3.284,4.600,15.106
45283,1,0,1,0.500,71535,61433,3.288,4.700,15.454
45323,1,0,1,0.500,70311,55265,3.288,4.700,15.454
45363,1,0,1,0.500,59866,42475,3.288,4.700,15.454
45403,1,0,1,0.500,56655,40844,3.284,4.600,15.106
45443,1,0,1,0.500,55125,41116,3.284,4.600,15.106
45483,1,0,1,0.500,50575,38374,3.284,4.800,15.763
45523,1,0,1,0.500,49726,38479,3.284,4.800,15.763
45563,1,0,1,0.500,45848,33273,3.284,4.800,15.763
45603,1,0,1,0.500,44830,33031,3.284,4.500,14.778
45643,1,0,1,0.500,38857,28666,3.284,4.500,14.778
45683,1,0,1,0.500,43047,35892,3.284,4.600,15.106
45723,1,0,1,0.500,54612,53416,3.284,4.600,15.106
45763,1,0,1,0.500,48216,52332,3.284,4.600,15.106
45803,1,0,1,0.500,42137,40877,3.284,4.500,14.778
45843,1,0,1,0.500,24673,21343,3.284,4.500,14.778
45883,1,0,1,0.500,22164,17820,3.284,4.400,14.450
45923,1,0,1,0.500,25764,22239,3.284,4.400,14.450
45963,1,0,1,0.500,33708,32270,3.284,4.400,14.450
46003,1,0,1,0.500,33382,36622,3.284,4.800,15.763
46043,1,0,1,0.500,36309,37450,3.284,4.800,15.763
46083,1,0,1,0.500,28326,24685,3.284,4.600,15.106
46123,1,0,1,0.500,21016,14876,3.284,4.600,15.106
46163,1,0,1,0.500,24842,17037,3.284,4.600,15.106
46203,1,0,1,0.500,30921,23716,3.288,4.600,15.125
46243,1,0,1,0.500,38469,35243,3.288,4.600,15.125
46283,1,0,1,0.500,34424,35867,3.284,4.800,15.763
46323,1,0,1,0.500,27990,29327,3.284,4.800,15.763
46363,1,0,1,0.500,33013,29879,3.284,4.800,15.763
46403,1,0,1,0.500,29110,26290,3.284,4.500,14.778
46443,1,0,1,0.500,26490,22740,3.284,4.500,14.778
46483,1,0,1,0.500,33556,29675,3.288,4.600,15.125
46523,1,0,1,0.500,33711,29102,3.288,4.600,15.125
46563,1,0,1,0.500,20233,18527,3.288,4.600,15.125
46603,1,0,1,0.500,20145,19685,3.284,4.800,15.763
46643,1,0,1,0.500,20656,18411,3.284,4.800,15.763
46683,1,0,1,0.500,15229,11568,3.288,4.700,15.454
46723,1,0,1,0.500,14266,9799,3.288,4.700,15.454
46763,1,0,1,0.500,13824,9677,3.288,4.700,15.454
46803,1,0,1,0.500,12627,8948,3.284,4.500,14.778
46843,1,0,1,0.500,16212,12333,3.284,4.500,14.778
46883,1,0,1,0.500,16813,12998,3.284,4.500,14.778
46923,1,0,1,0.500,11694,8222,3.284,4.500,14.778
46963,1,0,1,0.500,9023,5367,3.284,4.500,14.778
47003,1,0,1,0.500,7013,4034,3.284,4.700,15.435
47043,1,0,1,0.500,9188,6511,3.284,4.700,15.435
47083,1,0,1,0.500,19085,16779,3.284,4.600,15.106
47123,1,0,1,0.500,18542,17524,3.284,4.600,15.106
47163,1,0,1,0.500,16369,12209,3.284,4.600,15.106
47203,1,0,1,0.500,18718,11156,3.284,4.300,14.121
47243,1,0,1,0.500,24154,14276,3.284,4.300,14.121
47283,1,0,1,0.500,35256,22469,3.284,4.400,14.450
47323,1,0,1,0.500,50292,34860,3.284,4.400,14.450
47363,1,0,1,0.500,66214,49001,3.284,4.400,14.450
47404,1,0,1,0.500,51594,35100,3.284,4.500,14.778
47443,1,0,1,0.500,54668,38718,3.284,4.500,14.778
47483,1,0,1,0.500,58688,41758,3.288,4.600,15.125
47524,1,0,1,0.500,51344,36954,3.288,4.600,15.125
47563,1,0,1,0.500,51277,39660,3.288,4.600,15.125
47603,1,0,1,0.500,65328,51586,3.284,4.800,15.763
47644,1,0,1,0.500,47393,33152,3.284,4.800,15.763
47683,1,0,1,0.500,58757,42191,3.284,4.600,15.106
47723,1,0,1,0.500,69054,51402,3.284,4.600,15.106
47764,1,0,1,0.500,86653,70684,3.284,4.600,15.106
47803,1,0,1,0.500,116045,106871,3.280,3.900,12.792
47844,1,0,1,0.500,99934,85931,3.280,3.900,12.792
47883,1,0,1,0.500,84702,70274,3.284,4.900,16.092
47923,1,0,1,0.500,75927,62662,3.284,4.900,16.092
47964,1,0,1,0.500,101734,85540,3.284,4.900,16.092
48003,1,0,1,0.500,100828,82427,3.284,4.500,14.778
48044,1,0,1,0.500,76918,59349,3.284,4.500,14.778
48083,1,0,1,0.500,104393,90902,3.280,4.600,15.088
48123,1,0,1,0.500,123903,117025,3.280,4.600,15.088
48164,1,0,1,0.500,125917,122951,3.280,4.600,15.088
48203,1,0,1,0.500,120621,110954,3.284,4.200,13.793
48244,1,0,1,0.500,86478,70555,3.284,4.200,13.793
48284,1,0,1,0.500,75329,58885,3.280,4.800,15.744
48323,1,0,1,0.500,72702,58547,3.280,4.800,15.744
48364,1,0,1,0.500,66081,48735,3.280,4.800,15.744
48404,1,0,1,0.500,29898,21736,3.284,4.600,15.106
48444,1,0,1,0.500,27249,21107,3.284,4.600,15.106
48484,1,0,1,0.500,62144,47245,3.280,4.800,15.744
48524,1,0,1,0.500,84842,67988,3.280,4.800,15.744
48564,1,0,1,0.500,69074,50317,3.280,4.800,15.744
48604,1,0,1,0.500,46336,33144,3.284,4.800,15.763
48644,1,0,1,0.500,50234,49785,3.284,4.800,15.763
48684,1,0,1,0.500,70195,75614,3.284,5.000,16.420
48724,1,0,1,0.500,69338,63276,3.284,5.000,16.420
48764,1,0,1,0.500,65097,53858,3.284,5.000,16.420
48804,1,0,1,0.500,62248,51652,3.284,4.200,13.793
48844,1,0,1,0.500,65093,56991,3.284,4.200,13.793
48884,1,0,1,0.500,56619,56050,3.280,4.900,16.072
48924,1,0,1,0.500,58022,59154,3.280,4.900,16.072
48964,1,0,1,0.500,68010,59759,3.280,4.900,16.072
49004,1,0,1,0.500,50161,39180,3.280,4.700,15.416
49044,1,0,1,0.500,34412,25385,3.280,4.700,15.416
49084,1,0,1,0.500,22701,17566,3.280,4.700,15.416
49124,1,0,1,0.500,19207,17398,3.280,4.700,15.416
49164,1,0,1,0.500,15964,15687,3.280,4.700,15.416
49204,1,0,1,0.500,14979,13975,3.284,4.900,16.092
49244,1,0,1,0.500,29096,25820,3.284,4.900,16.092
49284,1,0,1,0.500,36976,29902,3.284,4.900,16.092
49324,1,0,1,0.500,41662,35244,3.284,4.900,16.092
49364,1,0,1,0.500,74769,71832,3.284,4.900,16.092
49404,1,0,1,0.500,63804,67706,3.280,4.400,14.432
49444,1,0,1,0.500,55803,56905,3.280,4.400,14.432
49484,1,0,1,0.500,58060,52303,3.280,4.800,15.744
49524,1,0,1,0.500,58101,50152,3.280,4.800,15.744
49564,1,0,1,0.500,56103,50962,3.280,4.800,15.744
49604,1,0,1,0.500,73544,70139,3.280,4.500,14.760
49644,1,0,1,0.500,84665,81560,3.280,4.500,14.760
49684,1,0,1,0.500,91136,75350,3.280,5.200,17.056
49724,1,0,1,0.500,77728,64725,3.280,5.200,17.056
49764,1,0,1,0.500,71227,55781,3.280,5.200,17.056
49804,1,0,1,0.500,66634,50081,3.256,4.400,14.326
49844,1,0,1,0.500,48445,38474,3.256,4.400,14.326
49884,1,0,1,0.500,40693,35085,3.280,5.000,16.400
49924,1,0,1,0.500,43744,36170,3.280,5.000,16.400
49964,1,0,1,0.500,45076,29872,3.280,5.000,16.400
50004,1,0,1,0.500,40403,25900,3.280,4.300,14.104
50044,1,0,1,0.500,53135,37443,3.280,4.300,14.104
50084,1,0,1,0.500,58361,42612,3.284,4.600,15.106
50124,1,0,1,0.500,60574,47800,3.284,4.600,15.106
50164,1,0,1,0.500,50973,36310,3.284,4.600,15.106
50204,1,0,1,0.500,35841,22971,3.284,5.100,16.748
50244,1,0,1,0.500,33741,20877,3.284,5.100,16.748
50284,1,0,1,0.500,29128,18532,3.248,5.000,16.240
50324,1,0,1,0.500,32691,23152,3.248,5.000,16.240
50364,1,0,1,0.500,48663,38004,3.248,5.000,16.240
50404,1,0,1,0.500,34614,23079,3.280,4.300,14.104
50444,1,0,1,0.500,16615,9263,3.280,4.300,14.104
50484,1,0,1,0.500,21819,12366,3.284,4.800,15.763
50524,1,0,1,0.500,10630,5571,3.284,4.800,15.763
50564,1,0,1,0.500,4895,2482,3.284,4.800,15.763
50604,1,0,1,0.500,3465,1836,3.280,8.900,29.192
50644,1,0,1,0.500,3864,2181,3.280,8.900,29.192
50684,1,0,1,0.500,4064,2390,3.280,5.500,18.040
50724,1,0,1,0.500,4020,2437,3.280,5.500,18.040
50764,1,0,1,0.500,4618,2807,3.280,5.500,18.040
50804,1,0,1,0.500,3505,2163,3.284,5.000,16.420
50844,1,0,1,0.500,3527,2339,3.284,5.000,16.420
50884,1,0,1,0.500,5082,3717,3.268,4.700,15.360
50924,1,0,1,0.500,10948,10511,3.268,4.700,15.360
50964,1,0,1,0.500,15892,15913,3.268,4.700,15.360
51004,1,0,1,0.500,14258,9304,3.280,4.200,13.776
51044,1,0,1,0.500,14150,7420,3.280,4.200,13.776
51084,1,0,1,0.500,38363,25604,3.280,10.900,35.752
51124,1,0,1,0.500,77811,62620,3.280,10.900,35.752
51164,1,0,1,0.500,111000,99019,3.280,10.900,35.752
51204,1,0,1,0.500,79446,64922,3.284,5.800,19.047
51244,1,0,1,0.500,36548,23304,3.284,5.800,19.047
51284,1,0,1,0.500,49906,34610,3.232,5.000,16.160
51324,1,0,1,0.500,71118,56287,3.232,5.000,16.160
51364,1,0,1,0.500,55277,42393,3.232,5.000,16.160
51404,1,0,1,0.500,30618,22765,3.256,4.100,13.350
51445,1,0,1,0.500,29992,21249,3.256,4.100,13.350
51484,1,0,1,0.500,28153,18549,3.284,4.900,16.092
51524,1,0,1,0.500,21629,12300,3.284,4.900,16.092
51565,1,0,1,0.500,34363,22528,3.284,4.900,16.092
51604,1,0,1,0.500,45925,33223,3.284,4.400,14.450
51645,1,0,1,0.500,44632,33653,3.284,4.400,14.450
51684,1,0,1,0.500,38606,26222,3.252,9.600,31.219
51724,1,0,1,0.500,25311,15649,3.252,9.600,31.219
51765,1,0,1,0.500,25146,15818,3.252,9.600,31.219
51804,1,0,1,0.500,30878,21270,3.284,5.100,16.748
51844,1,0,1,0.500,40420,30616,3.284,5.100,16.748
51885,1,0,1,0.500,48178,37053,3.236,5.000,16.180
51924,1,0,1,0.500,41789,29445,3.236,5.000,16.180
51964,1,0,1,0.500,44392,31013,3.236,5.000,16.180
52005,1,0,1,0.500,48425,34207,3.264,4.300,14.035
52044,1,0,1,0.500,45583,31984,3.264,4.300,14.035
52085,1,0,1,0.500,39337,28336,3.284,15.700,51.559
52125,1,0,1,0.500,34747,24686,3.284,15.700,51.559
52164,1,0,1,0.500,31874,20885,3.284,15.700,51.559
52205,1,0,1,0.500,19925,11448,3.284,4.700,15.435
52245,1,0,1,0.500,13958,7686,3.284,4.700,15.435
52285,1,0,1,0.500,16430,9635,3.248,8.100,26.309
52325,1,0,1,0.500,21151,13511,3.248,8.100,26.309
52365,1,0,1,0.500,29180,19731,3.248,8.100,26.309
52405,1,0,1,0.500,21008,13367,3.284,4.600,15.106
52445,1,0,1,0.500,22701,14587,3.284,4.600,15.106
52485,1,0,1,0.500,35749,23247,3.244,4.700,15.247
52525,1,0,1,0.500,29717,18797,3.244,4.700,15.247
52565,1,0,1,0.500,44300,31687,3.244,4.700,15.247
52605,1,0,1,0.500,63028,50233,3.276,4.500,14.742
52645,1,0,1,0.500,48010,33619,3.276,4.500,14.742
52685,1,0,1,0.500,22208,12673,3.280,15.500,50.840
52725,1,0,1,0.500,27028,16646,3.280,15.500,50.840
52765,1,0,1,0.500,47525,33872,3.280,15.500,50.840
52805,1,0,1,0.500,70611,57867,3.288,4.800,15.782
52845,1,0,1,0.500,82365,74765,3.288,4.800,15.782
52885,1,0,1,0.500,74195,63391,3.232,5.500,17.776
52925,1,0,1,0.500,61513,47292,3.232,5.500,17.776
52965,1,0,1,0.500,45604,30511,3.232,5.500,17.776
53005,1,0,1,0.500,45975,31836,3.284,4.600,15.106
53045,1,0,1,0.500,54904,40060,3.284,4.600,15.106
53085,1,0,1,0.500,63716,48215,3.260,10.500,34.230
53125,1,0,1,0.500,87472,72088,3.260,10.500,34.230
53165,1,0,1,0.500,85046,77285,3.260,10.500,34.230
53205,1,0,1,0.500,73753,58210,3.280,4.200,13.776
53245,1,0,1,0.500,66015,48525,3.280,4.200,13.776
53285,1,0,1,0.500,99611,84315,3.276,13.600,44.554
53325,1,0,1,0.500,115268,118083,3.276,13.600,44.554
53365,1,0,1,0.500,113943,116376,3.276,13.600,44.554
53405,1,0,1,0.500,106909,111943,3.280,4.100,13.448
53445,1,0,1,0.500,104142,107493,3.280,4.100,13.448
53485,1,0,1,0.500,111094,116839,3.284,4.600,15.106
53525,1,0,1,0.500,100366,93782,3.284,4.600,15.106
53565,1,0,1,0.500,85979,74066,3.284,4.600,15.106
53605,1,0,1,0.500,109132,104748,3.284,4.800,15.763
53645,1,0,1,0.500,111895,112742,3.284,4.800,15.763
53685,1,0,1,0.500,101059,93175,3.272,5.000,16.360
53725,1,0,1,0.500,78466,75692,3.272,5.000,16.360
53765,1,0,1,0.500,83365,81314,3.272,5.000,16.360
53805,1,0,1,0.500,73993,75394,3.284,4.000,13.136
53845,1,0,1,0.500,75856,71395,3.284,4.000,13.136
53885,1,0,1,0.500,97158,86448,3.284,4.500,14.778
53925,1,0,1,0.500,98536,99412,3.284,4.500,14.778
53965,1,0,1,0.500,103385,107464,3.284,4.500,14.778
54005,1,0,1,0.500,106252,111535,3.288,6.400,21.043
54045,1,0,1,0.500,103421,107407,3.288,6.400,21.043
54085,1,0,1,0.500,102895,105801,3.284,4.900,16.092
54125,1,0,1,0.500,101980,103799,3.284,4.900,16.092
54165,1,0,1,0.500,100399,100306,3.284,4.900,16.092
54205,1,0,1,0.500,94572,87042,3.252,4.400,14.309
54245,1,0,1,0.500,87878,83767,3.252,4.400,14.309
54285,1,0,1,0.500,84325,87563,3.280,4.800,15.744
54325,1,0,1,0.500,93046,92816,3.280,4.800,15.744
54365,1,0,1,0.500,93682,91506,3.280,4.800,15.744
54405,1,0,1,0.500,96639,95650,3.284,4.400,14.450
54445,1,0,1,0.500,98315,98332,3.284,4.400,14.450
54485,1,0,1,0.500,98177,97882,3.284,5.000,16.420
54525,1,0,1,0.500,101997,104872,3.284,5.000,16.420
54565,1,0,1,0.500,105544,107996,3.284,5.000,16.420
54605,1,0,1,0.500,104638,99383,3.284,5.000,16.420
54645,1,0,1,0.500,105293,101640,3.284,5.000,16.420
54685,1,0,1,0.500,104042,96518,3.236,4.800,15.533
54725,1,0,1,0.500,97995,86077,3.236,4.800,15.533
54765,1,0,1,0.500,108726,109622,3.236,4.800,15.533
54805,1,0,1,0.500,114675,112380,3.288,4.800,15.782
54845,1,0,1,0.500,110976,101219,3.288,4.800,15.782
54885,1,0,1,0.500,110207,101400,3.284,4.800,15.763
54925,1,0,1,0.500,104333,97845,3.284,4.800,15.763
54965,1,0,1,0.500,89037,85847,3.284,4.800,15.763
55005,1,0,1,0.500,52493,56293,3.284,4.300,14.121
55045,1,0,1,0.500,40882,49649,3.284,4.300,14.121
55086,1,0,1,0.500,65978,68091,3.284,8.800,28.899
55125,1,0,1,0.500,73246,67637,3.284,8.800,28.899
55165,1,0,1,0.500,53782,50860,3.284,8.800,28.899
55206,1,0,1,0.500,43991,43993,3.284,5.300,17.405
55245,1,0,1,0.500,49964,55173,3.284,5.300,17.405
55286,1,0,1,0.500,86578,88266,3.240,4.800,15.552
55326,1,0,1,0.500,77161,64448,3.240,4.800,15.552
55365,1,0,1,0.500,76625,59342,3.240,4.800,15.552
55406,1,0,1,0.500,100358,85382,3.264,4.200,13.709
55446,1,0,1,0.500,107282,94816,3.264,4.200,13.709
55486,1,0,1,0.500,105365,96987,3.284,4.800,15.763
55526,1,0,1,0.500,115274,113575,3.284,4.800,15.763
55566,1,0,1,0.500,112548,117475,3.284,4.800,15.763
55606,1,0,1,0.500,109352,115880,3.284,4.400,14.450
55646,1,0,1,0.500,112733,115321,3.284,4.400,14.450
55686,1,0,1,0.500,119881,110163,3.248,8.400,27.283
55726,1,0,1,0.500,92927,86380,3.248,8.400,27.283
55766,1,0,1,0.500,103900,101341,3.248,8.400,27.283
55806,1,0,1,0.500,108614,101938,3.288,4.900,16.111
55846,1,0,1,0.500,99478,87464,3.288,4.900,16.111
55886,1,0,1,0.500,102213,90052,3.240,4.800,15.552
55926,1,0,1,0.500,99179,91948,3.240,4.800,15.552
55966,1,0,1,0.500,100085,85591,3.240,4.800,15.552
56006,1,0,1,0.500,101165,90140,3.264,4.600,15.014
56046,1,0,1,0.500,118013,110401,3.264,4.600,15.014
56086,1,0,1,0.500,95341,78639,3.284,15.900,52.216
56126,1,0,1,0.500,80337,62615,3.284,15.900,52.216
56166,1,0,1,0.500,90370,73148,3.284,15.900,52.216
56206,1,0,1,0.500,107459,94393,3.280,4.100,13.448
56246,1,0,1,0.500,121699,117776,3.280,4.100,13.448
56286,1,0,1,0.500,115228,116019,3.248,7.900,25.659
56326,1,0,1,0.500,120049,116522,3.248,7.900,25.659
56366,1,0,1,0.500,106227,96056,3.248,7.900,25.659
56406,1,0,1,0.500,96672,94000,3.284,5.300,17.405
56446,1,0,1,0.500,100951,102915,3.284,5.300,17.405
56486,1,0,1,0.500,98553,89730,3.248,5.200,16.890
56526,1,0,1,0.500,95884,82608,3.248,5.200,16.890
56566,1,0,1,0.500,100129,87555,3.248,5.200,16.890
56606,1,0,1,0.500,87570,77836,3.268,4.200,13.726
56646,1,0,1,0.500,83332,75109,3.268,4.200,13.726
56686,1,0,1,0.500,98299,96928,3.280,15.800,51.824
56726,1,0,1,0.500,106716,106018,3.280,15.800,51.824
56766,1,0,1,0.500,115402,109928,3.280,15.800,51.824
56806,1,0,1,0.500,104400,103670,3.280,4.000,13.120
56846,1,0,1,0.500,91560,83207,3.280,4.000,13.120
56886,1,0,1,0.500,79098,69764,3.284,4.700,15.435
56926,1,0,1,0.500,98664,94843,3.284,4.700,15.435
56966,1,0,1,0.500,119315,121110,3.284,4.700,15.435
57006,1,0,1,0.500,117084,119933,3.284,5.200,17.077
57046,1,0,1,0.500,115365,117346,3.284,5.200,17.077
57086,1,0,1,0.500,94978,94056,3.284,4.700,15.435
57126,1,0,1,0.500,86103,83026,3.284,4.700,15.435
57166,1,0,1,0.500,86789,81454,3.284,4.700,15.435
57206,1,0,1,0.500,84658,78231,3.280,4.400,14.432
57246,1,0,1,0.500,76530,70167,3.280,4.400,14.432
57286,1,0,1,0.500,80623,74470,3.284,4.700,15.435
57326,1,0,1,0.500,90370,83318,3.284,4.700,15.435
57366,1,0,1,0.500,95021,88319,3.284,4.700,15.435
57406,1,0,1,0.500,80622,71028,3.284,4.500,14.778
57446,1,0,1,0.500,64703,53713,3.284,4.500,14.778
57486,1,0,1,0.500,54977,45988,3.280,4.900,16.072
57526,1,0,1,0.500,64514,57906,3.280,4.900,16.072
57566,1,0,1,0.500,75150,75250,3.280,4.900,16.072
57606,1,0,1,0.500,92212,94693,3.284,4.600,15.106
57646,1,0,1,0.500,101105,98778,3.284,4.600,15.106
57686,1,0,1,0.500,92297,84625,3.252,4.800,15.610
57726,1,0,1,0.500,84165,72209,3.252,4.800,15.610
57766,1,0,1,0.500,79615,65775,3.252,4.800,15.610
57806,1,0,1,0.500,79045,65227,3.280,4.300,14.104
57846,1,0,1,0.500,77345,63668,3.280,4.300,14.104
57886,1,0,1,0.500,70829,58369,3.280,4.800,15.744
57926,1,0,1,0.500,64513,52871,3.280,4.800,15.744
57966,1,0,1,0.500,65204,56533,3.280,4.800,15.744
58006,1,0,1,0.500,59717,57438,3.284,4.500,14.778
58046,1,0,1,0.500,55038,56130,3.284,4.500,14.778
58086,1,0,1,0.500,105614,104667,3.284,5.000,16.420
58126,1,0,1,0.500,115714,114783,3.284,5.000,16.420
58166,1,0,1,0.500,99295,90898,3.284,5.000,16.420
58206,1,0,1,0.500,100627,88004,3.284,5.000,16.420
58246,1,0,1,0.500,102247,105752,3.284,5.000,16.420
58287,1,0,1,0.500,107822,109424,3.264,5.000,16.320
58326,1,0,1,0.500,107000,110924,3.264,5.000,16.320
58366,1,0,1,0.500,103550,110318,3.264,5.000,16.320
58407,1,0,1,0.500,103590,110616,3.280,4.100,13.448
58446,1,0,1,0.500,105326,112664,3.280,4.100,13.448
58487,1,0,1,0.500,108370,116351,3.280,12.100,39.688
58527,1,0,1,0.500,104031,110120,3.280,12.100,39.688
58566,1,0,1,0.500,102204,106911,3.280,12.100,39.688
58607,1,0,1,0.500,102776,107821,3.284,7.100,23.316
58646,1,0,1,0.500,99977,99875,3.284,7.100,23.316
58687,1,0,1,0.500,96464,90471,3.220,5.100,16.422
58727,1,0,1,0.500,95129,86562,3.220,5.100,16.422
58766,1,0,1,0.500,105606,92715,3.220,5.100,16.422
58807,1,0,1,0.500,91716,81377,3.248,4.500,14.616
58847,1,0,1,0.500,54571,52051,3.248,4.500,14.616
58887,1,0,1,0.500,61379,56650,3.276,4.900,16.052
58927,1,0,1,0.500,87602,83716,3.276,4.900,16.052
58967,1,0,1,0.500,107487,105910,3.276,4.900,16.052
59007,1,0,1,0.500,104055,104251,3.280,4.200,13.776
59047,1,0,1,0.500,104096,105702,3.280,4.200,13.776
59087,1,0,1,0.500,117027,112659,3.252,9.900,32.195
59127,1,0,1,0.500,99427,98350,3.252,9.900,32.195
59167,1,0,1,0.500,79502,71878,3.252,9.900,32.195
59207,1,0,1,0.500,72149,61224,3.284,4.800,15.763
59247,1,0,1,0.500,77467,64520,3.284,4.800,15.763
59287,1,0,1,0.500,88225,81164,3.240,4.800,15.552
59327,1,0,1,0.500,94447,89934,3.240,4.800,15.552
59367,1,0,1,0.500,98158,94354,3.240,4.800,15.552
59407,1,0,1,0.500,99625,97774,3.264,4.700,15.341
59447,1,0,1,0.500,86091,77125,3.264,4.700,15.341
59487,1,0,1,0.500,78925,63505,3.280,15.700,51.496
59527,1,0,1,0.500,82262,68217,3.280,15.700,51.496
59567,1,0,1,0.500,88039,78485,3.280,15.700,51.496
59607,1,0,1,0.500,94994,90034,3.280,4.300,14.104
59647,1,0,1,0.500,106227,95078,3.280,4.300,14.104
59687,1,0,1,0.500,112052,104435,3.248,8.400,27.283
59727,1,0,1,0.500,106171,106422,3.248,8.400,27.283
59767,1,0,1,0.500,88529,81581,3.248,8.400,27.283
59807,1,0,1,0.500,76815,67628,3.288,5.200,17.098
59847,1,0,1,0.500,74260,64615,3.288,5.200,17.098
59887,1,0,1,0.500,84190,79442,3.244,5.000,16.220
59927,1,0,1,0.500,96059,95377,3.244,5.000,16.220
59967,1,0,1,0.500,97647,85378,3.244,5.000,16.220
60007,1,0,1,0.500,78892,63547,3.284,4.300,14.121
60047,1,0,1,0.500,93368,88672,3.284,4.300,14.121
60087,1,0,1,0.500,114175,112712,3.284,5.000,16.420
60127,1,0,1,0.500,121106,123651,3.284,5.000,16.420
60167,1,0,1,0.500,101088,102783,3.284,5.000,16.420
60207,1,0,1,0.500,71108,81929,3.284,4.200,13.793
60247,1,0,1,0.500,90504,101984,3.284,4.200,13.793
60287,1,0,1,0.500,104815,117187,3.280,4.600,15.088
60327,1,0,1,0.500,107755,118820,3.280,4.600,15.088
60367,1,0,1,0.500,105512,99983,3.280,4.600,15.088
60407,1,0,1,0.500,98682,82510,3.288,5.100,16.769
60447,1,0,1,0.500,93349,75677,3.288,5.100,16.769
60487,1,0,1,0.500,77025,61544,3.284,5.000,16.420
60527,1,0,1,0.500,72435,56142,3.284,5.000,16.420
60567,1,0,1,0.500,73678,57941,3.284,5.000,16.420
60607,1,0,1,0.500,77445,66618,3.280,4.400,14.432
60647,1,0,1,0.500,74422,74008,3.280,4.400,14.432
60687,1,0,1,0.500,75905,66806,3.284,4.700,15.435
60727,1,0,1,0.500,81264,67044,3.284,4.700,15.435
60767,1,0,1,0.500,82377,72923,3.284,4.700,15.435
60807,1,0,1,0.500,96677,96593,3.284,4.800,15.763
60847,1,0,1,0.500,101753,104153,3.284,4.800,15.763
60887,1,0,1,0.500,101271,104510,3.284,5.000,16.420
60927,1,0,1,0.500,104472,102082,3.284,5.000,16.420
60967,1,0,1,0.500,77744,60340,3.284,5.000,16.420
61007,1,0,1,0.500,36443,26938,3.284,4.900,16.092
61047,1,0,1,0.500,35787,26619,3.284,4.900,16.092
61087,1,0,1,0.500,43063,33208,3.260,5.000,16.300
61127,1,0,1,0.500,51050,40831,3.260,5.000,16.300
61167,1,0,1,0.500,60469,52358,3.260,5.000,16.300
61207,1,0,1,0.500,50682,44432,3.280,4.600,15.088
61247,1,0,1,0.500,44908,37297,3.280,4.600,15.088
61287,1,0,1,0.500,48792,40364,3.280,4.900,16.072
61327,1,0,1,0.500,51632,42696,3.280,4.900,16.072
61367,1,0,1,0.500,49717,40428,3.280,4.900,16.072
61407,1,0,1,0.500,55525,45109,3.284,4.600,15.106
61447,1,0,1,0.500,65480,52331,3.284,4.600,15.106
61487,1,0,1,0.500,74813,60484,3.284,4.900,16.092
61527,1,0,1,0.500,64089,52609,3.284,4.900,16.092
61567,1,0,1,0.500,58438,48147,3.284,4.900,16.092
61607,1,0,1,0.500,61097,51503,3.284,4.800,15.763
61647,1,0,1,0.500,69836,59977,3.284,4.800,15.763
61687,1,0,1,0.500,70421,56835,3.268,4.600,15.033
61727,1,0,1,0.500,77951,60776,3.268,4.600,15.033
61767,1,0,1,0.500,95828,80688,3.268,4.600,15.033
61808,1,0,1,0.500,101365,95103,3.280,4.100,13.448
61847,1,0,1,0.500,101023,97391,3.280,4.100,13.448
61887,1,0,1,0.500,95870,84798,3.284,11.800,38.751
61927,1,0,1,0.500,65060,47579,3.284,11.800,38.751
61967,1,0,1,0.500,59229,44212,3.284,11.800,38.751
62008,1,0,1,0.500,88441,74655,3.288,6.900,22.687
62047,1,0,1,0.500,102419,98002,3.288,6.900,22.687
62087,1,0,1,0.500,93468,78684,3.228,5.000,16.140
62128,1,0,1,0.500,86590,79197,3.228,5.000,16.140
62167,1,0,1,0.500,94977,90622,3.228,5.000,16.140
62208,1,0,1,0.500,99406,95533,3.252,4.400,14.309
62248,1,0,1,0.500,107424,95441,3.252,4.400,14.309
62287,1,0,1,0.500,103065,93270,3.280,4.800,15.744
62328,1,0,1,0.500,112901,108770,3.280,4.800,15.744
62368,1,0,1,0.500,107238,114194,3.280,4.800,15.744
62408,1,0,1,0.500,112618,119281,3.284,4.200,13.793
62448,1,0,1,0.500,91275,98979,3.284,4.200,13.793
62487,1,0,1,0.500,49549,62949,3.284,10.600,34.810
62528,1,0,1,0.500,78941,92537,3.284,10.600,34.810
62568,1,0,1,0.500,93380,101862,3.284,10.600,34.810
62608,1,0,1,0.500,117499,119756,3.284,4.700,15.435
62648,1,0,1,0.500,111749,120136,3.284,4.700,15.435
62688,1,0,1,0.500,110389,119166,3.236,4.900,15.856
62728,1,0,1,0.500,104848,98987,3.236,4.900,15.856
62768,1,0,1,0.500,67738,65216,3.236,4.900,15.856
62808,1,0,1,0.500,66986,64625,3.284,4.900,16.092
62848,1,0,1,0.500,64549,50614,3.284,4.900,16.092
62888,1,0,1,0.500,61743,45602,3.284,15.200,49.917
62928,1,0,1,0.500,71311,55114,3.284,15.200,49.917
62968,1,0,1,0.500,78497,63290,3.284,15.200,49.917
63008,1,0,1,0.500,74034,63395,3.284,4.100,13.464
63048,1,0,1,0.500,99917,89880,3.284,4.100,13.464
63088,1,0,1,0.500,71956,55336,3.252,9.000,29.268
63128,1,0,1,0.500,64670,49470,3.252,9.000,29.268
63168,1,0,1,0.500,84775,69606,3.252,9.000,29.268
63208,1,0,1,0.500,72721,62292,3.288,4.900,16.111
63248,1,0,1,0.500,95564,94047,3.288,4.900,16.111
63288,1,0,1,0.500,111449,106873,3.240,5.100,16.524
63328,1,0,1,0.500,73193,60984,3.240,5.100,16.524
63368,1,0,1,0.500,58107,49298,3.240,5.100,16.524
63408,1,0,1,0.500,74647,64881,3.260,4.300,14.018
63448,1,0,1,0.500,90417,80015,3.260,4.300,14.018
63488,1,0,1,0.500,107486,100302,3.284,15.500,50.902
63528,1,0,1,0.500,107428,112076,3.284,15.500,50.902
63568,1,0,1,0.500,106985,99464,3.284,15.500,50.902
63608,1,0,1,0.500,55581,39023,3.284,4.300,14.121
63648,1,0,1,0.500,69561,57152,3.284,4.300,14.121
63688,1,0,1,0.500,83865,73930,3.284,4.500,14.778
63728,1,0,1,0.500,83880,73609,3.284,4.500,14.778
63768,1,0,1,0.500,101545,103683,3.284,4.500,14.778
63808,1,0,1,0.500,104521,106753,3.288,5.000,16.440
63848,1,0,1,0.500,81335,68330,3.288,5.000,16.440
63888,1,0,1,0.500,70296,52429,3.284,4.800,15.763
63928,1,0,1,0.500,84704,68334,3.284,4.800,15.763
63968,1,0,1,0.500,105575,95307,3.284,4.800,15.763
64008,1,0,1,0.500,112641,117411,3.268,4.700,15.360
64048,1,0,1,0.500,80884,82993,3.268,4.700,15.360
64088,1,0,1,0.500,93897,87582,3.280,4.700,15.416
64128,1,0,1,0.500,96762,85266,3.280,4.700,15.416
64168,1,0,1,0.500,89642,81065,3.280,4.700,15.416
64208,1,0,1,0.500,82868,75162,3.284,4.600,15.106
64248,1,0,1,0.500,101109,95191,3.284,4.600,15.106
64288,1,0,1,0.500,89015,83821,3.284,5.000,16.420
64328,1,0,1,0.500,99808,94374,3.284,5.000,16.420
64368,1,0,1,0.500,103791,109475,3.284,5.000,16.420
64408,1,0,1,0.500,104123,110473,3.284,5.200,17.077
64448,1,0,1,0.500,106869,114431,3.284,5.200,17.077
64488,1,0,1,0.500,110684,118334,3.248,5.100,16.565
64528,1,0,1,0.500,111828,119516,3.248,5.100,16.565
64568,1,0,1,0.500,113731,122495,3.248,5.100,16.565
64608,1,0,1,0.500,114151,123173,3.284,5.200,17.077
64648,1,0,1,0.500,112622,121034,3.284,5.200,17.077
64688,1,0,1,0.500,112442,120687,3.284,4.900,16.092
64728,1,0,1,0.500,112459,120579,3.284,4.900,16.092
64768,1,0,1,0.500,113708,121689,3.284,4.900,16.092
64808,1,0,1,0.500,115714,124747,3.284,4.100,13.464
64848,1,0,1,0.500,120877,134311,3.284,4.100,13.464
64888,1,0,1,0.500,126705,145776,3.280,5.900,19.352
64928,1,0,1,0.500,129534,151283,3.280,5.900,19.352
64968,1,0,1,0.500,130660,153480,3.280,5.900,19.352
65008,1,0,1,0.500,131028,154548,3.284,5.900,19.376
65048,1,0,1,0.500,131128,154895,3.284,5.900,19.376
65088,1,0,1,0.500,131259,155169,3.252,5.400,17.561
65128,1,0,1,0.500,131294,155369,3.252,5.400,17.561
65168,1,0,1,0.500,131398,155554,3.252,5.400,17.561
65208,1,0,1,0.500,131522,155752,3.280,4.600,15.088
65248,1,0,1,0.500,131528,155734,3.280,4.600,15.088
65289,1,0,1,0.500,131505,155690,3.280,13.800,45.264
65328,1,0,1,0.500,131355,155449,3.280,13.800,45.264
65368,1,0,1,0.500,131045,154821,3.280,13.800,45.264
65409,1,0,1,0.500,130146,153034,3.284,5.100,16.748
65448,1,0,1,0.500,129020,150841,3.284,5.100,16.748
65489,1,0,1,0.500,128498,150009,3.224,5.400,17.410
65528,1,0,1,0.500,123736,144392,3.224,5.400,17.410
65568,1,0,1,0.500,133730,140520,3.224,5.400,17.410
65609,1,0,1,0.500,129253,141853,3.244,4.400,14.274
65648,1,0,1,0.500,120537,136495,3.244,4.400,14.274
65689,1,0,1,0.500,118249,133961,3.272,4.900,16.033
65729,1,0,1,0.500,116400,130836,3.272,4.900,16.033
65768,1,0,1,0.500,114904,127689,3.272,4.900,16.033
65809,1,0,1,0.500,115453,125582,3.284,4.600,15.106
65849,1,0,1,0.500,114994,122334,3.284,4.600,15.106
65889,1,0,1,0.500,115881,120871,3.284,11.600,38.094
65929,1,0,1,0.500,114917,120791,3.284,11.600,38.094
65968,1,0,1,0.500,115242,118951,3.284,11.600,38.094
66009,1,0,1,0.500,118277,117529,3.288,7.200,23.674
66049,1,0,1,0.500,116762,120903,3.288,7.200,23.674
66089,1,0,1,0.500,112781,120891,3.232,4.900,15.837
66129,1,0,1,0.500,112636,120001,3.232,4.900,15.837
66169,1,0,1,0.500,119960,115716,3.232,4.900,15.837
66209,1,0,1,0.500,71094,63052,3.284,4.900,16.092
66249,1,0,1,0.500,33300,30096,3.284,4.900,16.092
66289,1,0,1,0.500,18248,16422,3.284,15.700,51.559
66329,1,0,1,0.500,24577,22621,3.284,15.700,51.559
66369,1,0,1,0.500,45662,40427,3.284,15.700,51.559
66409,1,0,1,0.500,99180,99366,3.280,4.100,13.448
66449,1,0,1,0.500,125193,142855,3.280,4.100,13.448
66489,1,0,1,0.500,126953,146686,3.244,8.400,27.250
66529,1,0,1,0.500,127505,147780,3.244,8.400,27.250
66569,1,0,1,0.500,127623,147980,3.244,8.400,27.250
66609,1,0,1,0.500,126825,146003,3.284,5.400,17.734
66649,1,0,1,0.500,61693,69797,3.284,5.400,17.734
66689,1,0,1,0.500,7061,5609,3.244,5.000,16.220
66729,1,0,1,0.500,12292,10395,3.244,5.000,16.220
66769,1,0,1,0.500,81502,67433,3.244,5.000,16.220
66809,1,0,1,0.500,123040,129256,3.268,4.300,14.052
66849,1,0,1,0.500,124801,147437,3.268,4.300,14.052
66889,1,0,1,0.500,125725,149995,3.280,16.000,52.480
66929,1,0,1,0.500,126138,150889,3.280,16.000,52.480
66969,1,0,1,0.500,126401,151216,3.280,16.000,52.480
67009,1,0,1,0.500,126513,151391,3.280,5.200,17.056
67049,1,0,1,0.500,126712,151738,3.280,5.200,17.056
67089,1,0,1,0.500,126539,151439,3.228,6.400,20.659
67129,1,0,1,0.500,126228,150605,3.228,6.400,20.659
67169,1,0,1,0.500,125266,148190,3.228,6.400,20.659
67209,1,0,1,0.500,122830,143113,3.284,5.200,17.077
67249,1,0,1,0.500,114301,112404,3.284,5.200,17.077
67289,1,0,1,0.500,105180,95049,3.256,4.800,15.629
67329,1,0,1,0.500,99551,95738,3.256,4.800,15.629
67369,1,0,1,0.500,113226,123960,3.256,4.800,15.629
67409,1,0,1,0.500,112817,126297,3.280,4.200,13.776
67449,1,0,1,0.500,113176,130746,3.280,4.200,13.776
67489,1,0,1,0.500,117551,140025,3.280,5.000,16.400
67529,1,0,1,0.500,119051,142912,3.280,5.000,16.400
67569,1,0,1,0.500,119753,144493,3.280,5.000,16.400
67609,1,0,1,0.500,120068,145271,3.284,8.500,27.914
67649,1,0,1,0.500,120235,145619,3.284,8.500,27.914
67689,1,0,1,0.500,120297,145767,3.280,4.800,15.744
67729,1,0,1,0.500,119833,145019,3.280,4.800,15.744
67769,1,0,1,0.500,119036,143381,3.280,4.800,15.744
67809,1,0,1,0.500,118238,141168,3.284,5.600,18.390
67849,1,0,1,0.500,115024,127581,3.284,5.600,18.390
67889,1,0,1,0.500,90392,87634,3.264,4.800,15.667
67929,1,0,1,0.500,115931,131449,3.264,4.800,15.667
67969,1,0,1,0.500,114059,132072,3.264,4.800,15.667
68009,1,0,1,0.500,113301,131435,3.280,4.300,14.104
68049,1,0,1,0.500,115013,136309,3.280,4.300,14.104
68089,1,0,1,0.500,115899,139041,3.280,5.300,17.384
68129,1,0,1,0.500,116578,140805,3.280,5.300,17.384
68169,1,0,1,0.500,116906,141532,3.280,5.300,17.384
68209,1,0,1,0.500,116582,140932,3.284,4.700,15.435
68249,1,0,1,0.500,115872,139495,3.284,4.700,15.435
68289,1,0,1,0.500,115006,135984,3.224,5.100,16.442
68329,1,0,1,0.500,42207,42261,3.224,5.100,16.442
68369,1,0,1,0.500,2078,6229,3.224,5.100,16.442
68409,1,0,1,0.500,580,1180,3.252,4.700,15.284
68449,1,0,1,0.500,669,1193,3.252,4.700,15.284
68489,1,0,1,0.500,761,1507,3.280,4.800,15.744
68529,1,0,1,0.500,743,1449,3.280,4.800,15.744
68569,1,0,1,0.500,674,1172,3.280,4.800,15.744
68609,1,0,1,0.500,639,1083,3.284,4.700,15.435
68649,1,0,1,0.500,670,1250,3.284,4.700,15.435
68689,1,0,1,0.500,714,1557,3.280,9.700,31.816
68729,1,0,1,0.500,5218,7831,3.280,9.700,31.816
68769,1,0,1,0.500,29516,30059,3.280,9.700,31.816
68809,1,0,1,0.500,83020,83157,3.284,4.800,15.763
68849,1,0,1,0.500,120375,137445,3.284,4.800,15.763
68890,1,0,1,0.500,123516,146839,3.236,5.000,16.180
68929,1,0,1,0.500,124804,149134,3.236,5.000,16.180
68969,1,0,1,0.500,125321,150103,3.236,5.000,16.180
69010,1,0,1,0.500,124743,149183,3.264,4.700,15.341
69049,1,0,1,0.500,122707,146141,3.264,4.700,15.341
69090,1,0,1,0.500,120508,141460,3.280,5.000,16.400
69130,1,0,1,0.500,79078,76611,3.280,5.000,16.400
69169,1,0,1,0.500,68735,65958,3.280,5.000,16.400
69210,1,0,1,0.500,120901,129598,3.284,4.800,15.763
69250,1,0,1,0.500,129668,150566,3.284,4.800,15.763
69290,1,0,1,0.500,131557,154496,3.240,8.000,25.920
69330,1,0,1,0.500,132146,155759,3.240,8.000,25.920
69370,1,0,1,0.500,131698,154677,3.240,8.000,25.920
69410,1,0,1,0.500,130795,152721,3.280,5.200,17.056
69450,1,0,1,0.500,129627,150305,3.280,5.200,17.056
69490,1,0,1,0.500,118999,118561,3.244,5.000,16.220
69530,1,0,1,0.500,47051,41654,3.244,5.000,16.220
69570,1,0,1,0.500,84464,79468,3.244,5.000,16.220
69610,1,0,1,0.500,122037,137463,3.268,4.600,15.033
69650,1,0,1,0.500,125260,146856,3.268,4.600,15.033
69690,1,0,1,0.500,127237,150399,3.280,15.600,51.168
69730,1,0,1,0.500,128167,152055,3.280,15.600,51.168
69770,1,0,1,0.500,128333,152332,3.280,15.600,51.168
69810,1,0,1,0.500,127875,151229,3.280,4.800,15.744
69850,1,0,1,0.500,126005,147496,3.280,4.800,15.744
69890,1,0,1,0.500,122924,142260,3.228,5.400,17.431
69930,1,0,1,0.500,100420,94665,3.228,5.400,17.431
69970,1,0,1,0.500,33500,28693,3.228,5.400,17.431
70010,1,0,1,0.500,65365,64774,3.284,4.500,14.778
70050,1,0,1,0.500,113030,121723,3.284,4.500,14.778
70090,1,0,1,0.500,117017,131270,3.264,10.800,35.251
70130,1,0,1,0.500,118622,134655,3.264,10.800,35.251
70170,1,0,1,0.500,121049,139676,3.264,10.800,35.251
70210,1,0,1,0.500,123288,143721,3.284,4.400,14.450
70250,1,0,1,0.500,124999,146578,3.284,4.400,14.450
70290,1,0,1,0.500,124246,145271,3.268,13.100,42.811
70330,1,0,1,0.500,120369,139431,3.268,13.100,42.811
70370,1,0,1,0.500,116631,132379,3.268,13.100,42.811
70410,1,0,1,0.500,123211,122407,3.288,4.700,15.454
70450,1,0,1,0.500,104991,89748,3.288,4.700,15.454
70490,1,0,1,0.500,111158,100884,3.228,5.000,16.140
70530,1,0,1,0.500,112138,108970,3.228,5.000,16.140
70570,1,0,1,0.500,109617,114654,3.228,5.000,16.140
70610,1,0,1,0.500,109993,119058,3.288,5.400,17.755
70650,1,0,1,0.500,116129,132632,3.288,5.400,17.755
70690,1,0,1,0.500,121700,142693,3.284,4.900,16.092
70730,1,0,1,0.500,123706,146520,3.284,4.900,16.092
70770,1,0,1,0.500,124250,147374,3.284,4.900,16.092
70810,1,0,1,0.500,123763,146676,3.280,4.400,14.432
70850,1,0,1,0.500,123075,145630,3.280,4.400,14.432
70890,1,0,1,0.500,122018,143581,3.280,4.600,15.088
70930,1,0,1,0.500,119273,137945,3.280,4.600,15.088
70970,1,0,1,0.500,111789,112992,3.280,4.600,15.088
71010,1,0,1,0.500,59537,53474,3.284,4.800,15.763
71050,1,0,1,0.500,43381,41897,3.284,4.800,15.763
71090,1,0,1,0.500,94045,93159,3.284,4.600,15.106
71130,1,0,1,0.500,101495,105310,3.284,4.600,15.106
71170,1,0,1,0.500,100910,105908,3.284,4.600,15.106
71210,1,0,1,0.500,106302,118279,3.252,4.300,13.984
71250,1,0,1,0.500,113162,131028,3.252,4.300,13.984
71290,1,0,1,0.500,115162,135486,3.280,4.600,15.088
71330,1,0,1,0.500,116072,137809,3.280,4.600,15.088
71370,1,0,1,0.500,116024,137676,3.280,4.600,15.088
71410,1,0,1,0.500,115334,135488,3.284,4.200,13.793
71450,1,0,1,0.500,113855,131678,3.284,4.200,13.793
71490,1,0,1,0.500,106014,105152,3.280,5.000,16.400
71530,1,0,1,0.500,65707,52533,3.280,5.000,16.400
71570,1,0,1,0.500,88432,86160,3.280,5.000,16.400
71610,1,0,1,0.500,111619,129046,3.284,4.900,16.092
71650,1,0,1,0.500,117152,139384,3.284,4.900,16.092
71690,1,0,1,0.500,118109,142000,3.232,5.000,16.160
71730,1,0,1,0.500,118360,142867,3.232,5.000,16.160
71770,1,0,1,0.500,118109,142576,3.232,5.000,16.160
71810,1,0,1,0.500,117422,141234,3.284,5.000,16.420
71850,1,0,1,0.500,114863,136409,3.284,5.000,16.420
71890,1,0,1,0.500,101759,112603,3.280,5.000,16.400
71930,1,0,1,0.500,65573,55239,3.280,5.000,16.400
71970,1,0,1,0.500,24196,15695,3.280,5.000,16.400
72010,1,0,1,0.500,30705,22728,3.280,4.100,13.448
72050,1,0,1,0.500,96597,83086,3.280,4.100,13.448
72091,1,0,1,0.500,115565,132717,3.280,7.900,25.912
72130,1,0,1,0.500,116837,138402,3.280,7.900,25.912
72170,1,0,1,0.500,117351,139434,3.280,7.900,25.912
72211,1,0,1,0.500,116501,137206,3.284,5.200,17.077
72250,1,0,1,0.500,91211,88655,3.284,5.200,17.077
72291,1,0,1,0.500,23757,16185,3.248,4.500,14.616
72331,1,0,1,0.500,63242,50423,3.248,4.500,14.616
72370,1,0,1,0.500,115449,115167,3.248,4.500,14.616
72411,1,0,1,0.500,121016,140624,3.268,4.400,14.379
72451,1,0,1,0.500,122344,143638,3.268,4.400,14.379
72491,1,0,1,0.500,123013,144916,3.280,15.400,50.512
72531,1,0,1,0.500,123139,145016,3.280,15.400,50.512
72570,1,0,1,0.500,123049,144718,3.280,15.400,50.512
72611,1,0,1,0.500,122564,143648,3.284,5.000,16.420
72651,1,0,1,0.500,121558,141278,3.284,5.000,16.420
72691,1,0,1,0.500,117763,132790,3.228,5.400,17.431
72731,1,0,1,0.500,81530,68579,3.228,5.400,17.431
72771,1,0,1,0.500,22700,16605,3.228,5.400,17.431
72811,1,0,1,0.500,51903,48633,3.284,4.800,15.763
72851,1,0,1,0.500,109827,114243,3.284,4.800,15.763
72891,1,0,1,0.500,123102,139071,3.252,5.200,16.910
72931,1,0,1,0.500,125104,143699,3.252,5.200,16.910
72971,1,0,1,0.500,126368,146416,3.252,5.200,16.910
73011,1,0,1,0.500,127066,147465,3.276,4.100,13.432
73051,1,0,1,0.500,127260,147432,3.276,4.100,13.432
73091,1,0,1,0.500,127012,146824,3.280,13.600,44.608
73131,1,0,1,0.500,126226,145266,3.280,13.600,44.608
73171,1,0,1,0.500,118559,133704,3.280,13.600,44.608
73211,1,0,1,0.500,54632,41690,3.280,4.500,14.760
73251,1,0,1,0.500,24454,21381,3.280,4.500,14.760
73291,1,0,1,0.500,68123,67898,3.224,4.800,15.475
73331,1,0,1,0.500,114894,124570,3.224,4.800,15.475
73371,1,0,1,0.500,118798,136624,3.224,4.800,15.475
73411,1,0,1,0.500,120198,140121,3.284,5.000,16.420
73451,1,0,1,0.500,121652,143150,3.284,5.000,16.420
73491,1,0,1,0.500,122674,145442,3.268,13.300,43.464
73531,1,0,1,0.500,123114,146441,3.268,13.300,43.464
73571,1,0,1,0.500,122833,145766,3.268,13.300,43.464
73611,1,0,1,0.500,122291,144445,3.280,4.300,14.104
73651,1,0,1,0.500,121850,142691,3.280,4.300,14.104
73691,1,0,1,0.500,95471,88319,3.260,10.800,35.208
73731,1,0,1,0.500,51656,41431,3.260,10.800,35.208
73771,1,0,1,0.500,97811,84459,3.260,10.800,35.208
73811,1,0,1,0.500,119212,133452,3.284,6.200,20.361
73851,1,0,1,0.500,120880,138372,3.284,6.200,20.361
73891,1,0,1,0.500,123264,142771,3.232,4.900,15.837
73931,1,0,1,0.500,125740,147511,3.232,4.900,15.837
73971,1,0,1,0.500,127428,150945,3.232,4.900,15.837
74011,1,0,1,0.500,128410,152999,3.288,5.100,16.769
74051,1,0,1,0.500,128663,153519,3.288,5.100,16.769
74091,1,0,1,0.500,127719,151755,3.284,4.900,16.092
74131,1,0,1,0.500,125238,147227,3.284,4.900,16.092
74171,1,0,1,0.500,123884,136834,3.284,4.900,16.092
74211,1,0,1,0.500,90754,81319,3.280,4.200,13.776
74251,1,0,1,0.500,77764,74843,3.280,4.200,13.776
74291,1,0,1,0.500,107685,109004,3.284,4.800,15.763
74331,1,0,1,0.500,109121,116845,3.284,4.800,15.763
74371,1,0,1,0.500,110825,121791,3.284,4.800,15.763
74411,1,0,1,0.500,114314,128840,3.284,5.100,16.748
74451,1,0,1,0.500,115720,130999,3.284,5.100,16.748
74491,1,0,1,0.500,114368,128586,3.284,4.400,14.450
74531,1,0,1,0.500,115472,130386,3.284,4.400,14.450
74571,1,0,1,0.500,116737,132593,3.284,4.400,14.450
74611,1,0,1,0.500,117389,133743,3.264,4.600,15.014
74651,1,0,1,0.500,120570,138595,3.264,4.600,15.014
74691,1,0,1,0.500,121102,139733,3.280,4.900,16.072
74731,1,0,1,0.500,119400,136186,3.280,4.900,16.072
74771,1,0,1,0.500,121469,126931,3.280,4.900,16.072
74811,1,0,1,0.500,65866,62989,3.284,4.900,16.092
74851,1,0,1,0.500,27665,28497,3.284,4.900,16.092
74891,1,0,1,0.500,47737,51954,3.284,7.100,23.316
74931,1,0,1,0.500,106892,109601,3.284,7.100,23.316
74971,1,0,1,0.500,112905,122829,3.284,7.100,23.316
75011,1,0,1,0.500,112879,128466,3.284,5.300,17.405
75051,1,0,1,0.500,114507,133595,3.284,5.300,17.405
75091,1,0,1,0.500,115412,134459,3.252,4.700,15.284
75131,1,0,1,0.500,110963,126004,3.252,4.700,15.284
75171,1,0,1,0.500,108813,114045,3.252,4.700,15.284
75211,1,0,1,0.500,53402,53938,3.276,4.600,15.070
75251,1,0,1,0.500,21130,26573,3.276,4.600,15.070
75291,1,0,1,0.500,79849,83055,3.280,4.800,15.744
75331,1,0,1,0.500,107267,115920,3.280,4.800,15.744
75371,1,0,1,0.500,111211,123169,3.280,4.800,15.744
75411,1,0,1,0.500,109725,126312,3.284,4.600,15.106
75451,1,0,1,0.500,109865,129552,3.284,4.600,15.106
75492,1,0,1,0.500,112756,130672,3.284,5.400,17.734
75531,1,0,1,0.500,123138,132122,3.284,5.400,17.734
75571,1,0,1,0.500,73355,66408,3.284,5.400,17.734
75612,1,0,1,0.500,17866,15708,3.288,5.000,16.440
75651,1,0,1,0.500,19252,12062,3.288,5.000,16.440
75692,1,0,1,0.500,58667,50424,3.260,5.000,16.300
75732,1,0,1,0.500,94329,100989,3.260,5.000,16.300
75771,1,0,1,0.500,107066,121134,3.260,5.000,16.300
75812,1,0,1,0.500,110033,126001,3.280,3.800,12.464
75852,1,0,1,0.500,107839,121902,3.280,3.800,12.464
75892,1,0,1,0.500,83475,82353,3.280,14.100,46.248
75932,1,0,1,0.500,25455,15430,3.280,14.100,46.248
75971,1,0,1,0.500,9020,5606,3.280,14.100,46.248
76012,1,0,1,0.500,42890,38727,3.284,9.300,30.541
76052,1,0,1,0.500,111021,115738,3.284,9.300,30.541
76092,1,0,1,0.500,123810,145484,3.224,4.900,15.798
76132,1,0,1,0.500,123219,144627,3.224,4.900,15.798
76172,1,0,1,0.500,114797,128172,3.224,4.900,15.798
76212,1,0,1,0.500,73742,60816,3.288,5.300,17.426
76252,1,0,1,0.500,32329,26117,3.288,5.300,17.426
76292,1,0,1,0.500,83200,83108,3.264,5.000,16.320
76332,1,0,1,0.500,117883,133770,3.264,5.000,16.320
76372,1,0,1,0.500,120618,141429,3.264,5.000,16.320
76412,1,0,1,0.500,121436,143292,3.276,4.500,14.742
76452,1,0,1,0.500,120727,141922,3.276,4.500,14.742
76492,1,0,1,0.500,116646,124820,3.268,12.900,42.157
76532,1,0,1,0.500,45343,35173,3.268,12.900,42.157
76572,1,0,1,0.500,51667,50904,3.268,12.900,42.157
76612,1,0,1,0.500,109020,114706,3.288,5.000,16.440
76652,1,0,1,0.500,121234,139959,3.288,5.000,16.440
76692,1,0,1,0.500,123202,144216,3.224,5.400,17.410
76732,1,0,1,0.500,124384,146750,3.224,5.400,17.410
76772,1,0,1,0.500,125001,147668,3.224,5.400,17.410
76812,1,0,1,0.500,125287,148078,3.236,4.800,15.533
76852,1,0,1,0.500,125877,149139,3.236,4.800,15.533
76892,1,0,1,0.500,126293,149857,3.268,12.900,42.157
76932,1,0,1,0.500,126423,150065,3.268,12.900,42.157
76972,1,0,1,0.500,126758,150745,3.268,12.900,42.157
77012,1,0,1,0.500,127154,151444,3.280,4.600,15.088
77052,1,0,1,0.500,127237,151715,3.280,4.600,15.088
77092,1,0,1,0.500,127121,151712,3.280,5.000,16.400
77132,1,0,1,0.500,126719,151039,3.280,5.000,16.400
77172,1,0,1,0.500,125621,148742,3.280,5.000,16.400
77212,1,0,1,0.500,124380,146035,3.284,4.600,15.106
77252,1,0,1,0.500,122788,142689,3.284,4.600,15.106
77292,1,0,1,0.500,109097,112927,3.284,5.200,17.077
77332,1,0,1,0.500,22414,28027,3.284,5.200,17.077
77372,1,0,1,0.500,32178,42057,3.284,5.200,17.077
77412,1,0,1,0.500,88809,96906,3.284,4.600,15.106
77452,1,0,1,0.500,103162,119111,3.284,4.600,15.106
77492,1,0,1,0.500,108575,123206,3.276,4.900,16.052
77532,1,0,1,0.500,110611,124253,3.276,4.900,16.052
77572,1,0,1,0.500,110569,127393,3.276,4.900,16.052
77612,1,0,1,0.500,109672,131337,3.284,4.000,13.136
77652,1,0,1,0.500,110041,134548,3.284,4.000,13.136
77692,1,0,1,0.500,110725,136231,3.284,4.800,15.763
77732,1,0,1,0.500,110842,135733,3.284,4.800,15.763
77772,1,0,1,0.500,110235,133189,3.284,4.800,15.763
77812,1,0,1,0.500,110295,131244,3.288,5.600,18.413
77852,1,0,1,0.500,109895,130101,3.288,5.600,18.413
77892,1,0,1,0.500,109665,129017,3.280,4.800,15.744
77932,1,0,1,0.500,109820,128065,3.280,4.800,15.744
77972,1,0,1,0.500,110577,128242,3.280,4.800,15.744
78012,1,0,1,0.500,111801,128985,3.284,4.800,15.763
78052,1,0,1,0.500,113613,129168,3.284,4.800,15.763
78092,1,0,1,0.500,115554,128888,3.280,4.800,15.744
78132,1,0,1,0.500,116787,128297,3.280,4.800,15.744
78172,1,0,1,0.500,119076,128177,3.280,4.800,15.744
78212,1,0,1,0.500,119660,127234,3.284,4.000,13.136
78252,1,0,1,0.500,120412,127066,3.284,4.000,13.136
78293,1,0,1,0.500,121437,127199,3.280,9.800,32.144
78332,1,0,1,0.500,122331,127347,3.280,9.800,32.144
78372,1,0,1,0.500,122770,127022,3.280,9.800,32.144
78413,1,0,1,0.500,122549,126010,3.284,4.900,16.092
78452,1,0,1,0.500,121576,124731,3.284,4.900,16.092
78493,1,0,1,0.500,120643,123607,3.232,5.200,16.806
78533,1,0,1,0.500,120263,122856,3.232,5.200,16.806
78572,1,0,1,0.500,120265,122421,3.232,5.200,16.806
78613,1,0,1,0.500,120364,122221,3.260,4.500,14.670
78653,1,0,1,0.500,120397,122140,3.260,4.500,14.670
78693,1,0,1,0.500,120284,121905,3.284,5.100,16.748
78733,1,0,1,0.500,120045,121559,3.284,5.100,16.748
78773,1,0,1,0.500,119705,121208,3.284,5.100,16.748
78813,1,0,1,0.500,119596,121083,3.284,4.100,13.464
78853,1,0,1,0.500,119579,121013,3.284,4.100,13.464
78893,1,0,1,0.500,119745,121026,3.248,9.000,29.232
78933,1,0,1,0.500,120110,121134,3.248,9.000,29.232
78973,1,0,1,0.500,119210,120158,3.248,9.000,29.232
79013,1,0,1,0.500,115896,117206,3.284,4.600,15.106
79053,1,0,1,0.500,108565,111546,3.284,4.600,15.106
79093,1,0,1,0.500,106157,110406,3.236,5.100,16.504
79133,1,0,1,0.500,91164,98460,3.236,5.100,16.504
79173,1,0,1,0.500,71209,80883,3.236,5.100,16.504
79213,1,0,1,0.500,63883,76029,3.264,4.600,15.014
79253,1,0,1,0.500,59154,72359,3.264,4.600,15.014
79293,1,0,1,0.500,57502,71355,3.284,15.900,52.216
79333,1,0,1,0.500,55214,69574,3.284,15.900,52.216
79373,1,0,1,0.500,70047,82245,3.284,15.900,52.216
79413,1,0,1,0.500,68653,75833,3.280,4.500,14.760
79453,1,0,1,0.500,77839,84432,3.280,4.500,14.760
79493,1,0,1,0.500,116355,115014,3.244,8.200,26.601
79533,1,0,1,0.500,116349,115793,3.244,8.200,26.601
79573,1,0,1,0.500,116094,115643,3.244,8.200,26.601
79613,1,0,1,0.500,114958,114640,3.288,4.700,15.454
79653,1,0,1,0.500,114543,114309,3.288,4.700,15.454
79693,1,0,1,0.500,114893,114684,3.284,4.800,15.763
79733,1,0,1,0.500,114910,114835,3.284,4.800,15.763
79773,1,0,1,0.500,114388,114553,3.284,4.800,15.763
79813,1,0,1,0.500,113991,114278,3.268,4.400,14.379
79853,1,0,1,0.500,113819,114055,3.268,4.400,14.379
79893,1,0,1,0.500,114025,114089,3.280,4.900,16.072
79933,1,0,1,0.500,114521,114534,3.280,4.900,16.072
79973,1,0,1,0.500,115449,115291,3.280,4.900,16.072
80013,1,0,1,0.500,115753,115582,3.284,4.300,14.121
80053,1,0,1,0.500,114510,114818,3.284,4.300,14.121
80093,1,0,1,0.500,113281,114086,3.280,4.800,15.744
80133,1,0,1,0.500,113201,114125,3.280,4.800,15.744
80173,1,0,1,0.500,113289,114245,3.280,4.800,15.744
80213,1,0,1,0.500,113495,114375,3.284,5.300,17.405
80253,1,0,1,0.500,113798,114440,3.284,5.300,17.405
80293,1,0,1,0.500,114321,114734,3.248,4.900,15.915
80333,1,0,1,0.500,114497,114891,3.248,4.900,15.915
80373,1,0,1,0.500,114806,115153,3.248,4.900,15.915
80413,1,0,1,0.500,115540,115532,3.280,4.100,13.448
80453,1,0,1,0.500,118469,117137,3.280,4.100,13.448
80493,1,0,1,0.500,122063,118284,3.280,4.800,15.744
80533,1,0,1,0.500,120615,114797,3.280,4.800,15.744
80573,1,0,1,0.500,103949,97703,3.280,4.800,15.744
80613,1,0,1,0.500,78061,72678,3.280,3.800,12.464
80653,1,0,1,0.500,91407,86483,3.280,3.800,12.464
80693,1,0,1,0.500,110642,109278,3.280,5.000,16.400
80733,1,0,1,0.500,103229,105994,3.280,5.000,16.400
80773,1,0,1,0.500,110276,116341,3.280,5.000,16.400
80813,1,0,1,0.500,120502,135247,3.284,5.000,16.420
80853,1,0,1,0.500,124526,143282,3.284,5.000,16.420
80893,1,0,1,0.500,127003,148084,3.260,5.100,16.626
80933,1,0,1,0.500,127737,149224,3.260,5.100,16.626
80973,1,0,1,0.500,127280,147963,3.260,5.100,16.626
81013,1,0,1,0.500,125979,145155,3.280,4.500,14.760
81053,1,0,1,0.500,124587,141408,3.280,4.500,14.760
81094,1,0,1,0.500,95363,92049,3.280,12.400,40.672
81133,1,0,1,0.500,60401,61280,3.280,12.400,40.672
81173,1,0,1,0.500,108182,113968,3.280,12.400,40.672
81214,1,0,1,0.500,119475,137510,3.284,4.700,15.435
81253,1,0,1,0.500,123680,145674,3.284,4.700,15.435
81294,1,0,1,0.500,125425,149303,3.224,5.100,16.442
81334,1,0,1,0.500,125858,150461,3.224,5.100,16.442
81373,1,0,1,0.500,125987,150569,3.224,5.100,16.442
81414,1,0,1,0.500,125273,148147,3.244,4.600,14.922
81454,1,0,1,0.500,113758,125171,3.244,4.600,14.922
81494,1,0,1,0.500,28959,29296,3.264,5.000,16.320
81534,1,0,1,0.500,64586,64294,3.264,5.000,16.320
81574,1,0,1,0.500,112979,125342,3.264,5.000,16.320
81614,1,0,1,0.500,117610,139477,3.276,4.400,14.414
81654,1,0,1,0.500,118799,141699,3.276,4.400,14.414
81694,1,0,1,0.500,118573,141517,3.280,11.500,37.720
81734,1,0,1,0.500,117052,138824,3.280,11.500,37.720
81774,1,0,1,0.500,84658,76437,3.280,11.500,37.720
81814,1,0,1,0.500,18867,16318,3.284,4.700,15.435
81854,1,0,1,0.500,65733,64612,3.284,4.700,15.435
81894,1,0,1,0.500,116998,127853,3.224,5.300,17.087
81934,1,0,1,0.500,122953,145203,3.224,5.300,17.087
81974,1,0,1,0.500,124804,148613,3.224,5.300,17.087
82014,1,0,1,0.500,125423,149517,3.284,4.700,15.435
82054,1,0,1,0.500,125390,148994,3.284,4.700,15.435
82094,1,0,1,0.500,124128,146194,3.276,14.600,47.830
82134,1,0,1,0.500,104891,103723,3.276,14.600,47.830
82174,1,0,1,0.500,34342,27341,3.276,14.600,47.830
82214,1,0,1,0.500,50262,46378,3.280,4.300,14.104
82254,1,0,1,0.500,107034,114490,3.280,4.300,14.104
82294,1,0,1,0.500,117085,138416,3.248,10.000,32.480
82334,1,0,1,0.500,117883,140647,3.248,10.000,32.480
82374,1,0,1,0.500,118378,141646,3.248,10.000,32.480
82414,1,0,1,0.500,118037,140211,3.284,5.400,17.734
82454,1,0,1,0.500,113059,127585,3.284,5.400,17.734
82494,1,0,1,0.500,85055,75085,3.232,5.000,16.160
82534,1,0,1,0.500,38338,34033,3.232,5.000,16.160
82574,1,0,1,0.500,84703,83019,3.232,5.000,16.160
82614,1,0,1,0.500,112982,132442,3.284,5.000,16.420
82654,1,0,1,0.500,113830,137176,3.284,5.000,16.420
82694,1,0,1,0.500,114137,138384,3.280,4.800,15.744
82734,1,0,1,0.500,114119,138501,3.280,4.800,15.744
82774,1,0,1,0.500,113501,136686,3.280,4.800,15.744
82814,1,0,1,0.500,111904,126401,3.284,4.300,14.121
82854,1,0,1,0.500,58174,56708,3.284,4.300,14.121
82894,1,0,1,0.500,51669,51984,3.280,5.000,16.400
82934,1,0,1,0.500,63716,67039,3.280,5.000,16.400
82974,1,0,1,0.500,65786,71186,3.280,5.000,16.400
83014,1,0,1,0.500,66293,72014,3.284,5.400,17.734
83054,1,0,1,0.500,65078,70408,3.284,5.400,17.734
83094,1,0,1,0.500,65202,70526,3.284,5.100,16.748
83134,1,0,1,0.500,67936,73648,3.284,5.100,16.748
83174,1,0,1,0.500,79116,79860,3.284,5.100,16.748
83214,1,0,1,0.500,36801,35601,3.264,4.300,14.035
83254,1,0,1,0.500,83108,83018,3.264,4.300,14.035
83294,1,0,1,0.500,118579,135965,3.280,4.800,15.744
83334,1,0,1,0.500,122058,145539,3.280,4.800,15.744
83374,1,0,1,0.500,124009,148705,3.280,4.800,15.744
83414,1,0,1,0.500,124985,150130,3.280,4.200,13.776
83454,1,0,1,0.500,124942,149965,3.280,4.200,13.776
83494,1,0,1,0.500,124119,148480,3.280,8.500,27.880
83534,1,0,1,0.500,122332,145113,3.280,8.500,27.880
83574,1,0,1,0.500,90241,101713,3.280,8.500,27.880
83614,1,0,1,0.500,22234,23620,3.284,5.000,16.420
83654,1,0,1,0.500,83041,83077,3.284,5.000,16.420
83695,1,0,1,0.500,122102,137535,3.244,5.300,17.193
83734,1,0,1,0.500,123868,145207,3.244,5.300,17.193
83774,1,0,1,0.500,123590,144468,3.244,5.300,17.193
83815,1,0,1,0.500,106850,114174,3.268,4.200,13.726
83854,1,0,1,0.500,47457,42681,3.268,4.200,13.726
83895,1,0,1,0.500,108879,99395,3.280,5.000,16.400
83935,1,0,1,0.500,122441,142548,3.280,5.000,16.400
83974,1,0,1,0.500,126301,149307,3.280,5.000,16.400
84015,1,0,1,0.500,128931,153798,3.284,4.900,16.092
84055,1,0,1,0.500,129537,155169,3.284,4.900,16.092
84095,1,0,1,0.500,129734,155738,3.232,7.700,24.886
84135,1,0,1,0.500,128789,153711,3.232,7.700,24.886
84175,1,0,1,0.500,88204,89024,3.232,7.700,24.886
84215,1,0,1,0.500,35992,29081,3.284,4.800,15.763
84255,1,0,1,0.500,99369,83144,3.284,4.800,15.763
84295,1,0,1,0.500,124592,139057,3.248,4.900,15.915
84335,1,0,1,0.500,126812,149227,3.248,4.900,15.915
84375,1,0,1,0.500,128252,152041,3.248,4.900,15.915
84415,1,0,1,0.500,128744,152897,3.272,4.800,15.706
84455,1,0,1,0.500,128220,151524,3.272,4.800,15.706
84495,1,0,1,0.500,124073,142045,3.284,15.400,50.574
84535,1,0,1,0.500,61578,57601,3.284,15.400,50.574
84575,1,0,1,0.500,12072,11791,3.284,15.400,50.574
84615,1,0,1,0.500,48307,49102,3.280,4.400,14.432
84655,1,0,1,0.500,107650,112854,3.280,4.400,14.432
84695,1,0,1,0.500,117875,132766,3.236,6.600,21.358
84735,1,0,1,0.500,120625,138394,3.236,6.600,21.358
84775,1,0,1,0.500,120156,136509,3.236,6.600,21.358
84815,1,0,1,0.500,83753,79649,3.284,4.900,16.092
84855,1,0,1,0.500,56141,49391,3.284,4.900,16.092
84895,1,0,1,0.500,108897,113866,3.252,9.800,31.870
84935,1,0,1,0.500,119603,136234,3.252,9.800,31.870
84975,1,0,1,0.500,123255,143604,3.252,9.800,31.870
85015,1,0,1,0.500,125866,147661,3.272,4.600,15.051
85055,1,0,1,0.500,125792,146857,3.272,4.600,15.051
85095,1,0,1,0.500,124547,144718,3.276,5.200,17.035
85135,1,0,1,0.500,121078,139959,3.276,5.200,17.035
85175,1,0,1,0.500,116805,132794,3.276,5.200,17.035
85215,1,0,1,0.500,122921,133089,3.284,4.600,15.106
85255,1,0,1,0.500,118268,128414,3.284,4.600,15.106
85295,1,0,1,0.500,117120,124453,3.284,4.800,15.763
85335,1,0,1,0.500,113338,121297,3.284,4.800,15.763
85375,1,0,1,0.500,113405,120668,3.284,4.800,15.763
85415,1,0,1,0.500,119777,120760,3.284,4.900,16.092
85455,1,0,1,0.500,109125,96600,3.284,4.900,16.092
85495,1,0,1,0.500,92399,76457,3.280,5.100,16.728
85535,1,0,1,0.500,106501,97967,3.280,5.100,16.728
85575,1,0,1,0.500,116057,128418,3.280,5.100,16.728
85615,1,0,1,0.500,120552,139337,3.280,4.500,14.760
85655,1,0,1,0.500,122334,144203,3.280,4.500,14.760
85695,1,0,1,0.500,123735,147409,3.280,4.700,15.416
85735,1,0,1,0.500,124340,148587,3.280,4.700,15.416
85775,1,0,1,0.500,123817,147077,3.280,4.700,15.416
85815,1,0,1,0.500,115690,124410,3.284,4.700,15.435
85855,1,0,1,0.500,73479,62961,3.284,4.700,15.435
85895,1,0,1,0.500,50624,47096,3.280,5.400,17.712
85935,1,0,1,0.500,78827,78279,3.280,5.400,17.712
85975,1,0,1,0.500,107092,112702,3.280,5.400,17.712
86015,1,0,1,0.500,110788,119915,3.284,5.400,17.734
86055,1,0,1,0.500,115402,130121,3.284,5.400,17.734
86095,1,0,1,0.500,118573,137871,3.252,4.900,15.935
86135,1,0,1,0.500,119544,140697,3.252,4.900,15.935
86175,1,0,1,0.500,120526,142965,3.252,4.900,15.935
86215,1,0,1,0.500,120608,143209,3.280,4.200,13.776
86255,1,0,1,0.500,120223,142612,3.280,4.200,13.776
86296,1,0,1,0.500,119168,140535,3.280,5.000,16.400
86335,1,0,1,0.500,113865,127195,3.280,5.000,16.400
86375,1,0,1,0.500,56265,45459,3.280,5.000,16.400
86416,1,0,1,0.500,41388,39147,3.284,4.600,15.106
86455,1,0,1,0.500,97386,99526,3.284,4.600,15.106
86496,1,0,1,0.500,116126,131640,3.228,5.300,17.108
86536,1,0,1,0.500,117950,136245,3.228,5.300,17.108
86575,1,0,1,0.500,119326,140351,3.228,5.300,17.108
86616,1,0,1,0.500,120003,142523,3.280,4.700,15.416
86656,1,0,1,0.500,120255,143519,3.280,4.700,15.416
86696,1,0,1,0.500,120363,143943,3.252,4.900,15.935
86736,1,0,1,0.500,120240,143666,3.252,4.900,15.935
86776,1,0,1,0.500,119823,142454,3.252,4.900,15.935
86816,1,0,1,0.500,119396,141019,3.280,4.600,15.088
86856,1,0,1,0.500,117661,136247,3.280,4.600,15.088
86896,1,0,1,0.500,113977,128613,3.280,14.200,46.576
86936,1,0,1,0.500,115545,128319,3.280,14.200,46.576
86976,1,0,1,0.500,106709,101872,3.280,14.200,46.576
87016,1,0,1,0.500,73880,58438,3.284,4.100,13.464
87056,1,0,1,0.500,73836,60023,3.284,4.100,13.464
87096,1,0,1,0.500,97562,95665,3.228,4.900,15.817
87136,1,0,1,0.500,113516,121777,3.228,4.900,15.817
87176,1,0,1,0.500,118925,133916,3.228,4.900,15.817
87216,1,0,1,0.500,120653,139861,3.284,4.700,15.435
87256,1,0,1,0.500,121280,142619,3.284,4.700,15.435
87296,1,0,1,0.500,121739,144118,3.256,11.400,37.118
87336,1,0,1,0.500,122087,145021,3.256,11.400,37.118
87376,1,0,1,0.500,122042,144693,3.256,11.400,37.118
87416,1,0,1,0.500,121793,142501,3.280,4.200,13.776
87456,1,0,1,0.500,103704,102109,3.280,4.200,13.776
87496,1,0,1,0.500,26038,20010,3.268,13.100,42.811
87536,1,0,1,0.500,15758,13610,3.268,13.100,42.811
87576,1,0,1,0.500,41465,36955,3.268,13.100,42.811
87616,1,0,1,0.500,96696,96637,3.284,8.400,27.586
87656,1,0,1,0.500,117405,132975,3.284,8.400,27.586
87696,1,0,1,0.500,119998,139178,3.224,5.000,16.120
87736,1,0,1,0.500,120543,140578,3.224,5.000,16.120
87777,1,0,1,0.500,120759,141212,3.240,7.200,23.328
87816,1,0,1,0.500,120841,141574,3.240,7.200,23.328
87856,1,0,1,0.500,120461,140863,3.240,7.200,23.328
87896,1,0,1,0.500,117840,132780,3.268,12.000,39.216
87936,1,0,1,0.500,86391,75259,3.268,12.000,39.216
87977,1,0,1,0.500,43368,36247,3.280,15.800,51.824
88016,1,0,1,0.500,69614,66800,3.280,15.800,51.824
88056,1,0,1,0.500,114102,106085,3.280,15.800,51.824
88096,1,0,1,0.500,116349,116304,3.268,12.900,42.157
88136,1,0,1,0.500,112801,122283,3.268,12.900,42.157
88177,1,0,1,0.500,117614,133843,3.244,7.900,25.628
88216,1,0,1,0.500,119471,138494,3.244,7.900,25.628
88256,1,0,1,0.500,120395,140982,3.244,7.900,25.628
88296,1,0,1,0.500,120710,141710,3.224,5.200,16.765
88336,1,0,1,0.500,120492,140334,3.224,5.200,16.765
88377,1,0,1,0.500,122243,133387,3.240,7.700,24.948
88416,1,0,1,0.500,60283,56149,3.240,7.700,24.948
88456,1,0,1,0.500,65547,63361,3.240,7.700,24.948
88496,1,0,1,0.500,115446,121840,3.268,12.600,41.177
88536,1,0,1,0.500,118245,130802,3.268,12.600,41.177
88577,1,0,1,0.500,120378,136108,3.280,15.900,52.152
88616,1,0,1,0.500,122094,139087,3.280,15.900,52.152
88656,1,0,1,0.500,120688,128744,3.280,15.900,52.152
88696,1,0,1,0.500,51222,51782,3.264,12.000,39.168
88737,1,0,1,0.500,29643,22899,3.264,12.000,39.168
88777,1,0,1,0.500,66444,52276,3.244,7.400,24.006
88817,1,0,1,0.500,110557,115502,3.244,7.400,24.006
88857,1,0,1,0.500,119998,144925,3.244,7.400,24.006
88896,1,0,1,0.500,121861,148413,3.220,5.300,17.066
88937,1,0,1,0.500,122411,149809,3.220,5.300,17.066
88977,1,0,1,0.500,122515,149595,3.248,8.200,26.634
89016,1,0,1,0.500,119733,142479,3.248,8.200,26.634
89057,1,0,1,0.500,100927,97055,3.248,8.200,26.634
89096,1,0,1,0.500,42413,33972,3.272,12.800,41.882
89137,1,0,1,0.500,18773,17658,3.272,12.800,41.882
89177,1,0,1,0.500,17456,17432,3.280,16.600,54.448
89216,1,0,1,0.500,30564,30352,3.280,16.600,54.448
89257,1,0,1,0.500,41437,41233,3.280,16.600,54.448
89297,1,0,1,0.500,94806,96022,3.264,12.500,40.800
89337,1,0,1,0.500,109651,118773,3.264,12.500,40.800
89377,1,0,1,0.500,113836,127480,3.236,7.700,24.917
89417,1,0,1,0.500,114001,127630,3.236,7.700,24.917
89457,1,0,1,0.500,115506,119173,3.236,7.700,24.917
89497,1,0,1,0.500,59117,51605,3.220,5.200,16.744
89537,1,0,1,0.500,40194,37869,3.220,5.200,16.744
89577,1,0,1,0.500,53467,51505,3.240,7.900,25.596
89617,1,0,1,0.500,38313,37678,3.240,7.900,25.596
89657,1,0,1,0.500,22596,23367,3.240,7.900,25.596
89697,1,0,1,0.500,14999,15991,3.268,13.800,45.098
89737,1,0,1,0.500,12876,13549,3.268,13.800,45.098
89777,1,0,1,0.500,21241,20958,3.284,16.600,54.514
89817,1,0,1,0.500,53557,51804,3.284,16.600,54.514
89857,1,0,1,0.500,103839,106586,3.284,16.600,54.514
89897,1,0,1,0.500,114404,126268,3.260,12.600,41.076
89937,1,0,1,0.500,119458,136708,3.260,12.600,41.076
89977,1,0,1,0.500,120387,137974,3.236,7.200,23.299
90017,1,0,1,0.500,110563,120554,3.236,7.200,23.299
90057,1,0,1,0.500,51816,43689,3.236,7.200,23.299
90097,1,0,1,0.500,68813,66433,3.220,5.500,17.710
90137,1,0,1,0.500,112188,118237,3.220,5.500,17.710
90177,1,0,1,0.500,117713,131475,3.244,9.100,29.520
90217,1,0,1,0.500,121095,138413,3.244,9.100,29.520
90257,1,0,1,0.500,121415,138734,3.244,9.100,29.520
90297,1,0,1,0.500,119490,134250,3.284,14.200,46.633
90337,1,0,1,0.500,117698,130256,3.284,14.200,46.633
90377,1,0,1,0.500,116419,127350,3.284,16.500,54.186
90417,1,0,1,0.500,115034,124230,3.284,16.500,54.186
90457,1,0,1,0.500,113521,121022,3.284,16.500,54.186
90497,1,0,1,0.500,112549,119223,3.264,12.100,39.494
90537,1,0,1,0.500,112535,119352,3.264,12.100,39.494
90577,1,0,1,0.500,112173,118638,3.236,7.000,22.652
90617,1,0,1,0.500,110949,115552,3.236,7.000,22.652
90657,1,0,1,0.500,92679,78907,3.236,7.000,22.652
90697,1,0,1,0.500,43040,34408,3.220,4.700,15.134
90737,1,0,1,0.500,61166,48026,3.220,4.700,15.134
90777,1,0,1,0.500,82417,65980,3.248,9.500,30.856
90817,1,0,1,0.500,106142,104402,3.248,9.500,30.856
90857,1,0,1,0.500,117034,132056,3.248,9.500,30.856
90897,1,0,1,0.500,121685,141555,3.280,14.800,48.544
90937,1,0,1,0.500,123435,145261,3.280,14.800,48.544
90977,1,0,1,0.500,124246,147223,3.284,16.700,54.843
91017,1,0,1,0.500,124285,147074,3.284,16.700,54.843
91057,1,0,1,0.500,123739,145387,3.284,16.700,54.843
91098,1,0,1,0.500,117233,135179,3.256,12.000,39.072
91137,1,0,1,0.500,48468,35762,3.256,12.000,39.072
91177,1,0,1,0.500,14397,8685,3.228,4.400,14.203
91218,1,0,1,0.500,4622,2301,3.228,4.400,14.203
91257,1,0,1,0.500,1966,1025,3.228,4.400,14.203
91298,1,0,1,0.500,1155,747,3.284,4.900,16.092
91338,1,0,1,0.500,1037,748,3.284,4.900,16.092
91377,1,0,1,0.500,979,758,3.284,9.600,31.526
91418,1,0,1,0.500,987,768,3.284,9.600,31.526
91458,1,0,1,0.500,1060,798,3.284,9.600,31.526
91497,1,0,1,0.500,1063,818,3.284,15.200,49.917
91538,1,0,1,0.500,1016,823,3.284,15.200,49.917
91578,1,0,1,0.500,1013,821,3.284,4.600,15.106
91617,1,0,1,0.500,997,811,3.284,4.600,15.106
